73
0 1 8 3 1 1 16 16 0 0 0 0
16 89 -29 67 100 -20 -117 -61 120 3 -3 -24 108 73 85 -50 120
24 -5 101 2 -92 31 125 124 27 -36 105 -92 66 77 105 53 103 22 -72 -55 -103 -63 9 80 -90
1 257 11
8 -31 2 20 31 -28 5 15 0
128 0 -127 1 127 2 -39 3 -127 4 -127 5 127 6 127 7 -127 8 -127 9 -86 10 127 11 -127 12 -127 13 -127 14 127 15 -127 16 127 17 127 18 -127 19 127 20 127 21 -127 22 -127 23 127 24 127 25 127 26 -127 27 127 28 127 29 127 30 -127 31 127 32 -127 33 -85 34 -127 35 -127 36 127 37 127 38 -127 39 -127 40 36 41 127 42 -127 43 -127 44 -127 45 -127 46 -127 47 -127 48 127 49 -127 50 -127 51 127 52 127 53 81 54 -127 55 127 56 -127 57 127 58 -127 59 127 60 -127 61 127 62 -127 63 127 64 127 65 -127 66 -127 67 127 68 127 69 -127 70 -127 71 127 72 127 73 127 74 -127 75 127 76 127 77 127 78 -127 79 127 80 127 81 127 82 127 83 127 84 127 85 -127 86 -127 87 127 88 127 89 -15 90 -127 91 127 92 127 93 127 94 127 95 127 96 127 97 127 98 127 99 127 100 127 101 -127 102 -127 103 -106 104 127 105 -127 106 127 107 127 108 127 109 127 110 127 111 35 112 127 113 -127 114 -127 115 127 116 127 117 -127 118 -127 119 127 120 127 121 127 122 -127 123 127 124 127 125 127 126 -127 127 127
0 1 8 3 1 1 16 16 0 0 1 0
16 29 36 106 -75 120 14 -5 -14 94 6 -61 -112 79 108 13 107
24 -124 88 84 33 -1 -42 -44 -111 -104 -25 73 -127 84 -65 53 -79 57 54 44 29 95 59 95 107
8 1867 13 1589 14 1585 12 659 11 1477 13 1115 15 265 11 209 10
8 22 -27 -2 30 -3 -25 30 2
128 0 -127 1 -127 2 -127 3 127 4 -127 5 -127 6 -127 7 127 8 -127 9 -127 10 -127 11 127 12 127 13 -127 14 -127 15 -127 16 91 17 127 18 -127 19 127 20 -127 21 127 22 31 23 127 24 -127 25 127 26 -127 27 127 28 -127 29 127 30 127 31 -127 32 127 33 127 34 127 35 127 36 127 37 127 38 73 39 127 40 127 41 127 42 -127 43 -127 44 127 45 127 46 127 47 127 48 -127 49 -127 50 -127 51 127 52 -127 53 127 54 127 55 127 56 -127 57 127 58 127 59 127 60 -127 61 -127 62 127 63 -127 64 127 65 127 66 127 67 127 68 127 69 102 70 -127 71 127 72 127 73 -127 74 -127 75 -127 76 127 77 127 78 127 79 127 80 -17 81 67 82 -127 83 127 84 -127 85 -127 86 -62 87 127 88 -127 89 -127 90 -124 91 127 92 127 93 -127 94 7 95 -127 96 127 97 127 98 -127 99 127 100 127 101 -127 102 -127 103 127 104 127 105 -127 106 -127 107 127 108 127 109 127 110 127 111 127 112 127 113 127 114 -127 115 127 116 72 117 -127 118 -127 119 127 120 -127 121 -127 122 -127 123 127 124 127 125 -127 126 -127 127 -127
0 1 8 3 1 1 16 16 0 1 0 0
16 81 109 11 -75 119 77 27 13 23 -54 -14 -104 25 77 -29 -46
24 20 -80 -80 124 -6 46 97 -118 -66 -79 -119 41 -110 66 -89 88 -53 83 29 -61 -105 -94 109 -107
1 23 6
8 29 10 27 -5 26 -10 -13 35
128 0 0 1 0 2 127 3 0 4 0 5 0 6 0 7 0 8 127 9 127 10 127 11 127 12 0 13 0 14 127 15 127 16 127 17 0 18 0 19 127 20 127 21 0 22 0 23 0 24 0 25 127 26 0 27 127 28 127 29 0 30 0 31 127 32 0 33 0 34 0 35 127 36 0 37 0 38 0 39 0 40 0 41 127 42 127 43 127 44 127 45 0 46 0 47 127 48 0 49 127 50 127 51 0 52 0 53 127 54 127 55 127 56 127 57 127 58 0 59 0 60 0 61 127 62 127 63 0 64 0 65 0 66 127 67 0 68 0 69 0 70 0 71 0 72 127 73 127 74 127 75 127 76 0 77 0 78 127 79 127 80 0 81 127 82 127 83 0 84 0 85 127 86 127 87 0 88 127 89 0 90 127 91 0 92 0 93 127 94 127 95 0 96 127 97 0 98 127 99 127 100 0 101 127 102 127 103 127 104 0 105 127 106 0 107 127 108 0 109 0 110 127 111 127 112 0 113 0 114 0 115 0 116 127 117 0 118 0 119 0 120 127 121 0 122 127 123 0 124 127 125 127 126 0 127 0
0 1 8 3 1 1 16 16 0 1 1 0
16 84 116 -20 21 -57 -12 -1 42 37 52 107 124 76 -36 -106 -44
24 29 23 89 -123 -98 -32 -42 -112 -98 34 -79 60 53 76 -18 -102 -3 -42 -65 -58 -71 -84 81 73
8 987 14 573 11 1311 16 1887 13 373 10 879 12 559 11 1655 17
8 -16 37 33 -25 10 -29 7 -26
128 0 0 1 0 2 127 3 0 4 127 5 0 6 0 7 0 8 0 9 0 10 0 11 0 12 0 13 127 14 127 15 59 16 0 17 127 18 127 19 127 20 0 21 0 22 0 23 0 24 48 25 0 26 0 27 127 28 127 29 127 30 0 31 0 32 0 33 25 34 127 35 38 36 127 37 0 38 0 39 0 40 0 41 0 42 0 43 0 44 127 45 127 46 127 47 0 48 0 49 0 50 0 51 127 52 0 53 127 54 0 55 89 56 0 57 0 58 0 59 0 60 0 61 0 62 118 63 127 64 0 65 0 66 0 67 127 68 0 69 127 70 0 71 0 72 0 73 0 74 0 75 0 76 0 77 0 78 127 79 127 80 0 81 127 82 0 83 127 84 0 85 127 86 0 87 0 88 0 89 0 90 0 91 0 92 127 93 127 94 0 95 0 96 127 97 0 98 0 99 0 100 0 101 127 102 127 103 127 104 127 105 127 106 127 107 0 108 0 109 0 110 0 111 127 112 0 113 0 114 0 115 0 116 7 117 69 118 31 119 0 120 0 121 0 122 0 123 0 124 0 125 0 126 121 127 127
2 1 5 1 1 0 8 8 0 0 0 0
8 -118 28 -122 -78 119 121 -80 56
5 -96 -5 -74 59 77
1 431 14
5 -38 29 14 39 -28
40 0 127 1 -109 2 127 3 127 4 -127 5 -127 6 127 7 -127 8 45 9 25 10 45 11 39 12 13 13 13 14 40 15 22 16 127 17 -41 18 127 19 127 20 -127 21 -127 22 127 23 -95 24 -127 25 82 26 -127 27 -82 28 127 29 127 30 -85 31 126 32 -127 33 29 34 -127 35 -127 36 127 37 127 38 -127 39 85
2 1 5 1 1 0 8 8 0 0 1 0
8 86 -61 -110 -71 -109 38 -50 -38
5 -16 -81 -112 1 -8
5 579 15 691 14 1619 12 1333 14 1185 13
5 20 32 -19 -14 -33
40 0 -4 1 37 2 51 3 40 4 51 5 9 6 34 7 31 8 -127 9 127 10 127 11 127 12 127 13 -98 14 127 15 127 16 -127 17 127 18 127 19 127 20 127 21 -127 22 127 23 127 24 -7 25 -19 26 -23 27 -20 28 -23 29 -11 30 -18 31 -17 32 -127 33 38 34 94 35 49 36 93 37 -77 38 25 39 11
2 1 5 1 1 0 8 8 0 1 0 0
8 74 46 -87 89 -86 -40 8 -63
5 -97 25 108 -14 43
1 1173 14
5 20 12 32 25 -1
40 0 0 1 0 2 127 3 0 4 127 5 127 6 0 7 127 8 127 9 94 10 0 11 127 12 0 13 0 14 26 15 0 16 127 17 127 18 0 19 127 20 0 21 0 22 94 23 0 24 0 25 0 26 112 27 0 28 111 29 65 30 17 31 88 32 127 33 127 34 0 35 127 36 0 37 0 38 24 39 0
2 1 5 1 1 0 8 8 0 1 1 0
8 39 -36 -28 87 41 -63 -88 16
5 49 -124 -10 62 -107
5 139 10 1323 16 233 11 1599 14 781 11
5 5 38 -4 5 35
40 0 127 1 0 2 0 3 127 4 127 5 0 6 0 7 111 8 0 9 127 10 108 11 0 12 0 13 127 14 127 15 0 16 0 17 37 18 28 19 0 20 0 21 68 22 96 23 0 24 127 25 0 26 0 27 127 28 127 29 0 30 0 31 102 32 0 33 127 34 127 35 0 36 0 37 127 38 127 39 0
0 3 10 3 1 1 12 12 0 0 0 0
36 115 101 35 91 31 -94 56 -48 -28 64 -21 85 39 -107 -127 25 -78 51 -42 -87 -66 -70 36 -13 -31 54 97 45 18 96 -21 -119 -25 96 52 18
90 -20 52 66 -115 119 -25 66 -97 -81 -57 70 -87 -127 80 35 116 -127 28 -102 106 42 -13 99 83 123 46 123 39 -6 -12 54 8 -118 97 -106 -21 83 -77 91 77 -116 99 -1 122 87 -47 45 96 109 75 -85 -3 -44 80 58 -127 8 -50 -26 -98 -13 105 -48 -21 -94 -73 29 -56 33 93 -111 16 87 -79 125 -124 -102 49 -107 -62 -61 27 -8 13 -124 56 -79 123 -122 -93
1 537 11
10 4 -26 -21 -5 -38 -35 -35 -14 -7 31
120 0 127 1 127 2 -127 3 -127 4 -127 5 -127 6 127 7 127 8 127 9 -127 10 -127 11 127 12 -127 13 -127 14 -127 15 127 16 127 17 127 18 -127 19 -127 20 -127 21 -127 22 127 23 -127 24 -127 25 127 26 127 27 127 28 -127 29 127 30 -127 31 127 32 127 33 127 34 127 35 -127 36 127 37 -127 38 -127 39 -127 40 -127 41 -127 42 127 43 -127 44 -127 45 -127 46 -127 47 127 48 127 49 -127 50 127 51 127 52 -127 53 127 54 -127 55 -127 56 -127 57 127 58 127 59 -127 60 127 61 127 62 -127 63 127 64 -127 65 -127 66 127 67 127 68 127 69 -10 70 -127 71 127 72 -127 73 -127 74 -127 75 -127 76 -127 77 127 78 -127 79 127 80 -127 81 -127 82 127 83 -127 84 127 85 127 86 -127 87 127 88 -127 89 127 90 -127 91 -127 92 127 93 127 94 127 95 -127 96 -127 97 -127 98 -127 99 -127 100 -127 101 -127 102 127 103 127 104 -127 105 -127 106 -127 107 -127 108 127 109 -127 110 -127 111 127 112 -127 113 -127 114 127 115 -127 116 -127 117 -127 118 -127 119 127
0 3 10 3 1 1 12 12 0 0 1 0
36 -47 115 -34 113 18 105 90 -117 89 64 119 52 28 40 -1 55 37 104 -10 36 -16 -32 96 10 -82 -74 -31 23 -53 -125 -92 -89 -58 -42 -41 75
90 -33 -86 -94 -82 -51 88 0 108 -105 -125 56 -89 -52 92 -21 77 -18 -85 -111 -102 -104 124 -98 6 -100 122 -118 33 79 -27 -41 22 -5 59 -102 80 -50 17 -106 15 72 -53 60 -109 16 -40 -42 -31 -77 5 31 -35 -66 -50 105 -96 61 79 64 -53 -118 -26 112 -24 -4 -5 48 122 -71 -13 -117 126 -115 86 -6 -98 101 126 -112 108 -58 13 -49 -43 -41 52 -88 36 -29 -2
10 1293 12 1173 12 1449 14 1157 15 367 12 1637 12 481 11 1119 14 321 12 1565 15
10 -37 27 17 -15 -25 23 10 -8 -14 -35
120 0 127 1 127 2 -127 3 127 4 127 5 127 6 127 7 127 8 127 9 127 10 127 11 -127 12 127 13 -127 14 127 15 -127 16 -127 17 -127 18 -127 19 127 20 127 21 -127 22 -127 23 -127 24 127 25 127 26 -127 27 -127 28 -127 29 127 30 -127 31 -127 32 2 33 -127 34 -127 35 -127 36 -127 37 127 38 -127 39 127 40 -127 41 -127 42 102 43 -127 44 127 45 -127 46 -127 47 127 48 -127 49 127 50 -127 51 127 52 -127 53 -127 54 127 55 -127 56 -127 57 -127 58 -127 59 -127 60 127 61 127 62 127 63 -127 64 127 65 127 66 127 67 127 68 127 69 127 70 127 71 127 72 -127 73 -127 74 -127 75 127 76 -127 77 -127 78 127 79 -127 80 -127 81 -127 82 -127 83 -119 84 -127 85 -127 86 127 87 -127 88 127 89 -127 90 -127 91 -127 92 -127 93 127 94 -127 95 127 96 127 97 -127 98 127 99 -127 100 12 101 98 102 -127 103 127 104 127 105 127 106 -127 107 -127 108 -127 109 -127 110 -127 111 -127 112 -127 113 -127 114 -127 115 -127 116 10 117 -127 118 -127 119 -127
0 3 10 3 1 1 12 12 0 1 0 0
36 115 77 -72 32 -90 -101 -77 -10 -31 -35 12 84 -89 -101 126 25 124 -3 -90 17 -24 36 47 -19 97 6 -1 46 107 100 -45 86 0 0 35 44
90 96 119 96 56 107 89 -10 19 -108 26 -76 64 -62 53 -117 -13 120 -104 64 -21 11 103 27 79 -111 -43 -32 46 -18 84 29 -46 73 -7 -70 93 2 76 104 121 111 82 -88 -111 -94 -86 -30 79 66 -4 -71 -45 88 77 -117 77 103 5 -75 89 -125 -118 -30 -106 -51 -89 8 67 -53 75 -40 7 22 5 -124 95 1 26 10 121 53 -90 -52 95 67 40 -119 126 103 -28
1 1997 13
10 -11 -38 -40 -17 -2 24 32 -8 2 -32
120 0 0 1 0 2 127 3 0 4 127 5 0 6 0 7 0 8 0 9 127 10 127 11 0 12 127 13 0 14 127 15 0 16 0 17 0 18 0 19 0 20 0 21 0 22 127 23 0 24 0 25 127 26 0 27 127 28 0 29 0 30 0 31 0 32 127 33 0 34 0 35 127 36 127 37 127 38 0 39 127 40 0 41 0 42 0 43 0 44 0 45 98 46 127 47 127 48 0 49 127 50 127 51 0 52 127 53 0 54 127 55 0 56 0 57 0 58 0 59 0 60 127 61 127 62 0 63 127 64 127 65 0 66 0 67 0 68 0 69 0 70 0 71 127 72 127 73 127 74 0 75 127 76 0 77 0 78 0 79 0 80 127 81 0 82 0 83 127 84 0 85 0 86 127 87 127 88 127 89 127 90 127 91 0 92 127 93 127 94 127 95 0 96 127 97 0 98 0 99 127 100 127 101 127 102 127 103 127 104 0 105 127 106 127 107 127 108 127 109 127 110 0 111 127 112 127 113 127 114 0 115 0 116 127 117 127 118 127 119 127
0 3 10 3 1 1 12 12 0 1 1 0
36 -1 93 -60 114 84 -50 70 -23 -29 80 -29 -112 -86 37 112 -95 -66 -54 59 85 -42 -113 114 -118 -4 -21 -91 -2 100 94 27 56 -107 45 51 -89
90 80 -115 -94 -29 52 47 -28 80 -27 -108 125 -102 34 73 -8 55 77 -96 -14 117 -37 -7 -45 71 30 32 -52 5 -32 -116 -22 72 -101 72 34 -52 107 93 66 103 -118 -89 52 -2 112 74 63 74 -79 112 29 -122 13 -99 -41 90 96 127 -11 -117 -8 -119 39 98 39 -95 118 -79 -36 -3 -29 26 -39 -112 -96 118 47 -118 75 -62 -10 31 -78 29 121 106 124 73 34 103
10 1653 17 107 9 117 9 359 10 765 13 637 11 725 11 1031 12 827 12 431 11
10 24 -1 -26 -22 14 32 14 -30 -27 13
120 0 125 1 127 2 0 3 127 4 127 5 70 6 26 7 0 8 0 9 127 10 0 11 0 12 127 13 0 14 0 15 127 16 0 17 0 18 0 19 0 20 127 21 127 22 0 23 127 24 0 25 127 26 0 27 0 28 0 29 0 30 127 31 0 32 0 33 0 34 127 35 0 36 127 37 0 38 127 39 127 40 0 41 0 42 89 43 0 44 127 45 0 46 0 47 127 48 0 49 0 50 127 51 127 52 0 53 0 54 127 55 0 56 127 57 0 58 97 59 68 60 0 61 127 62 0 63 127 64 127 65 127 66 127 67 0 68 0 69 127 70 0 71 0 72 0 73 127 74 0 75 127 76 127 77 127 78 127 79 0 80 0 81 127 82 0 83 0 84 0 85 0 86 127 87 0 88 0 89 0 90 0 91 0 92 127 93 0 94 0 95 127 96 127 97 0 98 0 99 127 100 127 101 0 102 0 103 0 104 0 105 127 106 0 107 127 108 0 109 0 110 127 111 127 112 0 113 0 114 127 115 0 116 127 117 0 118 127 119 0
1 8 8 5 2 2 16 8 1 0 0 0
128 -111 -102 -21 71 -88 60 117 -120 75 -13 -17 48 -21 -120 0 108 94 119 -44 57 -63 -107 -37 -109 -96 -36 50 -120 -39 -38 -82 -125 85 122 -68 82 -34 -109 25 101 -91 -74 -127 -75 41 45 60 113 103 -96 64 -126 -52 -33 49 -121 111 27 -68 92 -91 -80 -11 -99 -5 -39 54 118 -61 -94 -120 120 -74 -35 -42 -6 118 -53 -52 112 97 118 14 35 -44 -80 24 127 -107 -101 9 21 -49 -87 -31 102 -90 115 -95 78 -70 -47 3 -65 -67 66 -80 -53 -32 -20 42 -116 93 -94 26 -122 -27 -108 52 -109 -94 -20 -51 13 -21 62 110 -91
40 24 -106 36 -23 103 -52 -80 15 -19 -64 115 -125 -45 116 76 28 -51 -14 8 -21 -15 -7 -100 49 36 34 -113 119 -75 -104 -57 -88 -37 -33 -31 59 -32 116 -99 76
1 577 11
8 11 -17 13 15 -18 -9 18 3
64 0 127 1 127 2 127 3 -127 4 127 5 127 6 -127 7 127 8 127 9 -127 10 -127 11 127 12 127 13 127 14 127 15 127 16 -127 17 127 18 127 19 -127 20 127 21 -127 22 -127 23 -127 24 -127 25 -127 26 127 27 -127 28 127 29 127 30 -127 31 127 32 127 33 -127 34 127 35 -127 36 -127 37 -127 38 -71 39 127 40 -127 41 -65 42 127 43 -127 44 127 45 -127 46 127 47 -127 48 127 49 127 50 127 51 127 52 127 53 127 54 127 55 127 56 127 57 127 58 127 59 127 60 -127 61 -127 62 127 63 127
1 8 8 5 2 2 16 8 1 0 1 0
128 112 6 -91 -37 -9 34 36 -105 -4 66 -75 -52 -127 85 51 -13 31 -9 -126 -72 -51 -98 69 123 34 -50 12 28 -88 -19 53 65 -7 -104 46 0 67 118 -68 12 68 -24 -56 34 124 -122 -97 -58 99 44 -117 -127 -62 -26 7 100 21 54 -26 -14 -101 64 -63 -37 -55 96 66 45 105 -77 25 -106 -118 -109 75 -60 -49 9 -40 -97 8 93 -64 101 108 68 -86 -110 -21 93 -53 -55 6 -93 19 6 33 -74 9 -101 -22 117 35 12 -24 62 72 104 74 -56 -53 -14 -32 18 33 -92 -87 -96 51 -97 -30 -25 24 -8 -92 16 44 -51
40 -37 -72 -46 -14 -114 -37 -125 48 34 -5 -1 -51 100 -7 89 94 -6 -2 39 -91 32 -27 7 -107 63 50 118 63 -72 100 123 48 -21 1 -112 -1 -121 127 -110 116
8 609 11 1099 12 597 17 1205 16 2041 13 819 11 179 9 1149 12
8 -11 -22 33 -4 -16 -27 15 18
64 0 127 1 -127 2 127 3 -127 4 127 5 127 6 127 7 127 8 -127 9 -127 10 127 11 127 12 -127 13 -127 14 -127 15 127 16 -48 17 9 18 127 19 -22 20 75 21 -36 22 51 23 -41 24 -117 25 -21 26 127 27 127 28 -72 29 -31 30 127 31 25 32 -127 33 127 34 127 35 127 36 -127 37 127 38 -127 39 127 40 127 41 127 42 -127 43 -127 44 127 45 -127 46 -127 47 127 48 -127 49 -127 50 110 51 127 52 -127 53 127 54 -84 55 -127 56 127 57 -127 58 127 59 -127 60 -127 61 -127 62 127 63 -127
1 8 8 5 2 2 16 8 1 1 0 0
128 56 -43 -29 -84 -43 -20 38 102 48 -16 -90 -13 111 54 -90 7 -47 -94 -74 106 -80 -14 -38 75 124 -28 -18 79 -2 -28 59 -71 76 -77 -15 113 -75 23 54 -115 104 -28 -119 -68 35 -106 95 -80 -34 -113 63 36 46 -83 -68 29 -51 29 -105 53 95 4 65 -55 70 97 99 -37 -22 -10 -114 34 51 5 43 117 39 117 13 111 61 112 -17 21 -11 -2 -62 53 -6 -72 -41 -59 -117 -116 -114 -86 -38 -127 -53 40 -126 -92 -111 74 -18 47 -71 121 28 -26 15 108 -71 -11 -78 -41 28 -101 28 99 -106 76 -46 -45 10 -11 101 -44
40 -62 -33 -39 45 5 -39 -49 -10 -120 -107 -79 59 93 96 112 -1 6 -74 87 61 -29 55 14 58 -116 95 -76 -50 -62 -66 -109 -15 -79 7 -63 -48 -4 -116 -125 -115
1 1503 12
8 12 23 18 16 -25 -30 -30 -10
64 0 127 1 127 2 127 3 0 4 0 5 0 6 127 7 0 8 0 9 127 10 0 11 127 12 0 13 127 14 0 15 0 16 127 17 0 18 0 19 127 20 127 21 0 22 127 23 127 24 127 25 0 26 127 27 0 28 0 29 0 30 127 31 127 32 0 33 127 34 0 35 0 36 127 37 0 38 127 39 127 40 0 41 127 42 127 43 0 44 127 45 127 46 127 47 0 48 127 49 0 50 127 51 0 52 127 53 0 54 127 55 0 56 127 57 0 58 127 59 127 60 0 61 0 62 0 63 127
1 8 8 5 2 2 16 8 1 1 1 0
128 -102 84 68 -88 -22 99 108 -73 -15 29 -108 82 -18 16 66 99 85 -27 -117 118 -81 -64 -2 -71 -95 88 95 -56 112 -37 -46 127 -16 -100 15 103 -54 29 11 74 -76 55 -52 72 -14 4 27 -9 10 35 -61 -58 -68 -123 -97 30 73 55 -102 -83 60 -21 -64 -72 -55 98 61 41 -126 62 10 4 -18 92 -115 -96 -29 38 -58 -97 121 61 17 -36 -69 45 56 53 12 42 -55 -71 62 85 103 -66 -111 5 -49 45 -44 -68 -32 33 -5 -54 22 -84 -92 80 -124 14 2 -44 -34 22 35 -121 80 -94 97 -26 -88 122 -82 3 126 -108
40 -93 71 121 81 28 103 -121 -11 68 0 -73 -68 24 107 7 -48 -75 18 -67 67 -94 -100 25 -124 73 69 60 -29 34 30 -36 118 107 51 -94 -37 0 86 -2 -71
8 457 11 137 11 1441 12 1327 12 605 11 1797 13 289 10 1093 15
8 -23 37 11 -16 0 -3 9 -33
64 0 127 1 127 2 127 3 0 4 0 5 127 6 127 7 127 8 0 9 127 10 0 11 0 12 127 13 0 14 127 15 127 16 0 17 127 18 0 19 127 20 127 21 0 22 0 23 0 24 127 25 0 26 127 27 0 28 0 29 0 30 127 31 127 32 127 33 0 34 127 35 0 36 127 37 127 38 0 39 127 40 0 41 127 42 127 43 0 44 127 45 127 46 0 47 127 48 0 49 127 50 127 51 127 52 127 53 127 54 0 55 127 56 0 57 127 58 0 59 0 60 0 61 127 62 0 63 0
0 30 24 7 1 3 16 16 0 0 0 0
480 -74 -118 -47 58 64 119 -64 -40 93 -15 44 58 41 41 -70 -61 -39 44 -86 -49 -123 -36 19 11 -113 60 34 -89 -37 -122 -2 33 -112 -121 -66 -116 -124 -70 115 40 -44 -110 83 -112 -39 121 42 -19 -93 101 109 -72 -13 -16 -91 -36 -48 -82 39 -43 59 125 74 64 -23 -30 -125 -23 101 -60 9 9 78 61 124 48 53 -9 67 -117 17 108 -96 -23 117 -28 -84 -127 1 -92 32 95 42 4 88 60 52 -90 -107 -43 -67 88 85 83 -82 -64 115 -122 117 79 102 -84 63 74 87 48 16 -84 56 -107 -18 110 94 26 -101 31 33 -10 54 -89 30 27 -117 -63 -40 79 61 60 -31 -121 33 111 100 -118 0 -105 -36 -53 44 -89 -10 -67 2 -36 -86 61 65 -24 -41 -58 78 -1 114 -27 -124 -48 8 103 -54 13 -7 123 -119 70 9 19 14 -60 112 48 -118 -11 -26 57 -97 -24 -39 -1 -114 -122 -58 62 127 -119 -62 47 47 21 52 71 110 -53 127 48 68 -74 68 8 5 -40 -29 123 86 121 -63 -74 -98 17 124 -43 79 120 114 109 -65 23 45 57 9 47 97 -37 -86 107 95 103 -88 -43 89 64 82 -125 22 81 -114 17 -88 116 -39 -35 -53 33 -52 -45 -1 73 -24 26 -17 125 -84 -127 74 -91 18 -116 -14 -95 -40 110 -125 115 57 -5 105 115 43 82 42 72 -62 64 29 -79 -110 13 112 -19 -56 116 85 -83 8 -84 -111 41 36 -87 21 -99 114 2 34 76 12 27 -29 66 -16 -59 -48 -55 -124 -18 72 126 82 56 -56 115 -61 10 7 14 -46 126 -40 -79 53 73 -17 75 -91 89 -126 65 3 -88 73 42 52 109 73 17 -29 -35 -9 116 -118 16 106 -22 35 30 77 78 67 -69 103 -123 -35 8 124 113 -87 47 -78 34 -37 33 52 0 -123 60 61 -64 19 101 -66 -57 -80 114 67 110 -20 -108 19 -13 -67 63 55 -12 94 3 102 79 80 53 -102 118 -79 -85 -15 109 -111 110 -18 35 -26 113 -58 -63 -16 98 66 71 -36 29 -44 -104 -49 -120 -1 -125 68 -63 -76 68 -26 -29 -16 71 35 33 45 -28 51 98 83 -118 22 -8 -37 85 18 -95 17 54 -56 -44 83 -121 -26 -6 108 6 -93 -117 -107 17 94 -39 -35 -126 -110 -79 56 -99 44 11 -7 -116 -47 110 88 89 117 114 -121 -47
5040 -27 -114 1 -93 -127 115 -93 -29 45 -4 4 -4 11 110 72 14 97 111 -74 108 -13 -91 -73 -94 104 10 -99 108 -104 78 67 -120 81 -52 -126 -32 18 -102 111 -93 -110 82 -49 -99 61 61 10 31 -95 93 111 -28 -7 70 -91 -66 66 48 -64 -71 -89 -102 -95 -119 -19 93 -17 -89 -125 15 -112 119 124 -25 -33 -84 -46 119 99 -107 17 59 20 115 40 -1 119 -2 -117 72 -110 34 -21 18 -1 36 127 75 -39 99 -27 -41 -120 -49 88 -102 -108 46 -119 -65 37 -22 -117 54 -71 -97 -88 -41 -109 127 68 73 -91 -15 101 100 -97 -102 -67 48 -6 -105 -49 6 -96 101 76 -82 -103 86 71 47 -123 8 35 92 33 17 116 67 53 84 -79 68 -99 58 30 -117 -64 -8 109 -63 -85 -24 -76 63 39 31 -57 109 -36 -114 -69 47 -17 -81 -17 -19 -33 -107 -14 -120 -36 75 -104 -33 74 28 -111 -11 -115 75 -23 -60 69 107 83 85 -64 104 -72 -60 -16 127 5 93 67 117 -33 110 28 101 21 89 25 -81 44 -120 -6 -31 120 6 -119 -95 -60 -57 69 122 67 54 57 97 -126 116 -11 -103 35 95 -79 12 -91 38 34 110 -17 -79 34 118 4 73 31 75 20 47 106 -15 -52 83 33 -55 -94 50 -84 -21 25 5 5 78 124 58 -58 -15 -85 -99 -65 33 126 78 -7 -33 -48 7 -95 -107 111 -110 -1 -62 -90 -103 65 -105 -115 -44 -60 -124 3 35 12 -104 -21 23 -14 -124 -113 35 124 20 106 75 66 -124 -24 87 -114 37 20 -81 -29 101 -92 -36 -121 2 -74 -105 -83 -77 -127 -98 112 21 101 -28 41 68 94 84 -77 23 70 5 -98 65 79 3 5 126 -8 -8 48 18 -119 -84 0 -102 74 82 -76 74 -49 -107 97 -24 -117 109 -39 -35 25 84 2 -123 -75 83 87 -75 32 0 -47 -72 -46 122 6 -34 3 -42 118 -42 -23 11 -53 7 5 10 -99 91 -27 -61 -37 -110 -116 -76 89 91 65 -58 -53 -92 -112 -36 -62 -68 -104 55 -32 -22 66 78 122 41 126 61 -18 -2 -88 96 -15 64 -56 -8 20 -116 -86 117 -82 2 -60 90 30 -96 103 -108 -117 22 -105 22 90 126 96 18 93 103 99 -55 62 4 -95 -102 58 96 -76 25 78 7 9 -125 18 4 -103 -62 -16 -94 25 29 50 -50 -52 -120 126 -72 101 -7 22 -11 58 22 36 -64 72 -117 -36 -43 10 52 -23 41 95 24 124 89 71 -24 18 56 -93 120 -44 -117 -44 -16 -79 0 106 28 -117 117 -25 16 -34 -105 -84 -109 -88 84 99 92 -105 -14 106 -119 -52 -5 -82 -89 63 -55 2 -124 114 60 -96 76 22 57 -7 -23 -2 -24 -12 -121 -89 43 -4 -88 -30 31 -99 35 84 -59 87 122 -34 82 2 -31 -100 5 39 -54 73 103 -40 80 -32 29 53 105 35 -101 -81 49 11 -24 84 71 -81 25 45 -86 125 50 -107 81 117 -83 7 104 89 -58 37 5 -117 -59 77 31 11 -17 38 117 -40 127 -8 -67 -105 44 22 50 89 8 -22 -11 12 72 56 33 -53 86 51 -1 -112 -7 -6 -92 -59 -103 64 33 15 113 -92 46 -63 -12 -2 80 79 -21 68 79 14 2 -34 103 -41 51 107 100 -3 103 40 -96 78 14 -122 -117 -2 52 -43 -99 75 93 58 -54 -17 -2 -120 42 4 112 -40 -96 -4 17 -85 46 -12 -24 115 -61 -40 -59 80 -94 -127 112 -116 118 -119 14 -68 19 14 110 -61 -23 66 -67 -119 83 -94 30 63 -126 54 68 -59 79 99 71 59 -118 47 38 116 110 -124 -113 -17 -29 107 -122 -76 21 -103 -56 16 -120 7 -41 5 82 125 -112 83 -127 -22 -27 -116 -73 -86 -85 -50 73 98 -117 -68 115 -124 -74 -93 77 58 33 95 -51 31 65 6 -31 -59 -6 -125 26 105 54 -11 123 115 74 -66 59 116 -107 76 28 77 -83 -50 -43 -42 -64 -116 -41 -31 -60 -30 -15 -1 100 105 -4 -20 -103 -103 72 78 -18 -101 -87 126 38 -14 -51 40 23 83 -87 59 -81 9 -119 82 91 39 99 -127 83 26 5 7 -122 -108 -43 -70 79 75 28 -48 -59 15 114 -74 -69 -126 -65 -122 7 7 -121 80 111 -31 -87 92 12 54 -83 71 -24 9 -88 101 -78 49 13 -39 11 -94 -3 36 -36 -114 -47 38 59 -23 117 52 -5 -111 100 -116 -61 -42 -2 12 -41 63 51 -93 -34 -98 104 93 -76 75 34 70 -48 -110 0 -29 56 28 -24 -35 101 -25 77 75 43 51 -90 -94 -87 83 27 -61 -64 59 82 -67 -104 100 39 40 63 71 -68 109 102 44 -14 -70 -101 34 -86 -99 -50 27 88 -43 -89 -78 -92 40 81 85 111 -5 -40 42 22 3 -82 -42 -126 21 50 -28 -83 29 91 28 -46 -92 -71 120 -106 40 23 13 33 -67 62 -98 13 -60 107 111 28 -50 87 116 72 -36 28 112 15 -39 77 -62 52 -5 95 -73 -65 -27 107 -76 82 -27 -86 -24 -44 -124 -59 -81 108 -85 85 106 60 127 -50 -10 -27 63 -27 7 -124 36 -127 83 -77 81 84 126 105 19 -2 -39 -87 -120 107 -76 -77 127 74 49 37 58 54 -77 -70 57 -77 -102 107 9 58 102 -88 -22 -32 77 36 -17 -91 -107 -127 -102 -90 -110 21 100 -95 -72 -91 -103 30 112 120 39 -106 66 -21 -37 85 22 47 20 -11 62 -116 30 -80 -123 64 -39 70 -2 53 -20 -52 -3 -119 102 -73 -56 79 -109 -52 81 -65 -26 -110 -8 -112 16 14 -76 125 47 101 -104 26 -113 85 -17 37 25 36 110 -121 -43 -113 -106 114 -9 119 -77 -93 -21 124 25 -70 78 20 -78 45 45 68 -107 12 -103 6 51 -51 119 127 -107 97 -108 -110 90 -65 117 -63 -101 -115 89 114 109 69 88 94 -98 65 -49 82 -124 90 -56 -60 16 112 37 -5 -127 -14 75 12 92 -74 84 110 92 96 -52 100 -6 92 101 103 -73 -82 84 51 -83 32 54 -27 6 96 67 -121 -62 -22 73 109 -102 -91 26 70 56 101 -94 69 88 116 69 -100 81 -43 54 17 102 45 -110 -81 123 107 58 29 4 94 -84 78 93 -79 2 -36 105 20 -39 -36 -60 115 47 116 32 29 -63 -68 76 108 -86 8 -94 36 -50 -20 -13 -11 -92 45 55 79 83 -55 -76 -121 -108 -23 89 -70 19 94 114 104 109 118 27 121 -56 -13 125 97 -90 61 -8 80 -102 -78 77 -4 72 15 -21 42 -101 83 -127 -120 -116 94 -78 -88 7 53 1 12 -111 -11 65 -87 -51 107 -61 118 -19 -104 -110 48 6 57 84 -115 67 98 13 90 -96 4 59 41 112 95 -51 -107 17 -40 -44 100 12 -60 10 -100 -108 -21 96 26 62 -77 20 68 15 52 100 -12 -40 103 -24 -20 -89 -68 52 33 58 -4 -82 93 93 109 -72 73 -5 -56 6 80 44 -55 -84 24 -78 41 -18 94 -37 -66 54 46 14 -69 110 120 23 99 113 -25 7 -52 36 83 46 -111 11 31 -116 86 62 66 -118 123 -63 -26 -92 81 -68 66 -95 53 102 -94 41 -87 31 24 -41 124 -101 119 -121 -104 62 4 58 85 73 -116 -84 -99 -69 5 -3 114 -80 16 110 105 -17 31 -127 -118 -92 -42 -2 -43 84 94 -124 -76 -61 -70 -88 -52 110 -19 -119 -87 31 60 -85 -80 26 -82 121 -105 91 119 -7 5 92 -12 87 -79 5 -66 -74 -91 -21 109 6 -65 -83 53 86 24 -26 -110 -91 -39 -32 83 -108 -19 110 95 37 48 112 35 -85 -35 -30 38 88 67 105 -51 -29 116 94 -100 -127 -30 59 -39 19 77 81 81 25 -31 -11 -55 -69 80 -6 35 73 16 120 -23 51 -70 37 -56 -104 37 90 -34 7 74 47 109 105 -96 105 -43 -120 -103 79 126 -70 -95 42 -24 -54 -92 106 -103 -41 -22 -19 -98 -115 -50 -94 9 82 9 -88 -84 7 -92 -127 -54 -39 98 -35 101 48 -94 -60 -58 65 -30 3 70 -92 -10 108 37 -25 124 66 120 -93 41 -16 99 -103 86 29 123 97 97 45 32 -41 73 -94 75 33 80 120 72 -125 -63 103 -67 82 94 -74 47 15 21 80 117 21 -69 77 -8 -12 38 -107 -123 -8 -113 -82 -92 -17 43 -13 -37 -1 -113 -30 -41 87 47 -59 86 -4 -61 -7 20 89 51 33 -20 17 -92 -5 105 -68 -84 14 -70 -36 83 122 -1 54 -84 -125 125 -73 -1 36 72 -77 67 2 -34 -93 -38 -79 -20 83 121 -88 -86 103 43 68 48 -72 63 45 12 106 74 34 -61 -65 36 118 -80 17 -83 116 83 -17 119 -118 97 98 -92 -117 -78 127 -64 126 -113 -121 -50 27 21 -32 70 -119 -5 -61 0 127 118 18 -39 34 -20 32 23 30 -86 -82 7 41 63 54 -90 74 -20 98 -68 59 95 -107 -70 -84 -41 -8 104 22 -9 61 16 117 -32 50 125 -123 87 -11 61 -120 126 44 -55 98 103 -50 110 32 -94 -52 -27 -82 -34 -54 -77 -59 15 42 71 -122 -13 32 30 -38 -117 19 -3 14 -69 -36 -68 113 50 81 -121 37 97 56 -126 -120 88 119 -51 28 97 26 -58 -39 54 -9 121 -64 57 108 -111 109 111 -126 97 4 17 76 -119 22 -36 -69 77 107 11 84 -75 123 -108 -61 -25 -103 47 -94 -95 -78 16 -83 9 -119 -92 -42 93 -39 56 -25 95 110 -90 122 -107 69 -91 12 14 59 60 98 107 -108 -35 49 44 102 -29 48 -24 53 -15 -76 92 -85 16 44 -93 74 84 -84 -127 75 93 -8 68 95 124 19 -116 66 17 -97 15 -33 -27 28 76 85 114 -83 102 -75 123 113 33 127 35 106 -15 111 24 -11 9 -47 70 78 52 84 -15 51 54 95 103 29 88 52 -12 -12 -16 -31 79 -33 -16 -58 -84 10 -16 82 -124 119 66 -41 126 63 62 -48 -95 -14 42 37 -112 -25 35 102 103 -117 -102 1 81 -110 48 115 -86 107 27 46 42 -15 -122 119 37 -47 -23 -119 -39 -124 -54 -32 64 -43 -35 88 -106 38 -99 -109 111 91 -2 -11 -46 -38 57 83 -74 21 122 122 -42 -101 45 8 58 -101 65 2 -104 71 -62 -78 22 87 55 37 89 -87 -10 -67 23 -44 116 -77 -62 -126 -3 107 100 98 -70 -86 -65 -124 78 38 -126 -23 49 -93 126 -59 75 -27 117 123 -81 -15 36 -100 -88 -45 34 -102 -97 23 -99 44 54 75 48 70 -100 25 -8 57 104 83 -84 -17 -77 -72 -23 -43 -25 16 103 32 -45 91 -76 -116 -76 -11 -28 93 111 5 -110 122 89 0 85 18 95 5 -28 58 45 51 108 46 -93 -80 -5 77 3 29 56 -60 -6 -104 -90 102 -76 62 -105 69 23 47 104 -74 84 19 -29 -99 -76 42 126 -104 -51 -66 78 103 16 -63 -71 -38 -112 -35 20 94 -123 -73 -122 -48 -17 12 68 -49 -67 -3 104 -95 61 80 -83 -87 -39 114 66 122 -22 92 -7 94 -38 84 124 12 107 -27 26 41 30 -96 56 -27 -106 -10 -89 -40 96 -101 -98 13 -85 -37 -54 33 10 -126 -52 -98 120 105 -124 -49 13 -4 121 -29 103 6 -123 33 72 55 65 91 -30 -105 -59 -91 41 -91 40 1 -26 -49 43 21 -47 112 89 26 120 -87 -121 1 -40 -101 -88 -76 2 22 -63 4 -5 -67 -66 72 55 -66 95 -34 42 -64 40 -83 -101 54 83 120 96 -58 117 -72 -28 -17 -73 -18 46 -11 -73 -50 108 17 111 -81 0 -16 114 60 1 -42 -45 -43 -103 -121 112 -8 -73 73 -24 -27 -95 -7 71 100 122 50 -79 70 93 120 -78 -71 122 106 3 9 48 50 -27 85 -29 -98 48 -67 66 -104 -105 -104 101 -104 30 -126 -40 -80 -120 39 -19 40 -127 50 -126 -91 116 -47 9 52 -125 -33 81 27 24 -101 126 -88 64 41 23 -98 76 13 45 -93 -118 -90 -66 31 -9 124 7 -121 94 -30 62 -57 57 12 69 27 -1 66 122 88 92 -100 14 -6 -115 106 -69 70 54 -95 -1 69 35 -52 -58 86 -91 30 86 -24 -22 -6 36 113 -31 -120 -37 70 71 -31 0 41 11 -57 -101 -83 93 -66 -107 39 -64 -54 121 90 66 -24 92 -114 -43 94 -82 15 109 125 87 -93 -74 16 -95 -124 -114 -73 102 -53 96 62 23 72 -27 -24 -4 5 -60 -117 -90 -113 -99 62 124 -30 101 43 92 25 7 -62 57 -27 6 -112 57 120 -86 35 103 -118 -37 -27 77 12 19 63 -48 -74 -33 71 -105 9 71 119 52 -43 -73 -65 26 -34 -88 -73 2 52 24 -24 -96 -106 29 15 -57 19 53 70 9 -58 72 -66 31 61 -12 108 -50 61 46 -104 125 61 -63 81 -54 83 -90 -49 -70 122 -116 -127 -125 -37 -110 10 91 57 -46 87 -7 -55 -18 -21 42 127 -14 -55 60 5 72 -67 -125 41 -122 -106 103 62 97 23 49 112 122 -99 13 114 -30 91 97 -104 105 -84 89 -40 -88 98 -1 -46 -24 42 84 -74 -125 94 94 43 96 48 -33 -37 -14 -59 -58 75 5 88 77 -127 45 107 -37 -76 -74 82 101 95 36 110 -56 102 -125 -85 -50 2 84 114 71 64 64 -30 62 81 74 127 115 -20 -105 -44 -107 108 -55 99 75 55 68 -14 -20 -32 118 -3 -52 58 121 -121 67 71 -30 -31 117 3 91 -49 -125 -29 -88 -32 26 -51 -63 -85 82 -122 61 -17 -123 -103 115 44 -52 -107 74 -39 3 1 -22 96 119 -77 70 114 61 97 -20 -85 106 -125 57 44 32 99 -118 -46 -83 -101 -121 -28 110 -97 22 53 64 -46 -91 -11 -71 44 21 -8 22 -127 37 -1 48 113 -48 34 -3 -18 -20 115 -40 16 18 73 124 -80 86 -67 -126 -105 5 -61 38 -91 64 100 32 24 96 -20 103 28 -16 -7 -104 -100 96 116 -65 76 67 26 101 30 13 104 70 -62 -73 -31 107 -92 -13 5 -52 -37 18 3 -108 50 75 -45 63 -82 2 -41 -91 -96 123 85 -84 62 -63 -90 -81 -90 -17 -76 -64 18 106 -49 -49 106 -22 -119 -26 0 -93 32 83 84 -94 50 -39 47 -111 -18 -58 17 106 109 113 -12 48 119 19 -6 11 -106 -12 41 113 35 -74 0 54 -85 -118 50 52 80 -77 -74 89 4 107 -42 -42 -23 -19 -96 -74 29 45 -89 127 -90 62 -33 -43 -15 -19 -74 111 -75 1 38 -70 80 90 86 55 127 -70 3 35 -124 -57 29 -98 -45 20 29 56 53 -15 40 -87 68 13 -36 97 -36 109 -31 -64 -23 62 101 -126 -53 125 24 117 -65 45 32 18 85 118 104 105 -19 54 -34 66 25 10 4 109 81 -33 -13 118 78 -22 2 -42 -91 -127 40 40 19 -15 -92 18 33 86 -102 61 -65 21 -35 -92 -102 119 -7 127 -98 122 -23 -126 89 -20 -105 9 -121 -48 -80 -127 70 -99 -103 63 46 49 125 -34 47 -30 -82 44 -85 -39 23 62 67 -95 -69 125 16 -111 -98 -50 -78 -48 -31 -6 -119 -66 88 3 122 93 -11 -93 55 42 33 83 -62 -90 93 -28 -31 47 85 106 -59 -15 -2 -124 -21 -108 93 -72 -88 67 13 8 -57 -26 113 -45 13 -3 -93 109 -123 -69 -2 126 -109 -83 -95 6 -1 -5 35 9 -90 -90 -41 37 123 -61 106 87 -83 10 -23 -76 118 126 61 64 80 -99 -42 82 4 77 -97 -25 -126 -68 -95 105 -76 58 93 -90 10 -117 108 -51 -96 -43 -4 -80 -92 -115 19 25 122 -78 -93 -109 22 -54 -21 -2 4 -108 -69 -43 53 1 98 -103 -102 -68 43 -102 -8 -11 101 59 34 -36 -46 -94 25 112 -62 -48 14 101 104 21 54 -46 -66 -14 -48 -31 -95 127 -45 8 6 -26 -115 -18 109 -23 35 -76 -31 -30 -39 68 -127 65 25 116 92 39 -106 -121 -57 -88 -35 124 -75 126 87 -59 -122 17 53 63 -107 12 94 -87 -114 -111 -98 -71 -123 35 34 32 120 -63 -53 8 28 55 85 111 -81 41 124 71 17 10 -13 23 -16 -105 101 44 -3 -58 69 -41 -61 -82 77 16 -70 77 -76 -44 60 -38 112 -4 2 -111 -105 -65 102 -32 109 -83 -55 -67 -30 -88 82 -26 80 29 68 91 -41 110 -95 120 98 41 -42 -107 -21 62 27 -74 -13 -11 -91 78 -74 -81 -92 -62 -12 17 25 80 -10 100 -123 -103 5 98 82 27 1 -74 -119 -63 -5 -46 5 38 -62 83 96 6 -40 12 18 -41 59 -101 -41 -17 -100 73 83 121 9 92 38 -12 -75 43 89 -60 58 101 -117 104 -65 61 -14 -73 -80 75 99 102 51 -36 93 60 85 -116 38 -43 50 98 35 104 -29 0 -83 38 -86 41 27 117 18 125 28 -16 72 -55 -68 -1 -23 67 38 47 -81 -14 -33 71 -69 97 107 -20 -9 -31 -54 121 -77 -92 -78 -65 38 -29 -11 65 -96 91 111 -3 26 -68 62 -49 -9 -110 41 -45 122 95 -103 17 -73 -9 -116 -7 51 29 -64 -124 -107 -114 -93 -7 -36 113 46 -106 38 71 -38 10 -95 -20 -92 -38 -118 82 -22 -30 -75 -94 -38 -75 24 3 1 10 27 39 -90 -33 25 -102 81 59 53 -46 -20 -52 -76 33 38 -70 25 85 -4 -20 123 80 -106 7 -64 36 -98 -90 2 -82 64 -19 -40 28 87 78 -97 -38 -112 107 37 72 71 30 -9 -110 -20 -106 54 60 3 -12 16 114 -45 -2 78 76 126 -86 -52 2 51 -26 27 -97 112 66 -45 50 -48 -107 78 -57 -45 -121 87 27 -76 -9 -71 -41 -103 -82 66 -94 -48 -66 124 -25 -22 -35 -83 -13 -43 -47 -105 45 -46 -29 -33 -119 125 -97 0 -69 64 58 -45 -111 76 38 4 -37 -121 -48 -52 -64 35 -15 11 54 47 120 -80 -69 34 -63 -88 -43 104 56 -43 112 -28 -4 -99 1 -13 -106 -66 -12 107 -29 0 -79 58 37 -19 39 -103 27 -103 126 -79 -56 60 69 106 -26 -59 95 58 63 33 54 33 71 104 -102 -108 -13 36 126 1 -47 10 -1 113 -76 -49 -10 -114 108 49 -7 100 -122 -16 72 110 -24 -74 -38 -35 -114 79 -82 76 -62 23 -90 56 80 76 -25 26 21 60 -69 -126 69 45 102 84 11 -52 -2 104 34 -125 -125 -1 -63 27 6 -94 121 -91 69 69 -110 30 40 14 79 51 67 31 -5 -28 -58 80 71 23 40 -90 57 -14 57 -82 115 -81 -4 76 86 -84 54 -24 -66 -54 42 -79 14 -58 -37 88 70 -20 6 34 -55 59 61 109 -97 20 -46 55 -63 -31 -32 118 30 -119 -93 55 -18 4 10 -78 -54 121 125 -63 -31 -46 89 49 -37 57 83 -84 -57 -106 34 68 120 -122 26 -112 5 -76 23 -76 3 115 106 -45 28 -83 -121 -59 61 -21 29 -36 99 76 107 71 94 86 33 -41 -109 -37 121 127 32 27 108 -79 4 -105 122 -57 -31 -57 -48 108 7 -118 -36 -13 -120 -125 98 121 105 89 -55 -52 70 -68 46 35 -122 42 62 75 -88 -113 -4 86 -32 -125 -17 -70 23 36 3 -92 -71 -23 -72 6 -19 -55 -16 -98 0 -47 -4 46 -50 114 -91 110 11 -98 -56 -18 94 89 -53 -47 -91 -47 -54 51 -8 -39 45 31 112 -86 79 -44 80 -30 -55 -108 -122 101 -36 -66 118 -59 -124 123 37 60 14 -19 29 4 -17 44 38 -58 -92 -84 -62 77 -116 -23 27 -35 122 -63 4 -108 26 123 -25 -122 -27 39 88 -47 -82 49 4 112 -127 -13 54 79 -22 -114 29 82 -25 -5 -33 95 -90 41 85 -116 -111 58 18 -6 -53 -65 115 -36 -106 125 32 -99 49 -15 72 57 69 -6 -88 122 -38 64 96 -78 -83 61 63 33 -26 -37 1 42 16 54 84 66 77 -37 -6 -4 69 -91 -8 42 43 -57 3 117 -31 -31 5 91 -15 77 -76 55 90 -41 -85 18 -111 27 97 -46 55 -69 -61 -47 -36 -3 -47 -77 -98 -26 -78 68 -48 -25 -19 -98 -123 12 94 122 -9 103 -67 -100 127 -15 -99 -46 -34 123 -90 27 117 -118 -86 61 118 69 -58 -99 91 -102 -24 75 24 31 -57 46 -55 -55 24 123 85 -4 98 85 24 -91 87 -8 9 -101 60 -31 -92 66 -120 92 -82 66 -117 -12 94 -35 -13 13 119 28 -109 -86 105 -15 -126 98 -118 118 40 -45 68 -104 43 107 -110 -62 29 -33 -101 40 -56 40 -51 106 -91 89 39 -108 -59 63 -87 -57 67 67 96 -26 116 0 68 45 -45 22 -5 -3 97 123 1 -43 -88 15 -103 -54 -100 56 -5 71 -23 -44 -99 -125 105 -86 -99 -48 95 51 104 26 87 -54 37 -58 -119 -10 5 34 87 104 -87 110 57 -48 -113 -112 83 75 95 17 77 -63 -53 111 124 -115 49 102 -29 -107 91 42 -29 -63 102 126 -118 -42 -45 -79 -108 -30 -27 90 -27 43 -97 110 -71 73 -63 38 38 -63 -92 -88 54 -39 102 -28 120 92 105 -40 83 74 -68 78 119 -3 -13 -89 -30 54 -93 -108 17 1 56 7 -62 -58 -100 15 -122 68 -48 -16 -80 -71 -53 -11 33 80 -88 121 -29 -64 -122 -10 -98 -54 95 -79 -77 71 42 -36 -21 94 43 99 110 -23 33 -22 -100 71 -39 85 63 90 -5 78 43 49 107 85 -3 -86 -98 -119 15 -127 -78 -64 -28 68 -100 -81 9 -69 111 6 2 100 79 66 -110 -3 107 27 98 -80 -6 36 -106 -79 69 78 -22 -28 -19 -120 97 109 -65 48 110 50 60 -87 7 -20 -10 -2 -7 98 81 -43 116 41 -111 -43 -107 -95 114 -11 91 -87 63 -105 -41 5 112 102 -59 81 -91 -38 -60 -71 60 -68 77 39 45 110 -108 16 33 78 -115 16 -80 -79 -69 -92 86 -100 17 -47 -19 -88 4 103 -55 -27 -56 -50 -115 -18 46 34 115 -60 -91 14 110 -51 83 -61 91 4 -50 90 -61 22 -24 -9 60 -119 55 36 67 23 18 -14 22 -79 55 84 117 111 24 25 -76 -61 -37 45 102 -89 -94 -45 77 120 80 -80 -69 -96 -64 99 119 116 -27 102 -41 5 -60 -113 28 16 113 63 60 97 28 37 -49 66 -121 -84 60 -43 10 32 -52 -28 -121 -108 0 34 112 74 -26 55 43 112 10 19 0 -122 -50 -20 -120 90 -82 -111 -110 49 123 -111 69 72 -69 45 -105 -28 -41 -24 95 52 -78 -18 -59 -32 -27 10 -1 15 102 -4 -72 81 11 -36 -20 92 -99 -96 -116 -20 -6 28 59 96 67 -60 116 -6 -119 -58 46 -87 73 28 -45 -35 105 -103 60 3 47 115 -88 -56 -50 -13 -5 51 75 62 96 32 23 72 80 -6 -35 -1 63 108 -120 -96 95 108 -29 -112 -47 22 -15 -20 -25 -29 -82 -73 -83 74 82 77 -28 118 117 -51 -12 -116 17 -121 122 99 122 -88 33 -70 -92 44 24 -114 62 -98 50 114 -59 -87 115 -66 -29 -65 125 37 -115 -38 -27 -84 -28 -40 22 -63 -6 -87 81 94 -110 114 -124 52 -43 108 9 -107 125 -29 15 30 -24 -122 -17 -121 -9 -118 17 116 82 28 -46 107 -60 -87 -74 -54 67 -60 -38 55 39 96 56 7 125 -82 109 84 4 -42 -3 -47 -52 109 63 -98 -15 -92 -41 45 -9 -116 13 7 116 55 28 -69 62 -24 -101 37 -9 95 -111 106 113 -20 44 101 122 -14 -61 -64 -110 63 -7 102 8 -112 76 -72 -22 30 55 90 123 32 117 79 80 69 104 -112 -44 107 54 -122 -112 124 7 -61 31 -39 -102 4 7 49 -10 -85 112 79 127 9 52 -95 32 -42 -31 90 53 124 68 -59 -14 102 46 -43 70 -25 -33 40 27 97 123 -86 7 -2 106 48 -8 124 4 10 93 -101 39 58 15 53 125 -84 -84 -3 -69 102 -9 127 17 69 -5 100 -43 41 4 -87 -114 -19 81 -10 55 -107 63 -100 -33 123 80 -70 100 -124 -86 5 85 103 -16 -13 -38 81 -39 68 -39 112 -100 59 85 127 60 -114 102 -105 102 19 71 -45 -84 -23 31 -8 -46 54 91 113 -68 -59 86 -82 41 5 -52 -42 53 -31 -20 16 -87 59 -65 -11 -40 28 -71 -28 -29 -96 36 71 71 30 93 87 -120 82 -71 39 103 63 -74 -57 69 -107 -86 75 -6 42 45 46 59 -19 27 74 1 57 -28 -118 -16 103 111 -21 -6 -105 -27 114 28 11 40 14 -22 -74 -25 -79 96 -32 -30 -99 -118 16 61 -51 -48 -81 111 -126 21 -27 57 -10 23 -99 39 63 -87 -15 1 -22 -121 -84 -26 22 58 -15 57 65 -45 -77 -11 71 -80 -9 -117 -126 28 -88 -100 96 24 54 -48 0 -98 6 21 70 -29 -48 -29 -7 32 81 35 46 79 -3 25 75 -115 98 116 50 108 48 -3 -78 -16 -114 -25 -99 73 13 13 19 57 -28 -48 -59 23 42 61 80 96 -85 -98 -1 127 -24 -68 -85 28 -68 51 87 123 103 -95 -106 108 116 13 -69 66 -91 -70 31 118 -50 10 -6 94 -60 -47 -27 43 53 102 -80 -34 -21 70 47 -78 52 110 40 -121 53 18 33 -15 -120 27 -107 -55 -122 5 -115 112 79 1 64 -40 91 54 -34 -43 27 -75 126 28 -91 -126 -87 71 -46 -90 92 68 23 48 74 119 -5 -51 119 75 107 55 38 -22 -43 -31 122 -36 -113 99 92 -61 -98 -52
1 1185 13
24 25 -9 15 -21 36 36 -17 3 -17 -38 2 -21 -27 25 0 37 -9 -27 31 -27 21 26 38 23
384 0 127 1 127 2 -127 3 127 4 127 5 -127 6 -127 7 127 8 -127 9 127 10 127 11 127 12 -127 13 127 14 127 15 -31 16 -127 17 127 18 127 19 127 20 127 21 -127 22 127 23 -127 24 -127 25 127 26 127 27 -127 28 -127 29 -127 30 127 31 -127 32 127 33 -127 34 -127 35 127 36 127 37 127 38 -127 39 127 40 127 41 -127 42 127 43 -127 44 -127 45 -127 46 127 47 127 48 127 49 -127 50 127 51 127 52 127 53 127 54 -127 55 -127 56 -127 57 127 58 -127 59 -127 60 127 61 -127 62 127 63 127 64 127 65 127 66 127 67 -127 68 127 69 -127 70 -127 71 -127 72 -127 73 127 74 127 75 127 76 -127 77 -127 78 -127 79 -127 80 127 81 -127 82 127 83 127 84 -127 85 -127 86 -127 87 -127 88 127 89 127 90 29 91 -127 92 127 93 127 94 -127 95 -127 96 -127 97 -127 98 127 99 127 100 127 101 -127 102 127 103 127 104 -127 105 127 106 127 107 -127 108 -127 109 -127 110 127 111 127 112 -127 113 127 114 127 115 127 116 -127 117 -127 118 127 119 -127 120 127 121 127 122 -127 123 127 124 -127 125 -127 126 -127 127 -127 128 -127 129 127 130 127 131 -127 132 127 133 -127 134 127 135 -127 136 -127 137 -127 138 127 139 -127 140 127 141 -127 142 127 143 127 144 -127 145 127 146 -127 147 127 148 -127 149 127 150 127 151 -127 152 -127 153 -127 154 127 155 127 156 -127 157 -127 158 -127 159 -127 160 -127 161 -127 162 -127 163 127 164 -127 165 -127 166 127 167 127 168 -127 169 -127 170 -127 171 -127 172 -127 173 127 174 -127 175 127 176 -127 177 -127 178 -127 179 -127 180 -127 181 127 182 -127 183 127 184 -127 185 127 186 127 187 127 188 -127 189 127 190 -127 191 127 192 127 193 127 194 127 195 127 196 -127 197 -127 198 -127 199 -127 200 127 201 -127 202 127 203 -127 204 -127 205 127 206 -127 207 -127 208 127 209 -127 210 -127 211 127 212 -127 213 -127 214 -127 215 -127 216 127 217 -127 218 127 219 -127 220 127 221 -127 222 -127 223 -127 224 -127 225 -127 226 -127 227 127 228 -127 229 127 230 -127 231 127 232 -127 233 -127 234 127 235 127 236 -127 237 -127 238 -127 239 127 240 -127 241 127 242 127 243 127 244 127 245 -127 246 127 247 -127 248 -127 249 127 250 -127 251 127 252 127 253 -127 254 127 255 -127 256 127 257 127 258 -127 259 127 260 -127 261 127 262 127 263 127 264 127 265 127 266 127 267 127 268 -127 269 127 270 127 271 127 272 127 273 -127 274 -127 275 -127 276 127 277 -127 278 127 279 127 280 -127 281 -127 282 127 283 127 284 -127 285 127 286 127 287 -127 288 -127 289 -127 290 -127 291 -127 292 127 293 -127 294 127 295 -127 296 -127 297 -127 298 -127 299 -127 300 127 301 -127 302 127 303 -127 304 -127 305 127 306 127 307 127 308 -127 309 -127 310 127 311 -127 312 127 313 -127 314 127 315 127 316 -127 317 -127 318 127 319 127 320 -127 321 -127 322 -127 323 -127 324 127 325 -127 326 127 327 -127 328 127 329 -127 330 127 331 127 332 -127 333 -127 334 -127 335 127 336 127 337 127 338 -127 339 -127 340 127 341 127 342 -127 343 -127 344 127 345 -127 346 -127 347 -127 348 127 349 127 350 -127 351 127 352 127 353 -127 354 127 355 -127 356 127 357 127 358 127 359 -127 360 -127 361 -127 362 -127 363 127 364 -127 365 127 366 127 367 -127 368 -127 369 127 370 -127 371 -127 372 127 373 -127 374 -127 375 127 376 -127 377 127 378 -127 379 -127 380 127 381 127 382 127 383 -127
0 30 24 7 1 3 16 16 0 0 1 0
480 -54 -42 98 30 -104 -74 -117 35 109 -24 -61 4 54 -40 -71 126 23 104 -40 -61 58 73 63 52 103 -111 78 85 -12 77 -95 -118 44 -103 -15 112 54 -56 125 68 -42 -62 -14 -123 -40 60 -45 36 -65 81 -37 60 -35 123 -36 105 115 56 -31 -76 -123 -27 120 33 21 10 -49 -25 76 27 -122 12 91 99 -97 -47 -121 -16 -91 -104 86 -95 -115 41 106 15 -53 119 -77 65 40 -35 -65 17 -106 68 -70 43 -17 -46 37 35 51 33 -54 -122 -111 -10 -57 34 114 -30 -73 -86 58 106 -12 -125 -87 94 -127 -85 19 126 47 106 -115 -104 -33 69 -114 43 -70 94 -70 0 -62 -48 17 75 -32 61 40 10 -47 125 40 69 51 0 125 110 30 2 84 88 71 -115 -65 -94 62 -73 119 -68 -102 -92 -100 -117 26 16 -104 24 87 58 78 30 -16 -11 39 -12 -26 -124 61 30 68 35 7 33 98 119 -46 53 6 -74 -95 29 -51 14 -52 45 -25 25 6 66 -115 -10 19 18 -64 109 -27 -60 15 42 -49 61 -97 83 -47 19 53 122 -62 119 51 4 -59 -12 -13 -101 107 23 81 -48 -45 49 -108 56 -16 94 -40 63 -126 80 -100 88 120 127 56 -43 86 23 -101 15 -77 19 45 43 -126 112 111 -123 -123 -48 64 -9 -99 5 43 105 -122 0 62 -67 -57 92 105 4 -50 73 108 -60 -76 114 63 -25 27 -13 105 -5 -49 -43 -124 67 92 20 71 27 113 26 71 -52 -100 -40 50 -104 -88 -29 -11 -60 81 -38 -56 32 107 48 115 64 69 -71 54 -81 14 120 -11 -8 -61 -6 -103 -106 110 48 -83 14 -114 71 -63 -35 120 93 -42 -35 -113 -29 44 -40 -83 121 -55 99 -6 -116 11 2 -50 -46 109 -58 67 31 33 -46 -108 125 82 -38 85 -122 79 -13 85 32 -83 -36 103 30 -52 50 -60 -2 -127 -13 -87 -65 -39 120 -68 -98 96 37 -115 -30 -14 75 -31 38 94 26 86 -118 -44 -121 46 -124 -10 120 -63 -73 51 -82 -8 -101 51 69 61 -25 16 -113 -60 -101 -92 -113 -125 -62 -19 7 42 71 84 21 -55 78 -110 -42 -4 22 -41 -60 -42 -68 -115 62 6 -67 -14 6 54 -123 46 82 -30 -46 -117 7 121 97 -76 56 62 -98 16 -65 -120 82 60 10 121 -47 -89 77 56 -66 19 -1 11 -1 -17 -81 -13 -60
5040 -83 -5 11 -23 78 96 96 -46 50 -5 64 62 -20 12 110 36 117 -68 57 -54 -126 109 6 15 -118 94 114 117 57 62 -76 34 44 -59 92 75 93 124 25 4 66 8 -5 -84 51 -55 -70 -27 -35 -38 106 32 -30 -125 -1 6 -79 -19 9 1 -42 0 -89 67 -67 -95 31 35 117 -57 92 13 117 3 55 -51 -117 6 -75 89 75 -70 -55 53 4 99 86 103 24 -4 120 41 -33 -100 116 -78 45 66 -99 -12 -59 78 -2 40 -74 68 39 22 67 82 -70 -113 -116 -48 63 14 -14 -46 3 -68 -52 -71 -101 -43 109 101 83 123 -110 76 98 59 -70 -60 87 45 123 22 19 67 -54 -99 -9 -27 90 -48 31 37 -6 111 15 -76 77 121 -52 -7 45 53 29 -31 89 -116 101 21 42 -126 97 84 90 18 14 -121 42 -111 46 89 -31 -116 32 -121 -10 -93 59 -62 4 -14 -20 64 66 -77 -87 -109 61 86 -78 103 116 114 59 9 87 -119 -16 71 -112 -106 81 -53 43 119 -73 11 17 127 -10 -3 -40 -120 -73 15 19 41 -24 46 -74 60 89 -76 -99 -99 -43 -28 -78 56 -75 -24 -48 -111 27 -3 33 -2 -45 -30 24 -20 5 29 -81 110 -40 12 -99 67 -51 -59 12 -15 46 -62 52 20 -32 86 -57 51 37 -100 -124 42 -6 97 -78 114 99 78 -77 -76 40 -106 -2 11 86 -92 33 49 -64 -123 -69 -92 15 -20 105 127 114 78 -115 61 40 -22 7 82 -27 33 87 -90 -126 40 101 -46 -92 -15 -27 -58 -24 -57 -105 111 -86 31 -41 -44 38 -122 -101 31 1 -113 -32 39 53 20 83 8 -99 -77 -126 -75 -91 76 -118 -99 -88 73 79 -30 -11 -22 -101 2 51 -127 -83 1 -72 -107 -43 127 -49 -127 -112 -32 -117 61 -89 20 126 -73 91 -3 126 43 121 -64 70 110 -26 92 -34 101 -82 -116 -3 -77 92 -124 97 -116 119 84 -126 16 117 -67 -99 -19 16 -71 -108 112 -7 -28 62 -48 41 -59 99 -69 99 93 103 77 30 54 7 4 -31 28 -39 23 114 -94 4 22 -1 -106 -85 -16 118 27 2 -48 69 -54 -106 -41 125 -20 -11 118 39 23 46 14 56 -12 -6 116 -75 28 -49 -50 -124 39 43 28 47 32 108 -116 16 -10 -109 -51 -111 -122 -13 16 -106 -77 -71 83 83 90 74 65 21 -3 55 5 115 -17 -119 -112 -67 75 93 7 104 9 122 -65 31 0 -59 -94 -13 28 -72 -16 -52 -18 -112 -85 -102 118 36 -38 -85 -109 -22 -64 90 33 38 -101 -107 96 -60 -69 12 -67 -119 31 -86 102 103 -104 -93 60 -37 40 103 64 33 -87 -101 115 -22 123 -125 84 -119 100 -29 82 15 -127 -121 -97 -24 -3 122 -69 -74 78 93 -102 97 -80 74 -76 12 -107 114 32 89 16 52 121 -16 0 -15 -84 -72 66 26 106 98 45 58 57 51 -37 27 122 -119 93 112 -1 -34 -127 -50 103 100 -75 -14 -62 -17 26 -43 -126 -22 68 -42 -11 -46 -110 13 18 -26 126 -81 -101 20 11 113 -10 -23 7 100 48 84 -27 102 -71 18 42 -19 87 117 -102 31 72 11 -41 -62 94 -51 58 -69 35 11 91 92 53 106 -27 17 91 50 -97 -92 33 60 -54 -116 -42 -38 -21 112 -35 123 -95 -97 -21 -41 -55 -97 -78 -11 -83 -85 76 38 31 2 -90 -82 -21 -34 97 36 9 -10 -19 102 23 5 13 -73 75 101 -68 23 -120 -123 28 -98 49 -53 -30 -107 97 -88 -78 -126 -49 21 12 76 81 59 122 -94 -76 -16 26 -95 109 -117 -28 -22 63 112 61 18 -19 -85 50 -37 39 7 -82 17 32 -9 -44 -52 -124 44 -47 73 -112 76 -93 -74 96 65 -80 69 3 -36 -88 71 -73 106 -127 -62 113 75 15 -105 65 52 116 65 -108 9 93 -41 -124 109 -23 119 -62 -9 74 103 -1 123 -23 -68 -54 -21 -70 -94 28 89 -81 82 80 112 -63 -104 97 -3 95 29 8 -21 -52 -122 -9 -90 38 52 108 32 -116 -112 45 37 84 -29 -102 -86 57 -101 34 -64 16 -40 -88 -41 9 116 -83 -48 77 -49 42 92 84 -43 4 -6 -118 -117 -1 115 115 112 7 36 118 -11 -99 -51 10 24 34 125 19 -42 -83 60 101 111 -49 69 107 16 25 21 35 58 34 -108 -119 31 -32 112 52 -7 37 41 29 7 -86 -58 -122 -115 -103 -106 -114 74 -103 -88 20 66 -102 -59 -39 -78 118 69 -81 114 102 -52 -95 81 22 -47 -57 -94 -23 -118 -127 -127 -109 -107 78 73 86 -90 -19 55 -26 -53 -16 2 43 87 106 126 -3 -105 29 40 62 -8 -77 1 -75 -92 14 -92 19 31 -56 -2 -97 120 95 29 22 19 24 -53 113 -103 -25 -110 65 45 97 -64 -27 -89 -76 -58 66 -78 -55 46 82 -45 108 -19 23 17 54 -57 -118 69 50 8 -35 56 -103 9 -45 13 70 -67 11 -64 -91 76 120 -18 32 -71 -54 29 -94 98 126 -89 -91 -99 60 -16 58 21 -57 -80 -95 109 -119 -93 -106 -20 108 62 107 48 6 -70 51 -31 40 37 -71 -99 -30 -70 48 -34 -113 -23 103 41 -73 -124 122 -114 -80 -84 -100 56 11 -45 -28 -3 0 86 127 58 110 -57 -115 -120 65 -28 125 61 24 102 35 -87 81 126 52 -112 -7 -56 109 -99 25 -70 -69 -115 -34 -95 99 71 28 -123 -28 122 21 56 18 -63 -115 -12 -62 121 74 68 -33 52 99 -1 37 -97 58 24 110 -94 35 -33 17 -84 -22 -120 -14 123 -23 46 -29 -49 123 -94 57 -108 -48 9 80 -90 28 125 -1 -105 1 -54 84 -72 84 -14 12 -53 113 -92 -72 4 -34 112 8 -21 93 -81 104 -31 59 -5 -104 7 22 -39 42 106 -56 -57 108 10 16 42 -111 77 -102 60 12 -77 14 -112 90 93 86 -13 -49 -100 72 72 95 90 -102 -50 -47 -52 -120 -9 30 10 86 36 -77 122 97 -10 31 115 -30 -105 -77 -71 46 17 116 -29 -100 59 106 89 17 -92 111 -78 99 -1 94 39 -66 -80 -21 119 88 38 2 52 -6 68 117 -16 -81 7 77 44 -58 -23 -33 27 58 -85 56 -83 46 7 94 30 -74 95 -36 53 6 -123 62 -77 -96 -122 25 -16 111 11 83 10 -127 -43 108 48 56 64 25 -49 -47 127 56 121 12 -67 -5 92 93 -30 -79 110 41 124 -26 97 -40 110 -75 125 112 -4 96 -120 114 -37 102 101 63 23 -35 -75 -88 -8 16 72 64 34 -89 -72 67 108 110 83 99 -94 1 -15 102 51 34 119 78 108 101 -125 14 79 43 24 19 -37 70 48 -39 43 -36 46 47 -121 118 -101 -125 115 -18 -85 84 -125 96 118 -66 30 76 -127 123 -46 79 -98 -10 -76 -70 84 -36 -67 93 -79 -112 -21 -87 -28 84 -33 83 6 -68 121 44 40 60 -96 46 2 -89 -66 31 -74 -97 -80 67 28 -101 83 94 -32 46 71 45 -56 -4 70 41 121 113 -120 115 -24 9 -95 0 -57 77 -77 -83 59 32 11 70 -75 -44 70 -7 -20 108 39 112 -1 -47 111 91 -97 -57 63 81 93 -74 26 116 28 1 -48 -66 -109 38 -33 29 55 27 -85 -116 -110 -67 100 -22 13 -114 31 36 -32 86 -119 -90 3 52 0 103 -23 -102 -40 56 74 106 -118 86 -7 65 53 79 -114 -111 107 110 39 -71 -40 43 16 36 -6 53 113 41 -105 77 -72 -61 -85 -71 -53 -123 -90 10 -60 117 -27 -115 114 -88 -38 -115 -124 117 -12 1 -77 102 125 -93 119 -25 40 -14 57 -113 51 -2 -46 -12 -6 71 127 -88 71 62 79 39 -47 110 55 -40 20 -120 3 -75 93 61 -8 112 -36 99 -41 -81 -30 -22 7 -56 -4 -66 -68 -21 18 50 68 70 46 63 -101 -114 -125 58 48 -119 -44 -101 -114 76 -112 122 -14 5 -48 109 -85 -99 110 15 -91 -61 48 26 80 6 6 34 14 -122 43 -60 -12 84 23 27 38 -5 118 123 -125 -21 -48 21 55 -122 -33 -26 65 8 -25 2 -34 -68 -75 -19 48 -1 -81 47 -15 -49 74 114 19 -41 -106 108 -68 -58 -34 41 30 -3 -37 -23 112 76 -96 -36 59 127 28 88 52 -13 -43 -103 -15 33 -98 -85 -7 -112 -111 84 -35 90 -104 -93 -5 84 55 75 70 40 75 -9 31 -52 17 123 -60 -71 -100 -11 30 41 -23 -19 90 -108 123 14 31 -44 107 91 -89 100 -123 -117 109 -78 -42 23 96 -40 119 -29 -22 94 -79 -39 98 96 94 11 -110 -99 -53 -34 3 -50 -55 11 72 -40 -45 -126 -53 -42 -108 -76 -51 -119 -35 -48 35 -69 -47 -119 39 34 -35 102 23 35 -102 -45 -23 -75 -106 -66 98 120 104 119 -37 -24 115 77 94 -94 -121 57 -49 61 30 88 -123 3 83 -76 -74 -93 -50 22 25 54 -64 88 -87 -38 117 -91 -42 -27 116 -77 -74 81 -115 69 26 -89 -115 -47 71 -9 35 -98 27 -38 49 -114 61 -126 20 -53 -63 49 46 110 65 114 -103 -25 39 -87 -18 88 11 -5 -24 118 87 -33 -19 8 86 -7 -63 118 3 112 97 -55 108 39 51 -36 122 24 -119 -86 -14 74 100 -111 118 -90 -15 68 57 17 77 0 -68 41 -9 15 124 121 -15 82 77 -109 -89 -120 90 100 -109 39 -81 -47 -110 31 -57 -38 -89 -61 0 -10 57 -75 -20 52 96 121 28 46 -73 -44 -40 -86 49 -117 106 -41 100 31 -51 105 -73 -26 21 -111 3 -60 -9 -104 35 67 29 -66 106 84 -103 4 72 -78 89 -106 24 -18 52 124 87 54 -73 -64 -68 -113 -37 -55 122 -22 -23 110 106 126 61 -71 -2 -64 3 -62 -8 18 98 -80 7 26 17 -69 -61 4 -14 -62 13 44 -63 1 -49 95 -72 68 108 -88 26 -40 87 55 -26 -65 -80 -66 -114 96 125 -34 38 -8 96 -61 -4 48 -108 -2 30 -17 31 -72 -27 78 37 -1 -32 69 26 76 17 68 -31 50 -90 -113 36 -126 -58 54 43 68 -5 -28 36 -41 104 100 -122 114 -66 61 -93 88 104 -97 -112 60 72 122 29 -74 30 -86 -78 -109 -48 -57 -46 -23 -47 85 109 -89 112 109 113 -9 42 -88 -17 -55 49 68 -69 109 61 -10 -122 15 110 126 23 8 -101 60 11 -23 94 -80 83 79 -100 -16 93 -29 -4 -100 -123 -10 9 -118 20 74 23 -72 -38 106 -85 36 -82 29 -65 3 2 111 -60 96 -12 -94 100 -19 -11 -34 107 -97 -12 101 65 -38 74 -23 -97 -57 -91 86 53 82 73 115 -17 45 118 -118 -35 -68 -6 -73 45 79 -31 125 -101 39 -17 -107 13 36 69 114 -77 25 109 -76 37 -2 -2 -78 -111 -60 -111 -104 -70 5 -16 115 86 -49 -103 -33 -90 -55 76 4 -22 30 -99 50 -102 -20 -85 32 -62 -58 -67 -46 -52 -37 43 108 107 -9 127 23 -6 98 112 3 41 -85 -46 -81 73 -62 86 -51 38 103 -108 -124 -86 65 -6 103 -122 46 64 -105 -88 -89 41 116 33 82 21 0 -118 28 -72 86 17 70 -75 -31 -64 -42 -74 29 -119 -94 -97 -47 -125 -22 -22 90 107 -57 22 68 -102 80 34 -75 -74 24 -74 93 109 -18 -57 69 112 52 48 37 27 22 88 103 -92 48 16 114 -44 -78 -99 -13 23 26 107 109 123 -38 49 -24 -109 -17 -123 76 -119 -26 16 48 -24 -15 33 -11 -43 13 93 -52 -93 122 38 -20 -76 -69 45 114 46 -31 -88 -28 -51 -71 47 -108 122 85 31 -118 -98 -118 11 -127 124 59 119 -75 114 109 -108 83 51 -13 9 -96 -72 28 -43 -83 -55 -10 -103 61 32 14 5 -117 43 47 76 23 -2 -99 55 -49 52 -23 17 3 -97 -101 -85 20 65 -92 30 105 -55 127 -103 -18 7 62 106 -19 62 87 -37 19 73 59 -34 -44 -61 -69 111 83 106 -72 -85 85 120 51 7 -16 -54 -99 26 125 -65 -22 -2 10 -68 -73 78 -114 -61 103 49 85 83 -58 -36 62 127 43 -72 13 40 101 -77 -64 124 75 -18 -82 112 101 100 -108 -12 118 -42 -84 103 82 -62 -23 -102 -28 33 49 -107 -93 -36 112 -65 63 -43 -70 14 30 -66 127 -3 -59 -87 -47 -75 -80 -8 -76 -66 -88 70 115 -82 12 -32 39 127 -3 30 43 -19 -114 -121 -115 103 -13 -65 114 -84 52 -60 7 96 52 55 -125 59 -97 -126 34 69 57 90 -123 39 -62 -107 -52 79 33 -4 32 87 -96 -13 -53 74 -1 90 50 -126 -33 -51 101 -58 124 -123 -6 113 18 16 -51 109 100 -27 -86 -117 42 -80 49 -50 62 61 -85 96 -35 50 60 82 27 41 -98 -45 6 -101 54 -71 -94 -84 29 -46 -71 -26 94 74 19 90 46 16 108 -56 51 -39 21 -119 51 1 63 41 -118 -58 77 -103 -22 43 -92 -20 -19 19 80 16 -101 22 74 90 37 -79 4 90 55 -103 -115 -49 78 99 -55 -34 102 -40 -106 -35 -101 -111 -92 109 -34 59 -59 46 43 108 100 -98 -75 -104 41 -18 99 46 111 -87 84 102 -58 -103 -48 -103 -115 -25 -20 69 107 -125 -20 19 -105 24 -13 -4 -4 -29 -84 27 -92 -11 83 43 -12 -46 -58 -27 97 -45 -68 45 -34 -41 -46 56 120 26 -53 -52 20 -53 -100 15 115 -103 -35 27 -7 -89 -86 -5 -49 -57 96 49 -114 31 -98 -44 19 -7 24 57 94 86 -32 -16 -57 116 37 96 -39 -61 -89 -89 -29 -68 68 102 -111 -112 -123 -89 27 -15 -50 -1 -115 -45 116 103 -115 55 30 111 39 92 66 105 22 61 -59 10 -23 -39 -74 -111 55 -77 113 -8 -22 -5 -37 -11 -125 -89 -19 47 -125 75 -74 -44 -5 25 69 116 -53 -85 35 74 24 50 -53 98 32 -112 -55 -50 -66 -42 42 -119 -91 -82 -49 -70 43 -112 -25 -11 114 -22 -51 -29 -8 95 -126 122 25 68 -84 120 -35 71 -21 -53 -77 -41 -94 -94 -11 -46 1 79 127 -107 -108 -78 119 -13 53 -112 112 127 -11 -14 -42 -118 -53 -79 -38 -13 -86 -67 25 118 -37 15 77 60 -73 67 -50 1 29 -48 -83 -67 41 -71 113 95 -75 84 52 70 -39 -92 63 45 17 -4 -35 43 -50 -75 -120 -126 -38 11 -120 -58 -18 25 41 49 -24 -3 -64 -107 -74 -117 78 126 -88 -56 -56 -17 111 85 -40 -63 -58 40 -124 52 66 12 33 -98 -23 -93 -116 -32 96 55 -20 -56 58 -81 95 108 -106 30 10 -65 43 13 25 127 -79 -20 -98 -51 22 38 107 76 20 18 -42 102 -104 -126 102 13 -75 27 -5 -117 -104 117 -63 122 39 -100 115 -48 -21 114 -123 -32 24 -114 70 -105 -44 84 -126 102 -87 -74 -97 111 -124 94 101 -43 124 -20 50 80 1 -116 -62 -59 77 -8 36 100 -72 37 -92 50 -67 86 41 -69 25 -6 -82 -22 61 -27 -12 -57 53 53 92 95 -87 -5 95 53 43 101 -2 -90 20 -30 82 86 -121 -33 -110 74 -65 -76 36 107 113 -85 -80 42 -112 13 9 118 -117 103 -42 41 51 94 44 126 103 31 82 93 -104 -96 -112 -83 -70 16 107 -37 -101 14 -68 77 121 -16 -71 -11 71 -86 112 65 -8 -6 -119 -44 -96 62 -57 22 58 88 20 82 -95 -67 88 26 -27 -37 -75 -6 121 -3 78 107 99 -95 -58 -113 -21 -34 -88 43 -10 -74 -118 -89 112 -19 -111 22 96 -50 -108 10 -16 49 16 -47 107 43 -42 -106 -87 81 113 111 -106 -33 -15 -22 -63 95 -51 86 67 -16 -19 44 36 -50 57 75 114 11 120 -108 0 34 -3 107 -125 -10 -61 120 20 -64 93 78 -31 -115 -39 38 -44 30 -51 57 -115 -70 -122 124 24 39 -72 109 48 111 123 -75 -54 -72 9 -80 -56 52 9 -47 -52 -107 94 2 -89 123 54 -117 120 39 -69 -74 48 -19 -36 -76 -55 32 1 -100 -43 106 42 -124 103 105 103 -57 -106 35 -51 -47 5 17 -42 -27 24 -69 100 -87 -80 81 -67 -10 126 -119 -109 -32 81 63 106 65 -113 -115 89 93 -11 -65 -104 -7 -6 8 21 22 -112 -103 -40 71 -78 -116 -86 -122 123 -103 -101 -119 -62 -12 -27 18 97 98 -100 55 7 -95 -100 -10 -56 -42 109 -122 2 -64 -82 -106 -87 69 30 115 -48 18 -101 85 11 41 -60 15 -118 68 33 127 19 -83 84 -5 56 -19 36 -8 -66 125 74 -27 59 -66 -30 -93 50 93 -2 -122 -44 -81 40 25 114 56 119 -37 66 70 31 -3 39 55 -32 -34 -109 118 -23 63 7 61 -8 -59 -41 83 119 -18 86 -52 58 -63 -67 120 -68 54 6 -49 -117 50 109 -64 61 -114 105 -122 -49 34 71 45 -31 41 -32 -101 -50 -16 18 39 88 -126 -1 -72 105 -74 -111 119 -43 98 -82 1 -20 71 72 -4 -58 76 -100 -13 -66 104 23 -104 14 116 -126 -120 71 -65 83 24 65 107 68 46 76 120 105 7 -45 23 -22 -12 93 -83 18 -116 -105 -64 65 -114 22 112 -107 -69 -75 -50 -127 -110 64 -25 -44 30 -25 53 -61 -76 3 -118 -118 120 -54 7 -94 -38 68 126 124 46 50 24 55 -122 -34 18 124 81 -40 -65 -42 114 -16 55 73 -31 117 -113 -3 -105 -81 -79 -70 -119 108 71 101 56 113 -99 -4 -91 -31 68 55 39 -58 7 -2 -7 53 45 37 115 75 -47 79 -55 88 -60 115 -23 21 -51 35 55 -37 -127 25 -6 -53 -82 73 25 1 -100 32 -12 -48 -123 23 -99 73 99 111 -36 12 -33 56 -122 87 -34 16 -60 74 91 -64 -74 67 108 -111 -53 42 32 29 -29 -64 80 -103 -76 -80 11 20 26 -46 -93 7 74 -30 -86 -75 -98 71 -31 -127 -48 96 55 -119 -41 -85 26 -123 56 -104 14 67 -117 -78 -120 33 -5 -45 -17 -56 -59 -30 -102 -49 -1 -81 -101 74 120 95 90 -4 -75 71 -30 102 -24 7 -15 -61 -79 63 64 -86 113 -113 -23 88 -31 -40 -115 88 -21 27 77 -88 -43 -97 -54 -55 -94 105 -23 90 79 -46 55 95 -123 33 -95 -14 -57 83 -105 33 -39 -14 59 -75 -16 -95 -52 68 -112 -50 121 -100 -12 124 105 -80 -83 -36 90 58 -71 -5 -71 114 -91 83 86 98 -100 -24 -107 20 86 42 108 118 44 88 53 -12 -6 -72 -5 -59 46 -70 78 -47 24 98 -70 -43 -116 -58 -13 95 85 53 18 15 -87 85 109 -68 28 -9 20 -77 16 -30 -37 -42 -29 -29 40 19 94 -106 51 97 93 -2 80 113 27 -74 70 -116 -115 24 18 4 -32 85 26 27 -11 -47 5 -114 58 89 -70 8 -76 90 123 15 -73 88 94 -107 -110 17 107 115 8 -41 57 85 -95 83 77 -106 103 12 -53 -109 46 57 -103 80 86 -103 60 127 -123 -76 -50 12 109 33 -100 75 -21 -12 -45 2 -2 24 -6 -112 18 96 88 -113 18 -50 -77 -68 -63 119 19 126 28 115 10 28 -87 9 102 6 -17 54 -122 84 -30 -77 -114 -120 -24 -51 -51 -26 116 -8 -29 -92 -100 88 -27 -9 -68 125 14 -62 96 92 -66 -110 -73 -115 127 -40 -38 -78 27 -26 -90 2 -126 33 104 54 -58 -121 -118 61 -73 78 -49 -53 79 52 -5 -116 -28 59 -17 -101 116 -19 -15 -101 95 90 33 10 33 9 -32 -90 83 -95 -58 92 -123 -52 -127 -56 -53 -19 -60 -65 9 34 68 106 93 87 -44 82 -76 85 -9 81 -75 -61 -28 6 -99 84 72 94 32 28 -28 -23 21 65 126 -14 9 48 125 -124 78 45 85 18 -92 -43 120 127 -122 -80 -24 99 49 -4 -85 114 -114 -120 123 120 -119 126 -27 -32 -80 122 41 -103 30 -19 28 123 -42 100 7 -36 -76 76 -94 9 -114 -90 -87 115 19 -40 -33 109 -15 28 -11 61 -13 -97 119 -85 -19 -58 11 120 -17 -46 58 -86 -69 30 101 101 -72 -49 -97 -41 -12 60 -98 72 98 61 -56 53 -91 63 -96 96 -127 100 25 -47 -121 -54 81 -77 110 -93 9 18 -10 -3 48 -55 -31 95 -29 110 -51 -65 -61 -87 95 44 11 -73 19 54 -72 -38 -85 -80 123 98 -71 59 117 -12 82 -27 21 -6 125 43 -9 32 54 23 -2 -20 69 79 -66 122 25 71 71 -13 97 87 -43 31 127 50 -88 -21 -117 -105 -115 64 30 78 -99 76 92 101 37 95 -82 -45 101 -75 105 -24 -61 89 82 -126 33 124 -101 -103 84 22 -69 -69 77 -9 44 -49 -71 28 -9 -24 -90 -10 23 -53 25 -98 54 60 -95 98 82 114 70 -6 -24 -97 -67 94 66 40 105 -47 124 120 31 -21 -104 91 -94 -93 -88 -55 -123 -65 75 19 -47 98 30 -19 28 90 -33 -116 11 -40 -82 54 -6 17 70 29 60 74 -107 14 -110 -32 -102 -79 -4 117 114 -20 104 -65 80 18 41 56 -12 -52 29 62 1 -121 53 -50 -60 110 -83 -57 90 -119 91 -50 -3 116 -39 -57 -62 -75 -123 119 -79 -38 91 73 13 -66 -51 125 63 49 -117 108 -49 -50 -114 106 88 43 47 6 -11 -51 -112 51 -125 -12 23 20 -81 -36 -118 9 112 -51 -46 -58 -8 -16 -3 -29 114 -106 92 113 80 -3 78 85 2 -4 98 -47 50 -38 118 -64 113 -21 95 98 83 -62 -92 -65 -1 24 17 -34 117 -30 -13 27 69 90 -29 -17 -96 85 -77 40 58 28 28 87 -49 -106 96 89 26 125 -57 -27 58 -99 -2 31 -116 -21 7 -18 79 -45 7 1 122 -46 -34 85 61 3 52 113 -19 96 -126 93 29 29 -43 103 111 -82 -38 -5 -40 -84 -53 -40 58 -1 8 65 -92 28 -93 105 124 -63 -49 -111 -55 45 -89 96 3 25 77 -79 86 -20 -61 69 -31 53 -8 -43 -18 114 125 -121 -24 95 -13 22 -56 78 38 76 -7 -11 -59 -87 22 -79 -67 46 89 -49 87 -83 -62 -119 50 74 110 69 95 116 7 49 -109 -121 98 -74 9 -5 -80 -26 -107 -22 -44 122 -16 -61 69 -123 113 -89 -24 12 121 -6 -43 -38 -112 81 -3 -60 -89 -114 -109 -114 -10 111 46 -114 123 -72 -35 61 30 108 -112 -39 123 -15 127 -105 96 102 -28 68 47 71 53 79 -98 19 -43 94 78 -102 -61 -94 119 69 -48 100 100 46 -32 43 41 -19 -59 -20 -93 -78 -61 -120 116 -42 -52 -123 -76 -53 -20 43 -37 13 -82 58 -73 -103 123 -10 25 65 87 39 80 -117 55 -59 9 69 35 -1 -25 72 -20 -68 -11 -58 -85 79 -26 125 -94 -34 -115 99 40 118 118 -1 65 100 -3 -110 98 57 -112 -29 21 -106 -44 -83 93 127 -70 -85 -110 -70 102 38 65 81 -108 89 -17 119 64 97 -16 -95 -36 -25 80 -19 41 107 85 -89 -53 36 37 31 -113 59 106 -16 -88 -127 104 70 -45 -35 -43 -96 69 -41 5 -94 -112 90 -45 -117 21 -97 -15 21 36 -100 81 -2 -104 -87 -50 27 95 -1 99 42 46 -8 -48 53 -106 -24 -96 -125 -47 79 10 -116 -69 -47 -11 -112 -62 -101 121 12 -81 -124 115 -119 1 60 20 70 -77 99 2 -95 -121 7 -98 76 117 -28 -41 -40 -116 -86 -75 -73 -49 -99 80 -74 -29 -103 78 24 23 122 32 -29 -35 80 83 -102 94 -19 30 101 50 5 -93 89 1 -90 38 -63 123 44 -4 63 44 -50 -12 83 81 -59 60 -36 -25 -32 29 75 102 -73 113 -51 -101 -93 119 -69 41 -110 -16 28 61 29 -87 -34 -119 -60 -103 41 69 -66 12 92 38 47 -100 -89 -127 43 -78 -97 41 110 -67 105 60 43 20 80 -18 -125 125 -9 70 -94 40 -2 -71 62 48 25 -75 -62 34 33 -10 88 53 92 102 -60 95 -120 110 -28 -88 92 -60 90 35 -40 40 -99 -65 125 -71 -57 92 5 127 90 33 -38 -127 -123 -28 -32 60 -27 -85 -79 73 100 -102 33 2 48 109 -124 -35 98 -123 -70 18 16 -82 -108 -106 58 -69 80 65 -77 -41 -48 -125 -32 67 -115 109 -96 105 57 10 -95 76 110 26 -65 43 -75 114 110 56 -42 -121 -121 -21 -53 -1 112 -84 -45 -36 90 36 -25 98 78 67 55 -24 -85 -11 74 -22 118 -95 5 19 27 -72 62 -61 -31 20 -1 59 -18 -74 82 94 106 98 -79 18 -10 -54 117 70 -39 -62 24 76 -86 10 -102 77 117 45 -34 -28 -79 -48 -62 -82 -66 78 2 -63 -79 -93 -69 -58 -100 -123 122 33 74 -63 70 111 -28 39 37 16 8 -63 -64 -32 -86 38 -52 85 21 -103 -6 -74 17 117 108 13 -112 58 -127 -102 54 57 34 -38 104 73 -123 79 -38 -19 -17 114 -35 17 72 -98 -34 104 86 75 -21 -37 -110 15 16 40 -15 116 -122 -115 -117 -42 -40 -90 -52 26 66 -81 18 -41 48 -10 88 -122 -19 33 92 -89 99 -117 104 95 -86 94 29 -68 47 -47 78 23 -59 -94 112 -67 -40 74 79 64 -42 -37 44 -107 -55 -13 -110 62 -31 -100 -82 -48 1 -109 88 -99 -118 -63 -104 -42 83 70 24 -115 102 -62 27 -33 54 -3 -104 -100 -86 81 64 -78 -71 117 -9 35 -93 114 96 77 5 -47 -25 -114 -18 2 -16 58 82 98 85 51 -97 -90 -12 94 93 -94 101 -83 75 72 79 -5 53
24 173 9 289 10 247 10 37 7 715 11 791 13 151 14 279 12 1167 12 613 11 2045 13 569 12 399 10 665 11 285 11 1781 13 1431 12 547 12 1437 13 971 13 1555 14 1763 13 1445 15 925 13
24 -30 3 18 -22 28 22 29 -30 -8 -13 -20 -25 -6 1 30 -38 3 24 -40 -21 6 21 -27 36
384 0 127 1 127 2 127 3 -127 4 -127 5 -127 6 -127 7 127 8 127 9 127 10 -127 11 -127 12 127 13 -127 14 127 15 127 16 -127 17 -127 18 -127 19 -127 20 -127 21 -127 22 -127 23 -127 24 39 25 127 26 127 27 -127 28 127 29 127 30 -127 31 127 32 -127 33 127 34 127 35 127 36 -127 37 127 38 -127 39 -127 40 -127 41 -127 42 127 43 -127 44 127 45 127 46 -127 47 127 48 -127 49 -127 50 -127 51 -127 52 -127 53 -127 54 127 55 -127 56 -127 57 127 58 127 59 127 60 -127 61 -127 62 -127 63 127 64 -127 65 127 66 -127 67 -127 68 -127 69 127 70 127 71 -127 72 127 73 127 74 127 75 -127 76 127 77 127 78 127 79 127 80 127 81 127 82 -127 83 127 84 -127 85 127 86 -127 87 127 88 -127 89 -127 90 -127 91 -127 92 127 93 127 94 127 95 127 96 -127 97 -127 98 -127 99 127 100 127 101 127 102 127 103 -127 104 -127 105 127 106 127 107 127 108 127 109 -127 110 -127 111 -127 112 -127 113 -127 114 127 115 -127 116 -127 117 -127 118 -127 119 127 120 -127 121 127 122 127 123 127 124 -99 125 -127 126 127 127 -127 128 -127 129 127 130 -127 131 127 132 -127 133 -127 134 127 135 -127 136 127 137 127 138 127 139 127 140 127 141 -127 142 127 143 -127 144 -127 145 127 146 127 147 -127 148 -127 149 -127 150 -127 151 -127 152 127 153 127 154 -127 155 -127 156 127 157 127 158 127 159 -127 160 -127 161 127 162 -127 163 -127 164 127 165 -127 166 127 167 127 168 -127 169 127 170 127 171 127 172 -127 173 -127 174 127 175 -127 176 127 177 127 178 127 179 127 180 127 181 127 182 127 183 127 184 127 185 127 186 -61 187 -127 188 -127 189 127 190 127 191 -127 192 127 193 -127 194 127 195 -127 196 127 197 -127 198 127 199 127 200 127 201 127 202 -127 203 127 204 127 205 -127 206 127 207 127 208 127 209 -127 210 -127 211 127 212 -127 213 127 214 -127 215 127 216 127 217 -127 218 127 219 -127 220 127 221 -127 222 -127 223 -127 224 127 225 -127 226 -127 227 -127 228 127 229 127 230 127 231 127 232 127 233 127 234 127 235 127 236 -127 237 -127 238 -127 239 127 240 127 241 -127 242 127 243 -127 244 -127 245 127 246 127 247 -127 248 -127 249 -127 250 -127 251 -127 252 -127 253 -127 254 -127 255 -127 256 -127 257 -127 258 -127 259 -127 260 -127 261 127 262 -127 263 127 264 127 265 -127 266 127 267 -127 268 -127 269 127 270 -127 271 127 272 127 273 127 274 127 275 127 276 127 277 -127 278 127 279 127 280 -127 281 -127 282 127 283 127 284 -127 285 -127 286 -127 287 127 288 127 289 -127 290 -127 291 127 292 -127 293 127 294 -127 295 -127 296 -127 297 -127 298 127 299 127 300 -127 301 127 302 127 303 127 304 -127 305 127 306 -127 307 127 308 127 309 127 310 127 311 -127 312 127 313 -127 314 -127 315 -127 316 -127 317 127 318 -127 319 127 320 127 321 -127 322 127 323 127 324 127 325 -127 326 -127 327 127 328 127 329 -127 330 -127 331 -127 332 127 333 127 334 127 335 -127 336 127 337 -127 338 127 339 127 340 127 341 -127 342 127 343 -127 344 -127 345 127 346 127 347 -127 348 127 349 -127 350 127 351 -127 352 -127 353 -127 354 -127 355 -127 356 -127 357 -127 358 127 359 -127 360 -127 361 127 362 -127 363 112 364 127 365 127 366 -127 367 127 368 -127 369 -127 370 -127 371 -127 372 -127 373 127 374 -127 375 -127 376 -127 377 127 378 -127 379 -127 380 -127 381 127 382 127 383 127
0 30 24 7 1 3 16 16 0 1 0 0
480 -65 -28 43 -68 -60 -114 -126 27 84 -39 10 18 98 47 -59 94 -46 108 -120 113 2 70 102 28 -127 117 20 -28 -66 -10 48 44 109 85 -4 -53 97 -95 -29 -121 -72 -69 -19 67 41 -111 78 -104 46 -48 -109 -41 76 53 -94 -18 -98 -99 -73 -101 -83 73 -78 114 -76 115 10 -33 93 -107 7 -64 41 113 73 106 126 45 -57 71 114 55 -77 1 -78 -57 76 85 -107 -73 103 81 104 30 52 76 51 89 -5 -67 -109 24 -39 83 67 -127 23 89 -49 42 -83 104 -74 -123 9 39 52 73 114 -8 72 64 53 30 35 7 -39 29 83 73 -70 -25 63 -92 25 -34 67 75 3 3 -86 -1 -108 -74 0 -35 -7 64 25 -21 -62 -83 62 118 -127 111 93 93 39 -2 -60 125 -117 -109 26 40 59 -119 76 -39 84 16 108 -4 90 -16 83 112 19 99 35 100 -3 72 -96 -76 94 42 -115 -33 -28 100 -61 -39 8 25 -41 84 -92 -43 -89 -96 59 -36 -104 -58 105 -38 -25 123 -101 93 -47 22 -91 88 -28 2 -55 111 116 -63 -36 103 -86 17 -113 -99 -78 -6 -104 -47 94 -71 -62 74 -14 -84 -18 33 -75 14 6 13 -11 -80 -3 52 -94 -6 -4 15 60 110 -35 127 48 29 46 1 68 123 52 -119 -74 -85 -111 53 88 -47 -31 0 -26 32 7 -24 -118 24 112 -46 -91 -87 -60 36 52 -86 22 -84 122 90 -9 71 81 -102 25 61 -38 83 30 84 100 32 -70 10 36 29 -24 -45 -92 21 6 75 28 -14 7 -100 -26 87 -31 -53 -42 -14 17 41 90 78 121 36 -46 -29 -11 -100 91 120 -95 0 -4 -14 -82 68 -73 62 -83 53 -99 123 34 86 53 33 -38 -95 73 85 20 5 -81 22 38 15 -14 -71 -70 15 -23 -7 35 102 -81 113 -116 124 32 8 -59 -53 1 -103 76 -122 -2 -57 -18 -117 100 56 -63 -5 -117 82 12 86 115 -6 66 -4 21 8 -41 40 48 -6 -19 118 12 -57 32 -118 97 121 -109 -105 -69 -79 -72 -57 37 88 38 -47 126 40 10 89 -83 12 -24 -69 -65 4 -105 -122 68 -34 -124 -81 -49 -25 -6 -112 -90 44 101 49 -34 79 67 25 124 -96 -49 -90 -29 124 44 51 -20 42 92 -3 -7 -45 57 90 18 113 -84 -64 100 -39 102 -46 31 125 -84 20 -23 63 -30 -42
5040 76 112 -47 73 15 -68 -112 57 33 76 -1 -11 -77 -28 48 -70 3 114 -11 -67 -32 -29 -117 73 -44 -75 -106 87 76 -8 54 -74 25 -10 -117 -27 -15 -71 111 -75 -108 64 49 76 -101 4 25 -1 89 -118 33 98 -88 -126 -119 114 125 -2 -47 -102 119 20 -24 -67 31 -73 -21 -63 118 114 -82 -109 63 49 -82 -29 -87 -105 -71 -48 -64 106 1 -29 108 52 -99 -54 -49 76 107 -84 30 121 -44 -8 11 77 -82 89 -123 86 -15 -124 63 1 -93 77 116 -110 -96 72 -118 65 56 -6 4 110 105 127 81 -74 9 -97 -26 -26 107 -98 65 25 -49 -51 78 23 2 -111 -28 -122 117 84 -73 61 -44 19 -23 -2 76 83 24 -45 -23 -35 -51 -117 -52 -112 -5 -102 9 -106 -120 -102 -67 90 -74 -110 -22 -8 -91 41 -67 48 -65 101 0 78 -125 -40 19 -58 -77 39 -69 94 20 87 -94 -125 14 110 4 47 -14 102 53 -26 88 -110 59 8 77 -56 58 -69 -68 -58 54 99 110 4 115 82 35 23 95 -52 97 61 -3 -81 -100 0 -57 -71 -81 -52 50 -91 -111 99 -64 -71 77 -31 -98 -16 -80 124 24 -119 -107 71 7 -29 127 -125 -55 17 23 -17 -125 -30 -50 23 25 -9 100 5 64 -101 -95 126 49 127 39 -41 29 106 67 55 25 94 -50 53 115 20 -93 -123 -121 -110 113 22 -65 100 78 -112 59 -26 49 2 27 29 -92 -34 88 -120 -35 15 -94 107 69 85 -98 -122 3 -79 65 54 94 45 68 -36 -50 -69 -104 59 99 -12 -105 -28 -45 0 -113 42 68 -26 43 -2 -26 88 78 39 19 84 5 -120 -29 15 -17 12 105 41 103 95 108 23 91 -83 30 82 88 66 -22 19 -26 -85 46 -32 -82 -56 -77 64 17 62 73 -1 -123 -118 3 -122 -85 -45 72 -53 69 -94 81 -42 -94 -69 100 -7 66 110 -121 -64 4 -19 104 -115 94 -92 -41 -55 14 68 -113 54 -106 66 -102 102 102 48 87 -53 37 -71 115 122 -68 -48 -76 -57 -62 -101 124 127 -57 -71 -19 87 105 -37 -39 -18 -61 -122 -53 -71 55 -76 50 -2 3 -82 -50 17 -104 -92 24 -18 -45 3 -57 -32 -117 96 86 88 17 0 -91 -101 18 59 6 65 56 117 -57 46 90 50 -23 -123 -24 -112 93 -24 70 96 117 -11 8 -6 -90 -12 -46 46 69 55 -42 106 -8 -58 86 -108 121 -78 27 -34 -53 -80 40 77 73 107 101 10 -54 12 5 -106 -15 96 102 -22 25 -76 -100 -13 62 57 -63 -25 7 -35 29 94 -73 -40 52 41 118 -84 86 106 -71 62 -58 14 57 -83 -67 102 106 50 -24 113 16 -31 -44 -19 41 -59 -6 77 61 48 -53 -67 -49 -5 4 -59 -61 104 9 -33 -14 -107 56 -22 87 27 114 116 90 -26 62 36 30 27 102 -88 -125 118 -30 106 -70 26 92 -72 116 -66 -69 -120 -58 110 -79 -30 78 63 119 -33 -112 125 -90 -29 42 -64 -14 40 -50 88 64 120 -81 -54 -77 -67 13 22 -34 39 65 -4 -79 -38 -79 9 -27 77 120 68 -100 7 -112 16 122 32 -38 38 -43 -109 31 55 -98 -42 -1 70 -59 2 86 -90 44 95 -125 -99 17 84 5 -63 20 125 -106 2 -4 -32 97 -96 -47 97 71 60 -48 34 -73 -86 -11 39 80 -93 -127 -97 -91 -63 -45 103 -64 122 78 42 46 80 -95 71 86 -107 -74 22 54 121 97 -12 106 -89 39 112 78 4 -69 -85 -34 39 35 -86 109 74 -46 -9 76 -17 108 60 -83 78 121 -96 -53 60 66 74 -69 -105 -85 50 45 -70 92 -2 -7 62 -70 -93 -83 103 -70 21 -30 -38 -97 -108 30 -58 -23 -21 26 117 -2 54 -35 104 -45 86 -26 112 23 30 -118 14 1 47 51 59 123 25 81 70 96 87 -37 76 75 48 -76 -122 -82 62 54 16 91 37 -110 59 -35 -10 37 -41 -82 75 -127 73 -107 62 120 91 -22 -59 76 124 -120 11 -62 67 -115 28 -79 -62 39 72 69 -121 -61 112 91 -46 -39 60 104 77 69 81 99 -21 95 -102 13 -19 48 -126 13 63 72 -46 -60 -1 70 88 -112 -95 76 -105 -42 -100 -97 92 -118 110 66 55 -41 -42 7 119 -92 -78 -67 38 -51 -5 67 -30 125 72 -52 -38 86 126 98 -107 -44 -106 -58 12 -31 -61 12 68 15 -79 -116 -56 15 -79 -87 -50 26 82 12 110 74 -23 -37 91 4 24 -90 71 43 -42 -2 108 -59 121 60 -71 -71 72 63 24 122 -117 62 36 41 120 84 40 86 8 66 -102 96 122 -102 -77 21 -95 30 62 -119 -108 88 13 -66 122 -113 -125 18 -31 126 48 49 -70 -58 102 58 -103 21 125 -15 -88 -50 -117 -88 35 36 -61 4 18 99 71 124 8 80 -21 112 116 -70 -4 56 31 -94 83 -69 39 -48 65 -93 -82 -33 35 -43 47 96 11 -76 98 -115 -45 35 -106 102 6 -108 -82 111 111 -80 -34 26 9 98 22 111 77 -35 20 -115 -4 -4 109 -104 56 114 -60 73 -35 63 -14 42 -16 -27 121 -2 83 -77 -71 -15 88 96 54 -32 -52 -98 119 -88 -53 -103 43 59 -7 24 96 48 -72 -5 35 10 30 47 107 -49 24 -38 1 -81 59 35 -111 96 39 -32 -102 73 39 86 -66 23 68 -97 -3 -52 -43 -31 79 -66 59 74 -31 122 -28 0 70 90 125 92 21 4 -122 -103 -79 -44 118 -58 112 13 -104 -121 -20 -116 38 -106 -85 -102 18 -63 -38 -96 -47 -63 -30 72 -86 88 -102 84 40 81 114 -26 92 21 38 -13 29 4 -31 -64 -14 -76 37 91 115 18 43 23 91 96 -13 -5 -109 -59 48 115 106 88 51 -28 11 70 -9 -36 35 119 31 80 18 34 54 42 7 -6 52 -88 126 89 -36 -20 -86 -10 -89 123 -1 97 96 5 -1 -27 -60 -100 13 124 -31 74 -82 -110 -85 2 -56 63 69 -37 -14 -104 90 60 -16 99 90 85 -36 -23 91 117 68 -121 98 -24 106 -95 -127 -82 6 39 -11 -96 -47 -18 -1 82 60 21 -117 116 79 -116 -60 89 -98 -106 -96 106 -15 -42 45 109 75 -21 105 -127 -93 -99 -120 34 -2 86 -62 -119 109 113 -18 76 104 126 -13 44 -75 -34 32 -3 89 120 -63 62 32 118 38 -125 60 -56 -8 65 -5 -16 -13 94 48 115 -105 89 52 -110 -80 37 73 -110 -51 -95 9 53 -25 -49 20 -122 -33 -43 2 -112 -13 -29 100 -57 -124 -96 0 117 -36 86 -98 33 65 -39 -16 97 115 -79 65 122 34 13 2 -30 -23 -3 -66 -93 -59 -20 -94 -22 77 -39 27 40 -115 79 -11 16 -86 2 66 -93 -49 113 -65 -109 -23 -29 -79 -15 75 86 -18 52 62 -93 -50 112 126 -103 57 35 -72 38 39 -112 90 -67 -121 -9 53 -83 108 118 79 -10 -51 -57 -113 100 104 16 -14 43 77 -116 104 -104 101 76 -28 19 104 85 124 -46 -24 -57 -86 -15 102 58 62 112 -8 79 -44 82 43 -33 27 25 -83 -110 108 -70 -35 80 -21 -1 -23 94 -36 -23 2 -25 -49 -116 46 3 -37 -104 -107 -21 7 121 54 117 29 -46 -69 -74 -63 112 109 110 0 43 -112 -81 -67 49 -29 102 99 -72 39 120 -109 -65 -69 102 -17 -105 83 37 99 -121 -91 -52 -67 -22 79 -49 -86 -84 53 -30 25 -59 -95 -66 76 -38 -6 96 6 95 -64 44 73 9 25 88 -73 -105 -8 103 -106 50 -78 -32 -65 58 -7 -96 -26 -68 102 14 -111 45 -49 -44 -101 70 94 -109 -53 87 -85 4 10 -56 -30 29 -36 -17 -90 -103 -113 100 -113 -42 118 66 118 122 103 54 -108 10 -37 -125 127 -50 61 -39 -64 -103 -123 25 -110 15 14 -81 -103 97 -20 -107 97 -122 -89 -78 63 -108 -78 -73 -79 22 -44 117 -101 -102 35 -2 110 -8 21 -60 50 -108 -7 -113 -63 87 107 -48 -66 25 72 -48 125 87 -5 90 80 -90 -93 -118 91 -94 -121 -104 74 76 63 -102 -17 -91 68 -43 -70 -92 -89 -126 90 -113 30 97 -23 108 -72 36 -18 -89 -84 -41 26 24 -50 99 -16 -14 97 47 -53 114 -90 -69 -3 6 -107 -41 -114 36 -109 115 -56 13 3 -84 -46 60 -64 112 -56 2 98 23 112 23 40 22 -109 -49 19 -65 -111 -53 -38 -23 -8 -17 -4 103 58 -59 -123 108 -55 122 11 82 55 -97 0 88 -94 6 22 -59 81 75 -18 121 -115 -11 -49 84 -84 117 -21 -45 -95 98 8 40 63 125 -73 126 -29 -89 -44 22 -46 -71 -84 -124 85 60 -53 110 -96 -90 -52 0 -121 60 100 121 -16 -111 -1 48 19 -6 -120 -22 -42 -14 60 60 12 -58 13 22 118 -39 28 -28 -66 -10 15 -66 -54 9 103 35 104 -78 -117 -54 -49 100 -78 -32 -43 16 13 37 93 74 86 33 -93 46 29 -84 -23 -65 -80 47 104 87 93 38 47 75 -107 -104 2 53 -4 108 -17 33 -13 49 29 -20 21 -29 -115 25 -88 118 -100 -16 -45 112 -85 24 -28 -10 -21 84 -97 24 -109 21 127 -24 0 116 -20 1 75 -113 -44 84 -70 35 125 -46 86 46 20 51 -117 -112 33 -106 85 104 105 0 -75 2 80 24 33 -94 -57 71 96 43 -98 32 -95 -78 -44 -55 123 88 22 -103 -5 37 19 -40 16 -118 53 -52 -112 16 48 -94 -23 -117 -101 -123 31 -75 -61 -78 3 25 -123 -108 -88 -65 24 -36 122 -94 88 -59 -27 104 -124 -81 68 105 125 59 -120 0 20 -42 -55 -43 -121 55 87 25 -4 34 14 -89 -123 -101 -27 -41 -88 101 -1 53 -21 41 -66 -79 -39 -9 69 -24 -77 38 -26 -126 126 -116 94 77 -46 92 -56 49 -61 -31 -51 49 -5 111 33 32 89 -26 55 25 28 119 -82 -16 -29 70 42 -71 -81 -28 124 93 82 -84 39 -74 106 -6 51 -76 78 -1 18 -42 -39 76 92 12 48 -94 -1 -2 -25 6 111 -103 34 -76 -50 -53 85 79 38 -77 -81 -124 42 -79 116 16 36 -40 -43 -13 102 65 94 67 79 -108 -108 -19 8 22 113 -52 41 -59 96 -62 63 -37 -113 -110 -114 -18 59 -104 117 -109 58 39 -121 74 34 100 -96 88 90 110 119 -17 -29 -34 77 -39 -81 113 57 64 -38 12 0 92 104 91 77 -92 -15 58 -109 -57 -30 74 108 -63 45 84 -57 12 116 20 7 -26 27 -40 -113 106 50 -39 -24 66 3 32 57 110 20 -89 -104 12 104 110 84 -22 67 -72 -68 48 80 -93 29 -116 124 -107 -101 20 9 89 -15 -109 -38 47 -52 12 63 -96 18 -6 7 -25 125 -29 -95 -22 41 -110 7 57 -126 84 -66 8 -19 108 -57 -61 108 65 84 107 57 -74 75 123 1 -9 -39 -40 14 10 55 85 -99 -83 -19 122 50 59 27 -78 -118 -67 115 -5 61 -11 19 -64 -81 46 -49 -119 -7 -120 -51 102 17 85 111 -117 63 36 19 96 -69 -62 -127 -44 47 78 44 13 -107 -98 20 -14 95 111 -118 -60 -122 69 63 105 81 74 18 -123 -83 19 18 27 -125 111 95 -35 32 7 -10 108 -116 -127 51 -32 -54 -38 -66 -82 -30 20 80 89 -16 -5 53 -53 17 40 88 43 -23 -126 -91 101 -123 101 81 -74 -116 -93 -13 -123 -79 -12 -118 -2 120 32 88 65 -92 -33 -12 -100 49 -14 5 -23 51 12 71 24 -123 -61 37 102 -92 64 -66 69 93 30 63 31 91 26 25 -107 63 -61 98 29 57 125 -45 47 119 8 10 -119 -38 -86 35 -49 35 77 -89 93 -63 -25 -109 30 42 46 -75 -83 31 -44 46 124 -29 -6 -113 27 126 50 -58 57 19 -92 74 -76 44 -26 56 78 -82 -98 -49 -36 -102 42 63 -17 114 40 47 52 110 28 -77 118 -21 42 95 19 -91 -79 6 4 122 -36 -106 -8 48 -111 107 46 14 55 -33 -93 -108 -57 43 91 90 123 -103 -71 59 -90 -45 59 -85 -109 -10 78 89 -35 -124 65 118 -56 -100 -57 104 -106 42 65 48 68 -116 121 104 -26 -46 -43 -43 -2 -92 -8 -69 -116 -120 -39 31 -65 -18 -56 -123 -45 60 -6 74 47 -7 27 -54 -71 107 11 -57 113 -63 -66 20 -72 -124 -104 16 52 -56 -59 -61 -113 13 -125 -42 -3 -122 -111 -13 -67 1 -43 -37 -42 -98 -37 -108 -7 -64 -127 68 94 18 69 49 -85 -127 -102 37 -64 114 -79 -15 -77 55 25 -17 100 -85 21 11 13 -34 33 -91 10 21 25 50 -82 63 -33 -97 -120 -69 -41 26 -49 115 -19 -68 8 -35 32 -66 -109 -76 118 -3 67 -111 121 -69 -18 34 59 -6 37 1 -61 0 75 41 24 -54 -26 113 114 -89 21 -108 -5 -103 -127 110 -23 -47 -40 5 79 25 -43 76 79 -51 -124 -36 -28 -83 104 4 71 -19 -76 -75 50 74 -52 37 -77 -106 110 -1 -64 108 -108 -70 -125 -124 -112 -40 -69 69 -31 53 -124 18 75 89 62 88 -73 0 -108 79 -42 124 95 106 33 54 -71 -1 -18 81 -8 106 -102 -5 46 41 63 -117 88 -104 -38 -38 -106 -90 -125 42 28 88 114 -9 -6 -96 75 47 -116 8 9 110 20 39 66 -72 -121 19 -77 -79 -122 111 -108 -126 38 -108 -4 98 -22 -94 14 -58 -110 84 32 21 -71 58 -48 38 -65 -115 -30 -105 -51 44 -90 68 16 42 124 62 92 -83 -8 27 90 17 -127 -117 70 69 -49 25 -109 120 -1 -80 -72 -71 39 2 -66 -31 108 -40 -16 -98 -101 -33 62 28 -82 125 81 -50 -120 23 88 -23 -44 -110 10 2 44 -120 -28 37 -24 107 -41 -115 60 -15 96 -19 -22 14 12 74 -71 109 39 -75 -62 -120 7 -23 -34 100 -78 -7 -81 101 6 79 -40 120 -108 -104 109 109 -108 84 118 -80 -53 -64 114 -16 44 -114 56 -126 40 62 -8 93 60 -64 87 15 -120 51 37 26 -64 -91 108 -39 127 -67 -124 -96 -123 113 114 -108 72 27 -119 81 -93 -22 -116 -75 -15 -65 83 -80 98 35 111 13 45 81 25 -40 43 -55 -37 -82 -29 -115 -119 -37 -1 -118 36 97 89 -82 107 119 95 40 -3 11 -99 73 74 24 -44 -126 98 38 112 115 -15 -16 67 -77 -54 45 26 -76 -24 46 -105 -73 36 -56 17 -127 -90 -45 52 69 -18 -35 -103 108 55 14 -92 -30 31 -16 41 88 -39 56 28 -61 -82 -20 -63 -109 -60 -98 126 96 -121 -10 -82 88 -71 92 123 55 -74 -119 -39 7 116 -20 -82 122 67 77 -17 -103 -69 48 8 -109 -35 -1 93 -100 -70 -39 -108 -77 -79 -42 47 -47 -119 35 -21 30 -67 -101 -114 41 -50 -87 -111 70 52 79 -62 120 89 -44 36 -108 89 -34 80 -53 -113 -76 124 105 110 50 -63 61 101 103 108 25 -111 14 89 -84 32 75 5 1 -70 42 77 -122 62 -59 -15 103 104 112 81 -72 125 -43 9 -19 86 -103 -102 -6 11 24 50 -73 -105 -21 -97 45 29 -125 -66 76 -39 -1 68 71 -51 127 -45 95 19 71 -55 51 88 71 21 -54 39 -103 43 29 -87 102 99 87 121 97 -100 40 -92 -51 -69 25 22 87 -84 -22 56 -69 -63 123 -57 40 -55 -22 -37 34 72 19 33 49 52 76 -64 8 29 -110 -38 -24 16 70 98 -110 49 9 113 89 -98 78 -82 24 45 -10 122 -89 56 75 -44 101 11 -30 39 -87 92 66 38 -56 -77 4 35 38 45 -74 75 -38 -50 -52 -114 98 20 -74 -89 114 -109 7 127 111 -93 -60 67 -48 61 28 10 102 76 115 119 -127 126 -56 -112 -19 -31 104 16 -99 -13 15 25 13 20 -72 -68 66 -38 12 104 72 117 -54 127 42 30 -90 88 27 -74 -15 -105 87 -4 13 -40 73 61 52 52 41 -44 74 -123 54 -108 -44 -10 36 44 48 93 -126 9 92 94 12 -5 -116 -90 102 94 -21 -24 100 -55 -74 70 88 -90 64 -53 -46 30 -62 38 -36 119 -32 107 -93 14 81 -10 119 -11 -48 -126 -94 -106 30 89 95 42 25 119 93 -100 -70 -12 117 -32 10 -100 -40 98 58 -100 118 -22 -84 89 -127 -22 61 -108 125 -79 -7 30 -43 -126 13 -46 -82 110 -41 0 -22 111 30 125 86 -29 -106 37 -75 90 -24 105 70 -70 116 -4 -102 -1 55 107 23 -74 53 -41 33 19 -110 70 59 -21 -102 -66 81 9 80 -112 57 9 -80 40 37 76 -21 10 -5 -89 107 81 -80 55 75 62 61 111 -11 -7 67 -105 47 -92 -77 -117 31 55 -78 35 -75 -31 -42 90 -38 30 99 118 67 79 81 -68 74 111 88 1 -91 -48 -94 38 -64 -47 -104 -113 -65 -116 -126 -10 59 -106 50 33 -98 52 -9 84 35 82 -40 87 104 -26 37 71 2 71 12 -123 86 -116 -127 -110 43 79 -90 17 -78 108 -80 16 -123 79 122 37 61 114 -4 -3 -122 -51 -30 101 46 105 -59 11 56 -68 -117 -15 -111 63 127 88 -53 -72 -55 -23 104 55 13 68 -107 40 -117 -88 -117 5 -74 -31 29 43 -41 17 50 47 89 85 52 3 45 -68 -106 -102 97 -97 34 -102 113 50 3 -123 7 64 -125 46 -49 20 -21 32 -33 79 -86 72 -10 -63 39 -17 59 80 103 -34 -28 38 72 111 20 73 -16 -52 70 -9 57 14 -8 -107 82 11 -92 -86 124 -68 106 -76 15 115 55 63 -93 -80 13 -96 -28 -86 -76 -67 29 87 -86 59 95 49 113 -93 -97 -8 -12 -76 29 -83 20 -114 95 14 65 1 -30 -117 -64 72 21 -13 -111 -104 112 3 116 -67 108 82 -50 -11 10 -1 -54 74 -57 -109 -82 -81 24 -57 103 72 61 -94 98 104 89 52 -86 -80 29 78 70 -65 55 -118 -65 54 23 -66 55 5 -4 -124 -54 21 20 89 94 -18 86 56 99 -103 -17 -116 16 20 -18 52 -95 -5 -35 -3 -27 89 -21 -121 -15 79 67 60 -9 -46 36 -29 -96 -68 21 76 -37 -90 -113 -10 90 -93 -71 46 28 -99 112 88 -126 -100 84 -13 81 -49 80 36 63 -55 -67 -83 12 96 -57 74 15 -78 -60 73 -6 -13 -44 -107 5 12 -118 -31 94 108 88 62 94 120 77 6 -83 63 49 -17 -102 -16 107 14 17 -74 83 -49 -63 118 99 -4 -120 0 116 81 3 -62 -48 33 73 -72 57 -59 -39 -90 114 14 90 -83 -89 -61 9 13 -24 15 -8 -21 -95 -37 54 -118 17 46 -118 53 -44 -33 78 77 77 1 -2 60 -126 42 72 -115 -46 -48 -29 126 -29 7 46 16 -125 69 117 -64 -118 -78 15 98 -71 -66 -76 63 -72 -46 -96 25 23 92 87 65 -89 -2 82 -102 -102 -50 -68 -78 120 -126 -74 36 90 -112 -70 -47 78 -18 32 38 53 60 32 -22 -68 101 20 74 123 31 54 46 -122 -32 49 -117 80 -71 -33 93 -74 100 114 85 -28 64 -107 -39 51 84 124 -23 80 22 67 77 111 -64 86 -75 63 -14 -4 61 -25 -20 36 -118 41 45 115 -24 -99 -106 2 -55 108 69 75 -83 76 29 -79 -85 -123 -125 108 -87 -26 -93 -124 -113 -126 40 -114 -7 -28 -118 66 30 -10 35 93 127 86 100 40 16 7 -95 24 26 123 39 -74 -19 -2 -3 70 -26 -89 75 -105 30 46 -80 -54 -74 -5 8 65 56 27 121 -35 -126 115 43 -80 27 10 118 -9 -64 -78 0 -88 74 21 -62 55 -107 51 127 63 -122 54 111 105 51 -94 29 53 107 -50 -73 95 -119 -86 98 -29 -44 -1 -67 79 -67 48 -98 95 -74 -108 65 12 55 63 49 19 -23 -32 -19 83 -98 -3 -64 -23 72 -37 -120 -41 -87 -27 -75 6 122 -1 -116 -17 -51 90 8 117 111 -7 -47 22 -55 -32 75 -27 -101 30 125 -107 -8 120 124 -22 -110 -59 103 6 -16 71 37 -23 104 55 -121 86 -45 105 106 -117 -111 -22 85 91 -98 38 75 83 118 11 -84 -52 -21 -2 -98 -121 -5 -113 -3 -106 7 18 -97 -10 -26 -113 13 -11 44 57 126 38 -88 126 -12 107 88 69 25 -94 -75 115 119 -99 -114 32 -76 42 58 -116 -32 -93 61 -25 -29 -86 10 -72 100 -16 90 -59 85 -12 -121 -63 88 19 104 -101 4 84 -108 -79 -12 119 10 -71 90 -16 72 -120 -67 115 -116 42 -21 65 -45 95 -23 -88 -47 -123 -8 22 103 2 125 -18 75 -23 -49 65 -126 -36 101 -63 -78 109 -12 -24 -126 75 -90 90 -50 67 -95 -51 10 -97 -120 70 -49 55 -84 35 -77 -31 -6 -55 16 38 -36 -14 -16 -127 28 42 -44 52 -51 -30 -85 9 -98 1 -10 29 -120 -123 -25 -20 -103 -2 -109 16 -50 3 47 -52 -52 -15 -2 80 43 -100 125 -116 -112 -104 -36 -33 -20 -57 72 -15 122 27 91 11 19 -10 24 -55 85 -87 -108 -29 -98 -82 42 83 23 121 94 -91 74 -63 36 15 43 -103 77 74 -6 74 -74 -64 94 59 30 -121 22 -75 -122 -89 37 -78 -90 -21 79 89 117 -32 96 62 -1 -116 -101 -46 126 -82 73 18 20 92 59 93 43 -35 125 -110 75 67 30 -106 61 -18 56 52 93 -21 99 59 73 41 -47 -119 -95 -23 53 15 -4 -41 -43 119 -81 -50 126 -127 53 54 59 -115 115 80 -14 68 -1 -51 -73 -96 88 91 125 -37 30 -78 -103 4 -85 -34 -32 -12 14 104 -46 -126 -82 -44 50 122 22 121 -99 -116 -119 -59 42 -24 -71 -120 94 -83 127 -34 30 -52 79 71 46 65 110 -79 96 6 83 116 -77 -17 29 -62 43 30 -80 122 1 82 -63 -109 -10 -57 42 73 9 -59 81 97 91 44 -104 -71 -95 -32 53 117 12 121 117 53 -32 -109 -61 -32 -82 72 73 58 -17 -28 61 -123 -18 59 19 16 60 -40 -101 -44 15 37 -18 93 0 -59 38 -86 21 98 57 72 38 6 -69 -21 102 46 -101 124 23 -96 -27 70 63 -95 -19 -74 -28 -27 31 60 104 -34 60 -61 19 39 -10 -45 -99 -15 -56 -103 -22 -32 -64 55 -112 55 -54 -58 -28 69 -52 82 -23 -117 -5 -56 -14 37 75 -82 127 -4 96 127 -117 -21 -127 3 116 5 25 -90 -62 59 12 -109 -52 -20 50 11 67 -27 78 -98 -16 -105 31 48 33 0 -52 80 44 103 77 118 -58 -74 -50 38 -78 68 32 -53 18 127 49 40 -101 -58 -23 99 68 30 -68 12 -43 79 -28 -101 85 1 94 90 81 115 -125 89 -66 -78 58 -66 -49 -111 -95 -79 60 113 -48 16 -117 65 125 -89 -30 7 -69 -35 16 97 55 45 -64 127 -9 63 -13 -18 54 36 -2 -101 -102 -105 -56 -54 -16 -37 -77 -106 114 27 42 -119 -9 -41 -110 40 -124 -46 -60 36 -55 119 46 -112 59 -74 -92 -32 -3 -97 117 -44 -90 6 -59 31 6 20 -59 56 -27 106 -85 -77 -79 -68 -41 -78 -29 -37 107 101 -106 103 17 75 -81 -69 -39 -117 -25 -53 60 -113 -99 -26 -27 72 50 -13 61 -96 -20 61 39 30 -92 81 -125 -96 -123 115 36 -77 -58 -127 -31 -31 95 45 27 57 125 96 -59 95 -57 75 23 84 -55 77 -1 44 -113 48 28 28 73 60 -4 19 -60 -46 -94 38 -120 -21 -43 121 -111 43 93 90 -110 -120 -93 -125 -12 -30 -47 -127 -122 87 -27 96 -73 -46 18 -107 64 84 86 -82 72 -110 -110 -20 90 94 42 22 -84 -116 -31 -90 69 -127 42 7 98 -81 -23 -106 62 -98 34 -10 51 123 3 7 -98 -125 -27 71 -1 127 26 -105 92 -34 -81 41 22 -78 -79 -38 -81 102 -4 -125 -124 -39 -47 67 -12 37 127 -86 41 -100 26 -76 -15 56 -54 -122 -29 69 -92 95 -17 -126 117 -1 -70 -119 71 82 -15 120 -59 -88 40 104 52 84 53 -96 116 46 -79 23 -86 -106 13 3 -100 -21 -54 78 -30 -18 56 26 93 -124 37 55 73 3 59 -31 54 45 107 -64 5 -29 -71 -94 -127 11 126 -64 7 -61 105 -107 39 -95 -95 -72 92 37 97 88 -53 -44 111 82 110 50 51 -84 70 -93 15 1 -8 73 -55 -57 94 88 -96 78 56 -26 -83 81 94 0 -105 -31 108 -27 115 -103 123 25 -122 38 19 74 -10 61 92 -88 -43 -90 102 104 -3 -37 112 82 -102 -100 -104 93 -32 79 -120 33 -109 47 29 -41 79 83 -51 -80 -33 -31 21 -23 93 99 27 -64 -97 -29 -69 55 45 74 -32 -123 82 85 21 40 115 -58 7 -53 -16 -86 -20 51 -77 25 -60 -35 112 70 100 -21 -113 -80 38 59 55 -24 -54 17 34 -16 93 -80 -79 -73 57 -47 -109 0 -126 10 -24 78 -78 -79 44 -28 -56 110 3 66 -109 -123 118 19 -56 -72 -106 -99 71 -100 -78 73 -73 -43 102 91 -34 -40 -91 13 -20 -92 24 -104 -101 -23 126 96 96 19 -59 124 78 -102 -9 -5 81 39 63 24 -51 122 -26 84 48 51 -59 28 118 -119 24 -5 55 97 -78 120 -99 37 -120 53 92 24 120 16 75 78 111 13 21 115 84 40 -6 -54 -44 -47 29 28 -87 -2 -31 -66 -44 -34 -70 31 60 109 -52 114 114 42 -68 58 -88 -111 -36 24 14 -91 -93 65 14 52
1 1197 12
24 -16 10 -17 -40 8 24 -33 37 40 -37 -28 20 -18 32 33 19 -38 -17 -7 20 25 -6 27 -13
384 0 127 1 0 2 0 3 127 4 0 5 0 6 0 7 127 8 127 9 0 10 127 11 127 12 127 13 0 14 0 15 127 16 127 17 127 18 127 19 127 20 127 21 127 22 127 23 127 24 0 25 0 26 0 27 0 28 0 29 127 30 0 31 0 32 0 33 127 34 0 35 127 36 0 37 127 38 0 39 127 40 127 41 0 42 127 43 127 44 127 45 0 46 0 47 0 48 0 49 127 50 127 51 0 52 127 53 0 54 0 55 127 56 0 57 127 58 0 59 0 60 127 61 0 62 127 63 0 64 0 65 127 66 0 67 127 68 127 69 127 70 127 71 127 72 0 73 127 74 127 75 127 76 0 77 0 78 0 79 127 80 127 81 0 82 127 83 127 84 127 85 0 86 127 87 127 88 127 89 0 90 127 91 127 92 127 93 127 94 0 95 0 96 127 97 0 98 0 99 0 100 0 101 127 102 127 103 0 104 127 105 0 106 0 107 127 108 0 109 0 110 127 111 127 112 0 113 127 114 127 115 0 116 0 117 0 118 127 119 0 120 127 121 127 122 127 123 0 124 0 125 127 126 127 127 127 128 0 129 0 130 0 131 127 132 0 133 127 134 127 135 0 136 127 137 0 138 0 139 0 140 0 141 0 142 0 143 0 144 0 145 127 146 0 147 0 148 127 149 0 150 0 151 0 152 0 153 0 154 127 155 127 156 127 157 127 158 127 159 127 160 0 161 0 162 0 163 0 164 0 165 127 166 127 167 127 168 127 169 0 170 0 171 0 172 0 173 0 174 127 175 0 176 0 177 127 178 127 179 127 180 127 181 127 182 0 183 0 184 127 185 127 186 0 187 127 188 0 189 127 190 127 191 0 192 127 193 127 194 127 195 127 196 127 197 0 198 0 199 0 200 0 201 0 202 0 203 127 204 127 205 127 206 127 207 0 208 127 209 0 210 127 211 0 212 127 213 127 214 0 215 127 216 0 217 0 218 0 219 127 220 127 221 127 222 0 223 127 224 127 225 0 226 127 227 0 228 127 229 0 230 127 231 0 232 127 233 127 234 127 235 127 236 127 237 0 238 127 239 127 240 0 241 127 242 0 243 0 244 0 245 0 246 0 247 127 248 0 249 127 250 0 251 127 252 127 253 0 254 0 255 0 256 127 257 0 258 0 259 127 260 0 261 127 262 0 263 127 264 0 265 0 266 127 267 0 268 127 269 0 270 0 271 0 272 127 273 127 274 0 275 127 276 0 277 0 278 0 279 0 280 0 281 0 282 0 283 127 284 0 285 127 286 0 287 0 288 0 289 127 290 0 291 0 292 0 293 127 294 127 295 127 296 0 297 127 298 0 299 127 300 0 301 0 302 0 303 127 304 127 305 0 306 127 307 0 308 0 309 127 310 127 311 127 312 0 313 0 314 127 315 0 316 127 317 127 318 0 319 127 320 127 321 0 322 127 323 127 324 127 325 0 326 127 327 0 328 127 329 127 330 0 331 0 332 127 333 127 334 0 335 0 336 0 337 127 338 127 339 127 340 127 341 0 342 127 343 0 344 0 345 127 346 0 347 127 348 127 349 127 350 127 351 127 352 127 353 127 354 0 355 127 356 127 357 0 358 127 359 0 360 127 361 127 362 0 363 0 364 127 365 0 366 0 367 0 368 0 369 127 370 0 371 127 372 127 373 0 374 127 375 0 376 127 377 127 378 127 379 127 380 127 381 127 382 0 383 0
0 30 24 7 1 3 16 16 0 1 1 0
480 -37 29 92 -21 4 74 -109 -105 58 17 5 -106 -18 36 -32 6 6 -69 -113 -110 -14 -28 67 119 -7 81 4 85 -50 96 96 29 -51 38 -82 72 -95 42 58 -119 63 -89 72 51 127 -87 -52 -116 -44 18 -27 73 -19 -86 -118 -86 -17 -110 31 -43 106 121 9 126 -6 17 126 37 61 120 103 -40 5 50 96 -86 -91 -126 82 -3 -81 -67 76 -127 50 64 -46 -77 0 77 12 109 115 19 1 -55 51 28 -78 -111 -74 -60 -74 -95 91 80 112 12 -127 -61 -103 -5 -17 25 23 -44 4 30 48 -77 121 78 -122 2 70 101 68 117 53 109 -61 -57 -100 -51 54 -26 -126 6 68 -27 95 -107 -84 -64 -69 -88 -47 6 -30 -68 122 -24 71 -18 -46 -37 -64 40 -55 -53 -32 -86 -120 94 80 -111 -27 -12 -71 -67 -41 18 -97 -89 -34 -83 -35 80 107 37 22 -68 -24 43 -65 -66 0 93 -117 -18 41 -113 -40 53 98 1 105 120 -112 65 -32 46 -102 -59 57 36 88 -127 65 29 54 -125 -53 -13 66 -11 -74 -113 -32 -27 121 82 96 13 79 -30 -102 -98 -19 78 43 -104 83 -69 -90 16 74 -30 119 100 35 -72 -123 58 70 32 -59 121 -108 17 -92 -55 -59 59 -86 111 -118 -108 -30 -65 -110 -74 -29 78 70 -14 -122 -120 63 -30 -60 -73 95 -111 19 -101 19 10 105 -62 -102 -9 -17 -44 -74 10 -30 -43 -119 -17 89 116 -126 -19 62 3 2 28 32 70 -125 -114 -125 -69 -54 34 88 -73 113 -123 -48 -99 114 124 48 -70 -19 31 69 -65 -50 16 -33 -1 87 -26 124 21 44 36 -35 56 -124 63 -120 -109 27 69 -59 21 -55 -16 88 6 40 -86 -13 -23 -25 112 -51 31 98 -60 -122 -60 77 56 -34 70 -81 -43 -42 -9 -37 -13 13 48 -17 -81 67 55 71 -2 110 109 71 -39 -52 -80 -79 20 17 -4 -83 105 -20 95 -123 67 38 -126 -6 -87 -65 9 -66 -12 -7 62 27 -26 -94 49 -23 67 109 -111 6 -123 10 -35 -62 5 2 -43 -86 -19 -43 -64 58 -106 -15 -120 38 101 -103 126 33 -33 126 85 -116 -46 -24 59 -101 22 -85 35 52 -104 -20 14 -18 -99 -19 -30 -80 -26 -108 -19 -44 21 -20 124 -90 -46 -70 -29 2 -24 -76 -103 100 86 -79 -46 -127 -2 53 -31 -20 45 -27 98 3 -3 -16 -95
5040 -12 -5 78 38 -41 16 -116 -60 -23 7 74 -43 -69 86 -85 -79 -50 -115 112 12 16 -56 91 69 109 -112 -44 97 111 35 24 79 73 -74 100 -82 119 -54 -58 127 -41 -34 -96 32 110 14 -65 -2 -44 75 46 39 45 38 74 -31 -44 -2 -112 -72 34 45 71 104 109 16 116 21 75 74 16 88 -59 31 -26 -107 19 -109 52 -22 62 -52 -115 84 -57 -97 -122 3 -106 -78 91 -114 76 23 122 89 102 -73 34 96 120 27 -58 -24 -61 3 97 14 -36 -22 -65 -23 -50 47 18 -56 114 30 -107 -41 121 33 -37 72 -9 -26 109 6 68 40 19 97 -116 -101 2 26 86 87 -16 -2 33 40 -56 -75 -86 -30 112 -109 -32 21 63 36 33 79 62 -62 -44 57 -6 -103 -36 99 -119 -15 72 -49 56 26 46 22 107 62 -46 -20 53 61 45 -7 -111 85 -97 4 -125 -78 -41 60 79 -84 -121 -71 -78 92 19 -57 -63 -110 -75 85 47 74 46 -65 -9 -30 -120 -104 -24 91 -29 100 90 92 -66 90 -104 112 13 -81 111 -36 66 -105 34 -74 -15 122 -44 -78 -36 20 -105 -33 -114 -13 118 116 115 61 -5 91 62 125 87 -110 -117 -34 -123 -49 -36 -103 -5 6 46 87 15 -63 -85 5 127 56 -30 -97 -120 97 -68 -18 -60 59 70 8 -53 -123 125 -78 7 -104 -85 -83 -67 20 -86 -74 -99 -64 -122 44 -117 122 82 57 -7 114 34 52 45 -71 19 66 72 61 36 -100 -71 36 18 50 -13 -124 74 98 -50 -69 40 -5 7 -117 -122 -111 91 -87 -98 2 50 58 4 48 92 12 -31 -99 124 0 52 66 102 19 69 -119 117 -107 -74 80 98 -9 -40 58 -40 111 109 52 60 69 -116 81 52 109 60 -84 74 19 -82 40 105 16 -43 -27 83 -37 -29 14 -7 -61 122 97 -28 -29 -55 -37 54 91 -95 43 -79 -116 -108 -9 43 -80 69 -121 -81 -4 -76 -69 -53 -8 -73 116 116 55 83 -55 25 80 -119 106 105 -124 -30 -1 -5 -48 -47 95 69 106 -77 61 -14 57 -44 50 62 -127 -113 -76 -1 83 54 39 57 108 -81 117 31 -91 43 -86 53 43 121 -32 20 121 118 71 60 -75 -20 -67 33 -115 -80 -94 54 120 122 -104 49 -6 -69 117 60 -75 77 -72 -44 102 126 -77 -9 -115 -42 -84 68 111 -53 32 -99 13 -6 34 67 -66 108 -95 -48 -25 65 91 -123 -119 -48 -81 -64 -6 -74 -103 75 75 57 51 -31 74 112 -121 108 -75 13 33 60 -41 -33 1 121 7 -119 34 -84 -41 -17 68 -84 -40 -34 58 -53 1 -83 6 -41 45 -8 89 33 -103 51 -10 -21 43 -64 -64 89 -49 127 -22 -20 41 99 -127 -2 15 -75 21 -20 -69 -41 46 76 -74 69 11 -26 100 6 118 -36 119 103 -37 -104 -14 95 -87 127 -37 97 -38 97 -45 -43 -107 -16 64 -126 -34 -115 -45 -64 24 -88 -39 -61 78 -59 110 -68 -100 -97 11 -49 64 -100 28 -87 64 17 54 91 120 115 -83 63 -23 -91 98 36 120 26 -88 -113 28 16 -91 61 52 93 48 -89 55 98 -112 45 -48 -93 -91 126 -51 -42 33 84 21 -52 -97 -4 -104 -55 40 42 -86 60 -35 65 -122 -60 110 20 40 59 48 111 112 -84 98 114 89 -123 -101 -41 79 68 39 -28 76 74 55 24 -31 -126 59 -32 45 73 9 102 -49 -29 -89 -74 -10 -85 86 72 37 -82 61 84 -42 102 -108 -89 99 -54 31 -39 -95 -5 39 44 57 55 -17 -85 -48 -42 -82 -9 38 -47 106 90 -43 53 112 29 0 -68 -113 2 -104 32 -11 30 -127 14 -58 -9 85 53 82 118 19 -112 13 93 71 91 123 -42 58 116 59 -77 111 22 35 101 -11 -39 -22 72 -53 11 105 18 104 -103 -12 -88 89 -123 -63 -72 -21 -9 87 111 -50 -75 -76 0 -112 -38 13 66 -90 69 106 31 16 -123 73 -86 -9 127 69 101 99 -85 -12 25 126 116 -64 -99 -77 73 -85 -65 73 -42 33 123 104 -1 -21 35 -33 -123 33 -31 66 37 -69 -64 97 94 50 16 -11 -47 -81 -47 -112 -58 -21 87 74 -73 56 75 -95 -48 18 71 14 -9 76 -39 16 -53 -22 -8 -9 -26 99 127 95 20 -92 -67 84 28 14 -115 76 86 1 107 -46 40 -102 -89 -60 12 -122 -56 -120 -87 111 -21 63 -2 103 3 -52 90 15 -86 73 113 0 -38 22 -118 -42 51 -54 21 -81 61 -105 -15 -23 110 39 -77 -114 58 6 -43 7 -76 -25 -69 -99 118 -89 -30 73 53 -25 -62 -87 33 -92 -28 111 -115 58 27 -23 97 -8 -23 44 -99 -21 -72 -96 -18 69 13 -85 115 -99 -79 125 10 93 -95 30 -127 20 -13 102 -43 79 -66 126 -110 98 31 -96 66 -76 42 -91 9 -4 -4 -63 39 126 49 122 -69 101 18 -23 -47 -24 -122 107 107 -90 16 -27 -34 -104 -3 -2 -30 85 -36 -99 -44 1 98 45 -22 36 -77 -64 -58 121 88 73 -52 -113 -90 -64 35 29 -99 -63 -105 79 -38 -123 -63 -33 64 -113 -7 49 0 37 -35 -125 41 83 -39 71 89 88 52 45 -56 72 109 -8 50 14 93 19 -10 -8 71 38 -109 -85 -91 94 63 125 -8 100 -82 -48 91 -28 -43 100 -25 27 31 -56 17 -21 122 46 -64 -125 -109 -34 23 -93 -65 -72 -83 123 -103 5 123 17 -119 52 -3 56 66 -31 25 85 -41 -69 -41 95 -56 -81 -102 -69 -67 -88 3 -23 -3 -80 -33 -7 -7 94 99 -19 106 -121 -65 -56 34 97 40 9 -65 102 110 92 125 -25 -107 -46 5 -56 70 21 -50 14 -79 103 41 73 -119 -87 -80 48 -65 30 65 -106 -123 18 -3 31 -15 -113 -40 -6 -42 67 121 -35 -26 -34 -2 -125 105 28 25 -48 -43 -111 55 35 -15 73 64 84 19 60 -22 -18 -127 -43 15 68 89 17 -21 -119 -10 2 96 67 55 -19 76 -112 -115 -75 -4 41 -75 55 28 -74 -125 83 27 -124 99 18 -80 -80 66 -113 -115 31 68 -32 -4 -94 -43 77 66 72 -19 42 -33 55 -117 -31 70 -98 91 4 16 -70 73 71 70 89 91 -11 77 26 60 -4 68 -19 -24 23 -37 -1 -31 -97 37 -67 0 -109 89 -77 -43 -47 -118 44 122 48 -39 -91 -97 84 -43 54 103 1 -32 18 113 107 -120 -8 95 38 13 -112 -20 -45 -13 -51 118 -113 -64 26 113 125 6 -126 -31 37 -6 43 115 52 -80 -16 94 70 -102 36 -9 -50 -61 -94 -61 90 -104 -53 43 96 66 -69 127 47 -10 112 94 18 -99 62 -23 78 48 -62 -85 110 -67 -75 18 -20 96 -69 -75 125 24 -20 -95 41 -50 79 21 30 -75 -8 52 78 120 1 109 -88 103 84 118 -53 29 12 122 -18 -80 98 25 -5 117 -15 3 -50 -10 32 26 -25 51 -3 -3 68 126 -99 110 -26 -44 70 -95 31 34 -123 5 35 58 -30 -29 -35 78 44 69 29 57 -22 74 -53 -96 -25 84 -84 -4 -80 -81 17 -44 126 30 13 -33 112 51 -123 78 45 95 -61 11 -123 14 72 -125 -76 122 -79 77 70 27 73 -66 70 -30 -12 -119 -127 87 -87 -78 -14 -57 -96 -23 40 -101 -85 26 -109 -50 -12 -92 -63 20 -18 -4 2 -101 -91 -21 79 40 -96 77 -116 -117 104 -7 4 -66 46 -6 70 98 -119 -42 111 65 -63 -113 65 -80 85 -121 122 4 72 53 -29 102 -61 -111 37 -42 12 84 109 -31 -101 9 -79 -103 -67 43 -70 -69 -101 -117 -90 36 -123 55 92 56 -116 20 -99 34 53 110 -19 94 50 41 -126 13 22 47 70 -2 -88 1 -34 64 80 -95 -96 124 57 -76 55 95 -39 -1 35 -48 117 17 -127 -98 62 32 -65 -16 79 -44 15 79 -60 -48 -13 -82 49 -62 32 5 61 -69 100 -88 120 -79 -18 113 7 -42 57 -28 -24 -72 115 13 18 4 26 106 -57 27 -36 -42 37 120 -56 -98 -94 -1 -100 112 -121 55 86 -120 121 13 29 -86 14 114 -110 18 60 -23 23 117 63 -66 61 15 34 -92 18 73 38 80 -43 -63 -98 41 -56 -66 110 106 74 84 108 -74 -64 121 -87 30 99 72 14 -41 10 -36 67 82 59 -87 80 115 91 -67 -45 29 91 -22 80 -97 -87 -32 -69 -94 -71 51 -55 -73 -41 -55 -25 112 -2 -23 -38 3 82 49 -96 -23 -44 89 42 122 31 56 38 115 -51 68 -1 36 -75 -92 -31 17 -96 56 24 44 70 -52 17 -114 70 67 89 -16 -67 91 -2 51 11 34 22 -99 126 17 97 49 114 11 -71 -94 -102 -75 67 -83 -23 -99 98 20 -108 24 -120 18 88 94 108 -73 -75 -57 122 92 13 97 -124 113 -71 54 10 -57 52 18 6 38 -111 99 -12 42 123 -19 68 -31 -112 53 -91 92 119 -4 -32 -22 -123 -97 117 111 65 62 -102 -70 35 -20 -85 -79 29 -123 81 -11 13 -63 34 26 25 82 -121 -27 -63 126 -66 -1 85 -21 82 -10 120 74 58 42 3 -27 83 101 -122 84 -41 -114 102 -82 -101 81 -81 29 -102 85 83 123 -110 29 -13 -41 124 -55 -30 -49 -38 -90 -55 34 -98 122 4 -98 1 -88 31 75 54 -116 -93 106 -70 11 111 52 -63 54 117 1 -13 -7 35 -119 -64 88 -87 94 53 -26 19 -125 104 89 67 19 -12 78 -33 111 70 57 -80 -103 105 123 54 91 -108 36 10 9 9 45 -49 -6 -8 102 -82 -71 -94 93 -116 12 -24 51 -123 42 -50 -61 -96 -39 -74 72 -60 2 -34 41 -83 -9 35 -2 -84 -82 71 -70 -32 10 -120 15 -7 -110 -109 108 -44 -30 -34 -120 33 74 65 -50 -77 76 -7 -19 49 -26 -29 21 39 -110 18 -115 1 104 46 52 19 74 117 70 -4 45 116 -88 -36 -60 90 119 -39 -34 -76 -62 -87 8 4 -28 19 12 -71 -125 -36 127 65 65 -2 -63 2 -92 112 119 -2 8 -16 0 -32 -123 -19 10 50 109 -19 99 19 -120 -104 125 -16 -43 -44 -15 123 -79 -55 -26 -68 -51 123 56 -8 49 61 -51 -23 -115 -105 23 68 -75 76 -9 -93 102 -53 5 -37 -89 102 -60 125 -121 79 106 -61 74 34 -92 -109 57 -12 -66 52 104 -76 -47 112 -123 -17 -19 -116 26 -118 -23 -126 23 124 26 -39 63 -88 89 -84 99 -86 -86 18 -91 -44 -88 38 62 47 31 103 88 -106 -16 83 -62 57 -120 70 -50 90 -34 44 14 45 -43 11 -65 83 -83 -82 -1 41 -50 75 -78 87 -18 12 -64 92 -85 72 -23 -76 58 -27 39 10 127 -31 70 78 62 -98 43 77 51 11 -25 50 -38 -65 -34 40 -3 -93 -29 -79 -67 -104 7 4 53 86 30 20 1 -107 9 93 -92 105 32 59 -104 -54 99 46 11 -3 125 94 65 109 37 -91 28 -30 -44 2 107 -4 11 -39 -52 90 117 87 95 -40 21 -75 -37 -85 120 59 -1 116 83 -16 -33 62 42 104 1 -114 104 -95 10 89 89 106 8 78 3 -103 -109 111 -39 -4 35 -98 99 -23 21 -43 -68 123 -91 -43 52 49 -25 -19 59 77 -116 -70 4 120 -45 -54 89 123 -92 90 -11 74 21 122 87 -65 -19 -109 -19 17 -29 -58 10 -11 -60 106 15 -23 68 70 114 94 39 120 70 -126 26 -58 -79 -63 56 -3 2 66 -120 -34 7 127 -60 -42 47 -50 -71 -89 -48 8 92 -77 93 10 51 43 36 -57 -77 -104 5 36 -55 25 -124 2 106 124 55 42 -118 -122 -127 -48 -56 40 95 45 -127 -27 -14 81 -65 101 -52 117 67 112 85 64 79 -25 -82 -20 30 25 -68 41 -106 -21 51 45 -16 -92 -53 -47 -105 127 66 68 93 103 67 -113 -104 -96 90 79 84 -56 -61 2 -90 -60 103 92 -11 -23 -6 54 11 -24 94 -9 5 91 -100 -124 29 -76 6 -74 44 -31 -25 0 92 -90 -22 -125 60 -10 1 -8 22 15 53 -44 -118 101 -57 -105 90 -84 -28 35 -53 55 120 108 -44 47 -67 82 -99 -27 67 108 19 -100 -123 -43 24 101 -6 67 -19 6 -83 94 56 9 -72 116 -104 -56 55 -54 44 48 -20 -125 -92 51 -109 -99 90 93 -23 11 31 15 27 73 -117 103 56 -123 -57 118 -105 -42 -86 -54 -66 17 -6 -71 14 107 3 -17 37 -124 -11 89 -15 76 106 -94 65 0 121 54 76 -47 -11 -65 100 12 2 -102 -106 0 -63 98 -54 -71 -38 77 59 -120 -17 -118 -110 81 75 105 87 40 -117 42 110 -53 47 -37 27 60 -68 -102 -66 105 59 30 97 110 127 81 -36 7 10 64 60 62 87 -48 101 -33 80 15 -18 126 -112 58 -87 -94 10 -23 -40 -66 -60 5 -127 -28 -117 114 -39 -47 -69 62 -49 -38 -58 121 103 111 56 -103 -91 121 12 22 59 87 24 -28 -93 16 -124 59 30 66 38 77 -67 78 -104 5 -123 -95 91 112 38 23 11 -111 -34 80 -35 -27 -15 -52 -9 90 -46 -104 10 -77 95 86 -81 -55 7 -90 -8 -87 41 115 -52 -23 32 68 11 16 -44 -20 -108 61 -64 99 -66 53 -31 16 101 35 -58 -52 71 109 61 -121 16 -11 16 -103 -111 -123 -127 126 77 101 27 109 2 123 -106 -65 27 102 89 25 12 -39 81 -36 112 -120 12 -121 67 -78 6 -77 118 107 -78 -65 123 -118 -87 -115 -121 -20 -121 51 -104 93 -117 41 99 -92 84 20 -44 -42 37 29 -113 0 13 -61 -86 -85 71 68 -89 43 -124 -50 24 28 -32 113 -17 -126 91 -37 -104 96 14 -53 -38 109 86 94 59 93 -110 -21 -48 -50 91 -25 24 -39 -32 -84 17 -80 33 89 10 -38 52 113 36 95 -10 -38 69 -123 92 87 0 -60 -71 -84 18 -20 -48 -126 -64 9 -35 83 76 110 -107 69 12 62 -106 -62 -3 -36 -28 107 -66 114 -117 104 -34 -98 61 -97 -110 -98 63 -9 6 -28 -113 26 -118 57 110 -87 -33 97 -40 49 -80 50 94 61 -116 -17 -62 19 -7 44 98 108 93 -29 60 -107 76 87 -101 -84 -107 119 -107 57 115 78 -43 77 120 -98 87 -32 61 1 57 26 -118 73 110 96 125 -82 -113 93 125 -30 79 42 105 -95 -121 -76 71 15 74 -97 104 40 -35 -79 2 -45 61 -28 77 -25 -85 36 50 14 -125 17 91 -117 101 -75 6 40 122 88 -106 -11 22 119 92 -58 -58 -50 80 -76 15 22 120 -89 119 -114 73 -23 38 -20 56 47 -111 14 110 18 -34 -44 -28 -70 74 -123 74 79 13 -69 98 39 51 -95 47 -44 33 85 20 -109 -124 79 73 -46 34 104 -104 102 126 85 -22 -52 -46 -90 -56 -72 -120 -52 100 -99 -60 -43 -87 100 -47 -94 -48 -14 -45 88 -24 53 -29 116 53 -25 6 98 26 102 89 105 63 -44 -1 58 99 77 -99 35 0 -62 -89 -125 51 62 102 35 11 100 -4 84 42 9 -92 65 19 17 29 71 -71 -50 122 7 -85 83 102 -60 60 -2 115 -114 7 35 -17 89 124 36 122 32 101 -43 43 107 -67 121 -119 14 -85 75 32 -94 -12 -45 -15 -101 -59 101 92 71 -81 -25 65 -5 25 114 84 -89 46 80 48 54 116 92 67 -90 7 75 75 -123 -120 1 65 -53 -6 100 89 61 -32 -25 -23 86 121 48 -113 -42 -47 126 59 41 60 -51 -30 -103 -7 74 -9 36 45 -79 -30 -125 88 -76 121 29 -17 34 -73 47 -52 72 17 22 -73 20 84 91 -69 120 55 123 -101 -124 -54 74 6 -107 -61 -118 -46 105 116 -68 45 73 -111 -54 115 -47 12 -90 48 126 42 44 19 -100 -20 -49 -114 96 32 -124 127 -84 -95 99 -42 -122 27 47 85 -81 -15 33 -106 -77 -91 0 38 -103 79 108 -67 -83 -120 14 -61 76 -70 -117 87 -70 -127 -112 41 78 36 -122 95 -121 -110 -22 18 127 110 11 11 -37 115 26 -118 8 -25 71 103 20 65 -75 -35 30 -88 -52 34 81 -51 -13 97 109 -77 -108 -16 -86 72 64 -65 86 -106 97 32 -22 55 -56 44 -124 -98 -82 117 -111 87 -88 -98 54 4 -98 12 115 92 -120 29 -28 125 105 -48 65 -27 -114 -121 -126 108 -115 9 -8 58 -114 123 94 -13 -67 -1 14 -3 52 109 -89 -58 84 70 -42 89 119 2 54 -124 31 42 -34 85 53 89 53 -100 -1 -120 27 64 -126 75 -22 110 37 28 -53 117 -55 37 101 30 -70 -124 -74 32 -33 94 -77 -104 -115 49 46 -56 -29 5 -69 31 62 -79 19 -121 81 -27 72 118 3 -78 -26 120 92 60 -97 88 -115 55 41 116 12 -48 -54 16 -120 -69 -63 -15 97 1 -62 27 58 -41 -16 -57 -115 11 -112 37 30 19 -118 -16 -16 -111 -83 106 -51 24 85 17 17 57 116 -21 -91 112 89 56 -42 11 -22 10 -31 -125 74 7 69 116 -96 -90 -2 -25 14 -68 -61 49 -84 -41 77 -32 -119 -15 125 10 -60 -86 116 43 -47 -1 78 68 5 99 -6 -89 -8 54 101 -13 -119 -74 -11 64 -104 -89 -102 -14 25 -98 -79 49 -111 -1 -66 -65 49 89 -113 -68 78 1 -108 7 -97 15 49 -86 115 119 -75 64 70 -36 -47 37 116 -24 -13 25 -50 100 68 107 99 100 22 3 70 79 97 54 -32 13 31 57 25 -65 -20 33 -21 -23 87 -46 27 -23 -117 -99 5 -16 68 32 -30 -59 -113 7 10 86 67 111 -92 17 -3 -100 60 1 8 -80 3 69 98 123 -65 -29 -106 19 19 -35 78 -90 -76 -93 87 -91 -92 33 -31 -70 50 102 -104 -24 48 -118 -19 57 -16 -53 -31 -29 112 81 78 63 2 27 88 7 67 -49 40 -114 56 12 72 -47 -119 75 117 -126 -16 -26 -22 -77 118 74 -34 38 119 26 124 84 102 98 86 105 6 -72 -120 -109 72 2 12 -110 99 -65 11 -118 104 4 84 106 -73 97 -120 125 -94 -37 -96 -123 12 -48 -20 -61 -24 -73 -35 48 44 21 0 52 94 110 68 -30 -32 -41 -88 56 25 -78 -13 -35 43 110 -85 38 102 -84 59 32 85 -45 102 -67 -82 -45 -49 82 -8 45 -51 -32 106 46 122 -72 -125 -6 -15 -51 -18 -5 -23 -107 -60 42 -33 -113 71 18 -9 -118 -70 -54 71 68 -68 122 -91 123 -26 -36 -33 51 -99 -127 117 -107 59 -8 24 -53 109 -14 -64 -13 116 14 51 2 -36 -118 16 86 37 -36 68 -45 109 -91 67 -82 76 -122 57 -54 -85 4 117 -97 -1 -28 -113 7 -7 -28 91 88 36 122 4 73 90 -40 35 -1 51 17 58 6 24 112 60 109 95 2 -64 -47 26 123 15 -114 -95 106 2 63 76 -42 -83 52 -30 -9 -56 -30 76 60 4 18 -109 -5 5 17 13 -84 110 93 98 25 -54 -105 74 48 -106 65 39 104 52 -9 -3 -81 -37 -10 -78 -46 26 14 -13 66 9 49 13 -83 -10 9 -69 -16 -76 -60 78 -50 -101 -42 -98 -115 112 26 -32 111 -126 -29 126 -55 -101 -7 67 89 45 -44 -87 -43 5 51 30 -103 23 -22 34 -11 101 -44 34 68 46 102 -37 -11 -120 -115 -103 41 -62 -120 -38 48 -72 -116 -43 -124 -86 -30 -54 101 -29 117 -34 86 -96 -97 -12 50 11 78 66 18 -19 24 -106 49 -1 125 -78 -15 19 -98 -79 -51 31 103 -29 -13 39 85 -32 -86 -58 16 -2 -38 31 111 108 37 106 84 64 72 -49 89 -59 -70 -44 -112 -15 72 -112 104 -92 -21 34 49 -72 -70 -125 9 -91 80 -83 27 -101 10 114 -22 88 -45 -5 -84 -66 11 -87 126 41 33 -121 106 42 113 58 -53 -67 -11 91 -95 57 -27 21 -11 94 -74 -109 57 5 20 75 -95 -55 -60 -2 64 -34 -113 75 40 98 61 11 -21 -68 54 35 -53 -92 -5 36 -55 66 71 -125 -37 -67 -106 62 92 -54 -97 83 -8 -1 -44 82 -94 114 20 50 -7 58 -45 -66 -84 -89 107 -3 -6 -32 26 -103 -65 -125 20 -105 -8 104 39 -99 -106 119 -46 70 87 -36 63 17 7 4 120 26 -65 2 19 -36 -62 64 -121 117 -103 -42 56 -102 99 -8 54 -125 60 -74 17 117 -79 -102 -12 103 -23 71 -52 -102 59 -6 -39 -46 95 70 -42 98 82 -89 -59 -87 73 12 93 87 -65 95 82 -83 -14 -124 -95 104 88 116 -89 -7 127 15 49 99 121 -117 -122 14 -74 -94 -4 -108 31 46 -83 -92 48 37 -94 47 -93 113 -35 -88 109 -14 84 -15 32 70 -25 -26 -126 -68 -117 -11 -24 109 -13 -52 5 93 88 -95 -42 -30 10 -23 -12 -55 3 116 58 -70 -97 79 17 20 83 -117 -90 -29 -21 -51 -116 -7 -84 119 -50 -119 60 68 72 -12 125 -91 51 -66 40 43 79 -112 -40 112 -77 -18 23 -79 53 -72 79 -113 -71 -121 115 102 -6 -54 -124 -122 -50 70 97 8 124 48 54 -79 -40 -48 84 113 61 -83 -29 -75 -15 -31 119 82 -115 -12 110 22 -61 -20 6 -67 73 38 22 -61 107 29 -100 -39 30 30 -116 -118 -126 27 14 -3 -123 -122 103 -88 31 108 -27 -19 -57 -71 -2 56 28 -37 -23 126 125 -24 -20 98 -125 -115 59 78 -92 -124 13 -77 124 16 -36 -85 -24 -30 -37 -102 -8 -14 32 2 -119 -102 -48 -82 18 -67 -52 64 -22 -105 22 92 23 -73 -127 117 90 113 -63 -27 88 2 -92 -103 -82 51 21 -110 21 90 -28 120 -82 -3 6 -63 -4 -21 112 -21 10 -113 29 114 104 14 81 32 38 103 103 16 -62 -57 56 -96 81 -59 -79 53 81 -111 126 110 -74 -60 102 35 -116 -69 28 121 -20 11 66 -7 -13 109 33 -96 101 43 -67 -48 44 103 28 97 37 79 41 -38 -84 108 120 -39 -85 -118 -103 21 92 8 -10 111 -99 98 -29 -71 34 -125 81 113 -18 86 -50 120 117 -58 65 -117 3 27 -24 45 101 85 -13 108 -127 19 -84 -6 40 117 -14 -89 -111 21 -14 5 -32 44 35 -41 73 78 -47 53 -42 -62 -3 47 -66 -54 -94 22 39 103 -43 31 -47 -13 19 -24 -22 119 -122 27 17 83 11 -24 -31 72 -121 49 -26 -16 -26 61 -76 -21 85 54 74 -4 37 -53 118 -34 -77 -105 -22 -108 8 -11 -21 95 34 -74 65 26 -118 -45 -106 -24 -107 -97 -24 -47 51 19 -99 -34 38 119 -85 -101 77 79 -44 -9 2 -97 119 -104 -115 -55 91 -6 2 20 104 -32 -45 -32 43 -75 -75 -122 49 -54 121 -80 -63 -54 53 -123 -22 45 70 -88 17 -85 15 -14 -5 92 9 -101 -96 80 -91 -43 -24 106 -121 -44 117 109 -96 123 113 -34 17 82 -98 23 -126 -37 97 124 8 29 21 -107 -64 -52 -111 -40 -54 2 -119 -98 82 3 33 120 -24 -109 57 19 -58 110 15 121 63 117 -20 -36 81 -62 -57 15 -81 19 -101 -74 33 -99 82 -66 -63 -28 -31 -17 18 11 -125 49 -101 16 -33 31 46 93 -69 -38 -119 -75 -123 38 -20 -88 62 34 -9 67 -103 127 -107 62 -27 -5 -104 44 -8 -95 47 -5 -90 10 71 36 68 -23 -121 -101 9 -70 -67 -125 -59 123 56 81 -12 -6 16 7 98 122 35 97 44 -107 3 18 -40 -97 73 81 -126 -25 47 8 -90 98 16 13 74 13 -93 105 13 -109 117 -82 -74 -23 -124 18 -4 -11 60 44 -39 -54 -115 68 12 34 -3 19 -68 -100 32 19 25 -62 15 113 54 -103 16 -74 33 63 22 -118 69 -17 -22 96 -76 -91 -121 93 76 -49 -63 -119 -44 -76 67 -81 -11 32 108 -15 -15 55 9 -66 60 -39 -22 -2 -23 29 80 35 80 76 20 33 -102 -101 -10 1 -81 -85 72 98 -80 49 -33 -98 79 25 -14 -68 -65 -80 72 -50 120 31 60 110 -36 126 4 50 0 97 108 115 35 -41 -49 -99 28 -41 -113 69 -74 -82 11 -84 -125 -102 106 -105 37 -114 -32 -60 46 13 -38 -14 -65 -85 -42 -105 8 -112 -28 -112 69 59 16 36 43 -63 -7 45 -119 -20 -80 85 -70 115 -53 96 -103 -13 -21 111 49 -13 -73 -117 18 -106 -71 -124 -85 -116 -58 87 72 7 69 -13 -117 96 18 69 -111 -57 -113 -92 10 -14 -23 41 -100 -100 -68 53 10 43 -105 85 -11 126 -69 63 60 -1 -1 7 -94 -111 -115 99 17 38 -20 -26 35 -115 -35 -112 8 47 -108 -71 87 -38 24 -100 126 -59 -4 -75 -62 -46 127 -105 84 -81 58 -104 -9 2 -15 58 32 106 -81 37 -33 91 67 -108 -74 -74 -122 115 -18 66 54 -79 1 -45 126 20 22 -59 9 86 65 -98 -77 0 -52 57 -23 -9 40 40 -107 107 52 102 -50 12 74 -64 -122 31 -75 14 -114 28 11 9 86 -126 37 27 123 -37 -119 -32 1 -124 -124 -7 80 -48 -30 63 -2 107 29 -79 -124 27 27 99 100 -20 126 -20 46 -53 -58 103 105 -126 -99 121 -89 96 -91 -60 -71 -1 29 -113 -115 -24 80 103 91 28 1 -83 -29 112 -117 29 -53 89 1 8 -56 31 94 88 -94 2 -74 -53 82 112 -66 45 38 -75 -93 5 -45 -92 14 62 77 45 0 68 100 77
24 1857 13 1427 12 475 11 507 11 759 11 625 13 1087 17 549 12 759 11 547 11 1523 13 923 15 1505 13 513 15 1299 14 1415 14 785 12 1277 12 1559 15 1165 12 839 12 281 10 1807 18 1543 12
24 -29 10 -37 -22 7 -3 -9 -36 -25 1 -11 -14 -7 34 10 39 4 28 -12 -12 -25 36 35 38
384 0 0 1 127 2 127 3 127 4 0 5 0 6 0 7 127 8 127 9 127 10 127 11 0 12 127 13 0 14 0 15 0 16 127 17 127 18 127 19 127 20 0 21 127 22 0 23 127 24 0 25 127 26 127 27 127 28 127 29 127 30 127 31 0 32 0 33 127 34 127 35 127 36 127 37 127 38 127 39 127 40 127 41 0 42 0 43 0 44 127 45 127 46 127 47 127 48 127 49 127 50 0 51 127 52 127 53 0 54 127 55 0 56 0 57 0 58 127 59 0 60 127 61 0 62 127 63 127 64 127 65 0 66 0 67 0 68 127 69 127 70 0 71 127 72 0 73 127 74 127 75 0 76 127 77 0 78 0 79 0 80 0 81 0 82 127 83 127 84 127 85 127 86 127 87 7 88 0 89 0 90 127 91 127 92 127 93 127 94 0 95 0 96 0 97 127 98 127 99 7 100 0 101 0 102 118 103 0 104 0 105 127 106 0 107 46 108 0 109 0 110 127 111 127 112 127 113 0 114 127 115 0 116 0 117 0 118 127 119 127 120 0 121 127 122 0 123 0 124 127 125 0 126 0 127 0 128 127 129 127 130 0 131 0 132 0 133 0 134 127 135 127 136 127 137 127 138 127 139 0 140 0 141 0 142 0 143 0 144 127 145 0 146 127 147 0 148 0 149 0 150 0 151 127 152 127 153 0 154 0 155 0 156 0 157 127 158 127 159 0 160 127 161 127 162 127 163 0 164 0 165 127 166 127 167 127 168 0 169 0 170 0 171 0 172 0 173 127 174 0 175 127 176 0 177 127 178 127 179 0 180 126 181 127 182 0 183 0 184 127 185 127 186 0 187 0 188 0 189 127 190 0 191 127 192 0 193 0 194 127 195 0 196 127 197 127 198 0 199 127 200 0 201 127 202 127 203 0 204 127 205 0 206 127 207 0 208 0 209 0 210 127 211 0 212 0 213 0 214 0 215 4 216 0 217 127 218 127 219 11 220 127 221 127 222 0 223 0 224 0 225 127 226 127 227 127 228 127 229 0 230 0 231 0 232 0 233 127 234 0 235 127 236 0 237 0 238 0 239 0 240 0 241 0 242 127 243 0 244 127 245 0 246 0 247 0 248 127 249 127 250 0 251 0 252 0 253 0 254 127 255 127 256 127 257 127 258 127 259 127 260 127 261 0 262 0 263 127 264 0 265 127 266 0 267 0 268 127 269 127 270 127 271 127 272 0 273 0 274 0 275 0 276 0 277 127 278 0 279 0 280 0 281 0 282 127 283 127 284 127 285 127 286 127 287 127 288 0 289 127 290 127 291 127 292 127 293 0 294 127 295 127 296 127 297 127 298 121 299 0 300 0 301 127 302 127 303 127 304 0 305 127 306 0 307 127 308 127 309 127 310 0 311 127 312 127 313 0 314 127 315 0 316 0 317 127 318 0 319 127 320 127 321 127 322 0 323 127 324 127 325 127 326 127 327 127 328 127 329 0 330 0 331 0 332 127 333 0 334 0 335 127 336 0 337 127 338 127 339 0 340 0 341 127 342 127 343 0 344 127 345 127 346 127 347 127 348 127 349 0 350 0 351 127 352 127 353 0 354 127 355 127 356 0 357 0 358 0 359 0 360 66 361 0 362 0 363 127 364 0 365 127 366 106 367 0 368 0 369 0 370 0 371 127 372 0 373 127 374 127 375 127 376 0 377 0 378 127 379 127 380 127 381 127 382 0 383 127
2 12 16 1 1 0 1 1 0 0 0 0
12 15 73 -88 -52 32 87 26 -12 -36 -33 62 38
192 -12 70 -35 63 -93 56 96 -18 19 81 101 109 73 -117 -69 -102 91 27 -7 -82 56 29 11 -97 2 -53 -38 25 29 -96 125 -37 -68 77 -55 10 -65 -17 -6 -114 50 98 -104 -108 71 -43 11 -102 -34 120 -104 59 53 -66 -6 -125 -43 -43 -118 -5 -19 -95 50 -43 47 -124 12 28 -122 5 -115 95 -56 108 -26 -96 15 5 12 -76 62 58 127 38 23 17 126 99 115 49 125 41 -34 45 63 -12 105 -89 -100 64 9 -58 17 -108 -12 75 2 -60 83 -83 78 -104 126 56 115 -113 -5 -88 36 47 60 49 12 -8 -24 122 11 -104 83 -31 90 66 71 -115 -25 -76 42 -41 -6 125 19 -113 126 -97 54 37 33 -36 35 44 -90 120 -90 -73 -10 81 41 -108 -7 35 -41 50 115 -20 -94 110 10 62 44 -57 19 26 14 124 -3 102 -31 -9 -36 -38 114 30 108 -94 70 86 -77 -64 -57 -67 3 -5
1 201 9
16 -22 20 -3 -29 17 -24 37 25 -7 25 -24 35 -16 -31 -35 40
16 0 127 1 -127 2 127 3 -127 4 -127 5 127 6 127 7 127 8 127 9 127 10 127 11 127 12 -127 13 127 14 127 15 127
2 12 16 1 1 0 1 1 0 0 1 0
12 -118 -48 -56 59 -4 127 -67 -11 5 32 -76 84
192 -34 97 126 -99 -62 -61 92 -27 -67 -69 -17 -45 -40 -20 -92 58 61 -68 -91 119 117 -7 44 -4 -23 38 -110 84 -96 35 -56 69 -30 36 -33 75 31 -45 75 -111 85 90 -35 -42 93 -106 118 -103 -73 -19 121 69 60 82 -110 96 -73 -81 -19 57 45 -67 -125 -101 -18 -50 47 -75 -89 26 52 -105 76 -124 116 92 2 -96 18 42 86 -75 93 109 -116 69 -112 -101 93 100 101 106 16 -49 75 -50 4 -53 102 -35 93 98 -79 52 -79 120 43 -19 11 -108 -5 126 26 -90 79 -31 -35 -84 -121 77 62 -30 -124 -32 -96 -63 79 -104 -92 -87 50 -80 114 56 0 58 -9 -86 -23 -36 30 -57 -49 -78 -109 -57 91 -80 60 110 25 93 97 -114 -23 127 58 -79 35 -61 124 -36 13 -25 45 30 89 -67 -79 16 81 -17 11 -11 13 -65 22 -100 -20 100 -121 -73 -36 -103 -125 -37 -38 50 119 21 93 60
16 535 12 1043 12 271 10 801 11 741 11 1869 13 1325 12 1747 13 1057 12 899 12 1551 13 1761 15 1357 12 185 12 1357 13 177 12
16 -10 16 1 29 -4 11 21 -37 -38 32 -36 -10 7 2 -9 -21
16 0 -127 1 -127 2 127 3 127 4 -127 5 127 6 -127 7 -127 8 127 9 -127 10 127 11 127 12 127 13 127 14 127 15 -127
2 12 16 1 1 0 1 1 0 1 0 0
12 99 -8 -7 63 -127 70 15 120 80 -57 84 -114
192 -121 123 -56 82 -8 -111 -81 -39 8 25 -24 66 -111 -127 4 62 88 16 -17 46 -79 42 52 -105 28 120 -122 -64 3 -90 -123 101 -51 87 65 -59 -94 -112 113 -53 59 57 17 -10 19 -1 -83 -113 14 -21 -86 58 -9 -46 -6 -100 22 84 66 -29 1 -75 -23 100 -92 -43 36 -44 -7 101 58 119 -125 60 106 89 -42 -109 -36 68 87 -24 -94 68 77 52 37 89 -2 -66 97 -33 -101 -94 104 75 126 -76 -82 -25 9 -46 -44 119 -87 108 37 77 -74 -18 -32 78 117 -65 100 108 99 120 101 32 -3 78 -93 72 -8 80 99 58 -107 -60 23 -49 98 32 46 -53 -12 117 110 98 -98 116 28 -64 126 -106 65 -81 -64 -68 12 -101 -64 94 42 28 -123 66 48 64 -17 37 -85 -100 37 120 -12 -88 -84 31 52 47 64 31 28 110 38 96 -63 -40 -54 -120 -65 85 35 -83 102 -1 -11 23 -40 -58
1 1009 14
16 -1 -20 -3 -3 16 25 -37 -37 3 12 35 -33 39 -16 3 -12
16 0 46 1 0 2 0 3 127 4 127 5 127 6 127 7 0 8 127 9 127 10 0 11 127 12 0 13 127 14 127 15 127
2 12 16 1 1 0 1 1 0 1 1 0
12 -45 59 106 3 13 114 -58 -109 20 -104 -90 -44
192 6 75 40 -34 105 -2 72 -68 -83 -79 83 -29 84 -25 -84 -121 118 -93 -3 122 -52 15 74 33 95 125 121 70 -81 -124 75 84 -85 92 -120 24 -59 48 27 -1 7 96 27 -6 98 -66 32 -6 -39 -107 -35 118 70 104 -121 -104 86 54 38 -89 -57 66 10 15 20 76 17 17 76 -41 -109 -24 85 -50 -106 22 50 -14 11 80 -93 -47 21 52 -123 3 -98 106 20 93 -46 -59 125 21 -33 31 -123 -101 -102 -87 37 -83 -111 -2 -33 -118 -4 -29 112 123 104 -9 -59 -48 95 -101 72 -70 111 -69 80 73 -117 -90 -95 -106 125 9 29 -117 70 35 106 76 -30 -127 91 72 -85 96 116 -112 -85 -32 -42 44 81 102 -35 -10 16 59 66 85 -62 9 67 19 58 23 110 -105 -56 -89 56 -79 80 28 -42 39 -110 112 63 -74 85 105 -45 7 -25 51 -43 -33 127 -26 38 94 77 -115 78 23 -79 -39
16 1501 12 361 10 1101 12 1551 13 715 12 347 10 203 10 1469 13 83 8 1351 12 333 11 779 11 941 14 323 11 1419 13 1285 13
16 -36 -3 -14 -33 36 -1 -2 7 39 3 -16 -9 -22 -6 32 34
16 0 0 1 127 2 0 3 127 4 0 5 127 6 0 7 127 8 127 9 127 10 127 11 127 12 127 13 0 14 0 15 127
7 16 5 1 1 0 1 1 0 0 0 0
16 -20 -111 -110 -24 -80 54 -14 -60 54 56 -118 14 122 -46 -125 -8
80 -112 112 42 33 -56 75 -60 71 -12 23 -125 -45 -114 -96 67 -39 76 70 14 -119 -33 44 -77 -42 49 -114 -30 -58 106 -110 -63 -15 -23 19 -126 -94 -91 -60 -74 98 105 -43 85 -90 34 66 -69 60 112 -76 74 -91 -119 -110 -76 -61 127 -43 -40 75 84 40 -70 126 -101 70 24 -10 -116 -95 -102 5 73 92 58 -58 -50 -104 105 -107
1 63 8
5 33 32 20 -39 28
5 0 127 1 127 2 127 3 127 4 -127
7 16 5 1 1 0 1 1 0 0 1 0
16 -100 -21 101 -9 76 -14 -106 -25 -68 127 -14 48 -116 33 2 96
80 -8 -69 -2 -60 64 -44 116 105 117 125 88 30 6 -37 30 -50 33 -87 2 -91 -15 -73 -86 -79 -94 1 58 35 -71 -88 -114 112 109 54 -94 99 -106 76 7 1 91 -51 -69 89 73 93 -58 71 9 -74 116 -117 10 -107 -28 22 -40 -116 -77 8 -34 73 -26 20 -18 32 -105 47 -75 7 -6 -42 123 84 119 -5 108 -81 119 -51
5 189 9 855 15 1597 13 1827 15 1119 12
5 13 -27 29 37 -31
5 0 127 1 -127 2 -127 3 -127 4 -127
7 16 5 1 1 0 1 1 0 1 0 0
16 19 34 100 28 -44 53 -64 5 68 91 82 -68 45 -103 -118 -118
80 97 -61 38 37 101 48 -39 78 -68 -21 55 100 126 37 -108 76 102 127 17 -57 -49 6 7 -93 16 -22 27 -114 -113 -28 112 44 -27 107 -61 -39 -33 33 91 -16 -103 -63 7 -14 -102 88 -101 -93 -110 90 -122 -109 -101 -41 8 -122 78 -49 -97 99 76 -70 55 -38 15 -96 -51 -114 49 -32 87 -60 41 -46 -38 -114 18 -97 -113 -44
1 75 9
5 30 -13 -22 15 18
5 0 127 1 0 2 127 3 0 4 0
7 16 5 1 1 0 1 1 0 1 1 0
16 -3 -8 93 75 -1 89 1 76 36 68 86 -42 96 28 82 -112
80 90 122 -102 61 -28 -80 39 118 -81 -115 -95 -66 -61 124 -86 -91 66 -98 87 18 5 -49 -119 -119 63 121 -46 -93 51 -30 84 -51 -62 -100 78 -112 35 18 -117 97 13 107 62 -15 -57 49 -90 16 -32 -107 -15 -2 -90 -117 17 85 2 48 -125 -60 -35 -55 112 65 -109 23 -45 -112 -56 -8 -20 -83 -120 -59 91 -72 100 66 52 83
5 1125 14 1603 14 793 12 1331 12 1103 12
5 19 -26 11 -17 1
5 0 0 1 0 2 0 3 127 4 0
2 12 10 1 1 0 64 64 0 0 0 0
768 18 55 76 -28 -76 80 -36 35 -32 -117 116 -7 -78 5 -59 -112 -102 -112 67 78 115 -60 -106 86 100 -54 7 104 -21 65 -26 71 -100 106 13 7 104 70 -126 -122 103 39 64 32 110 35 -3 -120 70 -26 63 12 78 -87 32 -73 69 101 -116 -106 32 54 -7 -68 -26 -34 -56 -53 50 88 93 102 98 1 93 -119 -8 -82 -32 90 -104 64 -78 27 120 2 -87 -35 -97 0 45 -2 -103 1 37 -111 45 43 -38 -60 -96 -87 122 -84 -51 -67 1 31 -117 127 58 -24 9 -96 54 -32 124 36 -91 -83 -39 24 6 -37 -20 -32 -127 54 37 121 -85 75 -8 -79 -117 115 38 -49 54 82 42 -82 -84 73 -91 100 93 -125 -70 -74 13 107 -110 -107 52 -10 -6 117 7 37 68 -100 20 40 -106 17 -31 -18 20 59 -80 40 -90 -78 21 57 -29 14 74 -74 -125 30 19 -11 -11 -31 85 -37 98 42 68 70 32 -29 -105 -79 9 125 73 96 -112 -47 -106 -102 -45 35 -36 87 -62 -83 -111 46 37 -34 -118 29 45 20 -18 54 76 106 -67 -18 -82 58 -39 -62 67 13 98 52 19 19 29 19 -82 3 -86 -64 -121 -71 -69 86 72 77 94 14 -77 -15 -93 -38 -26 -23 80 -123 21 -99 73 9 -109 3 -62 -56 -121 -89 -8 -52 123 63 -13 -125 -103 -92 -110 17 93 -74 -107 -118 127 -113 -100 -117 -69 -116 -11 36 -109 -14 67 -62 64 -100 -56 119 -87 -93 114 -32 49 122 -28 -119 -126 -35 -73 15 -3 72 7 -9 -56 47 112 50 -77 -101 -89 101 34 -105 -48 -51 106 6 90 -17 -8 18 -2 -78 -51 -29 7 25 -35 73 124 47 9 4 -97 -68 -10 -18 -21 105 2 27 -53 -58 6 -56 39 -68 83 -126 -49 -78 52 -47 -41 0 76 -63 -79 74 19 120 -70 48 108 -83 -20 111 16 -48 -116 -104 48 95 7 -123 -71 -35 -20 123 -77 -109 -30 -82 22 37 -95 90 2 94 80 127 -76 -56 89 5 -20 69 44 -3 -16 54 103 -76 68 -107 74 -115 79 16 -46 23 -44 -124 83 52 -6 99 -27 31 -55 28 -65 122 42 -6 52 105 27 27 -87 -71 27 87 29 -34 101 15 -81 -105 95 62 -44 14 10 -40 -29 -21 23 123 -10 -35 -121 123 -105 -110 79 -13 40 80 -57 -77 60 100 94 8 100 -5 107 29 14 -3 2 38 -52 6 58 -75 -16 -109 26 116 31 -72 -10 55 109 107 -118 -70 -96 106 49 92 -35 -44 -57 21 35 -24 -45 -76 -8 122 -88 -104 121 -76 61 11 -74 -9 96 73 -68 -64 -86 10 81 -17 -107 -70 -80 -11 -104 -67 33 -41 33 -57 82 7 -120 44 -93 63 68 67 -123 -81 -109 94 109 28 -113 -67 -36 -11 65 59 -23 126 48 -2 -56 -80 101 58 82 -49 -7 65 -15 -1 94 30 -78 -48 16 6 17 12 37 36 -86 32 -74 -82 -56 -96 -16 -37 21 100 -7 -16 67 23 122 68 45 20 14 -101 -23 -56 30 -82 -27 -112 56 -123 -60 3 -42 -82 41 -48 21 99 37 -11 98 28 93 63 84 112 -39 -42 15 9 -21 96 31 89 -25 -106 70 -82 53 -88 54 -64 110 -99 59 15 7 46 -48 -64 -111 -6 -1 -125 57 -52 127 -86 -123 -1 9 105 113 111 -100 -89 -25 -51 27 -69 52 -5 -33 17 -25 -48 3 -117 -117 -125 -35 -97 -80 59 44 113 42 123 -58 70 -126 102 77 -60 -119 -20 122 -21 -127 -111 96 -19 8 -57 -77 42 -65 -49 115 92 -99 -109 -33 -24 8 -114 -39 -68 -54 43 -30 -126 -9 22 -46 59 -95 -103 55 -121 97 -31 107 7 42 -95 33 56 56 -53 -127 -33 -50 25 35 27 74 -11 -80 103 -96 -57 27 51 7 -91 10 82 -4 -51 86 -121 -99 16 -67 -17 24 34
120 84 112 -122 70 25 19 49 23 111 -124 -23 8 85 -55 95 -115 97 -27 -92 53 19 71 -8 -83 50 57 29 104 125 29 -114 56 91 -114 -69 11 106 117 126 -21 -29 99 35 -87 -48 3 -22 13 -83 57 35 98 -61 -84 103 57 -79 96 69 56 -38 -37 116 18 -116 -89 98 26 -103 65 -111 -88 -6 -86 -12 -19 -33 -67 -24 121 -37 -24 122 97 21 15 -47 69 120 73 15 -5 89 78 -91 122 29 -19 -6 74 -73 -73 -65 -41 34 -76 127 -46 -67 -109 13 74 -50 104 -40 -11 -53 -113 80 29
1 799 12
10 -1 -17 -30 19 4 12 5 3 -27 40
640 0 -127 1 127 2 127 3 127 4 -127 5 -127 6 -127 7 -127 8 127 9 -127 10 127 11 127 12 127 13 -127 14 -5 15 -127 16 -127 17 127 18 127 19 -127 20 127 21 127 22 -127 23 -127 24 -127 25 -127 26 -127 27 127 28 -127 29 127 30 -127 31 127 32 127 33 -127 34 127 35 127 36 -127 37 127 38 -127 39 -127 40 127 41 -83 42 127 43 127 44 127 45 -127 46 -127 47 -127 48 127 49 127 50 127 51 -127 52 -127 53 -127 54 127 55 127 56 127 57 -127 58 -127 59 127 60 127 61 127 62 127 63 -127 64 -127 65 -127 66 -127 67 -127 68 -127 69 127 70 -127 71 127 72 -127 73 -127 74 127 75 -127 76 127 77 -127 78 -127 79 17 80 -127 81 -127 82 127 83 127 84 127 85 -127 86 -127 87 -127 88 127 89 -127 90 -127 91 127 92 -127 93 127 94 -127 95 127 96 -127 97 -122 98 127 99 -127 100 127 101 127 102 -127 103 127 104 127 105 -127 106 127 107 127 108 127 109 -127 110 -127 111 -127 112 127 113 127 114 127 115 -127 116 127 117 -127 118 127 119 127 120 -49 121 -127 122 -127 123 -127 124 -127 125 127 126 127 127 -127 128 -127 129 -127 130 -127 131 127 132 -127 133 -127 134 -127 135 127 136 127 137 127 138 -127 139 -127 140 127 141 127 142 127 143 127 144 -127 145 -127 146 -127 147 -127 148 108 149 -127 150 127 151 -127 152 -127 153 127 154 127 155 -127 156 -127 157 -127 158 -127 159 -127 160 127 161 -127 162 -127 163 -127 164 -127 165 -127 166 127 167 127 168 -127 169 127 170 -127 171 -127 172 -127 173 127 174 65 175 127 176 -127 177 -127 178 -127 179 -127 180 127 181 127 182 127 183 -127 184 -127 185 127 186 127 187 127 188 127 189 -127 190 -127 191 -127 192 -127 193 127 194 127 195 127 196 127 197 127 198 -127 199 -127 200 127 201 -127 202 127 203 127 204 -127 205 -127 206 127 207 127 208 -127 209 -127 210 127 211 8 212 -127 213 127 214 127 215 -127 216 127 217 -127 218 127 219 -127 220 -127 221 -127 222 -11 223 -127 224 127 225 127 226 -127 227 127 228 -127 229 127 230 127 231 127 232 127 233 127 234 127 235 -127 236 127 237 127 238 -127 239 -127 240 127 241 127 242 127 243 -127 244 -127 245 -127 246 127 247 -127 248 127 249 127 250 -127 251 127 252 127 253 127 254 -127 255 -127 256 127 257 -127 258 127 259 -127 260 127 261 127 262 127 263 127 264 127 265 127 266 127 267 -127 268 -127 269 -127 270 -127 271 -127 272 85 273 127 274 127 275 -127 276 -127 277 -127 278 -127 279 127 280 -127 281 -127 282 -127 283 127 284 -127 285 127 286 -127 287 127 288 127 289 127 290 127 291 -127 292 35 293 127 294 -127 295 -127 296 94 297 -127 298 -127 299 127 300 127 301 -127 302 127 303 127 304 127 305 127 306 127 307 -127 308 127 309 -127 310 -127 311 127 312 127 313 -127 314 -127 315 -127 316 127 317 127 318 -127 319 127 320 127 321 127 322 -127 323 127 324 127 325 127 326 -127 327 127 328 -127 329 -127 330 127 331 -127 332 -127 333 -127 334 -127 335 -7 336 -127 337 127 338 127 339 -127 340 127 341 -127 342 -127 343 127 344 127 345 -127 346 -127 347 127 348 127 349 127 350 -127 351 127 352 -127 353 -127 354 127 355 127 356 127 357 127 358 -127 359 127 360 127 361 127 362 127 363 -127 364 127 365 -127 366 127 367 -127 368 127 369 127 370 -127 371 -127 372 -127 373 -127 374 127 375 127 376 -127 377 127 378 -127 379 -127 380 127 381 127 382 127 383 -127 384 127 385 -85 386 -127 387 -127 388 -127 389 127 390 127 391 127 392 -127 393 -127 394 -127 395 127 396 127 397 -127 398 127 399 127 400 -127 401 -127 402 -127 403 127 404 127 405 127 406 127 407 127 408 -127 409 38 410 127 411 -127 412 127 413 -127 414 127 415 -127 416 -127 417 127 418 -127 419 -127 420 -127 421 -127 422 127 423 -127 424 -127 425 127 426 -127 427 127 428 -127 429 127 430 127 431 127 432 -127 433 -127 434 127 435 127 436 127 437 -127 438 -127 439 -127 440 127 441 127 442 -127 443 -127 444 127 445 -127 446 -127 447 -127 448 127 449 -127 450 -127 451 127 452 -127 453 -127 454 127 455 127 456 -127 457 -127 458 -127 459 127 460 127 461 127 462 127 463 127 464 -127 465 127 466 127 467 -127 468 -127 469 -127 470 -127 471 127 472 -127 473 127 474 -127 475 127 476 -127 477 127 478 -127 479 127 480 -127 481 -127 482 -127 483 -127 484 127 485 127 486 127 487 127 488 -100 489 -127 490 -127 491 127 492 127 493 -127 494 -127 495 127 496 -127 497 -96 498 127 499 127 500 127 501 -127 502 127 503 127 504 -127 505 127 506 67 507 -127 508 127 509 127 510 127 511 -127 512 -127 513 127 514 -127 515 -127 516 127 517 127 518 -127 519 127 520 -127 521 -127 522 127 523 -127 524 -127 525 -127 526 -127 527 127 528 -127 529 -127 530 127 531 -127 532 -127 533 -127 534 -127 535 127 536 127 537 -127 538 127 539 127 540 127 541 127 542 -127 543 127 544 -127 545 127 546 -127 547 -127 548 -127 549 127 550 -127 551 -127 552 127 553 127 554 -127 555 127 556 127 557 -127 558 -127 559 -127 560 127 561 127 562 127 563 -127 564 127 565 127 566 127 567 127 568 127 569 -127 570 -127 571 -127 572 127 573 127 574 127 575 -127 576 -127 577 -127 578 -127 579 127 580 127 581 -127 582 -127 583 -127 584 127 585 127 586 -127 587 -127 588 -127 589 127 590 -127 591 127 592 -127 593 127 594 127 595 127 596 -127 597 -127 598 127 599 -127 600 127 601 -127 602 127 603 -127 604 127 605 -127 606 -127 607 -127 608 127 609 -127 610 -127 611 -127 612 -127 613 -127 614 127 615 127 616 -127 617 127 618 127 619 -127 620 -127 621 127 622 127 623 127 624 -127 625 -127 626 -127 627 -127 628 127 629 127 630 -127 631 127 632 -127 633 127 634 127 635 127 636 -127 637 -127 638 -127 639 127
2 12 10 1 1 0 64 64 0 0 0 10
768 -120 7 8 2 -13 -13 82 -116 -104 -125 -93 119 84 73 45 88 24 -110 -31 -59 75 -55 -90 -56 0 -2 125 91 121 -14 -31 79 -36 18 -40 -37 4 -87 -27 -108 42 2 -7 67 69 94 -46 -5 -111 37 -110 -67 33 -110 110 -36 65 107 -56 97 -84 17 -77 39 56 96 46 48 -23 -108 39 117 91 28 112 -30 9 -124 -78 -44 -85 51 115 -112 111 60 68 -104 49 -26 36 5 75 -116 -35 -107 23 91 91 119 26 -87 -106 82 -54 28 16 111 -15 121 -124 7 27 102 -100 -85 93 38 125 111 -127 -73 -51 125 -103 44 -44 -84 100 -38 -66 -117 18 64 111 -25 41 95 61 49 -31 -102 -98 -31 103 21 8 84 5 -100 -112 8 27 8 -10 49 69 -107 -36 -69 -16 61 29 57 -58 4 28 -116 102 -123 -93 -30 31 -72 89 47 -14 103 -89 33 98 33 20 -45 -54 -50 50 95 -116 -123 -108 -69 23 4 -102 125 -18 -112 -42 -100 -41 -56 -42 -8 46 -122 15 -62 60 24 -42 1 -44 -40 -105 31 99 -94 107 -89 49 -56 -47 116 -94 -20 104 -47 -101 63 -10 88 -31 -88 67 105 93 81 8 -33 2 -77 57 -1 -27 87 122 -74 48 -84 -43 76 73 27 61 59 14 -1 20 -48 -105 119 -80 -66 109 43 108 -46 -70 -124 -67 6 -99 55 57 83 19 4 -102 -125 61 -44 -7 21 -123 23 116 109 -91 118 104 55 78 -85 0 62 39 -96 22 -42 9 -109 -56 80 -68 4 -113 56 127 -118 62 -82 -111 -75 86 -2 -87 -87 34 -102 -95 16 25 -100 97 118 -121 71 23 127 -55 69 29 -51 -72 80 29 -76 31 -96 -95 -46 -104 52 29 -97 94 100 -23 -110 -87 71 66 49 -85 4 24 68 118 13 -109 50 -64 -89 -81 -52 77 11 -38 34 28 23 -77 60 114 50 -120 -46 55 114 -16 116 -56 -52 0 -10 -12 -28 -110 -106 -92 13 72 81 -98 -67 -114 8 51 26 99 -99 -104 -20 -33 -101 95 -37 -5 28 -30 41 -6 127 -74 51 8 103 -118 56 59 91 -27 -12 84 -73 -50 -1 40 79 1 -9 -33 -119 -28 123 -71 -123 76 -56 59 3 -84 31 -31 -19 -36 120 -54 113 -101 -52 -56 -71 -22 -34 100 -37 67 -9 -7 -64 0 -83 -19 -53 -108 -10 -43 -89 100 49 10 67 -99 -57 90 -88 72 20 74 -56 -86 -40 -64 -12 110 -12 62 86 -62 -101 -52 -42 -120 -125 24 125 -120 119 61 -6 -41 -114 35 -25 109 -124 -116 -114 -109 -104 57 -54 -40 -115 82 -46 49 92 97 113 9 -114 62 56 -47 -66 51 -28 108 109 -88 -35 5 14 73 49 59 72 57 9 87 -114 70 -59 52 44 -111 -37 -14 7 -109 53 25 -11 100 -67 -40 61 -65 -20 109 62 75 -25 93 -56 -96 89 -44 80 24 -11 89 -32 34 -12 16 25 37 -67 104 32 -120 -16 -60 -11 -35 -25 -62 -66 -5 -125 -59 -47 -70 118 -81 38 -46 -88 120 40 92 -20 -47 -79 -111 -14 0 93 57 119 -22 -5 -115 52 -58 66 16 40 16 -74 -126 -118 -49 86 -87 -50 57 -95 56 42 98 8 -88 14 -4 3 -37 -72 123 24 2 -121 -94 -5 86 -127 123 15 -127 -67 75 82 102 103 52 -118 23 41 45 107 -17 47 15 -111 -43 37 -28 -111 -47 -88 -93 39 19 47 95 -119 -23 21 -18 97 98 34 3 37 101 -72 72 37 -122 -89 11 86 -12 -66 121 82 -57 -121 88 25 43 -42 -36 -50 6 29 22 -65 -43 123 0 -82 -104 12 -117 46 65 -48 56 108 1 72 18 -72 -10 -15 13 16 -94 -121 8 70 93 62 106 -49 -82 75 -98 -21 -12 -16 -110 94 -96 -49 -93 72 -111 59 35 -76 30 -52 108 -87 -116 29 56 -63 -94 109 -12 -76
120 55 73 -50 62 -66 121 -114 -34 39 -74 -65 -42 56 27 56 0 -77 52 59 48 35 -127 100 -61 45 104 66 48 20 94 66 9 84 124 30 62 -20 75 -39 -65 54 -58 105 52 -11 -71 0 31 45 74 28 -46 -24 114 93 59 -115 34 122 -16 -109 122 -31 59 42 27 -107 75 59 -91 -17 -79 37 119 105 -107 49 115 -108 -118 7 52 -13 -125 -66 -113 -124 -107 -108 -55 -127 101 -104 22 44 -116 -50 70 12 -125 59 109 48 101 -33 -40 -91 -100 90 97 76 0 -115 -12 -49 -74 -94 -43 39 -14
1 149 12
10 14 34 24 -38 12 -17 -11 1 -35 7
640 640 -127 641 -127 642 -127 643 -127 644 127 645 127 646 -127 647 -127 648 80 649 -127 650 127 651 127 652 127 653 -127 654 -95 655 127 656 127 657 127 658 127 659 127 660 127 661 -127 662 -127 663 15 664 127 665 -3 666 127 667 -127 668 -127 669 -127 670 127 671 127 672 127 673 -127 674 127 675 -127 676 -127 677 -127 678 127 679 -127 680 127 681 -127 682 127 683 127 684 127 685 -127 686 52 687 127 688 127 689 127 690 127 691 -127 692 127 693 127 694 127 695 -4 696 -127 697 -127 698 127 699 127 700 127 701 -81 702 127 703 -127 704 -127 705 -127 706 127 707 127 708 -23 709 -127 710 -127 711 78 712 -127 713 -127 714 -127 715 -127 716 -127 717 127 718 127 719 127 720 127 721 -127 722 -127 723 -127 724 -127 725 127 726 127 727 127 728 -127 729 127 730 127 731 -10 732 127 733 127 734 -127 735 -127 736 -127 737 -127 738 -127 739 127 740 127 741 127 742 -127 743 -127 744 -127 745 127 746 127 747 127 748 127 749 127 750 26 751 -96 752 -127 753 -127 754 127 755 127 756 -127 757 -127 758 127 759 7 760 127 761 127 762 -127 763 127 764 127 765 127 766 127 767 127 768 127 769 127 770 -127 771 127 772 -127 773 36 774 -127 775 -127 776 127 777 -127 778 127 779 127 780 60 781 -127 782 99 783 -127 784 -127 785 127 786 127 787 90 788 127 789 -127 790 -127 791 -40 792 127 793 127 794 -127 795 -127 796 -21 797 -127 798 127 799 -44 800 -127 801 127 802 127 803 127 804 -113 805 -127 806 127 807 127 808 127 809 -127 810 127 811 -127 812 127 813 -127 814 112 815 127 816 127 817 127 818 -127 819 127 820 127 821 127 822 -127 823 127 824 -127 825 -127 826 127 827 127 828 -56 829 -127 830 117 831 -127 832 -127 833 127 834 52 835 127 836 -127 837 -127 838 -127 839 -127 840 127 841 -127 842 -44 843 127 844 -127 845 -127 846 127 847 127 848 127 849 -127 850 -127 851 -127 852 -127 853 -127 854 -127 855 127 856 127 857 -127 858 127 859 -127 860 123 861 -127 862 -127 863 127 864 -127 865 127 866 -127 867 -127 868 127 869 127 870 127 871 83 872 32 873 -4 874 -127 875 127 876 -44 877 127 878 -127 879 -127 880 127 881 -127 882 -127 883 127 884 -127 885 -127 886 127 887 -127 888 127 889 -127 890 127 891 127 892 -127 893 -127 894 -127 895 58 896 -45 897 127 898 -127 899 -127 900 -127 901 -127 902 -127 903 127 904 127 905 127 906 127 907 127 908 -114 909 -127 910 -127 911 -127 912 -127 913 -127 914 -127 915 -127 916 -127 917 -127 918 57 919 127 920 127 921 -127 922 -127 923 -42 924 127 925 -127 926 -127 927 125 928 116 929 127 930 -127 931 127 932 127 933 127 934 127 935 127 936 42 937 127 938 -127 939 -127 940 -127 941 103 942 127 943 -127 944 127 945 127 946 -127 947 127 948 -127 949 127 950 127 951 -115 952 -35 953 -127 954 127 955 67 956 -127 957 -127 958 -127 959 -127 960 -127 961 -43 962 -63 963 127 964 30 965 127 966 49 967 -127 968 -127 969 -127 970 -127 971 127 972 127 973 52 974 127 975 127 976 127 977 58 978 -127 979 -127 980 127 981 -127 982 -127 983 -127 984 115 985 -127 986 127 987 127 988 127 989 -119 990 -127 991 127 992 -127 993 127 994 -127 995 -127 996 119 997 -127 998 22 999 -127 1000 127 1001 -127 1002 127 1003 83 1004 127 1005 127 1006 127 1007 127 1008 127 1009 127 1010 -127 1011 -127 1012 -127 1013 127 1014 127 1015 127 1016 127 1017 -127 1018 -127 1019 127 1020 127 1021 127 1022 -127 1023 127 1024 127 1025 127 1026 -127 1027 127 1028 -127 1029 127 1030 127 1031 -127 1032 -127 1033 -127 1034 127 1035 127 1036 127 1037 -81 1038 127 1039 -127 1040 -127 1041 127 1042 -127 1043 127 1044 127 1045 -127 1046 127 1047 127 1048 -127 1049 127 1050 -127 1051 -127 1052 -127 1053 127 1054 127 1055 37 1056 -127 1057 -127 1058 127 1059 -127 1060 4 1061 -127 1062 127 1063 127 1064 127 1065 -127 1066 127 1067 -127 1068 -127 1069 -127 1070 127 1071 -127 1072 127 1073 127 1074 -127 1075 -77 1076 127 1077 127 1078 -127 1079 17 1080 127 1081 -127 1082 127 1083 -127 1084 127 1085 -127 1086 -127 1087 -127 1088 97 1089 127 1090 -127 1091 127 1092 -127 1093 -127 1094 -127 1095 -127 1096 99 1097 127 1098 -127 1099 127 1100 -104 1101 -127 1102 -127 1103 -127 1104 -127 1105 -127 1106 -127 1107 -127 1108 -127 1109 -127 1110 -127 1111 -127 1112 127 1113 -127 1114 -127 1115 -38 1116 127 1117 -127 1118 -127 1119 127 1120 -127 1121 127 1122 -127 1123 127 1124 127 1125 127 1126 127 1127 127 1128 127 1129 -127 1130 -127 1131 -127 1132 -127 1133 127 1134 -127 1135 -127 1136 -127 1137 127 1138 -127 1139 127 1140 127 1141 127 1142 127 1143 -127 1144 127 1145 -127 1146 127 1147 -127 1148 -127 1149 -127 1150 -127 1151 -127 1152 -127 1153 -127 1154 127 1155 -99 1156 -113 1157 127 1158 -127 1159 88 1160 -70 1161 127 1162 -22 1163 127 1164 -127 1165 -127 1166 -127 1167 127 1168 127 1169 -27 1170 127 1171 -127 1172 127 1173 127 1174 -127 1175 -127 1176 -127 1177 -127 1178 127 1179 127 1180 -127 1181 -127 1182 -127 1183 127 1184 -127 1185 127 1186 -127 1187 127 1188 127 1189 127 1190 -15 1191 -127 1192 -127 1193 -127 1194 -127 1195 127 1196 -127 1197 127 1198 127 1199 127 1200 -127 1201 -127 1202 -127 1203 -127 1204 -127 1205 -127 1206 127 1207 127 1208 -127 1209 -127 1210 127 1211 127 1212 -127 1213 127 1214 -127 1215 76 1216 127 1217 -127 1218 127 1219 -127 1220 43 1221 127 1222 -127 1223 127 1224 127 1225 118 1226 127 1227 127 1228 -127 1229 -127 1230 -127 1231 127 1232 -127 1233 127 1234 127 1235 127 1236 127 1237 127 1238 -127 1239 -127 1240 80 1241 127 1242 -127 1243 -127 1244 -127 1245 -43 1246 127 1247 -127 1248 -127 1249 127 1250 127 1251 127 1252 127 1253 -127 1254 76 1255 -127 1256 127 1257 -127 1258 127 1259 61 1260 -35 1261 -127 1262 127 1263 127 1264 127 1265 127 1266 127 1267 -127 1268 127 1269 127 1270 -127 1271 127 1272 -127 1273 -127 1274 127 1275 127 1276 59 1277 -127 1278 127 1279 -127
0 12 10 3 1 1 64 64 0 0 0 20
768 -101 11 -101 -73 -41 -2 -43 122 -127 -90 -73 -51 11 15 -34 1 97 46 -61 100 -99 -33 -125 57 -11 14 68 112 -60 40 -108 66 -55 53 -96 -35 106 -11 -124 95 -108 -18 89 60 -84 -124 50 45 -42 -10 -5 13 124 44 42 89 -63 -81 19 18 40 56 95 69 -118 122 -93 -32 119 -110 -38 -78 71 3 -48 -80 37 46 -100 78 57 90 81 -44 -86 22 -89 93 -1 25 24 33 62 -89 -60 -10 -55 85 25 -11 86 118 -20 55 -82 -20 66 104 25 65 80 -26 110 -76 -105 -104 76 10 32 -82 81 48 -120 -28 82 -62 114 113 -67 103 -45 -6 58 -84 -124 -45 -42 -73 -123 65 14 -22 13 15 -121 -123 18 7 107 85 87 103 -74 -72 58 -112 8 80 -31 -6 57 -55 117 -114 111 112 114 -99 0 19 111 78 74 118 79 -117 -84 -96 7 7 84 120 60 -10 70 -48 85 -117 41 -30 57 -38 -38 -30 -57 -30 -8 -64 103 -7 -65 25 100 -54 9 62 107 48 53 -22 -30 -84 99 -96 -105 35 -124 -114 98 120 2 48 -74 32 9 -50 -98 23 91 -67 50 22 -83 -27 -110 103 43 119 120 69 -52 82 85 74 -73 123 -96 -100 -22 75 86 105 48 3 52 96 125 77 56 -120 70 78 -81 -4 -56 28 -43 -42 -27 25 51 24 -45 -90 24 1 -40 -81 51 42 66 -114 58 -36 86 24 -6 118 -55 -102 56 -88 118 -26 -70 -47 90 54 5 84 106 -94 74 44 -127 76 -87 106 4 -40 -115 -59 11 64 -29 -25 41 17 12 51 68 -50 73 64 -6 111 -86 60 -11 -44 92 -6 -71 112 -72 18 -82 -99 72 1 -126 -35 -69 105 -59 14 30 -80 -57 -118 -29 110 -85 -88 41 40 45 -23 83 -34 -6 57 -109 -17 -78 -80 121 -54 28 -28 -6 22 104 82 9 -12 75 114 -83 -41 70 -30 -9 77 61 -33 -126 105 17 16 38 82 9 -14 -41 15 49 59 -38 -56 -105 -105 -92 27 -37 -101 37 51 -57 107 -40 91 -93 -27 51 -80 -117 -11 108 -56 -66 93 86 50 -30 30 -79 6 -86 12 -50 83 36 -87 -10 -64 37 -104 91 46 -36 -78 9 63 -79 82 -4 -31 -115 62 97 -120 -111 87 -67 105 51 -118 -81 -11 13 8 8 -26 -125 -107 -80 39 99 58 50 112 -71 -89 -59 107 -46 82 -94 -111 47 24 -84 124 -102 41 93 -125 91 74 93 -69 -56 37 -65 -59 47 116 97 -21 47 -84 69 -56 -54 84 -60 -63 -73 119 -119 23 2 56 -1 -102 104 104 -120 98 23 120 103 118 46 69 90 -39 36 2 -96 121 -13 -118 26 70 12 26 -32 42 105 86 58 -68 -49 107 -86 0 -91 -124 113 79 -79 -68 120 86 102 -73 -20 -93 -39 16 69 -121 -102 -78 111 72 30 21 -117 113 79 97 84 -47 14 126 -30 -52 116 93 122 54 71 -126 88 52 32 -17 -9 -111 119 109 -97 20 -98 98 -123 98 93 96 92 88 20 -116 -13 -65 95 -57 98 -3 124 -66 -110 76 120 -80 -98 -17 -7 42 -28 -7 52 93 -98 21 -21 -53 -61 -113 -79 46 -69 -55 77 20 77 21 22 -46 -14 -58 -13 -96 -21 85 116 -53 -107 125 119 96 -58 -114 4 -66 -32 30 -124 -31 60 71 73 62 -14 121 -74 -35 -61 50 -62 -122 119 -109 50 73 -34 -113 -1 -31 114 71 -122 -111 50 86 -102 -41 45 67 8 126 -127 46 -115 -24 81 102 -37 -56 33 -70 -125 -7 75 -41 -126 104 99 -32 105 113 55 20 82 -112 -110 -21 104 -102 105 33 96 6 -80 18 100 26 89 -87 -14 -15 -78 5 51 -108 -5 100 22 -39 121 105 -61 -19 9 21 44 -4 -44 12 -5 -44 69 0 112 13 39 -119 -35 72 37 117 7 -33 -15 -96
360 9 90 -120 45 7 -21 -120 126 95 108 123 17 76 22 -64 -80 1 84 73 -25 48 -112 -75 71 -37 -112 45 58 -60 99 59 -117 -99 13 -88 64 -5 8 -39 -98 -89 -42 -97 -51 49 -74 -127 -65 -73 -101 29 -108 -116 86 50 33 -36 -112 -47 83 -26 6 -46 -7 29 -119 66 -29 77 -80 113 17 -40 92 40 -65 -55 -54 -121 -43 2 -66 24 -111 125 -14 -75 119 -2 -63 -100 -96 -49 -5 -105 -83 -86 55 81 -103 -69 47 113 -45 -34 -112 -122 54 -8 -85 125 -41 -105 88 74 105 26 77 52 -109 8 -30 -28 -65 118 22 -80 -32 -38 24 -25 57 -82 17 19 7 55 -9 1 -125 6 42 -122 -33 17 -37 -50 87 76 -31 -61 -67 40 79 -43 -32 -60 36 -74 -19 18 18 56 -71 80 -116 -87 -98 -87 76 -9 -25 -65 -121 -92 12 123 57 -44 13 31 -114 -23 -66 6 21 -80 37 9 -76 39 -127 -41 -104 -63 -94 -21 8 0 -97 -47 106 -47 -121 -74 63 26 -50 2 -116 -101 -126 70 81 55 106 -9 126 21 -34 62 -38 116 -82 -41 2 126 79 58 11 80 111 -55 -45 -28 105 -105 95 0 78 -73 -127 95 30 -78 -59 -25 15 -43 105 121 -30 86 12 -105 -125 17 114 65 -126 -2 107 -74 -90 114 -5 110 38 94 -111 -100 11 31 1 104 65 98 89 109 -124 100 108 -73 -82 -20 120 -83 93 -79 111 5 76 -31 71 97 -45 -41 -52 -122 -75 -61 -119 -96 99 58 -66 -12 -9 -115 -98 -74 -17 77 0 -37 76 15 16 -70 95 -53 116 80 -87 -125 110 69 -42 -8 117 -85 -84 20 -32 -80 40 -68 11 86 31 120 -65 29 100 114 -37 -46 45 -28 -100 -98 60 79 69 28 64 -29 -48 37 31
1 173 9
10 18 13 -14 -14 16 29 0 -34 31 -18
640 1280 -127 1281 127 1282 -127 1283 -127 1284 127 1285 127 1286 -127 1287 127 1288 -127 1289 -127 1290 -127 1291 -127 1292 127 1293 -127 1294 127 1295 -127 1296 127 1297 -127 1298 -127 1299 127 1300 -115 1301 -127 1302 101 1303 127 1304 -127 1305 127 1306 127 1307 -127 1308 -127 1309 127 1310 -127 1311 127 1312 127 1313 -127 1314 127 1315 127 1316 -127 1317 -127 1318 127 1319 -127 1320 127 1321 -127 1322 127 1323 127 1324 127 1325 127 1326 -127 1327 -127 1328 127 1329 127 1330 -127 1331 -127 1332 127 1333 -127 1334 127 1335 127 1336 127 1337 127 1338 -127 1339 127 1340 127 1341 127 1342 127 1343 -127 1344 127 1345 127 1346 -127 1347 -127 1348 127 1349 127 1350 127 1351 127 1352 -127 1353 -127 1354 127 1355 127 1356 -127 1357 -127 1358 -127 1359 -127 1360 -127 1361 127 1362 127 1363 96 1364 -127 1365 127 1366 127 1367 127 1368 -127 1369 -127 1370 127 1371 -127 1372 -127 1373 127 1374 -127 1375 127 1376 127 1377 127 1378 127 1379 -127 1380 127 1381 127 1382 -127 1383 -127 1384 127 1385 127 1386 -127 1387 -127 1388 -127 1389 -127 1390 127 1391 -127 1392 127 1393 127 1394 -127 1395 -127 1396 -127 1397 127 1398 -127 1399 -127 1400 127 1401 127 1402 -127 1403 -127 1404 127 1405 -127 1406 -127 1407 127 1408 -127 1409 127 1410 127 1411 -127 1412 -127 1413 127 1414 127 1415 127 1416 127 1417 127 1418 127 1419 127 1420 -127 1421 -127 1422 -127 1423 127 1424 -127 1425 -127 1426 -127 1427 127 1428 127 1429 127 1430 -127 1431 127 1432 -127 1433 -127 1434 -127 1435 -127 1436 -127 1437 127 1438 -127 1439 127 1440 -127 1441 127 1442 -127 1443 -127 1444 127 1445 -127 1446 -127 1447 127 1448 -127 1449 127 1450 -127 1451 -127 1452 -127 1453 -127 1454 127 1455 -127 1456 -127 1457 127 1458 127 1459 127 1460 -127 1461 -127 1462 -127 1463 127 1464 -127 1465 127 1466 127 1467 -127 1468 -127 1469 -127 1470 -127 1471 -127 1472 -127 1473 -127 1474 -127 1475 -127 1476 -127 1477 127 1478 -127 1479 -127 1480 127 1481 127 1482 -127 1483 127 1484 -127 1485 -127 1486 127 1487 127 1488 127 1489 127 1490 127 1491 127 1492 127 1493 -127 1494 -127 1495 -127 1496 127 1497 127 1498 127 1499 -127 1500 127 1501 -127 1502 -127 1503 127 1504 127 1505 -127 1506 127 1507 127 1508 -127 1509 -127 1510 127 1511 -127 1512 -127 1513 -127 1514 127 1515 127 1516 127 1517 -127 1518 127 1519 127 1520 -127 1521 -127 1522 127 1523 127 1524 127 1525 127 1526 -127 1527 -127 1528 127 1529 -127 1530 127 1531 127 1532 -127 1533 71 1534 127 1535 -127 1536 127 1537 127 1538 127 1539 127 1540 -127 1541 127 1542 -127 1543 -127 1544 127 1545 127 1546 -127 1547 -127 1548 -127 1549 127 1550 -127 1551 127 1552 -127 1553 -127 1554 127 1555 -127 1556 127 1557 -127 1558 127 1559 127 1560 -127 1561 127 1562 127 1563 -127 1564 127 1565 -127 1566 -127 1567 127 1568 127 1569 -127 1570 -127 1571 127 1572 -127 1573 127 1574 127 1575 -127 1576 -127 1577 127 1578 127 1579 127 1580 127 1581 127 1582 -127 1583 -127 1584 127 1585 -127 1586 -127 1587 -127 1588 127 1589 127 1590 -127 1591 -127 1592 127 1593 -127 1594 -127 1595 127 1596 -127 1597 -127 1598 127 1599 -127 1600 127 1601 -127 1602 127 1603 -127 1604 -127 1605 -127 1606 127 1607 127 1608 127 1609 -127 1610 -127 1611 127 1612 -127 1613 -127 1614 -127 1615 -127 1616 -127 1617 127 1618 -82 1619 127 1620 -127 1621 127 1622 127 1623 -127 1624 127 1625 127 1626 127 1627 -127 1628 127 1629 -127 1630 -127 1631 -127 1632 -127 1633 -127 1634 127 1635 -127 1636 127 1637 127 1638 -127 1639 -127 1640 127 1641 127 1642 127 1643 -127 1644 -127 1645 -127 1646 -127 1647 -127 1648 127 1649 127 1650 -127 1651 127 1652 -127 1653 -127 1654 -127 1655 -127 1656 -127 1657 -127 1658 127 1659 -127 1660 -127 1661 -127 1662 -127 1663 -127 1664 -127 1665 -127 1666 127 1667 -127 1668 -127 1669 127 1670 -127 1671 127 1672 -127 1673 127 1674 -127 1675 127 1676 127 1677 -127 1678 -127 1679 127 1680 -127 1681 -127 1682 127 1683 -127 1684 -127 1685 -127 1686 127 1687 -127 1688 127 1689 -127 1690 -127 1691 -127 1692 -127 1693 127 1694 127 1695 -127 1696 -127 1697 127 1698 -127 1699 127 1700 -127 1701 -127 1702 127 1703 -127 1704 127 1705 127 1706 127 1707 -127 1708 -127 1709 -127 1710 127 1711 -127 1712 -127 1713 127 1714 127 1715 -127 1716 -127 1717 -127 1718 127 1719 127 1720 -127 1721 -127 1722 127 1723 127 1724 -127 1725 127 1726 -127 1727 -127 1728 -127 1729 127 1730 -127 1731 -127 1732 -127 1733 -127 1734 127 1735 127 1736 127 1737 -127 1738 -127 1739 127 1740 127 1741 127 1742 127 1743 -127 1744 -127 1745 127 1746 -127 1747 127 1748 127 1749 -127 1750 127 1751 -127 1752 -127 1753 127 1754 127 1755 127 1756 127 1757 -127 1758 127 1759 -127 1760 -127 1761 -127 1762 -127 1763 127 1764 -127 1765 -127 1766 -127 1767 127 1768 127 1769 -127 1770 127 1771 127 1772 110 1773 -127 1774 -127 1775 -127 1776 127 1777 127 1778 127 1779 127 1780 -127 1781 -127 1782 127 1783 127 1784 -127 1785 -127 1786 -127 1787 127 1788 127 1789 127 1790 127 1791 -127 1792 -127 1793 -127 1794 127 1795 -127 1796 -127 1797 -127 1798 127 1799 127 1800 127 1801 127 1802 -127 1803 -127 1804 -127 1805 127 1806 127 1807 -127 1808 -127 1809 127 1810 -127 1811 127 1812 -127 1813 127 1814 127 1815 -127 1816 -127 1817 -127 1818 -127 1819 127 1820 127 1821 127 1822 127 1823 -127 1824 -127 1825 127 1826 -127 1827 -127 1828 -127 1829 127 1830 -127 1831 127 1832 127 1833 127 1834 127 1835 127 1836 -127 1837 -127 1838 127 1839 -127 1840 127 1841 127 1842 127 1843 -127 1844 -127 1845 -127 1846 127 1847 127 1848 -127 1849 -127 1850 127 1851 127 1852 -127 1853 127 1854 -127 1855 127 1856 127 1857 -127 1858 -127 1859 127 1860 -127 1861 -127 1862 127 1863 127 1864 127 1865 -127 1866 127 1867 127 1868 -127 1869 -127 1870 -127 1871 -127 1872 127 1873 127 1874 127 1875 -127 1876 127 1877 127 1878 -127 1879 127 1880 -127 1881 127 1882 -127 1883 -127 1884 -127 1885 -127 1886 127 1887 127 1888 127 1889 -127 1890 127 1891 -127 1892 127 1893 -127 1894 -127 1895 -127 1896 127 1897 127 1898 -127 1899 -127 1900 -127 1901 127 1902 -127 1903 -127 1904 -127 1905 -127 1906 127 1907 127 1908 127 1909 127 1910 -127 1911 127 1912 127 1913 127 1914 -127 1915 -127 1916 -127 1917 -127 1918 127 1919 -127
2 8 8 1 1 0 32 32 0 0 0 8
256 92 -57 -117 -119 63 -123 -8 69 58 91 91 114 20 77 -40 0 91 6 78 -53 102 -115 57 18 108 85 67 25 -58 -13 -35 52 60 116 -72 -11 108 90 95 -2 -118 50 -106 104 43 62 1 48 -81 69 94 90 -127 -107 -108 21 17 1 -73 40 15 -82 117 -45 -123 25 -101 70 51 -67 73 -106 -43 -25 -94 7 -37 -16 -15 -55 -35 -124 -121 49 109 55 -119 -116 -109 49 14 -66 67 -101 -84 77 -87 64 -95 12 55 -6 95 -28 -28 -90 -75 -51 73 -106 72 -106 2 -96 50 -81 117 -102 15 109 -19 16 -56 -39 -113 127 6 3 -8 -68 9 8 35 77 7 97 108 82 -14 -40 52 -88 -71 56 -125 61 54 25 -125 43 95 33 -22 0 42 -87 96 123 -9 -45 86 -75 18 45 -87 -109 34 -106 -13 -42 68 117 -34 -28 108 -66 64 -64 -38 -16 100 -113 50 30 -30 -126 30 -104 21 -86 -23 -19 -82 -12 -73 116 -87 45 22 116 -103 -88 84 -16 81 17 96 -56 -96 -100 37 72 -1 -5 36 34 3 -101 104 -120 53 104 -18 119 -89 103 -81 78 -65 -27 -13 53 24 49 123 -70 -95 25 23 -26 -53 47 -45 102 35 -95 -10 29 -67 8 66 -80 56 16 -77 -111
64 125 -3 -105 -106 70 -79 51 -30 71 -49 16 83 -41 3 30 20 11 -71 33 83 -114 95 -65 -70 -85 48 82 -120 -16 -76 125 -76 -115 108 -60 -107 42 83 -115 116 -28 -95 -31 17 26 -126 -19 -121 68 -56 -5 -37 16 122 34 104 86 -25 -100 15 65 -120 30 -93
1 1105 12
8 7 -9 11 -3 27 -32 -38 -37
256 256 127 257 127 258 -127 259 -127 260 -127 261 -127 262 -127 263 127 264 -127 265 127 266 127 267 127 268 -127 269 127 270 127 271 127 272 127 273 127 274 127 275 127 276 127 277 -127 278 -127 279 -127 280 127 281 127 282 127 283 127 284 127 285 -127 286 -127 287 127 288 -127 289 -127 290 127 291 -127 292 127 293 127 294 -127 295 127 296 127 297 127 298 -127 299 -127 300 127 301 -127 302 -127 303 127 304 -127 305 127 306 127 307 -127 308 -127 309 127 310 127 311 127 312 127 313 127 314 -127 315 127 316 -127 317 127 318 127 319 -127 320 -127 321 127 322 127 323 127 324 127 325 127 326 127 327 -127 328 -127 329 -127 330 -127 331 -127 332 127 333 -127 334 127 335 -127 336 -127 337 -127 338 -127 339 -127 340 127 341 127 342 -127 343 -127 344 -127 345 -127 346 -127 347 127 348 -127 349 92 350 127 351 127 352 -127 353 127 354 127 355 127 356 -127 357 127 358 127 359 -127 360 -127 361 -127 362 -127 363 127 364 -127 365 127 366 127 367 127 368 -127 369 127 370 -127 371 127 372 -127 373 127 374 -127 375 -127 376 -127 377 -127 378 -127 379 127 380 127 381 -127 382 127 383 -127 384 127 385 -127 386 127 387 -127 388 -127 389 -127 390 -127 391 127 392 127 393 127 394 127 395 105 396 -127 397 127 398 127 399 127 400 127 401 127 402 127 403 -127 404 -127 405 -127 406 127 407 127 408 127 409 -127 410 127 411 -127 412 -127 413 127 414 -127 415 -127 416 -127 417 -127 418 127 419 127 420 127 421 127 422 127 423 127 424 -127 425 -127 426 -127 427 -127 428 127 429 -127 430 -127 431 127 432 -127 433 -127 434 -127 435 127 436 -127 437 127 438 -127 439 -127 440 -127 441 -127 442 127 443 -127 444 127 445 127 446 127 447 127 448 -127 449 127 450 -127 451 -127 452 127 453 -127 454 127 455 127 456 -127 457 -127 458 127 459 127 460 127 461 127 462 127 463 -127 464 127 465 -127 466 127 467 -127 468 127 469 -127 470 -127 471 127 472 127 473 127 474 -127 475 127 476 -127 477 127 478 127 479 127 480 127 481 -127 482 127 483 -127 484 127 485 127 486 -127 487 127 488 127 489 127 490 -127 491 -127 492 127 493 127 494 -127 495 127 496 -127 497 127 498 127 499 127 500 -127 501 127 502 127 503 127 504 127 505 -127 506 127 507 127 508 127 509 127 510 127 511 127
0 3 5 3 1 1 16 16 0 0 0 3
48 -98 101 56 -122 -24 11 70 9 8 -125 24 -53 38 93 17 -54 31 -65 -90 5 -46 -74 -122 105 -92 -70 -70 88 -43 -50 -52 31 25 -97 13 -28 -126 37 36 -101 -39 57 20 -75 -30 31 -87 -79
45 -59 103 37 68 63 99 -43 -109 105 114 -57 62 -13 123 -9 61 42 83 -88 -81 -85 29 -120 52 -117 -56 1 -70 114 -22 -56 82 83 -87 102 74 -48 52 -32 -2 -69 23 -8 16 56
1 1005 12
5 -3 28 -18 -5 -17
80 48 -127 49 127 50 127 51 -127 52 127 53 127 54 127 55 -127 56 127 57 -127 58 127 59 -127 60 127 61 127 62 -127 63 -127 64 127 65 -127 66 -127 67 127 68 -127 69 -127 70 -127 71 127 72 -127 73 -127 74 -127 75 127 76 -127 77 -127 78 127 79 -108 80 127 81 -127 82 -127 83 127 84 -42 85 127 86 -126 87 -127 88 127 89 127 90 -127 91 -127 92 127 93 -127 94 127 95 -127 96 -127 97 -127 98 127 99 -127 100 -127 101 127 102 127 103 127 104 -127 105 -127 106 -127 107 127 108 127 109 127 110 127 111 127 112 -127 113 127 114 127 115 -127 116 -127 117 127 118 127 119 127 120 -127 121 44 122 127 123 -127 124 -127 125 127 126 127 127 -127
2 16 16 1 1 0 1 1 0 0 0 24
16 -47 79 89 54 46 8 71 -39 -1 82 -100 40 -72 41 -49 32
256 -48 -79 -105 88 -39 -84 63 104 97 40 -115 -18 -101 17 -127 -44 84 89 60 -109 -120 3 -11 -125 17 14 108 43 54 -32 121 53 -79 -96 90 -87 -43 -74 -79 4 -84 79 25 -117 42 30 -125 -57 111 -121 49 106 -12 -125 27 62 38 -19 -32 -122 -85 -115 -114 54 -13 62 -106 -67 61 -124 60 -68 11 84 63 -62 -16 -27 -46 124 1 26 -57 39 -68 -121 -75 45 -114 5 -6 -99 -105 -63 -122 -87 -118 55 120 109 -3 43 -33 -25 -85 -30 -104 -29 55 -78 -120 -53 -118 116 124 -4 113 13 124 90 -48 -87 63 -17 -110 100 -17 -57 -38 -87 -94 82 73 86 -48 74 93 -109 -31 -27 32 -90 -28 5 105 -102 -50 73 105 -64 -29 88 -93 98 -114 57 -10 -68 113 -73 100 1 9 -64 -67 -112 101 100 60 -1 -27 57 94 -58 -15 -52 -59 52 -97 74 60 -64 61 41 24 -70 -117 25 103 76 -16 13 -28 -110 -112 -93 103 99 86 -127 -108 60 -10 48 -116 122 -27 80 -24 -2 114 61 40 -11 -13 114 -20 102 16 -20 90 4 21 -76 126 10 -59 107 3 71 -124 21 117 125 98 -118 73 -116 77 0 60 -2 59 31 0 -55 72 26 23 -88 -109 85 -26 18 115 120
1 883 13
16 -26 -11 -12 40 -36 -27 0 -33 10 -3 -1 17 -4 -10 -37 33
16 24 -127 25 -109 26 127 27 127 28 -127 29 -127 30 -127 31 -127 32 -127 33 127 34 -127 35 -127 36 127 37 -127 38 -19 39 127
1 1 1 3 2 1 16 8 1 1 1 0
16 -122 54 91 56 121 109 84 4 -116 -56 107 101 -20 -126 -73 73
3 123 -89 51
1 579 15
1 -3
8 0 127 1 22 2 27 3 105 4 127 5 0 6 127 7 0
0 8 8 5 2 2 16 8 0 0 0 0
128 20 -10 -84 -94 121 -95 -26 104 6 -21 27 124 19 34 -20 -83 33 -94 -45 -20 96 114 112 68 -111 -74 51 -87 120 -97 -113 -85 -20 -20 9 -46 63 59 -24 70 -3 -4 56 -70 -101 69 -125 -44 -14 -86 -26 -29 -78 82 -8 -43 -30 25 51 -73 90 105 114 20 8 -114 -29 84 46 -29 20 111 -19 67 120 74 105 -44 13 38 -100 -30 93 1 96 89 -125 -127 -27 -90 -104 -108 123 -17 -118 42 14 68 -72 9 78 -95 49 -77 -37 54 -11 124 89 -11 -28 -3 -42 -58 32 96 62 -42 -113 33 -64 -105 66 95 58 -83 -30 -29
320 -7 26 -40 6 -58 106 75 27 -81 -117 -91 -7 -83 33 -96 -40 -119 102 -62 101 -74 -3 -5 -28 105 -63 -108 69 -16 -93 74 120 -101 -92 35 34 1 22 12 -105 -86 -100 39 -78 49 90 93 -108 99 48 13 -18 75 98 -11 -38 -59 119 93 -53 15 -113 102 112 1 -101 -72 55 81 -121 -5 114 -33 -39 -117 50 65 -114 -59 -1 -120 -54 -23 -69 89 -19 -60 -6 53 90 72 -121 -111 110 104 -51 50 -6 55 -57 -54 -81 -38 86 71 38 -21 -112 68 125 98 -11 66 -29 -118 103 104 -25 -61 -57 95 104 -119 74 -58 32 -112 11 -93 -62 -24 55 62 -14 -36 -77 -72 -28 -80 -67 79 -56 -36 121 -55 79 125 112 67 8 82 70 -112 96 76 55 83 -126 -1 124 -60 115 -100 -119 32 76 -48 102 -37 -70 59 44 -56 -28 3 120 -39 -31 116 11 23 -81 -56 110 -55 32 -25 -126 84 69 41 4 71 -76 -64 64 -78 36 -67 1 55 124 49 93 -126 -124 -5 -81 -86 72 37 -38 22 5 120 -73 -102 -121 64 68 118 63 -90 125 -13 -66 44 104 25 -93 -109 -43 19 -103 -45 -126 74 -12 -63 -113 -99 -100 -26 125 39 117 4 -72 -73 -33 0 -122 4 69 26 84 -80 20 97 -103 -109 -53 -96 33 -57 -70 116 93 85 118 -81 67 -103 -76 -55 26 95 6 -5 118 -7 109 90 102 71 -56 -119 -112 -33 48 72 79 -27 64 -72 102 103 16 58 -12 -26 -46 -17 79 -30 39 13 94 44 113 -57 120 5 -76 26 -88 9 37 -57 126
1 1359 15
8 30 -38 19 -7 21 16 34 15
64 0 127 1 -127 2 -127 3 127 4 63 5 -127 6 -127 7 -127 8 127 9 -127 10 127 11 127 12 -127 13 -127 14 127 15 127 16 127 17 -127 18 127 19 -3 20 -127 21 -127 22 127 23 -127 24 -127 25 -127 26 127 27 -127 28 -127 29 -127 30 -127 31 127 32 -127 33 127 34 -127 35 127 36 -127 37 -127 38 -127 39 -127 40 127 41 127 42 -127 43 127 44 127 45 -127 46 127 47 127 48 -127 49 -127 50 -127 51 127 52 127 53 -127 54 -127 55 -127 56 -127 57 -127 58 127 59 -127 60 -71 61 127 62 127 63 -127
0 8 10 3 2 1 8 4 0 1 0 0
64 -91 -27 -13 -105 -10 -83 3 -1 -107 23 91 -114 18 -36 -47 71 -3 7 125 -35 83 9 10 41 -61 108 4 -95 -47 15 -7 33 -68 50 18 1 33 -62 60 -84 -70 118 112 57 62 -60 91 -10 101 -5 -5 125 12 -106 -44 104 12 -74 52 66 -127 53 -77 65
240 13 72 54 123 -115 -31 67 11 62 69 -99 -114 115 10 48 111 -85 -121 64 100 68 30 102 -125 -93 35 89 5 -54 -105 -123 -89 60 -70 -41 -20 60 -3 -22 -86 15 -6 -126 -69 119 -67 -72 95 -111 -97 83 34 -51 -69 -37 -92 -43 -96 80 49 43 22 -4 104 86 26 -12 -13 -80 -100 52 -82 -25 -37 -122 101 -109 -123 95 -116 -56 78 -63 -49 -102 -42 22 65 66 53 22 -23 -16 85 122 -55 84 116 109 58 73 -42 78 -22 86 37 -40 62 -86 -24 80 113 53 -116 3 -59 -47 30 98 101 54 117 28 -25 1 21 -26 -5 82 -100 114 92 -106 -112 -103 -3 -49 20 37 114 97 22 80 -47 1 13 40 -33 72 80 13 -99 -61 16 -100 -100 -93 -110 -46 -101 120 -40 31 -22 -77 -97 112 -93 -82 -96 123 70 111 40 -91 -37 96 -61 58 2 -7 35 -32 25 -96 93 33 -24 -43 83 115 104 113 67 23 86 -62 -95 -5 66 93 -58 -114 -92 -66 -38 97 2 -11 82 122 81 -52 116 57 -87 -30 88 -56 -48 -110 -33 -107 116 -90 -87 -122 97 3 -74 21 115 -78 23 8 -19 -106 68 -106 93
1 997 12
10 6 2 1 -16 -10 -2 -5 32 28 7
40 0 127 1 127 2 127 3 127 4 127 5 0 6 127 7 127 8 127 9 0 10 0 11 0 12 127 13 127 14 0 15 0 16 0 17 0 18 47 19 127 20 0 21 0 22 127 23 0 24 127 25 0 26 0 27 127 28 0 29 0 30 0 31 127 32 127 33 0 34 0 35 0 36 127 37 0 38 0 39 127
2 30 24 1 1 0 16 16 0 0 0 0
480 83 119 85 -102 121 -127 34 -42 11 62 118 99 100 15 -87 116 -26 96 122 -2 -103 -98 -62 -54 9 23 49 -55 6 3 -41 -123 102 -79 -78 -87 -64 82 -115 81 109 -43 72 -106 -61 -6 -42 60 16 52 -64 99 84 95 45 53 -80 102 -44 -82 -85 20 -64 -75 -106 -66 105 -88 -16 53 85 114 81 89 -93 117 87 89 -113 48 112 97 66 -8 118 66 48 5 -70 28 -80 59 77 53 70 100 14 -31 -95 42 -72 15 -9 10 -73 9 88 -11 96 57 -45 106 45 98 -74 96 43 119 65 -92 -85 16 -65 100 -109 -58 113 70 120 -45 -13 -37 46 -62 52 74 -103 -112 116 -96 -67 -104 -111 99 -57 26 113 25 123 88 -7 -33 -41 57 51 116 62 74 -65 84 108 -107 -25 -33 -83 32 -70 -11 88 74 104 -74 33 -125 -84 11 -76 22 85 -120 61 21 114 -78 1 -51 -82 -52 -90 4 -14 -76 13 44 126 51 32 84 121 73 115 -71 -34 -116 -39 114 5 69 37 11 -61 -82 -21 -72 94 -42 -55 83 71 -107 -111 -54 28 85 22 102 125 -101 64 102 74 30 126 110 -43 110 46 47 -126 113 120 -120 -9 -114 -7 -114 -54 100 48 14 -60 -94 -45 -74 79 -113 -17 -20 -110 -75 -62 13 82 -51 -69 72 -106 19 55 11 -89 11 -87 -8 36 -71 17 -115 45 -21 123 -97 34 -125 -115 -79 122 120 -38 -86 -43 1 31 44 37 -72 -18 -70 -87 59 -76 -48 -7 126 89 27 114 -118 -4 -115 -79 32 -25 -20 122 -104 125 103 -104 120 120 109 11 75 92 -62 -117 -123 81 -18 -85 -113 2 27 101 -6 -40 99 -1 124 -45 -95 -7 -17 -124 -104 -92 45 93 13 114 121 -42 -89 31 93 -73 -4 -109 -34 101 71 -126 -14 -29 28 73 119 -14 120 55 -9 84 -77 40 -28 92 21 47 -68 -82 -117 -40 -99 -86 -57 -116 111 -105 127 -86 124 97 34 -120 -4 -77 79 67 28 80 16 74 -51 114 117 -25 125 111 127 103 73 -4 126 -48 11 -68 -25 -104 63 -40 -117 113 -23 86 60 -7 7 66 -120 7 2 65 96 -44 -96 -82 -69 0 -35 50 26 58 70 27 25 -22 -103 86 -126 -80 54 40 -86 9 -27 -72 5 24 -84 83 52 75 16 48 -8 103 -107 111 -5 87 -2 -48 97 -71 -127 -1 61 88 -63
720 -102 -71 -42 55 -115 106 -20 -78 -107 -91 -68 -28 73 -110 36 -99 -24 -107 -77 -58 -78 61 -66 76 -95 24 -119 -99 -83 35 57 -58 124 3 99 109 98 -111 -101 -78 -56 83 93 -61 21 -85 30 63 33 -108 84 -96 -15 -3 105 49 -80 -4 36 93 -58 64 -13 -102 80 97 103 78 58 -34 94 86 -92 -111 -46 -105 125 -38 103 77 -109 -15 -59 -18 -61 27 57 -100 -52 97 43 -80 -100 -19 33 117 108 69 -7 9 -2 -66 122 -58 40 -66 9 -83 -11 22 -10 29 -7 49 -71 116 -32 -117 32 127 -83 -106 -74 -50 -102 103 97 -47 16 -24 65 -112 61 -77 -81 90 20 122 1 -107 52 43 102 43 56 -40 114 -27 68 31 -123 -41 55 79 48 102 -43 50 -107 8 61 -46 13 11 -19 -65 -110 -27 -108 -101 -98 50 -45 -126 86 31 -59 49 101 76 48 -40 52 -122 -43 102 68 -60 61 77 -71 45 -5 -6 -85 -91 -89 -86 106 96 42 5 94 64 -23 38 -70 127 96 113 116 -111 43 123 55 62 -8 63 81 110 -96 -20 -44 96 -92 19 101 -69 58 -106 95 -38 19 -75 -36 119 -122 -119 -103 65 118 9 66 -102 -34 -75 -67 -110 12 -79 71 21 -22 13 -15 -20 71 -90 68 -22 107 124 -84 72 -54 61 -77 46 41 25 39 90 -75 2 82 46 -56 -93 28 108 68 -12 -62 118 -8 -79 74 -102 71 59 -7 -68 70 94 69 116 -20 -26 62 -18 -82 -57 -53 119 97 85 87 25 -85 40 -96 -35 -48 -29 117 72 -77 33 -45 -76 -87 -71 -107 93 11 40 97 19 122 123 -8 -32 96 -124 88 87 -125 55 -78 43 47 -38 52 44 -106 -49 -53 -74 -32 -107 19 73 127 1 -78 114 42 -95 -13 113 33 125 95 -37 43 124 -65 -126 73 2 116 103 -113 -10 -41 -85 96 8 -5 -66 67 59 57 99 107 -59 -62 12 35 -80 -123 91 78 86 20 -53 66 -33 49 -112 -1 -104 -100 -104 58 -93 104 44 59 -86 -99 38 -54 -39 -9 -43 108 53 16 -115 25 -124 90 -13 3 22 -17 -68 58 103 -118 -99 30 -107 62 67 56 35 2 -76 0 66 -107 94 -109 84 62 -121 59 -58 9 -113 -8 -75 34 -45 18 70 101 -38 -51 -8 -58 58 -59 -42 -58 63 -98 48 29 99 -39 -75 -47 -106 26 -100 -109 104 -30 -10 -106 -30 -99 21 -4 19 -7 -87 -120 -116 -36 -119 70 41 73 127 95 70 106 30 -33 -34 -76 -26 -108 54 -71 -15 15 -114 -95 -124 -5 51 116 62 126 -12 -79 20 54 115 69 114 -80 -9 -118 -58 -115 10 96 -112 -52 -37 -16 -30 -11 -40 107 94 29 110 92 -105 101 32 -12 54 72 -17 -102 63 -82 -28 -104 74 -47 -126 -23 121 95 -34 55 -72 -9 30 -17 -47 79 -117 -19 118 -62 -54 13 3 2 -123 -51 120 -119 -16 -118 105 120 -94 69 -2 -109 -38 94 112 59 71 66 -79 -59 -83 83 -123 -76 -111 29 -65 40 -45 -104 44 64 27 -77 65 33 -23 -37 -113 111 78 -38 14 26 82 -93 -127 -29 84 4 -38 126 37 -9 86 -63 -60 41 -89 17 -44 85 -14 -53 108 109 -4 -19 38 127 -72 -76 83 52 -110 27 -2 -118 110 17 -84 0 1 -20 81 -56 -48 -82 -38 87 69 13 45 -31 -79 19 -80 82 -81 -116 -75 -66 126 27 96 10 107 64 -106 91 39 4 -11 -18 71 42 -63 -67 14 101 -29 -123 -106 14 37 88 -85 73 -76 -11 -72 52 50 50 117 -93 -40 -95 -74 -100 88
1 1329 12
24 -35 19 24 -35 -12 -29 -28 22 37 3 21 21 10 26 -24 -11 18 8 36 -4 32 7 -20 -21
384 0 127 1 -127 2 -127 3 -127 4 -127 5 127 6 -127 7 127 8 127 9 -127 10 127 11 -127 12 127 13 127 14 -127 15 -127 16 -127 17 -127 18 127 19 -127 20 -127 21 -127 22 -127 23 127 24 127 25 -127 26 -127 27 -127 28 127 29 127 30 -127 31 -127 32 127 33 -127 34 -127 35 -127 36 -127 37 127 38 -127 39 127 40 -127 41 127 42 127 43 -127 44 127 45 127 46 -127 47 127 48 -127 49 127 50 127 51 -127 52 127 53 -127 54 127 55 -127 56 -127 57 -127 58 -127 59 127 60 127 61 -127 62 127 63 127 64 -127 65 -127 66 -127 67 127 68 -127 69 127 70 127 71 127 72 127 73 127 74 -127 75 127 76 -127 77 127 78 -127 79 -127 80 -127 81 127 82 127 83 127 84 127 85 -127 86 -127 87 127 88 127 89 -127 90 -127 91 -127 92 -127 93 127 94 127 95 -127 96 127 97 127 98 127 99 -127 100 127 101 127 102 127 103 127 104 127 105 -127 106 -127 107 127 108 -127 109 -127 110 -127 111 -127 112 -127 113 127 114 127 115 127 116 127 117 127 118 127 119 127 120 -127 121 -127 122 -127 123 -127 124 -127 125 127 126 -127 127 -127 128 -127 129 -127 130 127 131 -127 132 -127 133 -127 134 127 135 -127 136 -127 137 -127 138 -127 139 -127 140 -71 141 -127 142 127 143 -127 144 -127 145 -127 146 -127 147 127 148 -127 149 127 150 127 151 -76 152 127 153 -127 154 127 155 127 156 -127 157 -127 158 127 159 -127 160 127 161 -127 162 127 163 -127 164 -127 165 127 166 87 167 127 168 127 169 127 170 127 171 -127 172 -127 173 127 174 127 175 -127 176 127 177 -127 178 -127 179 -127 180 -127 181 -127 182 -127 183 127 184 -127 185 -127 186 127 187 -127 188 -127 189 -127 190 -127 191 -127 192 -127 193 127 194 -127 195 127 196 -127 197 -127 198 -127 199 -127 200 -127 201 127 202 -127 203 127 204 127 205 -127 206 127 207 127 208 127 209 -127 210 -127 211 127 212 -127 213 127 214 -127 215 127 216 -127 217 -127 218 127 219 -127 220 127 221 127 222 -127 223 127 224 -127 225 127 226 127 227 -127 228 127 229 -127 230 127 231 -127 232 -127 233 127 234 -127 235 127 236 -127 237 -127 238 127 239 127 240 127 241 127 242 127 243 -127 244 127 245 -127 246 127 247 127 248 127 249 -127 250 127 251 -127 252 127 253 127 254 -127 255 127 256 127 257 -127 258 -127 259 -127 260 127 261 127 262 127 263 127 264 127 265 127 266 -127 267 -127 268 -127 269 -127 270 127 271 127 272 127 273 127 274 -127 275 127 276 127 277 127 278 127 279 127 280 -127 281 -127 282 -127 283 -127 284 -127 285 127 286 127 287 -127 288 127 289 -127 290 -127 291 127 292 -127 293 127 294 -127 295 127 296 127 297 -127 298 127 299 -127 300 -127 301 -127 302 127 303 127 304 -127 305 -127 306 127 307 127 308 -127 309 127 310 -127 311 127 312 127 313 127 314 -127 315 127 316 127 317 127 318 127 319 127 320 127 321 -127 322 -127 323 -127 324 -127 325 -127 326 -127 327 -127 328 127 329 -127 330 -127 331 -127 332 -127 333 -127 334 127 335 127 336 127 337 127 338 -127 339 127 340 127 341 -127 342 -127 343 -127 344 127 345 -127 346 127 347 -127 348 -127 349 -127 350 127 351 -127 352 127 353 -127 354 -127 355 -127 356 -127 357 127 358 127 359 127 360 -127 361 127 362 -127 363 127 364 -127 365 -127 366 -127 367 -127 368 127 369 127 370 127 371 -127 372 127 373 127 374 127 375 127 376 -127 377 127 378 127 379 127 380 127 381 127 382 -127 383 127
0 8 5 7 1 3 16 16 0 1 0 0
128 -42 -84 68 -20 15 36 -79 -39 -35 -63 -81 -63 -100 -112 23 -82 31 69 -97 88 -82 -33 -44 -38 -108 -14 -127 -89 27 18 -7 -41 59 15 64 -66 91 -16 -87 -3 -20 -36 -25 -43 108 49 -81 5 89 -97 -50 -36 -79 53 -96 -78 79 -96 119 -74 -123 43 69 -122 12 -62 67 92 45 51 12 117 57 -17 111 -96 108 64 67 79 -2 101 68 48 -109 -102 -22 -127 -32 -8 95 73 -10 -86 85 -96 -55 111 -79 62 125 -18 104 -14 13 104 117 63 -108 -119 92 16 -16 28 -13 -50 12 52 -68 20 -55 17 -110 47 79 -29 -88 -49
280 126 -52 43 -33 9 -122 45 33 41 121 -102 24 -18 -106 61 57 27 113 120 -111 0 89 -34 78 -20 92 120 4 5 40 -108 -86 94 -18 39 78 59 111 -119 -104 1 106 11 -98 -13 -61 36 40 27 -99 -61 -38 94 44 -40 62 -50 46 109 -3 -121 -5 -84 -27 20 107 -124 125 93 -21 91 78 104 60 56 -51 27 -76 -7 23 45 -105 -86 14 -11 38 -50 -62 -117 85 8 -98 78 -112 56 64 67 19 -26 -44 88 34 63 31 123 -87 87 18 104 20 44 -58 -68 3 -11 -56 65 -103 -56 -27 -41 -42 103 110 18 67 66 -76 -68 -82 57 -76 34 -73 109 35 116 -34 -27 39 53 -115 -7 -69 10 -81 39 6 58 47 -124 -98 79 -125 -77 -115 -8 -102 14 113 106 -33 88 -38 8 -86 108 -73 37 -65 -37 -26 114 64 89 -77 5 84 -87 106 -123 20 76 107 -85 63 -56 38 55 -101 -29 71 -85 83 106 -45 -92 -62 53 32 30 -4 68 118 107 81 -90 72 94 108 89 4 89 7 -102 -61 -102 30 -33 1 -21 89 69 -78 9 -63 -82 -42 127 -121 60 5 58 77 -4 94 -84 72 119 48 57 13 -63 17 48 -124 23 -21 -124 41 -122 127 29 -75 71 -52 -123 -89 75 90 40 -38 60 29 44 107 121 66 48 13 -85 -70 -35 -125 93 -3 -60 -42 -106 43
1 1361 12
5 -39 13 -5 17 28
80 0 127 1 0 2 127 3 0 4 0 5 0 6 127 7 127 8 127 9 127 10 0 11 0 12 127 13 0 14 0 15 127 16 0 17 0 18 127 19 0 20 127 21 127 22 0 23 127 24 0 25 0 26 0 27 0 28 0 29 0 30 127 31 127 32 127 33 0 34 0 35 127 36 127 37 0 38 0 39 0 40 127 41 0 42 0 43 127 44 0 45 0 46 0 47 0 48 127 49 127 50 127 51 0 52 0 53 0 54 0 55 0 56 127 57 0 58 127 59 0 60 0 61 127 62 127 63 0 64 127 65 127 66 0 67 0 68 0 69 127 70 0 71 127 72 127 73 0 74 0 75 0 76 127 77 0 78 127 79 0
0 30 8 3 1 1 16 16 0 1 0 8
480 112 -13 52 -85 -18 -52 102 -84 119 -65 17 87 -52 7 39 -78 -11 62 122 -9 103 115 -121 -106 -126 -104 -83 -3 -47 -124 20 110 -74 -36 -96 111 -117 -10 -77 -114 -91 -97 119 -86 17 -105 -94 -98 127 112 43 -52 20 80 64 79 70 33 -47 -96 109 113 -92 -58 20 -69 -60 36 77 -58 62 106 21 -52 -78 -123 -89 55 36 -51 -99 -82 1 10 -36 -54 17 35 116 -43 64 -25 103 92 47 -8 -78 11 -98 -127 77 61 -73 27 -81 30 101 48 29 77 18 96 99 -42 42 -68 16 -97 -92 -40 -72 -10 124 30 24 35 89 43 107 -7 -3 -78 -7 114 -46 -103 46 70 114 -111 84 15 -99 98 37 47 -30 -88 -14 -98 -102 -64 123 118 -12 40 -28 41 70 -75 85 123 41 30 -21 -113 -64 -82 37 -88 -39 42 47 -87 -98 29 98 -32 98 -103 60 47 -44 -94 -46 120 23 110 -52 3 49 -66 -14 59 -55 -23 -124 82 92 73 -1 125 -125 -35 -6 74 65 100 11 -92 -29 60 -27 126 -17 75 38 84 123 124 79 -113 -97 -45 111 -110 -52 -125 -26 -107 122 14 22 1 -116 -25 97 11 107 72 -81 -91 -64 -28 97 -54 127 6 -51 -22 -58 -22 101 94 125 111 61 -4 -90 13 -36 1 121 -32 68 -57 -46 10 3 119 -17 -36 -65 69 36 -76 -121 -107 -26 86 -113 55 114 19 84 12 121 -51 81 67 33 -4 -13 117 -13 44 -103 51 -89 87 -61 29 -32 103 121 87 -72 -71 -88 5 -30 -118 -48 -101 -20 -3 -28 112 -103 -11 -48 -114 -58 20 -104 -23 108 12 -52 82 -38 -97 118 84 55 44 -120 -5 79 56 -67 74 -44 60 102 -15 97 15 -33 -90 42 84 127 73 -15 -19 38 58 123 -97 104 12 84 5 -84 53 -45 62 20 -93 -47 64 -19 -119 -67 -22 -119 -87 48 106 122 -28 71 43 76 -68 -70 106 93 127 3 117 -123 100 -3 -37 27 -24 -76 115 -14 -121 121 -2 -52 105 47 63 -3 20 125 121 98 49 -86 122 -38 61 -64 96 97 -93 -7 -126 7 63 75 24 106 -85 32 87 -21 51 30 123 -46 24 106 -84 65 127 57 -99 -58 -52 24 -1 1 116 -65 71 -89 61 26 -48 90 -98 127 -6 21 -46 -91 49 76 116 -34 97 -96 -23 21 2 9 -119 69 -105 -42 -16 -86 39
720 -52 115 75 -60 23 58 -3 -120 -41 -7 72 88 82 113 -87 61 -83 74 -127 13 0 -107 -38 21 17 68 -97 109 109 20 63 -18 100 97 -30 102 21 -39 -34 18 -102 85 -47 51 53 -24 -84 91 -35 97 -37 48 -15 108 -81 -56 -17 47 -99 127 19 102 -53 -96 7 -12 37 -77 -67 -95 47 -9 -22 64 123 65 -99 -46 87 -14 86 -65 -63 -94 35 -23 77 -13 -88 67 -115 -113 8 5 -95 82 -58 111 -93 58 -95 -126 -45 104 106 88 21 27 -7 -116 82 -41 -122 -6 35 -68 -76 85 89 -43 -59 -7 29 -104 12 -56 116 103 -120 115 -33 85 -65 -113 -119 100 16 -67 64 10 38 31 -6 -95 -22 78 -61 105 39 -122 48 108 30 -76 -86 65 -80 -127 -111 -25 52 -23 -110 31 81 -82 -31 -97 34 -54 -27 103 3 18 122 72 -72 -71 123 -55 105 -57 92 110 -83 -51 57 14 -8 -124 55 -53 14 123 37 -62 -9 21 -25 24 -57 38 -76 -80 87 -3 -107 -94 32 -41 -63 21 -122 11 -3 -1 -47 106 94 84 15 -124 109 -107 -122 -103 -51 -102 -101 -52 2 20 -122 36 -2 -30 -22 68 14 -19 -44 127 -122 -21 104 34 -82 -39 -20 107 119 -25 -121 7 -127 103 30 -53 74 86 -123 101 7 -120 105 34 3 -37 -115 126 -122 -125 73 -11 -30 19 -118 50 -21 -48 -112 104 0 -113 56 -118 66 -106 90 88 -87 45 -39 -121 1 24 -122 15 109 89 60 126 -86 89 82 -85 100 9 -20 -102 -17 -108 73 -105 80 27 -57 61 -41 90 -71 116 -76 -93 23 49 0 85 96 127 -32 -40 23 91 -109 -96 48 58 -99 27 -73 76 49 96 84 -15 126 -46 72 117 58 68 20 -84 73 13 -35 -21 -126 -15 61 53 44 -60 13 -91 -10 36 -14 127 68 125 20 -73 -106 -61 78 121 -80 -53 -52 5 92 -33 93 42 -118 4 41 -40 -74 56 117 -6 -116 127 -17 -65 18 36 -94 -74 -79 120 -77 92 -49 85 11 54 -62 24 -50 -105 -64 -48 8 36 53 123 -121 23 -114 42 -118 -12 107 -50 -69 15 -15 -66 -84 -121 -101 -68 -85 87 -80 -45 98 -80 -35 35 119 77 109 -62 126 -28 60 12 -83 -56 -81 74 -35 27 -104 -87 122 101 -44 60 105 -83 42 86 -62 45 -92 -97 14 14 122 -93 51 -69 110 -98 -73 100 -43 73 -4 24 -46 -41 -3 108 52 -64 54 83 67 -62 -69 -34 93 -17 -72 -102 -70 -22 -88 -36 -85 112 -65 -109 70 84 -106 3 107 124 65 12 121 -116 47 1 -34 -26 27 87 -88 44 52 113 -103 -96 111 -24 117 33 -39 44 69 56 -88 -55 66 -54 56 67 86 14 86 -20 119 73 -116 104 -74 -87 -110 -32 -54 -57 15 -79 -115 -111 26 -38 52 -22 -107 21 -1 -40 41 76 -79 70 -13 10 45 -6 -62 -125 -109 33 -53 105 107 68 85 -24 6 91 -61 -22 15 -117 -125 -104 -65 69 30 -69 -106 -43 -104 101 -113 -90 -19 32 -95 -102 107 -54 -45 67 25 -70 -109 -53 -91 -21 12 80 -61 111 -69 -26 -2 76 -101 118 127 -52 101 20 52 43 50 112 -53 107 -111 109 26 -94 55 -63 106 95 121 91 -84 -55 66 -17 49 51 -84 -16 -90 34 33 112 -78 4 115 40 43 -24 96 6 -85 -124 -67 -98 58 -126 -44 11 84 101 -35 -52 68 -52 48 -34 99 21 -85 103 -25 53 5 70 52 104 -36 -118 -121 3 11 -122 -43 44 13 114 -68 41 -60 -36 -62 -122 -71 -74 3 122 13 29
1 1507 12
8 9 -1 -8 -37 -10 6 2 -29
128 128 127 129 127 130 0 131 0 132 127 133 127 134 127 135 127 136 0 137 0 138 127 139 0 140 0 141 0 142 127 143 127 144 0 145 127 146 127 147 127 148 0 149 127 150 0 151 127 152 0 153 127 154 127 155 0 156 0 157 127 158 0 159 127 160 127 161 0 162 0 163 0 164 0 165 0 166 127 167 0 168 127 169 127 170 0 171 0 172 0 173 127 174 127 175 127 176 0 177 0 178 0 179 127 180 0 181 127 182 0 183 2 184 0 185 0 186 127 187 0 188 0 189 127 190 127 191 127 192 127 193 0 194 127 195 127 196 0 197 127 198 0 199 127 200 0 201 127 202 0 203 0 204 127 205 0 206 0 207 127 208 127 209 127 210 127 211 127 212 0 213 0 214 127 215 127 216 0 217 70 218 0 219 0 220 127 221 0 222 0 223 0 224 127 225 0 226 127 227 127 228 0 229 127 230 0 231 127 232 127 233 127 234 0 235 0 236 0 237 0 238 127 239 127 240 127 241 0 242 127 243 0 244 127 245 127 246 127 247 127 248 127 249 127 250 0 251 127 252 0 253 0 254 127 255 127
0 8 24 7 1 0 32 26 0 0 1 0
256 107 1 -35 -79 26 -65 20 14 5 -106 31 -103 -98 107 -99 28 -52 -80 56 46 -28 13 -127 -72 76 -92 -6 2 -29 90 49 40 74 20 -118 87 -71 99 -85 84 59 69 8 57 -82 -119 16 20 -40 -34 -124 75 112 -89 111 -104 112 19 51 102 78 -46 -87 -86 48 -110 -111 24 -42 -9 60 -126 3 87 118 29 -53 26 44 8 -28 -80 109 126 5 53 -42 -35 -31 57 9 4 115 35 -26 -13 21 101 -15 -109 18 -52 114 -4 -18 -113 63 74 48 -19 -82 0 7 -68 -121 87 16 99 33 44 22 109 -96 -102 16 -114 124 -66 -117 -35 -101 -69 -24 -11 9 -6 -86 83 -79 47 -126 -105 42 -86 -107 27 -75 -98 -30 -19 92 -110 96 120 23 126 -31 -105 -63 6 47 -9 -76 -29 -5 44 70 -59 14 121 115 -79 61 88 22 -117 15 -18 125 2 8 22 -9 -65 -25 -51 84 84 31 53 65 -81 -53 34 31 63 75 -108 50 29 106 125 -42 19 97 -9 -22 -116 96 -5 45 -100 18 -1 -64 111 108 40 -51 22 48 -51 25 35 -36 6 -60 17 -36 91 125 -65 -85 -20 106 -9 99 109 -37 -41 13 53 52 -78 -25 68 -39 76 -4 89 -57 -86 -51 -6 123 -93
1344 18 78 19 -10 -24 -35 -123 -86 -93 107 101 62 -101 86 -34 -111 -8 -102 70 4 72 -56 -37 -93 -108 119 79 -127 58 102 -61 71 -34 82 52 -24 118 -41 101 -66 112 106 -123 70 70 94 115 88 -98 -87 -114 35 -101 31 -50 -101 100 32 89 -42 27 90 -9 27 -58 -51 120 17 -5 -99 -38 62 59 -78 -94 17 -32 99 -82 25 18 -79 -44 125 115 3 38 98 -28 60 110 66 47 -83 -70 -44 70 106 109 76 -106 -92 7 111 35 -101 99 -59 31 -119 -100 110 68 104 28 -67 34 71 -1 -13 -39 89 26 -79 -17 31 81 27 -7 72 102 14 31 -68 -94 -84 51 -14 -60 -85 35 19 -106 105 96 -102 -109 -64 85 1 25 -14 96 -36 126 15 67 -53 -90 -91 16 -59 -21 75 113 -119 -66 -6 0 -49 34 6 -68 -72 -82 -88 -118 -93 -42 -2 -120 48 31 120 -85 93 41 -21 125 -65 88 -62 -56 7 -10 126 -85 78 93 -9 64 -17 98 -77 -115 70 -90 -47 108 -69 78 111 -99 48 118 25 95 5 -68 -76 -45 8 75 71 -72 -70 74 -19 -107 44 -73 -74 21 -42 -7 65 29 -37 70 -79 61 -90 58 103 -123 30 88 98 16 20 52 108 -117 -20 74 94 22 69 -69 -6 108 -22 -94 42 -123 -30 -37 70 -117 12 -10 35 -57 33 -75 -79 -25 121 -36 -100 16 36 -30 127 127 39 110 -104 122 109 31 -39 123 -70 9 -62 -22 113 -60 -82 -58 103 108 9 -84 -45 -125 8 105 -117 104 -95 -40 -21 84 -94 55 -56 -34 74 -17 -93 -119 -65 7 -17 -119 -69 33 -77 -60 52 -104 118 -108 -114 -15 118 -25 99 -67 80 -72 -17 -29 75 -47 -24 -24 49 -126 76 26 -112 -30 -103 50 -52 -68 75 58 87 -24 -72 -57 73 -19 19 80 -61 27 -98 102 -32 -80 87 3 -62 19 -63 41 -125 94 80 -79 3 44 83 107 8 -40 -52 92 1 11 66 25 12 90 125 34 -92 -69 -54 -14 45 -95 124 -19 -47 44 5 27 103 -25 -19 -56 85 95 84 -102 -119 -127 -22 -2 13 -22 113 -74 -113 113 45 8 -12 75 -15 108 -91 -76 -75 -27 -59 7 -108 85 116 -112 -36 88 -2 73 114 84 -110 -54 112 122 -52 -94 28 -42 -98 84 -38 -9 82 -35 -37 114 -5 121 -88 19 119 5 -58 34 96 97 -19 80 2 116 24 -24 71 47 81 2 -114 42 -46 70 -120 30 43 59 16 -106 -24 -16 -59 -9 -56 -48 -52 122 54 19 89 -50 -121 44 -52 -48 80 -42 41 73 49 -72 -100 92 -61 86 40 -3 20 107 37 -3 -48 -102 -66 -67 84 -3 41 -75 -1 75 117 20 -46 42 -110 -112 -108 0 20 -56 -67 -17 -69 29 -119 60 -31 25 100 60 -64 57 -81 -88 93 -109 36 -94 33 86 -18 -111 -8 -43 -21 -104 -1 -71 9 -55 -54 98 79 27 3 -91 -46 10 -106 -24 50 9 -13 125 77 27 -117 5 -74 125 -58 -106 54 -50 -39 -65 -75 -2 -74 -75 -35 7 104 18 -77 -16 -60 -9 -90 20 -65 81 103 86 -29 8 29 -116 97 97 -101 -16 12 -11 20 -74 -77 59 -78 -39 17 67 68 -58 81 74 -75 -74 52 -18 -120 -95 11 63 -60 127 -113 -37 78 29 -22 78 56 107 -36 -72 -123 -4 -107 -54 39 -10 72 -7 45 30 20 -56 39 67 23 -30 -47 -112 -89 -38 -42 123 117 21 1 -25 -82 -21 45 -23 -121 101 -77 59 -21 -25 70 62 49 76 -117 42 64 -58 48 46 1 31 -103 31 -20 83 -69 119 89 -25 -4 47 48 -20 -83 -13 111 0 -78 9 71 -96 55 42 123 -69 100 53 -57 114 -7 -118 -44 -68 -88 127 -109 -80 32 -42 113 -62 92 30 -66 81 -24 85 -31 55 82 58 94 -48 -30 115 15 -33 71 -53 103 -98 110 92 -19 -56 113 -84 -28 61 -69 101 -36 88 -121 -63 70 -104 28 -71 -10 -53 -127 -64 -114 79 96 117 -12 -71 112 72 122 12 -57 -51 37 -107 59 63 93 -79 49 60 -49 73 -69 37 50 122 -31 -26 -68 -35 -122 45 -50 -65 44 7 -59 72 -64 -56 -6 14 106 20 -7 -84 -30 -115 24 -30 -24 -31 -43 12 100 65 -65 -28 112 43 -50 101 41 -51 -36 95 20 -57 126 -18 -10 -108 81 -23 86 0 21 -20 -69 6 109 54 -117 -9 108 -83 -89 -37 -74 -9 48 42 -110 -68 -39 53 -122 -36 1 -68 -116 74 -99 56 77 -72 -69 13 47 -57 -23 125 34 87 56 -49 -48 -25 -10 12 -6 -34 -83 -105 -120 5 103 50 -4 60 34 -45 95 -109 47 -10 -50 -79 126 24 -99 -38 -121 -33 -23 -107 -121 95 112 6 17 118 -45 16 116 13 -19 80 -120 -68 -24 54 -62 -56 99 55 42 -32 51 29 -4 50 -94 123 -30 26 -38 -73 110 -26 80 18 -18 -69 91 -51 -127 57 62 76 -109 107 119 -62 -74 -51 -27 -34 -45 -60 -61 43 -67 -10 46 -98 -76 74 -111 104 -116 70 0 71 -81 68 19 31 -73 49 -95 14 -2 10 -50 60 15 -55 -40 93 6 119 72 35 -79 16 -114 -56 36 -93 67 99 -106 43 -9 123 58 -21 -50 -55 -47 -101 -107 -53 119 -99 -68 -7 -72 14 -76 41 68 35 63 127 -31 32 62 63 115 -72 21 118 -33 -117 -99 -111 -83 59 94 127 119 103 -100 -23 -117 -90 -58 -63 27 101 -81 -40 -79 -94 -80 -69 -17 50 -66 -16 21 24 -1 89 127 -89 56 94 90 58 -92 56 -70 -39 85 -83 99 -50 100 -41 -127 80 -76 30 -15 122 -88 -21 -101 -100 -80 16 89 3 62 -90 -13 -75 -109 -58 112 -46 -24 60 -92 100 55 -94 -127 99 -110 29 -59 121 21 92 125 -45 -58 51 -55 121 85 -114 -86 7 -64 -96 44 -121 -28 -21 -1 74 39 39 19 118 -80 -31 124 123 -32 -125 -57 -64 29 46 -1 -70 -53 -49 17 33 111 -36 4 123 -108 -119 103 -51 -116 62 107 80 -45 70 46 -14 47 -89 120 119 -73 -78 -26 30 -82 -117 93 -106 122 -14 -93 108 18 99 -84 -7 -3 -87 31 -99 32 85 81 -53 -93 7 -47 -43 57 -103 -69 -15 102 -15 40 -112 121 92 -116 66 73 115 -66 16 119 -93 64 -57 99 78 -103 -113 65 -123 13 85 -107 94 -58 103 71 20 -92 -23 47 4 120 59 -127 39 -119 -101 -23 -125 -114 101 -126 -91 120 -73 23 93 5 -104 1 23 47 -48 -74 -40 1 26 -39 -19 19 -46 -38 40 -116 -37 95 52 99 -79 109 -20 -60 -37 -59 109 -60 -82 91 -47 12 95 -93 -14 -111 26 -115 -68 -112 -43 17 84 -62 12 -35 74 -93
24 1515 12 1197 14 1073 13 545 12 609 12 519 11 2005 13 927 13 501 11 1911 14 1943 14 1781 13 275 10 297 10 1465 12 1939 13 171 9 1109 14 1361 12 1769 13 973 17 1269 12 1307 13 2037 13
24 -34 -25 -10 -1 -25 40 -9 -16 -20 -4 10 38 35 -1 31 11 -18 4 -23 4 38 -22 -2 23
624 0 127 1 127 2 127 3 127 4 -127 5 127 6 127 7 -127 8 -127 9 127 10 127 11 -127 12 127 13 -127 14 127 15 127 16 -127 17 127 18 127 19 -127 20 127 21 127 22 -127 23 127 24 127 25 127 26 127 27 -127 28 -79 29 127 30 -127 31 -127 32 -127 33 -127 34 -127 35 127 36 -127 37 -127 38 127 39 127 40 127 41 127 42 -127 43 127 44 127 45 127 46 127 47 -127 48 -127 49 -127 50 -127 51 -127 52 127 53 -127 54 127 55 127 56 127 57 2 58 127 59 -127 60 127 61 -127 62 127 63 127 64 127 65 -127 66 127 67 127 68 127 69 -127 70 -127 71 127 72 127 73 127 74 -127 75 127 76 127 77 127 78 127 79 -127 80 127 81 -127 82 127 83 127 84 127 85 127 86 -127 87 -127 88 127 89 127 90 127 91 -127 92 -127 93 -127 94 127 95 127 96 -127 97 127 98 -127 99 127 100 -127 101 127 102 127 103 127 104 -127 105 -127 106 127 107 127 108 127 109 -127 110 -127 111 -127 112 -127 113 -127 114 127 115 -127 116 127 117 -127 118 127 119 -127 120 -127 121 -127 122 -127 123 -127 124 -127 125 127 126 127 127 127 128 127 129 -127 130 -127 131 -127 132 127 133 127 134 -127 135 -127 136 -127 137 127 138 -127 139 -127 140 127 141 -127 142 127 143 127 144 -127 145 127 146 127 147 -127 148 127 149 -127 150 -127 151 -127 152 -127 153 127 154 -127 155 127 156 127 157 127 158 127 159 127 160 -32 161 127 162 -127 163 127 164 127 165 127 166 -127 167 -127 168 127 169 -127 170 127 171 -127 172 127 173 127 174 -127 175 127 176 127 177 -127 178 127 179 -127 180 -127 181 127 182 -127 183 -127 184 -127 185 42 186 127 187 127 188 -127 189 -127 190 -127 191 127 192 -127 193 -127 194 -127 195 127 196 -127 197 -127 198 -127 199 127 200 127 201 -127 202 127 203 127 204 127 205 -127 206 -127 207 -127 208 127 209 -127 210 127 211 -127 212 127 213 -127 214 127 215 -127 216 -127 217 127 218 -127 219 -127 220 -127 221 127 222 -127 223 -127 224 -127 225 127 226 -127 227 -127 228 -127 229 127 230 127 231 -127 232 127 233 127 234 127 235 -127 236 127 237 -127 238 -127 239 127 240 127 241 -127 242 -127 243 -127 244 127 245 -127 246 127 247 -127 248 127 249 -127 250 -127 251 -127 252 -127 253 -127 254 -127 255 -127 256 127 257 127 258 -127 259 -127 260 -127 261 -127 262 127 263 -127 264 -127 265 -127 266 127 267 127 268 127 269 -127 270 -127 271 -127 272 -127 273 127 274 -127 275 -27 276 -127 277 -127 278 -127 279 -127 280 -127 281 -127 282 -127 283 127 284 127 285 127 286 127 287 127 288 127 289 -127 290 127 291 -127 292 127 293 127 294 -127 295 -127 296 127 297 127 298 127 299 127 300 -127 301 -127 302 127 303 -127 304 -127 305 127 306 -127 307 -18 308 127 309 127 310 -127 311 -127 312 -127 313 -127 314 -127 315 -127 316 127 317 127 318 -127 319 -127 320 -127 321 127 322 -127 323 -127 324 127 325 127 326 127 327 127 328 127 329 127 330 -127 331 -127 332 -127 333 -127 334 -127 335 127 336 127 337 -127 338 127 339 -127 340 127 341 -127 342 127 343 -127 344 127 345 -127 346 -127 347 127 348 127 349 -127 350 -127 351 -127 352 -127 353 127 354 -127 355 127 356 -127 357 127 358 127 359 127 360 -127 361 127 362 127 363 -127 364 127 365 127 366 127 367 -127 368 127 369 -127 370 127 371 127 372 -127 373 -127 374 -127 375 127 376 127 377 -127 378 127 379 127 380 127 381 127 382 -127 383 127 384 -127 385 -127 386 127 387 127 388 -127 389 -127 390 -127 391 -127 392 -127 393 -127 394 -127 395 127 396 -127 397 -127 398 -127 399 127 400 127 401 -127 402 -127 403 127 404 127 405 -127 406 127 407 127 408 -127 409 -127 410 -127 411 -127 412 127 413 -127 414 127 415 127 416 -127 417 -127 418 -127 419 -127 420 127 421 127 422 -127 423 -127 424 -127 425 127 426 -127 427 -127 428 -127 429 127 430 127 431 -127 432 -127 433 -127 434 127 435 -127 436 -127 437 127 438 -127 439 127 440 127 441 127 442 -127 443 -127 444 -127 445 127 446 127 447 127 448 -127 449 127 450 -127 451 127 452 -127 453 127 454 127 455 -127 456 -127 457 127 458 13 459 127 460 -127 461 -127 462 127 463 -127 464 127 465 127 466 -127 467 127 468 -127 469 127 470 -127 471 -127 472 -127 473 127 474 -127 475 -127 476 127 477 -127 478 127 479 -127 480 -127 481 127 482 -127 483 -127 484 127 485 -127 486 127 487 -127 488 -127 489 127 490 -127 491 -127 492 127 493 127 494 -127 495 127 496 127 497 -127 498 -127 499 -127 500 127 501 127 502 -127 503 127 504 -127 505 -127 506 127 507 -127 508 -127 509 127 510 127 511 127 512 127 513 -127 514 127 515 -127 516 127 517 127 518 -127 519 127 520 30 521 -98 522 -113 523 127 524 127 525 -127 526 127 527 127 528 -127 529 -127 530 101 531 -127 532 127 533 -127 534 -114 535 111 536 -127 537 -44 538 -84 539 63 540 127 541 98 542 127 543 127 544 127 545 127 546 -127 547 127 548 -127 549 -127 550 127 551 -127 552 -127 553 -127 554 127 555 -127 556 -127 557 127 558 -127 559 -127 560 127 561 -127 562 127 563 -127 564 -127 565 -127 566 127 567 127 568 -127 569 127 570 -127 571 -127 572 127 573 -127 574 127 575 127 576 127 577 -127 578 127 579 127 580 127 581 127 582 127 583 -127 584 127 585 -127 586 127 587 127 588 -127 589 -127 590 127 591 -127 592 127 593 -127 594 127 595 127 596 -127 597 127 598 -127 599 -127 600 127 601 -127 602 -127 603 -127 604 127 605 -127 606 -127 607 127 608 127 609 127 610 -127 611 -127 612 127 613 127 614 127 615 127 616 127 617 127 618 -127 619 127 620 -127 621 -127 622 -127 623 127
1 2 2 7 1 3 8 8 1 1 1 0
16 -67 74 -7 29 26 -70 -64 52 99 13 -63 11 18 119 -95 -41
14 74 32 16 -120 -62 -89 -105 -22 -43 115 73 64 -7 -15
2 613 12 541 11
2 39 -35
16 0 127 1 0 2 0 3 0 4 0 5 127 6 127 7 0 8 0 9 0 10 0 11 127 12 127 13 0 14 0 15 0
0 12 12 5 2 2 16 8 0 0 0 0
192 -35 -10 4 -88 -41 61 -63 -103 106 -77 -29 70 -91 -23 7 -36 35 -77 -76 -8 10 77 -49 103 2 -81 7 126 -125 80 -15 84 122 30 -49 66 -32 -92 32 115 58 29 -69 117 -50 -72 39 -103 -68 74 -41 67 91 -100 117 75 96 21 -50 82 -84 0 -25 105 -95 71 -108 78 121 -96 103 -14 -65 -103 -85 6 -123 82 59 29 -54 -109 17 116 -100 -104 -3 60 83 85 117 -85 -35 -50 -76 -91 -95 74 -49 -67 -73 119 127 -96 -85 -95 -127 50 -54 14 34 -49 104 59 -80 -121 -90 47 99 95 -99 -67 -68 4 -37 126 -51 50 127 44 -40 11 80 72 104 -3 24 -51 11 5 -111 -125 -74 -2 114 -33 -93 16 -4 123 86 51 75 -17 -61 -80 124 114 -80 -115 14 -91 52 65 -110 117 9 113 -119 -73 41 106 65 -45 -48 79 20 -74 -83 65 -79 -3 -70 -58 -26 35 50 -99 127 82 51 17
720 -34 84 54 -19 -51 -54 27 -36 -13 110 99 11 124 -69 -97 -34 89 -122 -62 111 -47 -5 32 14 7 -111 1 -108 0 -49 49 98 -100 95 58 -37 110 3 60 90 108 50 -52 -95 99 101 36 9 -27 30 -13 113 -34 103 -91 -32 84 15 -1 -37 74 96 -11 -34 15 63 -89 23 60 87 -67 47 -32 90 -12 35 92 65 22 77 -34 72 -99 -17 -91 34 -32 -40 86 95 8 60 111 11 -103 -6 -120 -106 17 96 -101 -38 45 67 -78 74 -92 -94 30 53 -90 -16 -7 40 88 118 34 38 -56 43 39 -113 -51 122 20 -95 94 -110 -93 -90 119 56 -84 -119 8 -24 111 35 7 99 62 71 68 26 59 44 -58 -10 -82 17 -110 -50 39 73 6 78 48 -31 -28 78 110 -33 -71 14 -14 104 60 -104 100 45 82 -63 -126 100 105 -87 -23 -26 -122 25 115 -67 -6 -123 -28 -79 63 65 -75 114 -84 -29 -77 -93 -123 -99 -126 72 57 -4 -117 9 -60 -94 -91 -37 -29 127 110 -28 -66 32 -10 -110 -88 59 8 -55 -14 13 -1 67 -97 -27 114 -104 -114 101 -95 -66 2 -19 74 -106 -75 110 -41 -55 90 103 -95 -52 7 50 10 100 -108 -99 75 62 -27 -34 15 -127 -73 21 -52 -18 44 89 43 71 -125 -51 94 91 97 2 -111 -98 107 71 87 -37 92 122 -46 -16 -122 98 70 -31 114 105 38 11 -120 -56 -95 -28 -18 70 -116 27 -58 38 53 -39 62 121 42 44 -118 85 -57 103 122 119 -3 -38 -123 120 -76 -29 91 84 -91 -97 -59 2 -115 -127 -29 -35 -55 -58 83 -102 -21 13 -118 11 -25 56 -5 -79 102 111 -2 -127 -88 -81 -7 48 -21 36 4 49 49 26 0 -43 -126 51 36 25 33 -81 1 51 -113 125 36 29 -19 -93 95 -58 19 26 -42 97 -85 -23 114 -36 -65 -90 -57 17 -94 95 19 -83 -41 91 121 -59 -48 2 10 58 123 64 -48 82 126 101 53 -91 120 -17 -1 -28 82 31 98 30 -44 -20 -32 99 -44 -83 -16 82 63 18 -55 -80 -8 49 24 18 -112 -32 -70 -72 39 -110 -37 97 -116 55 105 27 4 -17 100 -75 65 81 6 19 123 -10 -122 106 121 37 -21 28 -81 -57 47 87 -58 -31 -1 -43 -72 -29 21 10 106 104 75 76 122 63 -67 92 -82 -37 118 -62 33 -94 101 116 54 -110 2 -98 1 67 76 -23 93 6 56 85 95 1 83 107 -83 84 30 93 -115 44 38 -2 -28 127 -102 -85 109 86 -111 -83 87 79 -88 -114 -23 15 113 -7 99 38 76 106 -86 96 -100 -97 -12 -15 114 126 73 -74 36 -87 -12 65 32 -31 6 64 71 -53 75 -3 -97 -123 85 -94 54 -10 78 -83 86 -40 -116 -80 104 13 -90 -21 -85 38 -18 32 26 -39 -73 -70 -86 -90 0 -7 114 -49 63 -79 104 113 52 -124 78 64 -16 -62 -11 29 47 -6 56 49 98 -83 19 -93 13 -72 -47 29 -29 34 -35 -76 -108 -56 -54 96 -102 -48 81 -101 -49 73 105 31 -37 6 122 -98 121 80 119 -78 106 -59 12 -82 -29 70 73 121 -15 -77 57 -101 -21 56 13 -51 -89 -93 68 -107 -12 -13 84 64 27 94 86 -108 102 -66 -116 66 -3 123 -96 108 101 52 -66 -124 83 -41 -39 102 -57 -51 -55 115 -125 48 52 -2 32 116 57 -124 28 108 -22 91 -76 -97 81 89 99 -34 -72 -79 -49 -89 -6 126 22 -18 -96 -73 -13 69 67 -69 115 -100 93 -62 -19 -125 50 19 118 11 40 -66 -101 -122 99 117
1 1169 12
12 19 -24 18 23 -27 3 5 -38 11 31 -20 34
96 0 127 1 6 2 -127 3 127 4 -127 5 127 6 -127 7 -127 8 127 9 -127 10 127 11 127 12 -127 13 -127 14 -127 15 127 16 -127 17 -127 18 127 19 127 20 127 21 127 22 -127 23 127 24 -127 25 -127 26 127 27 127 28 -127 29 -127 30 127 31 -127 32 127 33 -127 34 -127 35 -127 36 -127 37 127 38 -127 39 -127 40 127 41 -127 42 -127 43 -127 44 127 45 127 46 127 47 -127 48 -127 49 -127 50 127 51 -127 52 -127 53 -127 54 127 55 127 56 -127 57 127 58 127 59 -127 60 -127 61 -127 62 127 63 -127 64 127 65 -127 66 127 67 127 68 -127 69 -127 70 -127 71 127 72 127 73 -127 74 -127 75 127 76 127 77 -127 78 -127 79 -127 80 -127 81 127 82 127 83 127 84 -127 85 -127 86 127 87 -127 88 -127 89 -127 90 -127 91 -127 92 -127 93 -127 94 -127 95 127
0 3 8 3 2 1 16 8 0 1 0 0
48 12 89 43 -30 -50 114 126 93 69 -57 34 59 112 -46 -78 6 -30 2 23 60 -105 -17 -57 -68 -118 57 -29 -31 -16 -96 2 -74 -15 -120 -10 -120 32 86 44 -122 123 -109 26 -95 -104 96 -58 97
72 70 -26 80 93 106 -58 30 25 -90 -114 77 -50 52 -72 -70 30 9 20 -31 91 -66 71 124 -72 -51 -94 105 -73 -112 -69 36 -69 72 33 -25 -17 100 -6 15 25 125 112 -93 -54 58 -5 -4 -69 -103 -46 116 95 51 -86 33 99 1 20 114 -95 21 104 121 42 13 34 70 -29 74 24 -63 -12
1 1509 13
8 -19 -4 3 24 25 20 -25 33
64 0 0 1 127 2 127 3 0 4 127 5 0 6 0 7 0 8 0 9 127 10 127 11 0 12 127 13 0 14 0 15 127 16 0 17 0 18 0 19 127 20 0 21 0 22 127 23 0 24 127 25 0 26 0 27 127 28 0 29 0 30 127 31 127 32 0 33 127 34 0 35 127 36 127 37 0 38 127 39 127 40 127 41 0 42 127 43 0 44 127 45 127 46 0 47 127 48 127 49 0 50 127 51 127 52 127 53 127 54 0 55 0 56 0 57 0 58 0 59 127 60 127 61 0 62 127 63 127
1 24 24 1 1 0 32 32 1 0 0 0
768 -42 -101 53 -41 -107 17 9 -32 -94 -35 91 -41 47 -28 63 -29 -4 -117 -104 -65 10 89 123 -2 -101 4 14 -91 -6 -125 -118 103 81 -5 -104 -54 -69 113 -27 -10 113 -33 -109 2 -72 -98 64 4 -120 105 97 -48 -7 -40 -126 -52 -53 -33 -55 118 97 52 -64 95 67 -29 15 42 15 68 86 -3 -14 70 90 -125 -50 26 102 104 40 -56 62 -1 -33 69 125 2 -87 30 0 115 100 86 -4 -59 115 -116 40 62 100 -105 -18 -20 -80 -32 59 112 110 -19 107 -56 -59 35 -58 90 8 -124 -113 -122 -63 123 -106 53 -85 -81 -80 -36 -44 -45 40 112 7 58 74 1 -22 -42 18 -67 25 31 77 -49 71 59 -99 31 -103 113 -68 -126 -51 -94 90 103 -20 -36 -100 61 -112 -27 -87 40 125 -58 59 -113 107 93 -81 24 76 55 -25 -49 -67 69 -45 -110 63 125 13 67 -72 -118 -119 -122 102 -102 125 -27 -15 33 7 0 111 -1 -11 -117 48 60 -12 40 90 -8 -19 22 -73 8 84 54 -28 63 -27 48 46 -30 -56 -115 -62 17 -104 -44 4 -123 -58 -17 124 -95 -74 22 -59 -10 -19 79 22 125 90 -20 44 106 -52 124 3 3 -1 -34 58 11 32 122 17 -72 69 -40 -105 -121 74 102 65 -3 -97 -89 -114 88 6 -2 -51 127 77 -62 -87 -93 -49 118 -112 18 49 74 18 -45 -31 -63 13 123 -85 15 54 -100 43 -81 58 -107 4 15 -26 -44 0 31 -91 121 73 -5 80 -68 38 64 -116 -54 -113 -121 90 40 107 2 65 -38 -99 45 68 93 -68 -110 5 92 14 -19 -28 -30 -40 -71 -122 97 77 90 -22 47 -44 -84 36 -75 104 -2 -35 -15 96 -29 -70 29 -66 65 122 110 102 -75 -8 127 18 -108 -72 -98 69 52 14 -72 -40 -102 -4 -123 -38 101 63 61 65 -122 55 -95 119 107 -70 107 -28 79 -108 117 -72 -29 -59 91 118 34 32 -74 -24 71 -51 68 31 -59 7 82 -79 117 127 70 -72 -72 -43 55 -12 -20 -101 -80 41 -98 -100 118 -121 1 -117 -35 -104 47 3 104 -16 -76 34 116 30 -27 -104 120 -86 30 65 116 -31 -7 103 51 -83 67 -60 -102 34 105 9 69 -106 -86 47 40 108 70 53 -111 -108 -112 -125 -9 11 -29 36 -62 15 51 -20 -10 33 -61 -118 -96 -10 -23 -124 -47 -63 -91 -11 -33 40 21 44 122 83 46 -50 -98 -56 -58 112 -47 -1 33 -124 120 -7 44 -75 -88 -28 52 -113 -19 -50 62 -70 -115 -78 -35 -12 119 -90 32 43 -47 58 -63 -7 -18 70 79 52 65 -35 -59 -5 21 58 55 43 -106 27 42 62 -112 125 127 46 45 -121 81 -18 22 111 87 -103 76 -31 14 120 80 -39 46 -85 -67 -84 -91 -110 47 -34 97 22 -91 -64 116 -39 91 -7 103 43 -4 66 -72 54 -94 -22 -34 95 79 81 20 49 -75 -98 89 61 -56 -12 90 -41 -86 -103 -52 -9 -87 20 -65 1 -1 3 -31 -101 34 -11 -83 -12 -120 -9 -107 45 61 -92 113 69 -87 -97 37 15 -90 -100 106 72 -28 117 -106 112 121 -42 7 48 9 -98 -32 -24 55 70 71 -22 119 -18 41 -89 -77 120 -39 -11 -86 -75 79 85 37 87 32 -7 80 108 16 121 -110 108 -16 122 13 -126 -68 -38 -25 -24 -67 61 72 -17 -57 52 -3 -32 -81 -121 16 127 62 -43 -36 -52 77 -61 -32 74 -54 -106 -74 -114 -11 -68 26 -125 -118 126 -103 59 47 -19 -97 -63 -42 77 54 51 -46 47 -46 60 69 49 9 -33 23 41 111 -124 109 100 -34 -49 63 -69 66 43 -82 -94 -126 119 42 6 104 -19 77 11 79 -16 85 6 29 4 90 -94 85 -93 -4 -107 -94 85 123 -107 36 -121 -91 -106 118 -126 6 -23 84 118 22
24 8 53 118 67 104 127 87 -25 -11 2 15 -116 127 106 46 41 85 24 -92 97 71 -110 -70 -73
1 1171 12
24 9 -4 25 -13 -21 9 11 38 8 -18 3 -13 0 -1 17 16 -6 38 3 -16 23 7 39 -14
768 0 -87 1 -127 2 127 3 -85 4 -127 5 48 6 30 7 -64 8 -127 9 -71 10 127 11 -85 12 116 13 -55 14 127 15 -57 16 0 17 -127 18 -127 19 -127 20 32 21 127 22 127 23 4 24 -127 25 18 26 41 27 -127 28 -5 29 -127 30 -127 31 127 32 127 33 -80 34 -127 35 -127 36 -127 37 127 38 -127 39 -127 40 127 41 -127 42 -127 43 26 44 -127 45 -127 46 127 47 57 48 -127 49 127 50 127 51 -127 52 -110 53 -127 54 -127 55 -127 56 -127 57 -127 58 -127 59 127 60 127 61 127 62 -127 63 127 64 127 65 -127 66 127 67 127 68 127 69 127 70 127 71 -76 72 -127 73 127 74 127 75 -127 76 -127 77 127 78 127 79 127 80 127 81 -127 82 127 83 -9 84 -127 85 127 86 127 87 92 88 -127 89 127 90 25 91 127 92 127 93 127 94 -110 95 -127 96 127 97 -127 98 127 99 127 100 127 101 -127 102 -127 103 -127 104 -127 105 -127 106 127 107 127 108 127 109 -127 110 127 111 -127 112 -127 113 127 114 -127 115 127 116 127 117 -127 118 -127 119 -127 120 -127 121 127 122 -127 123 127 124 -127 125 -127 126 -127 127 -127 128 -127 129 -127 130 127 131 127 132 127 133 127 134 127 135 9 136 -127 137 -127 138 127 139 -127 140 127 141 127 142 127 143 -127 144 127 145 127 146 -127 147 127 148 -127 149 127 150 -127 151 -127 152 -127 153 -127 154 127 155 127 156 -127 157 -127 158 -127 159 127 160 -127 161 -127 162 -127 163 127 164 127 165 -127 166 127 167 -127 168 127 169 127 170 -127 171 127 172 127 173 127 174 -127 175 -127 176 -127 177 127 178 -127 179 -127 180 127 181 127 182 127 183 127 184 -127 185 -127 186 -127 187 -127 188 127 189 -127 190 127 191 -127 192 -127 193 127 194 127 195 11 196 127 197 -14 198 -127 199 -127 200 127 201 127 202 -127 203 127 204 127 205 -127 206 -127 207 127 208 -127 209 127 210 127 211 127 212 -127 213 127 214 -127 215 127 216 127 217 -127 218 -127 219 -127 220 -127 221 127 222 -127 223 -127 224 9 225 127 226 127 227 127 228 -127 229 127 230 127 231 -119 232 127 233 109 234 127 235 -127 236 -119 237 -127 238 -127 239 127 240 -127 241 -127 242 127 243 -127 244 17 245 17 246 45 247 127 248 -127 249 -41 250 -127 251 -127 252 -84 253 127 254 -127 255 127 256 127 257 127 258 -127 259 -127 260 -127 261 17 262 127 263 127 264 127 265 -127 266 -11 267 14 268 127 269 -127 270 -127 271 127 272 127 273 127 274 127 275 -127 276 127 277 -49 278 -127 279 -127 280 -49 281 127 282 105 283 127 284 -33 285 -127 286 127 287 -39 288 13 289 -75 290 7 291 -64 292 15 293 -79 294 -16 295 -9 296 -33 297 -43 298 -18 299 0 300 -70 301 51 302 24 303 -21 304 28 305 -57 306 4 307 19 308 -84 309 -49 310 -83 311 -87 312 33 313 5 314 43 315 -17 316 19 317 -40 318 -75 319 8 320 127 321 127 322 -127 323 -127 324 24 325 127 326 63 327 -78 328 -117 329 -126 330 -127 331 -127 332 -127 333 127 334 127 335 127 336 -91 337 127 338 -127 339 -127 340 127 341 -127 342 127 343 -6 344 -127 345 -61 346 127 347 -121 348 -127 349 127 350 -127 351 127 352 -127 353 -127 354 -127 355 127 356 127 357 -127 358 -127 359 127 360 127 361 127 362 -127 363 -127 364 -127 365 127 366 127 367 127 368 120 369 127 370 127 371 -127 372 -127 373 -127 374 -127 375 127 376 -127 377 127 378 -127 379 -127 380 127 381 -127 382 127 383 -127 384 -127 385 127 386 -127 387 -127 388 -127 389 127 390 127 391 127 392 127 393 -127 394 -127 395 127 396 -127 397 127 398 127 399 -127 400 127 401 127 402 -127 403 127 404 127 405 127 406 -127 407 -127 408 -127 409 127 410 -127 411 -127 412 -127 413 -127 414 127 415 -127 416 -127 417 127 418 -127 419 29 420 -127 421 -127 422 -127 423 127 424 90 425 127 426 -127 427 -127 428 127 429 127 430 127 431 -127 432 -127 433 127 434 -127 435 127 436 127 437 127 438 -127 439 -127 440 127 441 127 442 -127 443 127 444 -127 445 -127 446 127 447 127 448 127 449 127 450 -127 451 -127 452 127 453 127 454 127 455 127 456 127 457 -127 458 -127 459 -127 460 -127 461 -101 462 127 463 -127 464 127 465 -127 466 127 467 127 468 -127 469 -115 470 127 471 -127 472 -127 473 -127 474 -115 475 -127 476 -127 477 -127 478 -127 479 -127 480 -113 481 -127 482 127 483 127 484 127 485 127 486 127 487 127 488 -127 489 -127 490 -127 491 -127 492 127 493 -127 494 4 495 127 496 -127 497 127 498 -66 499 127 500 -127 501 -127 502 -127 503 127 504 -127 505 -127 506 -127 507 127 508 -127 509 -127 510 -127 511 -127 512 -127 513 127 514 -127 515 127 516 127 517 -127 518 127 519 -127 520 -127 521 -127 522 127 523 127 524 127 525 127 526 -127 527 -127 528 -127 529 127 530 127 531 127 532 127 533 -127 534 127 535 127 536 127 537 -127 538 127 539 127 540 127 541 127 542 -127 543 127 544 -86 545 127 546 127 547 127 548 -127 549 127 550 -127 551 127 552 127 553 127 554 -127 555 127 556 -127 557 -127 558 -127 559 -127 560 -127 561 127 562 -127 563 127 564 127 565 -127 566 -127 567 127 568 -127 569 127 570 -10 571 127 572 127 573 11 574 127 575 -127 576 -127 577 127 578 127 579 127 580 -127 581 -127 582 -127 583 -127 584 -127 585 127 586 127 587 -127 588 -127 589 127 590 127 591 -127 592 127 593 127 594 127 595 127 596 127 597 127 598 -127 599 127 600 -23 601 29 602 -76 603 127 604 127 605 -127 606 127 607 127 608 -127 609 -127 610 -127 611 -127 612 127 613 127 614 -127 615 127 616 127 617 -127 618 -127 619 127 620 127 621 -127 622 -127 623 127 624 127 625 -127 626 127 627 -127 628 127 629 127 630 -127 631 127 632 127 633 127 634 -127 635 -127 636 -127 637 127 638 127 639 127 640 -127 641 127 642 -127 643 127 644 -127 645 -127 646 127 647 -127 648 -127 649 -127 650 -127 651 127 652 127 653 127 654 127 655 127 656 -119 657 127 658 127 659 127 660 127 661 -127 662 127 663 -127 664 127 665 127 666 -127 667 -127 668 -127 669 -127 670 -127 671 -127 672 -127 673 -127 674 127 675 127 676 -127 677 101 678 127 679 127 680 127 681 -127 682 -127 683 -127 684 127 685 127 686 127 687 -127 688 127 689 127 690 -127 691 127 692 127 693 127 694 127 695 127 696 127 697 -127 698 127 699 127 700 -127 701 127 702 -127 703 -127 704 127 705 127 706 127 707 127 708 -127 709 -127 710 -127 711 127 712 -127 713 127 714 -127 715 -127 716 -127 717 -127 718 127 719 -127 720 -127 721 -127 722 127 723 -127 724 -127 725 127 726 127 727 -127 728 127 729 -127 730 -127 731 127 732 127 733 127 734 -127 735 -127 736 -127 737 -127 738 127 739 -127 740 -127 741 -127 742 127 743 -127 744 -127 745 -127 746 -97 747 -127 748 127 749 -127 750 127 751 69 752 127 753 127 754 -127 755 -127 756 127 757 -127 758 127 759 127 760 127 761 -127 762 127 763 -127 764 127 765 -127 766 -127 767 -127
0 1 5 3 2 0 32 15 0 1 0 0
32 -22 88 78 -13 91 92 -111 85 -19 8 78 -120 -23 -102 -32 -13 115 77 -91 8 -66 -106 32 38 7 -81 -38 26 -78 -118 22 -89
15 70 -12 -5 100 71 -9 -82 -100 -49 94 -116 50 38 -97 -88
1 1063 12
5 35 4 21 26 38
75 0 0 1 0 2 127 3 0 4 0 5 127 6 127 7 0 8 127 9 127 10 0 11 127 12 127 13 127 14 0 15 0 16 127 17 0 18 0 19 127 20 127 21 127 22 127 23 0 24 0 25 127 26 0 27 127 28 0 29 127 30 0 31 127 32 0 33 0 34 127 35 127 36 127 37 127 38 0 39 0 40 127 41 0 42 127 43 0 44 127 45 0 46 0 47 127 48 0 49 0 50 127 51 127 52 0 53 127 54 0 55 0 56 127 57 127 58 127 59 0 60 0 61 0 62 127 63 127 64 0 65 0 66 0 67 0 68 127 69 64 70 0 71 127 72 0 73 127 74 0
0 30 12 7 1 3 8 8 0 0 0 0
240 -87 -16 -32 -82 -39 -50 -91 -110 94 15 66 108 112 42 101 9 111 24 -40 -11 84 58 -6 99 100 47 79 -60 -96 107 -15 -37 13 98 4 9 59 52 12 26 30 74 68 72 -28 117 -49 113 -123 39 65 99 11 -20 73 26 -19 32 -5 -75 50 25 99 83 -34 -102 73 -120 40 -83 -97 -68 55 -7 83 -20 42 48 -85 1 91 84 13 -125 72 -115 22 -76 121 -8 -79 121 114 -119 78 110 21 16 120 41 -121 -91 -119 121 -111 90 -116 -65 -41 -91 -42 -15 -115 -61 40 28 -54 -91 104 -77 -65 -80 27 56 5 -73 112 -114 -5 -39 113 -28 94 40 -63 -47 -106 -21 43 12 -71 40 -94 -9 56 29 -104 86 -109 -4 -35 -61 98 -25 1 -7 -81 111 -25 101 -8 -93 -26 -10 -69 68 120 105 -52 74 118 -97 119 108 55 66 83 -39 125 39 14 -84 125 3 -26 110 -40 -64 -48 33 5 -90 -118 77 72 -124 3 -40 -84 74 -94 -105 65 77 -38 -119 36 -52 74 -125 -18 40 103 105 -38 14 14 52 60 77 -114 -127 43 16 112 -44 -113 59 -126 -63 -113 -100 14 -95 -77 93 -7 79 60 -76
2520 108 28 -85 7 -71 31 23 69 32 -43 17 -2 -20 -112 53 118 -24 -1 -126 -37 -2 -15 122 -42 -23 -30 27 -77 81 -92 44 -32 103 56 -32 -58 52 -27 -49 -40 18 -31 25 98 103 52 9 -57 76 -25 48 105 -58 66 -113 -91 67 65 49 47 -120 19 117 -17 -70 24 83 111 -100 108 68 -24 9 8 14 -61 90 -56 35 40 8 -24 122 79 -9 -83 103 78 3 65 -11 50 -60 38 -79 -13 1 43 -108 20 -73 -10 -53 49 110 22 -54 121 31 75 -44 124 62 109 -28 -61 -124 53 14 -103 -101 125 25 58 62 -102 56 -94 67 -109 69 -20 -65 71 106 -44 -50 59 16 89 77 39 -10 2 37 -35 -7 77 -69 -66 4 23 97 -45 -50 -9 51 120 -100 -25 0 -84 -93 -25 -6 -104 68 -82 -22 75 126 -124 102 -18 87 -44 40 -41 30 -99 92 21 99 -26 64 -15 116 -14 -51 -44 34 19 39 109 47 16 99 86 20 90 -63 39 85 124 -59 -79 115 61 25 67 32 -11 98 100 65 54 100 6 119 -55 72 33 -42 56 -72 -49 -50 64 -41 -28 104 -15 0 -107 27 107 92 -46 -46 -36 -79 65 49 22 43 123 35 97 6 -11 3 -123 2 69 -110 -78 -48 -113 29 -17 35 -63 -27 79 35 -2 5 -3 57 59 11 -61 100 -116 -106 108 83 -23 -24 -74 2 79 33 -117 109 -32 -43 107 -76 55 97 -117 -103 -115 11 125 20 26 27 -63 -53 -14 -37 -43 69 -34 13 100 -20 -104 53 -110 -63 -65 65 58 -48 -45 -66 -12 127 39 -29 -89 113 37 51 70 -80 94 -50 -38 22 -21 -68 -15 48 -91 123 -125 63 -44 66 -114 -7 92 68 -72 21 -17 -82 47 39 -113 93 -52 -21 90 124 87 -61 -114 2 -79 1 123 62 -11 126 26 115 110 127 -26 102 109 69 113 -102 -18 108 27 69 -56 13 -36 49 -22 26 -72 -37 -101 21 -23 42 -65 -12 24 0 24 -59 28 -102 13 60 7 66 -119 8 39 102 -44 -82 -10 -41 112 -86 -43 -88 114 7 10 -118 -83 21 -66 -1 -117 10 0 -96 -11 -34 -81 85 -111 -114 31 91 95 -73 94 14 -58 49 -72 5 121 -10 123 -95 -99 -103 27 23 112 -50 69 -39 127 60 18 -77 -5 102 48 -3 -79 61 121 -35 -114 -57 -43 -6 -38 102 -49 3 -101 -83 -32 94 97 28 -58 -26 36 -97 -80 18 -20 9 -102 20 -113 88 -15 -25 86 3 79 -44 93 -100 122 -101 -27 -124 23 -28 15 -57 53 92 110 17 111 -80 37 102 -28 84 -37 -41 26 38 1 16 86 -126 85 -98 126 18 -55 -28 -64 92 -46 124 98 -126 -43 -6 48 -69 60 53 11 90 3 48 -49 -125 101 2 -118 -100 15 -50 -19 86 -15 17 -22 -41 13 -4 59 42 -30 3 -73 45 -80 -98 -106 106 102 43 36 106 8 -21 -84 27 -25 107 37 -44 -43 -124 52 -38 -30 -11 67 -99 90 -16 -48 111 62 81 -5 -27 -53 -88 -12 -87 -2 -45 -119 4 -27 34 -46 85 -28 56 108 87 70 -59 63 36 -85 -81 19 42 78 37 51 -81 -97 67 20 37 53 -30 -109 -120 36 -119 -29 114 84 -18 45 63 -60 122 103 97 89 20 -79 75 -56 25 -77 -72 31 -34 -114 13 100 46 -57 81 19 -6 -20 7 112 106 -52 89 27 -83 -45 -64 -19 -22 61 -94 113 112 99 81 121 3 64 85 118 -46 -112 -1 31 -125 -15 -108 -67 95 76 25 125 -121 6 -13 -41 57 -126 -70 -10 64 -92 70 43 72 127 55 -45 -26 121 53 -5 -34 -80 -106 48 101 -9 8 -20 88 -31 84 57 113 -94 72 -81 -34 85 -32 99 92 84 89 94 -1 -112 87 -9 -2 -27 29 117 58 74 121 113 85 108 120 -27 71 -37 -121 70 -120 -5 -40 124 -76 121 -71 74 95 95 2 105 -124 -65 110 127 -124 -101 -39 92 48 19 76 -53 73 83 -75 -110 117 1 -81 39 82 76 -15 -99 -105 -117 42 -67 -12 -110 10 53 102 74 56 69 26 32 120 17 -114 6 -107 64 -54 64 65 75 123 -70 83 -7 -37 109 26 25 -32 -119 49 28 84 -20 -51 -122 57 67 109 -29 27 46 56 74 -33 -118 7 69 -47 124 -38 -47 53 53 -54 28 95 91 121 33 107 89 118 -70 87 5 90 -62 -85 -56 42 -18 112 -38 -63 -95 105 -77 123 -90 38 -73 2 -39 79 49 97 42 45 14 26 54 87 -57 42 50 64 52 -43 109 -27 102 99 26 85 -22 -45 -55 13 -74 116 91 86 -56 -21 86 -86 -1 -100 -44 23 17 -40 -59 -41 40 60 -74 24 92 -11 92 -93 -16 111 112 -11 -81 -8 96 -19 -59 -51 92 -118 -73 -116 105 8 -8 -123 69 -113 118 39 121 -6 42 -80 36 -84 0 -2 93 -104 -67 -99 53 -98 13 111 -13 -47 -50 104 119 5 -91 -41 47 58 -3 -108 75 -106 74 -125 54 -120 120 38 -94 -17 -23 -10 52 -34 116 2 -75 48 -6 -125 37 118 -61 -126 86 95 39 14 -44 38 38 -96 37 103 -119 -120 -99 62 73 48 4 88 8 118 -71 -71 52 -62 -6 -88 -73 -11 52 -118 -69 27 -56 99 -42 23 -94 62 -50 102 124 -80 54 -26 56 2 46 -41 32 37 20 51 77 -109 2 -118 -44 -7 126 86 33 50 36 9 1 42 -99 -25 64 -28 -69 -107 91 -43 -126 -82 24 38 43 -60 67 -86 -61 124 0 72 46 -110 32 -118 121 -1 -86 11 18 -87 101 25 76 -21 116 -13 92 73 -120 -1 -71 -116 31 -99 -74 -63 48 93 -60 -28 -63 -58 11 -23 -123 -12 -73 125 -53 -20 -125 68 25 63 -108 20 41 37 111 -31 -19 -56 93 73 -124 -104 2 40 21 -60 -4 -108 -31 -115 33 -84 -27 -117 82 84 -47 43 -51 56 77 18 36 -7 38 -13 -29 -5 73 -74 8 117 -2 88 -75 22 114 -15 2 -83 6 -53 -66 -88 -76 74 -73 24 4 117 33 17 78 -101 74 93 -120 24 -65 -126 -16 71 77 111 -118 87 -4 -80 -98 70 -5 33 -37 112 -63 -69 -36 10 -116 34 3 122 52 88 94 40 42 71 96 -109 -1 18 60 -94 -89 -88 -112 53 92 -114 -90 -52 -91 -72 92 -114 -95 127 -54 115 -100 -3 126 88 59 81 11 65 -116 73 -39 59 -79 -74 -80 71 42 -62 -32 54 110 -93 0 -20 6 -32 32 97 -114 7 -28 -86 54 88 -54 -57 -37 95 -92 80 -74 109 -6 2 56 -26 6 55 -106 -70 113 51 68 -82 -25 108 -4 -85 -99 -52 -86 102 -124 -31 98 -58 24 -104 -56 -101 -89 59 -82 52 -103 101 114 76 -21 10 -38 -17 -5 85 -29 -20 91 67 74 -105 87 70 -73 112 105 -89 100 -61 14 -123 -29 -34 -36 -22 99 54 -116 -91 66 -124 69 64 110 28 -114 -56 52 -76 72 -31 107 69 -33 -19 -97 35 118 -29 -20 59 -76 -103 -101 -64 -59 101 100 -56 20 44 17 35 -103 14 23 -89 -80 24 -47 4 8 -56 -76 119 -10 -72 14 105 -48 55 -1 41 -79 -113 -76 102 13 22 -23 1 -125 51 19 -45 56 -101 42 119 -123 36 107 -88 39 99 114 2 -126 -104 -98 66 43 -127 -11 77 -116 -1 5 -55 -53 -89 -99 -108 32 106 -90 -107 52 -80 -43 50 -93 38 80 -42 67 40 98 -126 104 -113 105 52 -90 84 -47 -18 48 -120 -127 17 -87 125 76 102 -118 120 -34 -53 -70 10 -83 -50 -38 117 23 -25 -27 12 26 -45 45 -94 -112 -79 85 -54 58 89 120 -21 73 -61 114 122 126 20 95 73 40 32 59 4 -112 50 106 0 75 75 80 72 -53 8 19 77 0 75 30 -44 -18 -63 -12 -19 -53 -62 55 -87 126 9 -35 112 -70 49 44 76 122 -100 0 -65 109 -9 -42 -49 -6 -61 -59 -70 -9 106 29 93 98 105 21 -120 -105 115 -119 -2 -91 -98 91 71 -70 -126 -1 7 -58 -43 124 24 117 121 -69 112 100 83 -95 70 -34 -32 -115 106 52 127 -65 17 46 70 68 -6 -116 34 71 -29 54 66 59 39 -112 102 -57 48 102 99 -102 -117 -63 -117 115 -55 6 -126 70 -86 33 106 74 -70 -125 7 -114 -77 80 -36 31 -83 -100 40 51 -49 -86 1 -38 106 -77 12 -32 -3 68 -28 0 -115 121 -51 -60 40 6 -107 19 33 -68 -47 33 -72 48 -83 16 40 109 24 -84 -101 -101 29 116 -8 -57 -60 -52 125 81 -103 52 -102 -74 -56 -58 -118 83 9 125 63 -84 39 -115 7 -47 -58 -112 -116 56 120 -107 33 -30 -119 -39 -51 105 5 -24 11 20 92 49 -33 115 -95 68 22 -62 108 53 -8 -32 111 36 26 27 35 48 -18 102 30 -76 -77 -13 -93 -124 81 122 -85 68 71 -92 -17 -33 -37 66 50 24 4 -86 -50 89 96 68 -45 -61 -57 78 102 6 65 -113 -74 33 -21 60 -29 -112 46 106 93 -46 -37 37 -60 57 96 -5 109 52 19 125 78 -115 63 71 -104 105 105 32 -116 -9 -62 123 -36 93 123 115 -52 93 -49 -116 -87 40 75 76 -43 13 84 11 57 -37 -79 -111 -109 106 75 36 22 109 114 52 -47 -56 -108 100 -117 -86 -99 20 -83 116 31 -72 65 2 63 -95 -107 60 32 31 -6 -66 -121 -61 -64 -88 25 -94 63 -86 -97 20 65 -73 -27 59 -10 53 18 -27 -48 -68 125 44 62 12 -12 112 92 -88 -74 -112 -80 100 97 -88 -97 -55 -113 23 -101 -70 -63 27 -67 -15 60 -40 119 104 -73 -106 -99 102 0 20 69 116 -120 -31 -91 105 110 -33 -67 122 -123 33 -61 -80 30 6 3 -72 54 4 -98 -64 -87 -86 64 -44 5 -49 -71 5 108 27 -33 -90 -85 45 -111 53 108 2 26 -102 -92 107 -80 -121 77 39 -126 -111 31 106 -66 121 -11 116 81 26 -108 98 -26 -13 -32 -30 77 43 13 -110 -56 -71 2 -3 112 -41 -109 16 -100 -121 -34 67 -29 111 -2 89 127 87 12 -16 8 79 50 36 37 -53 34 -11 52 -83 -24 -59 -25 -27 -76 -19 -120 -65 46 110 -108 -26 95 -62 -29 -101 22 -37 -111 -48 -57 44 28 -46 100 74 -35 11 17 19 44 -1 -1 40 -79 -68 16 125 70 48 -50 -74 -107 114 -76 62 113 -10 63 43 -27 126 -52 28 -90 64 39 88 -88 -76 48 47 63 58 6 15 -36 47 -79 -92 96 122 63 -55 45 -33 31 73 -114 55 53 -7 19 61 -8 114 -92 -69 44 2 -12 62 21 64 -53 -107 29 -89 23 -89 62 87 72 -110 48 -49 43 11 -125 97 -21 -52 78 57 -117 -101 -54 -73 23 -117 52 24 49 -126 -16 -60 -123 -34 -120 -14 109 70 -57 90 63 43 -41 -67 40 41 -25 28 -44 -70 8 -104 12 64 0 53 76 11 71 -110 -57 -98 92 -112 58 -44 16 -51 -101 -22 -67 36 -44 -1 -74 -32 -21 61 3 -9 89 21 89 -83 68 -13 99 113 127 -120 -34 -63 64 -110 38 -69 -51 120 114 -45 92 89 83 54 -36 75 -95 -17 -65 72 -84 -37 -116 -97 -101 -57 -50 47 57 81 -112 -69 68 -52 31 64 -109 102 -122 28 -82 -114 -61 -92 -115 3 59 -101 16 31 -38 30 -103 14 13 78 61 56 125 -114 104 -114 -73 61 40 -56 -115 14 -7 0 -79 73 -73 -83 126 110 1 122 91 -51 -111 -76 31 125 -84 -127 87 39 -92 40 86 4 123 -87 -114 13 -47 33 -109 27 33 -88 -109 111 -70 -11 -32 88 -54 -7 -25 -59 -117 100 -58 47 -31 -63 -54 -77 0 29 -16 105 -39 -73 94 2 30 -120 64 -68 86 -105 -41 -113 110 45 21 88 52 -81 62 -53 106 98 -95 39 47 -71 76 17 50 -120 -43 110 20 -31 -101 10 35 -62 -103 -83 -32 -41 104 22 117 15 -25 -62 -77 -64 -68 30 -13 77 82 27 73 -29 25 27 -59 -23 8 113 -24 -29 -11 -85 117 -84 73 -107 -103 -106 112 -81 18 -112 24 40 -14 -69 -67 56 39 60 108 66 93 115 -123 0 -57 22 -122 -93 111 115 91 28 -100 -10 11 -109 -126 -120 19 -20 -26 -87 -59 117 -32 -51 -109 45 -10 -24 -107 -114 -121 64 123 -66 103 123 -95 67 -7 -102 -61 -78 -29 127 26 100 -106 -99 113 29 -104 67 110 26 -47 -93 -106 -50 -34 120 63 -21 -85 -14 -125 9 -100 -60 -80 40 -71 50 90 23 48 -80 -96 5 46 -80 75 -49 7 -25 -23 126 126 -40 46 62 112 102 -43 -119
1 1165 13
12 28 -11 -23 -39 -23 -24 35 -33 -3 31 5 14
96 0 127 1 127 2 -127 3 -127 4 -127 5 -127 6 -127 7 -127 8 -127 9 127 10 127 11 -127 12 127 13 127 14 127 15 -127 16 127 17 127 18 -127 19 127 20 -127 21 127 22 127 23 -127 24 127 25 127 26 112 27 127 28 -127 29 127 30 -127 31 127 32 127 33 -127 34 127 35 -127 36 127 37 127 38 -127 39 127 40 -127 41 127 42 127 43 27 44 127 45 127 46 -127 47 127 48 127 49 -127 50 127 51 -127 52 127 53 -127 54 -127 55 127 56 127 57 127 58 127 59 -127 60 127 61 127 62 127 63 -127 64 127 65 -127 66 127 67 -127 68 -127 69 127 70 -127 71 127 72 127 73 -127 74 -127 75 -127 76 3 77 127 78 127 79 127 80 -127 81 -127 82 -127 83 -127 84 -127 85 -127 86 127 87 127 88 -127 89 127 90 -127 91 -127 92 -81 93 127 94 127 95 -127
0 24 10 5 1 2 16 16 0 1 0 0
384 17 -81 -124 105 44 -77 77 7 -1 -103 12 47 -86 -31 98 -13 -44 63 53 -111 87 -104 89 -110 56 20 85 120 117 53 14 -54 -7 -87 -102 -54 29 -113 5 42 30 -95 120 29 63 -97 -127 120 -63 -98 -43 48 100 45 -104 45 -88 -36 30 37 66 -79 -25 -21 115 31 -100 84 -98 72 75 57 54 78 -104 -113 -80 55 -94 -19 57 85 53 -53 58 -7 53 -87 60 -22 -83 109 -53 -74 -21 -80 -112 -22 91 62 -44 -85 -18 100 57 -117 76 -7 -96 -105 77 -79 -35 28 -30 111 -18 -120 105 27 -84 -86 121 -10 -25 88 120 -99 -108 22 -53 92 -60 24 -53 -38 -82 -19 -50 23 -118 -53 -39 101 81 39 -36 -68 25 73 118 109 -107 -34 -16 64 6 43 45 104 37 -36 -79 -89 -106 44 -72 75 -97 123 -4 -7 -91 -4 113 -68 -47 122 38 -91 22 10 6 -15 42 -48 -112 -27 2 -12 116 -26 118 39 -53 -108 -79 -82 2 -27 -9 -91 42 90 -95 34 74 3 39 95 22 100 23 62 43 -116 99 84 42 -84 63 48 108 18 -117 -1 -97 45 -35 -107 -67 67 85 84 -35 40 38 -94 38 114 -106 114 76 -3 40 96 27 -21 77 88 -115 112 53 104 10 -35 120 -80 96 -95 -30 18 -109 67 97 48 83 5 -20 -59 -101 -38 -109 -88 -26 0 -48 98 65 -83 -50 -102 -27 127 53 -118 -3 108 124 -21 -71 103 58 -31 -58 16 -94 116 -118 88 -29 -57 -93 102 105 -51 112 -42 23 43 -20 68 6 -10 -39 58 1 -11 19 118 86 -36 -82 -42 99 -91 -23 -108 103 -79 -57 -118 48 19 -85 85 69 -58 -95 80 -22 91 -75 93 123 37 10 118 -83 25 -21 -44 -103 -72 -59 125 -96 25 98 -63 91 82 2 -72 50 105 -79 48 -124 -118 -76 57 -21 -56 34 -81 -60 17 -88 -19 46 40 -39 -76
1200 39 32 119 83 -73 91 -124 -93 -96 101 -38 -125 -67 -24 -73 -66 110 9 -51 -90 78 15 55 69 97 28 -42 -90 49 -51 -29 76 113 -125 84 -79 -73 117 29 20 -59 -6 -66 -103 -74 113 -67 -94 -79 -82 1 -26 110 92 35 30 -3 -119 43 -127 -43 -56 22 -32 102 126 -36 -5 -84 -102 47 -51 72 18 38 77 67 -59 -11 -20 76 -110 -125 -24 96 -72 44 -9 -113 -39 -31 -102 124 -14 80 48 -54 58 -38 126 -70 -75 -46 -82 -56 -44 86 67 -30 104 -26 124 -119 19 -44 -61 38 -37 80 66 -64 22 -55 -75 -49 -61 68 75 -23 12 31 -61 -107 -82 -71 -32 -122 122 -64 -112 -94 -61 -57 -5 -117 56 -49 -109 30 -63 -9 -36 -46 54 54 8 86 -93 37 -86 91 14 96 92 49 32 -52 -7 -105 63 -52 -114 -104 101 -20 33 93 66 86 42 2 62 28 -120 -5 -115 -8 -7 63 -116 14 122 -117 50 -84 -126 67 12 -37 58 68 46 23 -15 21 -14 108 98 -11 -42 -77 -50 88 -60 -75 -69 86 -103 -76 2 84 115 83 40 -125 -112 127 -85 7 107 -41 -123 88 106 -61 40 84 -3 111 112 -70 73 -99 75 23 116 -92 -78 40 -60 105 -115 -22 -67 -79 68 100 -18 -56 -70 -61 8 -13 -39 55 54 -100 96 28 67 -70 -32 5 -102 -98 115 57 80 -59 109 -40 80 -72 86 -39 -126 -118 14 -9 34 -10 -25 -92 55 -102 78 -104 22 -118 105 26 -78 -4 -122 117 -71 -74 38 67 21 -43 -4 111 42 90 117 103 99 -87 127 22 -81 117 -123 -29 110 -1 35 -33 73 117 -86 -72 -74 -10 -68 -83 -83 -56 9 29 -33 -52 -70 21 87 -121 -97 121 22 -29 42 61 66 -49 23 39 124 -36 125 111 8 5 -106 -71 104 6 63 -14 -46 -116 -108 -75 36 91 -97 126 122 110 -101 -60 116 96 -116 68 -9 20 -65 -55 -40 127 -51 -19 113 -35 28 -27 -106 -32 -55 98 -96 91 31 -44 -126 -80 92 37 -97 -42 -86 -8 102 -101 -65 -80 -62 -80 -79 -12 74 90 -124 15 -2 -25 -13 88 68 34 -13 10 36 114 49 73 123 -57 -16 7 -121 58 87 -13 71 18 -32 95 -120 -110 -29 69 -76 -2 61 1 -118 23 32 -20 110 19 -62 76 124 -71 103 -113 -73 -52 -8 125 124 -47 -3 32 -24 50 109 15 -17 -93 -122 120 -112 -72 51 -17 -62 -4 -34 -4 -54 -109 -116 42 59 107 88 25 -124 36 -101 -85 35 21 -17 63 33 65 52 104 -18 76 -17 -51 -59 28 91 -38 126 44 95 41 -94 7 -2 120 108 -38 -33 -97 -89 79 -103 45 -22 79 -18 66 79 19 56 53 31 -121 111 109 22 95 -99 -25 118 124 13 -59 -112 -120 -38 -87 73 -28 5 4 -7 -49 92 -122 -119 108 -31 7 -14 114 87 -34 -89 117 -104 82 -76 27 -90 -64 -102 100 -45 26 105 94 18 7 21 -8 108 -65 1 -118 116 74 119 -26 61 89 -92 -106 93 62 82 21 -52 -102 104 -41 -92 45 85 -124 -99 25 -57 -77 49 115 -40 73 -96 33 -17 20 -12 -56 -79 -37 21 94 -41 -28 7 -15 -13 -103 -51 69 -5 47 57 30 -114 -50 52 -63 54 60 -77 56 96 -78 65 30 -115 -91 -40 80 30 -110 79 -113 118 -98 -2 56 -86 -80 96 52 -53 -95 71 117 -124 -66 -119 -47 -12 -21 -46 46 0 -120 -55 34 -90 -31 28 -32 -12 48 121 84 27 120 115 -95 -80 -8 58 61 22 -40 -91 -65 109 -96 -106 -108 92 33 117 -59 63 -63 -45 106 116 106 25 -57 44 55 -8 103 -24 -70 71 -113 56 44 -87 -26 -49 -50 8 12 -95 10 -91 71 93 7 49 5 -41 79 -60 -15 82 -47 -69 -66 -71 27 61 -16 -52 12 89 -31 -119 -7 -49 -91 -76 -84 17 -41 -70 39 -97 -71 -82 5 69 -44 30 -27 -38 -6 -95 110 -113 0 -91 -19 -39 -89 -32 -2 80 -66 -120 8 90 -116 34 96 4 -68 83 -28 -21 -21 2 -5 95 56 35 11 68 34 -22 26 73 0 13 -80 127 33 53 11 94 108 26 28 54 100 -52 18 106 125 -83 -121 -84 82 -109 55 -8 -101 31 -62 43 17 -125 -87 -86 76 121 39 -21 -1 -8 -69 89 64 126 115 -56 21 31 -28 64 -12 -31 43 -75 127 -122 28 32 81 112 104 -20 84 88 82 -107 -42 -95 -73 12 56 -72 123 -76 -74 61 68 44 108 -93 -68 -78 25 24 -23 3 -68 -77 53 -118 44 -86 52 77 105 -3 -124 -90 12 51 111 48 -40 -67 -5 79 20 125 51 28 -92 84 18 -56 105 -32 44 127 -100 42 45 -72 101 -121 30 -106 11 121 -19 -4 -79 52 4 -25 92 61 -96 -47 -66 17 82 35 68 31 113 -20 -68 35 -62 -127 -50 -26 -111 -124 -103 -75 -87 117 -120 -44 -16 -78 88 -26 -89 95 -4 46 -53 34 -9 15 108 116 -92 91 -94 -119 -24 -111 -62 -11 95 -70 -113 84 56 -16 104 33 -11 29 91 -107 87 -48 -6 -53 -23 -41 -88 -45 34 44 113 -49 91 -101 -43 13 -54 -26 -121 -11 -85 -66 53 -8 -102 -77 44 -115 77 -34 -119 15 -109 -47 7 -113 124 23 -82 -105 98 83 107 -27 -30 18 21 -56 -15 102 -90 47 -127 113 12 71 81 -60 79 48 -47 -82 -67 -43 -45 67 125 62 10 62 2 54 -16 -22 8 60 -31 13 35 34 2 100 -26 -26 97 26 60 70 35 113 109 69 -47 47 -42 -36 80 54 115 9 -64 49 -124 -35 19 -52 -116 -96 -39 48 72 -40 103 -65 -9 39 -41 -100 -3 32 72 43 -72 82 45 -104 25 -1 -82 90 70 -111 -37 -87 -41 114 95 21 39 39 -53 52 35 -65 -8 88 102 73 8 -4 -71 125 90 66 -77 75 -93 -10 85 -26 -31 -4 2 68 -81 68 -95 -85 74 -14 42 -45 116 0 65 4 -110 -116 24 -60 123 84 -116 92
1 1581 12
10 -6 14 -30 39 -37 0 13 35 1 -39
160 0 127 1 127 2 0 3 0 4 0 5 127 6 0 7 0 8 127 9 0 10 0 11 127 12 0 13 0 14 0 15 0 16 0 17 0 18 0 19 127 20 0 21 127 22 0 23 0 24 127 25 0 26 0 27 0 28 0 29 0 30 0 31 127 32 127 33 0 34 0 35 0 36 127 37 0 38 127 39 127 40 127 41 0 42 127 43 0 44 0 45 127 46 127 47 127 48 127 49 0 50 0 51 0 52 127 53 0 54 0 55 127 56 0 57 0 58 127 59 0 60 127 61 0 62 0 63 127 64 0 65 0 66 0 67 127 68 0 69 0 70 127 71 0 72 0 73 0 74 127 75 0 76 0 77 127 78 127 79 127 80 0 81 127 82 127 83 0 84 127 85 0 86 127 87 0 88 127 89 0 90 0 91 127 92 127 93 0 94 127 95 127 96 0 97 127 98 0 99 0 100 127 101 0 102 0 103 127 104 127 105 0 106 127 107 127 108 127 109 0 110 0 111 0 112 127 113 0 114 127 115 127 116 0 117 127 118 0 119 127 120 0 121 127 122 127 123 0 124 127 125 0 126 127 127 127 128 0 129 0 130 0 131 127 132 0 133 127 134 0 135 0 136 0 137 0 138 0 139 0 140 127 141 127 142 0 143 0 144 127 145 0 146 127 147 0 148 0 149 0 150 0 151 127 152 127 153 127 154 127 155 0 156 127 157 0 158 0 159 127
2 8 8 1 2 0 32 16 0 1 0 7
256 88 48 -61 121 -7 -111 -95 -96 107 10 -126 65 -65 -95 -55 116 -127 -57 1 20 90 -45 5 94 -19 8 -20 30 -10 -84 26 125 -64 -99 103 57 -33 84 46 75 27 -112 -117 -16 -1 121 -101 -12 120 -51 -21 16 -54 -21 19 -6 38 70 -48 -116 -122 107 -81 92 119 83 110 73 69 -10 -36 19 -67 88 -41 -61 62 -124 -56 0 -23 36 -65 106 72 66 -24 -90 -94 114 -91 87 68 -98 10 -15 -42 22 104 94 35 -84 -31 -118 -20 -49 -45 11 -8 38 -55 64 96 -119 118 87 110 116 23 5 82 -63 91 103 -14 -1 -126 77 103 26 -108 109 6 104 -66 -26 48 -63 -82 -104 18 64 -101 14 52 112 -87 23 52 -17 -109 26 32 -89 -27 123 61 93 -3 62 -96 31 74 90 -83 32 -120 47 38 -97 -77 -87 64 15 105 -32 108 -94 -29 16 -54 -49 -56 -99 -58 5 -103 108 120 -123 -109 103 -115 80 -93 -31 7 103 -5 13 -10 -26 84 23 108 -83 -26 -60 -73 11 87 -126 31 52 51 -66 -13 15 -103 -67 78 2 28 39 -14 32 -105 7 -68 103 125 75 -123 -56 81 -51 69 11 -121 23 91 -89 -118 28 105 -30 114 126 -51 103 27 -37 -109 -125 -88 -87
64 54 -29 101 102 23 86 -103 26 -9 -67 -15 -107 98 49 -56 34 56 11 -24 -122 111 -82 82 -115 -88 -87 -68 58 111 -91 116 67 16 52 14 50 7 59 -107 -109 -9 -64 29 5 -29 -115 103 -14 -33 110 41 -66 -96 -68 0 -55 -57 38 107 23 79 -75 54 -12
1 469 11
8 -22 -37 -36 7 -40 9 -18 23
128 112 127 113 0 114 127 115 0 116 127 117 0 118 0 119 127 120 0 121 0 122 0 123 0 124 0 125 0 126 127 127 127 128 127 129 0 130 127 131 127 132 0 133 127 134 127 135 0 136 0 137 0 138 127 139 127 140 0 141 0 142 127 143 127 144 127 145 0 146 0 147 127 148 127 149 127 150 127 151 0 152 0 153 0 154 127 155 127 156 0 157 0 158 0 159 124 160 127 161 0 162 0 163 0 164 127 165 0 166 0 167 127 168 0 169 127 170 127 171 0 172 127 173 127 174 0 175 0 176 127 177 127 178 127 179 127 180 0 181 0 182 0 183 0 184 127 185 0 186 127 187 127 188 127 189 127 190 0 191 0 192 127 193 0 194 127 195 127 196 127 197 0 198 0 199 0 200 0 201 0 202 0 203 0 204 127 205 127 206 0 207 127 208 0 209 127 210 0 211 127 212 0 213 127 214 127 215 127 216 127 217 127 218 127 219 127 220 0 221 127 222 127 223 0 224 0 225 127 226 0 227 127 228 127 229 0 230 0 231 127 232 127 233 127 234 0 235 127 236 127 237 127 238 0 239 0
0 16 24 5 2 2 32 16 0 1 1 23
512 -59 -18 48 -64 60 -5 89 69 3 10 80 73 -30 -111 121 -103 -41 82 -111 -67 -124 101 17 -71 -40 5 -31 19 -14 -17 20 20 -35 27 -5 28 -63 -27 82 -102 -113 50 98 -58 0 97 -82 25 -54 42 39 -75 -89 18 120 124 31 -31 94 -82 101 -83 98 91 -96 -4 33 -64 93 -34 56 -94 -45 -73 28 -9 -126 100 27 66 108 -100 -27 -96 71 -62 -112 87 3 112 -121 92 -102 -84 -74 79 -94 -80 -119 -70 -115 17 55 18 -105 -18 37 96 -71 -83 -6 -87 -87 86 56 -124 -52 -23 -16 -23 -88 97 -122 7 12 47 -127 74 -114 -10 -61 -98 -100 13 -104 -7 -95 -86 -19 26 -106 -11 4 50 106 25 32 -85 -45 -8 75 -120 -91 36 -69 -99 24 67 55 31 42 -52 -81 115 110 65 62 -79 89 -56 -117 77 -83 -60 11 -83 69 -60 -2 -76 116 -71 65 -81 -108 -80 48 116 31 -11 84 -42 80 14 -102 79 107 -68 27 24 -62 87 95 -16 -126 4 -115 26 97 -61 5 -40 82 78 -89 31 118 46 42 -65 25 -49 -57 30 -88 -79 88 101 60 112 -125 -97 24 -121 50 -28 -69 -48 -100 -102 5 72 -35 111 109 2 86 108 98 120 -117 -61 123 78 -42 40 -46 -122 93 6 -81 -110 12 88 -6 -87 -96 64 -45 -59 -41 -76 39 3 -3 -124 120 -13 -103 -56 -3 -76 -101 4 71 -21 117 11 -53 -82 -101 111 33 -36 -97 1 -99 -80 -88 45 -40 0 -4 78 -84 126 -22 -53 41 -66 -122 -19 -54 -90 40 43 -76 67 -107 85 14 39 -47 62 -115 106 56 -101 52 122 -85 8 -117 83 -93 124 123 -67 75 -70 -30 -33 -43 -114 -22 86 -46 22 72 27 -32 6 94 44 -72 -48 -25 47 73 67 71 38 16 -75 104 127 -36 -80 -21 47 -94 113 124 -42 10 51 73 -11 122 -123 -79 -84 -104 69 13 -38 -50 68 -82 -78 -99 -2 57 124 -122 66 50 102 3 -101 49 -49 21 -88 30 -4 79 6 44 -15 -22 -124 -125 25 111 75 91 33 -112 15 89 85 40 54 -67 86 -64 105 -44 51 84 7 2 123 -66 -22 56 -78 -27 18 89 56 57 -33 89 -116 51 39 -83 34 -99 -66 24 27 -42 -123 60 34 -6 106 -117 60 -73 -109 84 2 40 124 -3 -45 -11 -90 109 -93 68 -101 -59 13 -68 84 -69 55 -26 15 79 118 20 32 48 71 56 -95 -49 -106 -19 -26 -38 53 36 44 31 105 105 73 -118 -92 74 -73 77 -61 120 -89
1920 7 37 126 33 -101 119 -52 92 -88 23 51 -49 32 65 66 -89 -110 73 115 -74 -28 45 -61 48 79 -87 52 -22 -2 108 -11 51 -102 -55 8 -97 58 -116 -41 -60 82 2 72 -28 -69 17 78 -62 -78 -14 11 -118 -83 87 107 -84 -23 -14 22 -34 -127 -6 -54 -11 7 91 50 -120 -85 -35 -113 11 29 76 -82 -61 -92 -42 -12 -57 -117 -8 18 93 60 -67 42 -111 -52 -64 100 6 -107 -67 28 -15 -105 33 1 14 92 38 58 33 85 -99 -16 -71 117 -96 -115 -67 16 -57 54 97 114 -10 -2 -85 45 89 64 -14 11 125 -88 -68 6 -3 -31 101 -59 60 80 76 81 -101 29 77 -118 109 119 -115 -109 37 23 -50 -34 26 -71 50 -51 54 117 -66 -108 -4 -4 88 -81 -86 54 -1 -14 85 -16 -10 -114 -66 56 -49 -105 -90 -51 -75 -4 -30 -43 11 115 126 104 -96 40 96 -29 52 -20 -61 90 -44 -115 74 -63 -64 -87 -100 32 -20 -112 112 -90 39 -116 62 17 6 7 -79 -57 107 -47 125 60 91 39 -31 44 -86 -34 -89 -98 66 -35 88 -88 -10 32 121 5 67 125 73 10 -61 71 95 -102 123 -74 -83 -87 37 5 124 6 83 -60 -104 52 104 -81 118 114 -123 16 -124 -104 37 5 22 -112 117 69 -69 -122 -114 -70 -54 -8 52 -18 50 -8 9 -11 -59 -47 28 50 17 9 73 -108 -32 2 -88 -96 30 -31 -85 56 -121 -47 27 -36 -17 79 -93 78 7 -58 -86 21 27 107 -104 -3 -45 -14 51 83 -79 -105 94 -111 -59 63 -24 -3 56 -35 93 -55 -60 -3 25 -66 -61 80 -81 -45 85 -56 41 -79 98 31 -57 15 64 -72 54 127 -41 36 3 57 -38 38 26 14 118 22 -56 -107 -117 25 -84 -74 109 44 -31 66 9 -112 -50 -84 -120 53 -120 119 -17 -90 74 95 -63 61 12 12 99 44 70 -90 -55 -50 59 -83 48 -64 -29 -94 -127 55 4 102 -46 126 -56 -77 114 -74 58 -111 126 -119 -26 38 18 17 61 -22 -71 -35 -78 -120 74 9 -117 -58 -91 56 -95 5 -29 -121 15 -82 -24 59 -104 70 -37 1 16 -17 -40 2 -8 -90 -5 -37 -114 -26 30 58 69 103 16 37 -98 -23 117 -4 73 29 -67 -2 120 -49 -36 -11 -98 121 -17 -59 -73 -32 87 -95 -7 35 -49 56 15 5 -24 -70 -45 -117 33 81 -7 45 -86 -112 87 -39 125 51 -61 103 104 93 50 29 60 -33 22 -97 98 125 95 27 120 -49 -53 -14 9 -101 30 -80 79 3 72 -111 29 14 90 41 84 -53 -5 34 -61 -42 -6 109 3 -28 -40 86 -39 -100 41 -7 8 116 63 43 -20 -123 -47 41 -121 75 117 -97 57 -71 -94 20 87 -25 -41 -37 91 -82 -38 63 106 93 75 -92 -85 29 -125 96 28 103 4 50 58 -35 -66 53 -126 -106 126 112 62 117 0 120 -14 -121 52 -77 75 -81 -68 79 10 18 -75 69 -110 -77 -47 -62 56 35 -56 -103 -99 88 106 -50 -52 79 64 122 -114 -113 96 110 47 -10 -44 87 -96 -24 50 39 -109 -34 -74 -55 22 -53 101 -124 21 71 -69 -113 13 105 49 -112 93 29 -78 -6 126 116 -125 -105 -31 -42 81 61 -37 -55 -67 23 -34 -77 -73 -85 -99 -39 -19 -67 -63 31 -28 -66 88 -31 -7 9 -37 99 -118 -41 -113 100 58 -54 30 30 14 78 9 12 25 -127 84 -90 15 13 -116 -91 109 67 105 -24 -88 -69 -37 41 64 48 -57 6 -94 -79 0 93 92 26 117 112 34 96 -127 24 121 -56 91 -51 -44 -81 -66 -67 32 19 3 -127 50 86 104 -40 78 -101 -14 24 -88 -115 61 -31 -98 -79 122 95 22 -48 35 -25 55 54 74 -81 -122 39 -37 -120 -12 -54 -54 -38 -44 107 104 -100 -71 63 79 -42 -103 119 11 79 -34 -26 -8 -23 -108 -91 50 107 -10 3 -61 107 16 -50 43 -22 63 -42 -33 11 -18 79 68 -57 77 -103 1 -27 95 -116 -9 110 -108 -81 -68 94 109 95 42 20 93 -23 -26 -108 -85 -97 37 11 37 -40 -86 -106 -118 118 76 -76 22 111 22 -20 109 108 1 97 63 -85 48 -117 120 41 46 -25 -126 45 -29 -4 -74 -76 -49 -44 101 43 -105 120 123 -97 -113 111 -82 49 -72 -56 63 88 -21 -73 -12 122 -71 105 100 31 66 -111 16 67 77 -72 -8 -9 58 -99 -67 90 78 -90 -32 -57 26 21 -108 -10 75 -29 69 115 -113 97 -73 -96 -61 36 -115 104 -84 20 123 -54 -95 -12 100 -113 44 -48 96 -108 -100 -114 56 23 -123 -40 -102 53 81 -94 -93 -74 125 52 74 -88 24 2 75 127 -118 -4 66 -74 -92 48 89 -36 -64 105 -91 -110 -111 112 37 -89 -27 -103 60 114 -79 -18 -123 -52 -102 84 23 -114 117 99 -33 21 -82 49 -38 123 -72 74 -10 -1 -82 -89 -98 -108 41 116 53 -31 -73 -70 14 97 -24 -114 -122 71 -97 69 48 -107 73 -23 111 -45 -114 61 32 15 83 46 -14 22 100 -9 32 107 -125 60 117 6 -23 -14 -34 -79 87 89 125 70 106 77 99 -20 0 -116 -84 86 32 -110 -58 49 -30 99 -73 -47 -17 66 -9 -64 92 41 -31 -127 61 -118 20 -66 75 47 50 64 17 -46 31 -117 93 34 -13 -79 120 30 89 93 56 19 -13 -16 -5 -82 -66 98 -75 -73 -123 82 -13 15 127 -92 94 -124 -4 79 -120 12 114 -59 91 66 56 -9 0 -6 23 -122 26 -13 115 112 -8 -107 -59 -122 44 24 58 53 -106 105 68 70 72 -98 -77 66 -16 30 -73 -58 115 40 43 -79 108 77 -103 -14 -27 29 -88 -108 103 35 -1 -7 60 28 61 17 80 5 -118 96 -107 -83 -29 10 38 25 122 53 -84 -36 -28 -103 20 -39 -20 50 25 104 54 -1 -64 -3 -48 0 125 111 102 104 -52 -77 -115 2 -99 -91 -34 -125 46 10 -46 -26 -18 -56 111 -77 116 -37 15 -83 -62 -27 65 80 0 111 11 29 39 -39 68 -94 99 31 35 -52 -107 98 -118 -99 -43 -105 71 -93 -114 -40 21 -79 -104 -83 36 -84 -104 -14 -48 -98 77 -1 103 109 -13 -33 7 -76 -25 33 100 3 88 80 -98 89 46 48 -25 -110 -99 -89 -55 90 44 0 -106 -90 -39 -68 92 30 23 -59 27 -4 -22 -13 95 12 -127 -87 69 51 -69 39 70 9 -120 -47 87 -117 33 -37 -71 24 115 106 41 76 -91 -49 -39 -43 55 -77 -39 127 -102 31 29 95 -105 61 84 54 75 -76 -104 68 -6 -34 47 -99 -15 -113 38 -34 35 -125 -51 -89 -73 22 47 45 15 109 -14 79 -123 11 -2 -44 -37 -21 -94 53 -103 76 -85 -97 -79 -33 -32 83 35 46 66 -102 -95 95 75 115 -92 -78 -46 -34 -113 110 50 97 109 -42 -39 87 -105 -27 -103 13 -51 86 -37 -97 44 -53 23 73 -123 96 23 -83 -84 -114 -29 1 -16 -83 32 116 93 -50 30 -121 -29 -60 -123 -18 46 -76 -99 109 -114 -74 97 2 -124 -33 -25 -103 -17 108 94 20 -114 -82 -105 77 104 -3 -80 -4 -88 -106 -24 78 62 -22 -89 102 107 126 -38 105 -86 19 29 5 -14 98 43 -51 -117 71 76 -79 -45 19 -67 103 -58 52 112 -38 -18 -121 13 -114 -39 -61 3 121 -28 70 80 123 30 -96 -67 9 85 65 -88 102 -19 -15 -39 21 67 -51 24 58 -35 24 71 58 -26 45 -40 54 112 1 99 50 6 -4 -119 -32 116 25 -56 92 -34 -33 -1 28 50 -96 -109 -38 -45 36 -118 -56 -40 -34 25 8 -57 -62 95 -58 -22 -7 -80 40 116 -120 -6 3 118 -108 116 -73 9 100 63 -96 -45 93 114 -97 -49 -105 -108 110 46 -63 78 78 -73 -41 -32 -42 -52 -68 122 18 -95 71 -73 82 94 63 96 -90 -27 116 21 -36 -20 39 15 28 105 46 -125 -44 35 63 18 45 -47 -9 -54 101 15 -99 -106 109 -50 -58 -41 -23 7 77 -15 73 44 -87 59 29 -46 124 -52 7 -93 -96 -60 -34 46 100 -32 15 9 2 59 -19 79 -69 86 -50 76 -15 -116 -51 52 -126 35 44 60 72 25 114 -107 -46 -18 92 30 118 -99 -51 -116 24 -67 -49 126 78 123 101 98 -14 -44 29 -118 80 75 59 88 115 91 -55 117 -108 -62 101 100 10 125 71 84 49 39 -103 34 104 -96 -73 -117 76 -115 -94 54 -84 64 -45 73 -120 22 -58 38 99 -77 110 58 50 121 -95 -24 119 61 -54 -14 -106 -61 106 41 72 -101 91 -45 -30 124 -18 80 -36 -21 108 -122 -26 119 53 3 -62 10 -90 -93 120 -118 -117 37 100 88 126 -38 -9 -72 115 -69 106 -6 31 -112 -18 25 -126 -10 -77 31 -26 25 -79 84 63 -46 32 -55 32 104 -78 -70 70 -8 -29 103 118 -21 55 -8 120 -58 -72 -107 -34 -68 45 -127 19 91 -64 121 24 54 104 106 -108 12 -119 -9 -93 -123 -109 80 7 78 35 37 -79 -113 -24 86 -70 -28 -94 -93 -69 -95 -36 -32 98 -108 103 -70 21 28 6 -124 -36 22 -72 -23 -80 104 100 -104 -16 -36 -25 -92 94 -45 61 -28 116 77 -79 -125 -2 120 35 -3 -27 -76 79 12 -62 104 -44 -99 -116 -76 52 -86 -90 -42 51 -101 51 -96 -119 -7 107 20 -76 -16 100 -105 -72 115 -121 116 51 123 25 -93 94 -77 124 87 -26 98 -17 24 31 -73 -119 -69 45 -121 -5 57 -78 1 -64 25 -101 46 25 -91 -117 19 -16 -98 59 55 13 102 2 34 -123 117 35 -87
24 387 11 259 10 1355 12 43 10 1999 13 589 11 855 14 1093 13 919 12 1041 13 1649 13 1923 13 671 11 443 11 253 10 151 10 1707 13 1479 12 1425 12 1125 12 391 10 575 11 757 12 721 11
24 40 -10 28 -37 -12 -11 20 27 5 -13 -23 26 16 35 37 30 -7 2 -25 -20 -29 9 -11 15
384 368 0 369 0 370 0 371 0 372 0 373 0 374 0 375 127 376 127 377 0 378 127 379 0 380 127 381 127 382 127 383 0 384 127 385 127 386 0 387 0 388 127 389 0 390 127 391 0 392 127 393 127 394 127 395 0 396 127 397 0 398 127 399 0 400 127 401 0 402 0 403 0 404 127 405 127 406 127 407 0 408 0 409 127 410 127 411 0 412 127 413 0 414 102 415 0 416 127 417 0 418 127 419 0 420 127 421 0 422 127 423 0 424 0 425 127 426 127 427 127 428 0 429 0 430 0 431 127 432 127 433 0 434 0 435 0 436 127 437 0 438 127 439 0 440 127 441 127 442 127 443 0 444 0 445 0 446 0 447 127 448 127 449 127 450 127 451 127 452 127 453 0 454 127 455 127 456 127 457 127 458 0 459 0 460 0 461 0 462 127 463 127 464 0 465 127 466 0 467 0 468 127 469 127 470 0 471 0 472 127 473 0 474 127 475 127 476 127 477 127 478 0 479 0 480 127 481 127 482 127 483 0 484 0 485 0 486 127 487 127 488 127 489 127 490 0 491 0 492 0 493 0 494 127 495 0 496 0 497 127 498 127 499 0 500 127 501 0 502 127 503 127 504 0 505 0 506 127 507 0 508 127 509 127 510 0 511 127 512 127 513 0 514 0 515 0 516 0 517 127 518 0 519 127 520 0 521 0 522 0 523 127 524 127 525 0 526 0 527 0 528 127 529 0 530 127 531 127 532 0 533 127 534 0 535 127 536 0 537 127 538 127 539 0 540 0 541 0 542 0 543 0 544 127 545 127 546 0 547 0 548 127 549 0 550 0 551 127 552 127 553 127 554 127 555 127 556 127 557 127 558 127 559 127 560 127 561 127 562 127 563 0 564 127 565 0 566 0 567 0 568 127 569 127 570 0 571 127 572 127 573 0 574 0 575 0 576 127 577 0 578 0 579 0 580 0 581 0 582 127 583 0 584 127 585 127 586 0 587 0 588 0 589 127 590 0 591 127 592 127 593 0 594 0 595 127 596 127 597 0 598 0 599 0 600 127 601 127 602 0 603 0 604 127 605 127 606 127 607 0 608 127 609 127 610 127 611 127 612 0 613 0 614 127 615 127 616 0 617 0 618 127 619 0 620 127 621 127 622 127 623 127 624 0 625 0 626 127 627 0 628 0 629 127 630 0 631 127 632 127 633 127 634 127 635 127 636 127 637 0 638 0 639 127 640 0 641 127 642 127 643 127 644 0 645 0 646 0 647 127 648 0 649 127 650 0 651 0 652 0 653 0 654 127 655 127 656 127 657 0 658 0 659 0 660 127 661 127 662 0 663 0 664 127 665 0 666 127 667 0 668 127 669 127 670 127 671 127 672 127 673 0 674 0 675 0 676 0 677 0 678 127 679 0 680 0 681 127 682 0 683 0 684 0 685 127 686 127 687 127 688 0 689 127 690 127 691 0 692 127 693 127 694 127 695 127 696 0 697 127 698 127 699 0 700 127 701 0 702 127 703 127 704 0 705 0 706 127 707 0 708 127 709 78 710 127 711 0 712 0 713 0 714 0 715 0 716 127 717 127 718 127 719 127 720 127 721 127 722 127 723 0 724 115 725 0 726 127 727 127 728 0 729 127 730 0 731 0 732 127 733 0 734 127 735 127 736 0 737 127 738 0 739 0 740 127 741 127 742 0 743 0 744 127 745 127 746 127 747 0 748 127 749 0 750 0 751 0
0 3 5 3 2 0 4 1 0 0 0 0
12 20 -42 71 -12 -93 -87 -9 -40 61 -115 -38 -17
45 68 74 -111 61 104 -74 -92 -15 54 14 29 83 -78 -24 15 28 28 -53 4 122 113 -48 -25 -13 57 60 -93 123 4 106 40 96 99 65 86 23 64 107 -52 -30 -84 -54 81 -54 112
1 681 11
5 38 -35 26 4 8
5 0 -127 1 127 2 -127 3 127 4 -127
0 30 10 3 1 0 16 14 0 0 1 17
480 94 -70 -4 61 -101 -4 -108 -7 -120 63 -45 58 41 -47 -34 65 76 -10 -74 40 -14 53 -81 98 -120 104 42 -4 53 126 -117 54 84 27 40 50 101 -33 -107 104 -84 11 -108 126 -56 -19 -26 10 -62 -115 56 -23 30 12 -46 33 -49 -13 58 19 34 -15 67 -93 -32 47 -67 -45 125 27 -123 74 69 -75 -108 16 -47 -75 36 -37 -21 -32 -127 22 16 -12 -126 65 57 113 -52 -33 35 -58 28 -1 34 50 -109 82 125 78 -71 67 15 -38 9 2 86 3 -91 87 -103 -14 48 -109 -115 51 73 106 27 36 -68 -37 -54 89 -92 62 85 28 26 82 119 -126 -12 -110 25 3 48 -40 90 -68 -22 -55 -127 -125 52 -92 -35 45 -45 -5 97 -89 -42 18 96 -125 97 111 53 -78 -47 38 89 126 -84 101 -15 11 -111 62 -72 -114 -9 112 70 56 80 -111 83 72 -60 83 -23 120 -99 49 -82 -12 1 27 -44 -39 -12 44 84 -69 -14 10 45 118 89 14 -68 -38 -117 18 -58 -17 120 -119 -86 37 -117 50 111 68 -111 -66 -23 13 94 -29 -69 -108 -113 -72 -121 -89 116 5 -123 -82 -53 -50 -23 -18 9 81 -32 -110 -51 90 -16 -79 69 -106 4 -11 -45 -54 -7 -54 61 -61 -17 -60 -79 -5 -110 112 -103 58 -5 46 -11 96 54 -20 95 -127 -31 14 -67 -42 -125 -53 1 -22 -92 64 -89 -102 14 119 35 -120 -62 -47 -51 30 99 -122 0 -74 8 -83 85 64 95 83 97 -3 -109 42 -4 -116 -47 -80 -109 -74 27 -28 -127 -43 -2 -26 3 -17 -36 -62 -26 3 -22 -98 -36 77 -122 -125 -96 37 103 -74 -40 6 -110 -116 9 -96 -117 -24 -86 -113 59 110 1 44 -14 120 10 5 58 112 3 -124 36 -76 8 -107 -116 110 3 -72 -64 26 60 -76 -124 70 115 -43 -75 -64 -26 -41 32 -43 -36 -105 37 98 -45 -81 -44 -116 -25 122 -9 96 -8 121 74 -117 -52 28 88 98 -27 42 -118 -75 78 87 -88 -71 -70 61 -106 -69 106 86 77 19 -62 -123 72 5 -96 -96 7 -108 -47 -10 -94 100 19 84 120 -61 -43 72 60 -50 10 -55 -60 -88 76 -111 52 -79 18 117 83 60 -85 57 84 -57 -71 -41 -73 96 93 -83 -81 62 -118 -63 62 40 -34 -86 105 -85 -63 -58 -83 16 -53 126 -120 -30 -85 -67 123 3 8 78
900 -83 -13 42 -15 63 -126 78 -119 46 50 -11 26 117 -37 18 -54 -98 -67 -53 -87 -49 -116 -88 7 -17 -47 106 -24 31 -29 53 -124 -63 122 -35 -108 76 -52 -78 -79 25 48 -48 115 28 -120 16 -46 96 -107 11 11 -87 13 21 122 -125 -53 17 -93 108 -64 -74 107 122 32 -62 61 94 93 -83 104 -77 23 56 69 -29 46 84 10 61 72 91 -126 -41 -111 -70 -53 46 -4 62 98 -76 66 -23 -80 -90 -72 -10 83 48 -82 5 36 -67 19 -60 -20 104 -3 10 -39 94 112 -108 -38 82 -40 -77 -10 -13 -8 77 37 -60 -9 61 -63 87 78 -55 -41 -90 -93 93 -29 -97 43 -25 -70 -119 42 -9 49 95 -125 -37 100 109 84 -38 -85 -66 -82 26 -82 -122 37 -101 97 -8 -29 -114 -4 41 88 -91 -27 -63 -24 -113 -87 102 -84 -119 21 -57 61 93 -125 -18 -12 -54 -52 -119 59 -124 -21 -24 -105 69 -106 107 -126 46 -64 54 -53 2 103 20 -116 44 -85 106 -13 84 92 -54 13 79 94 64 65 -115 -33 -76 124 124 71 81 119 -38 -89 120 -103 110 -36 -80 -84 -42 -9 29 -110 58 -10 -12 5 -30 -94 -17 34 88 -59 32 70 -32 42 -40 9 -55 -64 113 54 -13 -27 108 -24 -68 -119 68 31 -99 -30 -67 -17 88 65 36 -58 -122 78 84 37 -40 -7 -25 -14 53 124 -39 -87 43 103 -17 93 37 -49 34 108 71 38 -56 67 66 73 14 95 13 -88 -117 107 -81 7 -84 11 -12 -51 108 20 -98 12 99 90 -36 99 -13 26 -12 54 14 -89 -95 20 114 6 37 -77 15 20 -41 93 37 -62 -85 68 33 -63 107 109 114 3 108 -1 -88 114 -30 -1 82 14 -126 -71 -102 -55 16 -70 -38 20 82 93 -51 75 27 28 80 122 -63 -104 60 -74 -95 20 -24 4 63 19 94 -8 -104 -2 -97 -70 -12 -31 -53 -82 113 -92 98 -102 17 -40 61 -7 87 -64 10 -80 -34 -43 -85 20 30 -78 77 89 -79 34 -43 68 80 126 -114 -37 -28 99 24 -92 -18 -54 -29 -15 84 -87 -108 -26 -14 32 21 -56 38 78 -101 -92 -50 -54 -23 7 -74 54 34 -89 105 116 -54 87 2 -57 -76 -19 18 113 72 -119 88 -110 -39 -16 49 -37 71 -24 -81 63 -43 -47 -56 -86 89 -1 -110 59 41 80 -104 20 72 -37 -79 107 118 54 -15 36 -114 81 -51 -17 -40 82 -35 -123 105 -77 -113 61 120 -24 -59 -45 -95 -19 41 -124 -18 -127 90 106 121 -69 125 -58 -4 -1 112 -48 77 -43 5 -43 -85 -62 -8 -61 97 95 -33 89 -34 -10 109 91 -26 -13 93 -34 100 104 91 -26 -64 -105 36 -67 101 -109 -65 29 90 112 80 64 -47 101 35 1 14 -42 64 28 -59 25 -85 -84 -60 -48 108 -88 -77 32 98 -127 -64 71 4 73 90 47 116 77 10 -91 -112 62 -98 58 -33 -121 80 -22 16 -126 1 -17 84 15 -88 3 66 -61 74 -22 -93 106 -46 -87 -50 90 -102 27 -119 -34 122 -115 -93 100 68 54 -24 79 -96 -26 -99 -106 105 86 -26 24 -4 -34 -109 -60 53 -74 -35 32 78 37 58 -82 -13 -20 -35 25 -122 39 70 27 -72 -101 -4 -26 7 -77 39 -127 -32 -118 100 -84 -16 52 -84 -96 -120 108 74 100 25 59 -81 57 119 5 -42 -112 75 79 7 -3 -48 -80 30 -9 28 66 -26 65 105 -18 -66 -28 -117 -35 -71 -109 108 -48 61 90 -48 -24 100 45 -98 121 -63 124 109 94 47 114 36 84 -36 -126 -92 86 99 -109 -23 22 -98 26 -73 109 -109 87 49 -95 22 -83 27 71 -32 -61 98 -59 -19 45 45 -16 -71 -6 -83 77 -42 85 91 -112 0 -31 -42 11 37 86 96 119 -23 -80 80 84 -27 -37 -76 -73 12 54 15 102 -80 59 37 85 3 -12 65 -49 -75 -30 -49 64 43 65 29 -89 73 68 -39 90 -36 -25 102 110 -102 -85 -2 58 -118 115 -103 -4 73 109 -65 -29 63 33 -110 -76 -116 -66 73 -53 109 -124 -55 -61 -20 100 -53 16 37 -107 100 12 10 -63 -30 33 46 9 -104 -70 -46 -11 -24 123 91 78 -74 -85 92 110 -106 -60 -67 0 -102 -94 -112 122 100 -7 30 97 27 -123 -13 2 -50 -3 -113 108 -26 -99 -24 -77 81 -125 -126 81 -35 -49 7 5 -26 -118 -56 79 87 45 -65 8 66 -32 -114 21 77 -17 -17 -121 -100 40 -88 -114 58 -118 86 108
10 1137 16 1167 12 885 13 2015 13 1261 14 1447 12 1535 14 1689 13 635 12 1607 12
10 23 14 -31 -25 36 29 24 14 34 13
140 238 127 239 127 240 106 241 127 242 127 243 23 244 127 245 -107 246 -127 247 127 248 -99 249 127 250 -24 251 127 252 127 253 127 254 -127 255 -127 256 127 257 127 258 127 259 -127 260 127 261 -127 262 127 263 127 264 127 265 -127 266 127 267 127 268 -127 269 -127 270 127 271 -127 272 127 273 -127 274 127 275 127 276 -127 277 127 278 -127 279 -127 280 -127 281 -127 282 -127 283 127 284 127 285 -127 286 -127 287 127 288 127 289 -127 290 -127 291 127 292 127 293 -117 294 127 295 -127 296 127 297 127 298 127 299 -127 300 127 301 -127 302 -127 303 -127 304 -127 305 -69 306 127 307 -127 308 -127 309 127 310 -127 311 127 312 127 313 127 314 -127 315 127 316 127 317 -127 318 127 319 -127 320 -127 321 127 322 -127 323 127 324 127 325 -127 326 -127 327 -127 328 -127 329 -127 330 127 331 127 332 127 333 -127 334 127 335 -127 336 -127 337 127 338 -127 339 127 340 -127 341 -127 342 127 343 -127 344 -127 345 -127 346 127 347 -127 348 127 349 127 350 -127 351 127 352 127 353 127 354 -127 355 -127 356 127 357 127 358 -127 359 -127 360 -127 361 127 362 -127 363 -127 364 -127 365 127 366 127 367 -127 368 127 369 -127 370 -127 371 -127 372 -127 373 127 374 -127 375 127 376 127 377 -127
1 24 24 3 1 0 32 30 1 1 0 0
768 -14 -94 -20 118 -93 100 -40 79 -91 -100 123 -6 -115 -17 64 -96 48 -60 86 -50 -9 77 -50 109 62 -71 -10 79 76 -82 -14 70 -47 125 -90 -93 -111 13 6 56 -38 117 -102 103 31 -97 117 27 -121 -57 25 -126 -118 107 -40 40 -92 -37 -114 -122 58 74 -126 -100 0 0 92 123 -2 -27 -89 88 -92 93 5 19 -3 0 121 -72 103 -51 94 -57 67 -13 47 9 -68 5 76 -121 19 -108 51 6 -83 -4 -30 -1 4 5 52 108 86 58 -102 -38 -45 104 -40 29 41 -17 75 35 -91 -41 99 -103 -108 -44 -117 34 97 117 -54 116 106 -2 61 -14 20 -75 16 101 -101 95 -57 -47 78 123 65 -87 9 99 -85 58 -123 -55 -16 -76 49 73 60 58 -123 -89 -120 -40 -71 -30 -11 58 -35 42 -17 15 -93 -14 -73 -83 77 -96 -115 17 18 82 -57 -25 -10 -14 104 49 4 53 102 94 -126 97 -91 20 50 -19 -27 116 11 44 -58 59 38 26 -107 56 -38 27 -8 106 105 -106 -7 -99 70 49 -81 -119 23 93 -42 -86 91 24 74 72 57 13 -93 44 107 -121 48 -114 102 16 59 85 -98 -66 -78 -18 -73 111 -14 -17 -126 93 -103 -73 78 38 43 57 -96 -115 -103 20 -113 117 -31 41 -23 62 5 109 -125 -76 72 -51 10 -5 107 -106 126 -28 -47 -83 40 -20 8 -3 -72 15 -65 15 28 -124 -83 -108 98 -53 -35 -57 115 109 84 63 55 -89 -20 -27 57 60 102 107 124 -80 -58 126 85 -59 98 -117 72 117 38 7 -36 62 112 -114 4 80 36 -101 127 60 -42 -70 -126 72 115 35 -99 -97 36 -95 72 78 88 -65 117 -55 29 23 70 83 61 111 30 -54 96 -63 127 -15 -41 -32 -68 110 -107 47 -63 67 42 -46 -49 -43 -127 -115 10 25 46 -45 -71 82 -9 112 48 80 88 59 -9 66 74 59 -52 -53 -100 -46 -8 -117 -47 63 -75 37 124 -120 -125 -37 -37 -36 -44 -58 -35 -95 72 -59 28 86 -88 77 -84 -99 55 120 -44 -32 117 -109 -24 65 68 3 38 -89 -15 -49 118 37 -109 78 -82 -47 122 -42 67 -25 -62 88 -7 -116 48 120 -96 86 45 -31 -40 -15 76 98 -94 -15 -65 -114 68 -19 -56 51 93 -35 -125 -47 -59 79 56 -19 114 112 40 57 -30 -40 -88 44 75 -18 16 116 10 -1 108 97 122 125 30 -122 77 86 94 116 99 63 44 98 -81 -30 59 55 -125 -6 8 -18 31 -12 -68 -72 54 -11 -17 -10 -72 -46 104 -45 43 -69 72 -105 68 -28 126 -55 41 -65 -90 -21 -75 25 68 83 79 -85 -34 -105 5 30 -117 -18 -124 -68 98 85 -4 -25 5 74 -122 118 103 -59 79 -73 -106 -47 -84 -20 -117 -49 69 -92 -24 -82 90 -72 27 -48 97 16 33 -64 25 2 64 11 -29 83 -99 -18 59 -52 1 -108 -80 -5 10 97 100 -109 -124 -9 62 -56 123 -50 -113 34 48 66 73 78 120 -114 18 -55 -124 96 86 91 -59 110 116 95 -123 -24 -20 -99 66 -94 66 -77 -56 -5 -98 24 -86 -90 -2 -96 62 0 62 53 124 17 30 -105 23 -38 118 28 92 124 -67 20 113 9 101 -95 -37 12 -17 -38 12 98 106 -58 96 106 -22 65 48 57 -74 -29 -39 -46 -90 -35 -12 -108 -47 112 -82 33 11 -56 -120 79 -18 -86 -91 49 -27 -68 60 -106 79 89 -8 -67 103 -28 93 65 7 38 48 -9 -40 -119 52 -13 62 108 29 -71 -29 30 -66 -61 -16 -38 35 -61 64 105 4 -126 99 -14 50 -85 70 20 -66 116 107 31 79 69 94 127 -55 -98 17 -75 -38 126 112 10 -49 -97 32 106 -19 50 -127 43 -29 122 -80 63 -97 -43 17 -113 9 -51 -28 21 87 -12 125 -41 -123 91 -23 -99
72 36 -54 29 -51 64 57 -3 -27 120 106 -47 0 15 -41 -126 -102 98 -107 42 -17 67 -67 62 101 23 -29 -49 -84 102 0 75 16 -115 126 68 -116 11 -43 55 36 119 -26 -83 -59 74 -75 -120 -114 -98 -68 -16 -48 66 53 -1 -88 -46 36 -16 33 23 12 97 -61 -89 -59 59 -17 -10 -80 -100 26
1 1595 13
24 39 23 -26 -4 -31 -16 20 -39 38 14 -3 23 -10 11 -24 29 28 -16 23 -18 40 36 -26 -31
720 0 0 1 0 2 127 3 0 4 127 5 0 6 127 7 127 8 0 9 3 10 127 11 0 12 0 13 127 14 0 15 127 16 0 17 127 18 127 19 0 20 127 21 0 22 0 23 127 24 127 25 0 26 0 27 127 28 127 29 0 30 127 31 127 32 127 33 127 34 127 35 0 36 127 37 0 38 127 39 0 40 103 41 49 42 0 43 25 44 127 45 127 46 127 47 127 48 127 49 127 50 127 51 0 52 127 53 127 54 127 55 127 56 127 57 0 58 127 59 127 60 0 61 0 62 0 63 127 64 127 65 127 66 0 67 127 68 0 69 127 70 0 71 110 72 0 73 0 74 127 75 0 76 127 77 0 78 127 79 0 80 127 81 0 82 127 83 127 84 0 85 0 86 127 87 0 88 127 89 0 90 127 91 127 92 127 93 0 94 0 95 0 96 0 97 0 98 0 99 127 100 127 101 127 102 0 103 0 104 0 105 0 106 0 107 0 108 0 109 127 110 127 111 0 112 127 113 127 114 127 115 127 116 0 117 0 118 0 119 0 120 127 121 127 122 127 123 0 124 0 125 127 126 127 127 127 128 0 129 0 130 0 131 127 132 127 133 127 134 0 135 127 136 127 137 127 138 0 139 0 140 0 141 0 142 0 143 127 144 127 145 127 146 127 147 0 148 0 149 0 150 0 151 127 152 0 153 127 154 0 155 127 156 0 157 6 158 0 159 0 160 0 161 0 162 0 163 0 164 0 165 127 166 0 167 127 168 0 169 0 170 127 171 127 172 127 173 127 174 127 175 127 176 0 177 127 178 0 179 127 180 0 181 0 182 127 183 104 184 127 185 0 186 127 187 127 188 127 189 0 190 127 191 0 192 127 193 0 194 127 195 127 196 0 197 0 198 0 199 127 200 127 201 0 202 0 203 127 204 127 205 0 206 0 207 127 208 127 209 127 210 127 211 0 212 0 213 127 214 0 215 127 216 0 217 127 218 0 219 0 220 127 221 127 222 127 223 127 224 127 225 0 226 127 227 0 228 127 229 0 230 127 231 127 232 0 233 0 234 0 235 0 236 127 237 127 238 127 239 0 240 0 241 127 242 0 243 127 244 0 245 127 246 0 247 127 248 0 249 0 250 127 251 0 252 0 253 0 254 127 255 0 256 127 257 127 258 127 259 0 260 127 261 0 262 127 263 127 264 0 265 127 266 0 267 127 268 127 269 0 270 127 271 0 272 0 273 127 274 127 275 127 276 127 277 127 278 0 279 0 280 0 281 127 282 127 283 127 284 127 285 127 286 127 287 0 288 127 289 127 290 127 291 127 292 0 293 127 294 127 295 127 296 127 297 0 298 127 299 127 300 127 301 56 302 0 303 127 304 0 305 0 306 0 307 0 308 127 309 127 310 0 311 0 312 0 313 127 314 0 315 127 316 97 317 127 318 0 319 127 320 0 321 127 322 0 323 127 324 127 325 0 326 127 327 0 328 0 329 127 330 98 331 127 332 127 333 127 334 0 335 127 336 0 337 127 338 0 339 0 340 127 341 127 342 127 343 127 344 127 345 0 346 0 347 0 348 127 349 127 350 0 351 127 352 0 353 0 354 0 355 0 356 0 357 127 358 0 359 0 360 0 361 0 362 0 363 0 364 0 365 0 366 0 367 127 368 127 369 0 370 0 371 0 372 0 373 0 374 0 375 0 376 0 377 0 378 7 379 0 380 127 381 127 382 0 383 127 384 0 385 0 386 0 387 127 388 127 389 103 390 0 391 127 392 0 393 0 394 0 395 0 396 127 397 127 398 127 399 0 400 0 401 127 402 37 403 0 404 127 405 0 406 0 407 0 408 0 409 127 410 0 411 0 412 127 413 127 414 0 415 58 416 127 417 0 418 0 419 127 420 0 421 0 422 127 423 0 424 127 425 127 426 0 427 127 428 127 429 0 430 0 431 0 432 127 433 127 434 127 435 0 436 127 437 127 438 0 439 0 440 0 441 0 442 0 443 127 444 127 445 0 446 0 447 127 448 127 449 0 450 0 451 0 452 0 453 0 454 0 455 127 456 0 457 0 458 0 459 0 460 0 461 0 462 127 463 0 464 127 465 127 466 127 467 0 468 127 469 127 470 0 471 127 472 127 473 127 474 127 475 127 476 0 477 127 478 127 479 127 480 127 481 127 482 0 483 127 484 0 485 85 486 0 487 127 488 127 489 127 490 127 491 0 492 0 493 0 494 0 495 127 496 127 497 127 498 127 499 0 500 0 501 0 502 127 503 0 504 0 505 0 506 0 507 0 508 127 509 127 510 127 511 0 512 127 513 0 514 0 515 127 516 0 517 127 518 127 519 127 520 127 521 127 522 127 523 127 524 0 525 127 526 0 527 127 528 0 529 127 530 0 531 127 532 0 533 127 534 0 535 127 536 0 537 0 538 0 539 0 540 127 541 0 542 127 543 0 544 127 545 127 546 0 547 127 548 0 549 0 550 127 551 127 552 0 553 0 554 127 555 0 556 127 557 127 558 0 559 127 560 127 561 127 562 127 563 0 564 127 565 0 566 0 567 127 568 0 569 127 570 0 571 0 572 0 573 127 574 127 575 127 576 127 577 0 578 127 579 0 580 127 581 127 582 127 583 127 584 127 585 127 586 127 587 127 588 127 589 0 590 0 591 0 592 0 593 0 594 0 595 0 596 127 597 127 598 0 599 0 600 127 601 127 602 0 603 127 604 127 605 127 606 61 607 0 608 0 609 26 610 0 611 0 612 127 613 127 614 127 615 127 616 127 617 127 618 127 619 127 620 127 621 0 622 0 623 0 624 0 625 0 626 0 627 0 628 0 629 0 630 127 631 127 632 127 633 127 634 127 635 127 636 127 637 127 638 127 639 127 640 127 641 127 642 0 643 0 644 0 645 35 646 0 647 0 648 0 649 0 650 0 651 0 652 0 653 0 654 127 655 127 656 127 657 127 658 0 659 0 660 127 661 0 662 127 663 127 664 127 665 127 666 0 667 0 668 127 669 0 670 0 671 127 672 127 673 0 674 127 675 127 676 127 677 0 678 127 679 0 680 0 681 0 682 0 683 0 684 0 685 0 686 0 687 127 688 127 689 0 690 0 691 11 692 127 693 127 694 127 695 0 696 0 697 127 698 0 699 127 700 0 701 127 702 0 703 127 704 0 705 127 706 0 707 0 708 127 709 0 710 127 711 0 712 0 713 0 714 127 715 0 716 127 717 127 718 0 719 127
0 12 5 5 2 2 16 8 0 0 0 0
192 -28 81 -26 120 80 126 -84 0 123 111 -64 109 -25 37 -46 -31 117 68 83 -93 -96 -4 -16 -44 100 -11 -106 60 49 -8 -121 92 -16 -9 -45 17 122 1 117 74 120 126 99 16 40 -113 56 22 113 91 -105 -96 29 65 -126 -1 -45 104 -93 -79 -90 38 -5 40 29 -62 53 33 -56 -123 -105 -11 -21 53 -92 119 55 -4 -113 -105 -99 -107 -121 5 100 -16 88 109 85 -47 -106 -125 -72 57 -97 -100 122 -17 -55 109 25 -63 -86 -7 -84 -17 5 -34 -67 45 -78 -19 113 -104 92 102 94 -108 79 85 -81 25 59 -48 -97 -24 -63 -81 -71 -13 98 97 121 -89 116 45 16 -102 -124 -21 -117 57 68 -125 113 -36 33 77 20 -33 -66 120 -66 -37 -4 102 28 -90 -91 73 -56 -52 95 -61 -52 108 113 -75 -27 -95 -86 77 31 85 -39 114 32 112 -113 -107 -62 -38 55 7 -78 119 -8 10 13 -53 121 111
300 -104 -51 60 -34 -24 -26 -85 84 32 -64 46 -82 -110 -120 -71 -95 0 102 -22 -11 65 127 -118 44 -110 -41 121 46 64 9 -20 123 115 94 124 24 107 -48 94 92 46 -80 27 60 23 -67 -20 96 -38 -92 81 71 2 64 -109 2 -61 -61 -46 20 -39 -70 -27 -126 0 -29 -26 -9 13 -64 46 -99 -37 -121 5 -111 -32 -44 27 120 53 -60 -124 -84 -126 19 -6 -15 -101 92 91 94 -78 -51 17 113 80 -67 -59 86 -125 33 88 65 -93 118 68 -101 69 55 -100 -54 111 -74 -62 46 -8 47 60 57 23 -97 29 32 -126 119 58 89 54 9 81 -111 62 -50 105 -19 -25 57 127 109 54 17 -81 -77 -38 82 99 -108 23 -123 5 108 -119 71 -104 -92 -75 -90 -67 15 -7 -63 23 91 89 -62 -13 121 63 -101 -25 5 -74 -112 -123 84 -11 26 89 123 -8 23 -102 -90 -90 89 93 18 32 0 -86 -58 48 -91 -46 -66 -30 -100 -21 27 -44 -110 29 -98 -31 51 -77 -55 -81 -79 53 49 -67 -10 81 50 -51 -11 -37 123 -45 -21 108 89 23 -95 49 35 -62 -34 94 -113 59 -30 -19 -39 37 -14 54 -59 -104 59 15 -41 -116 114 -25 29 -49 -3 -7 45 17 25 -42 -113 -81 97 8 -42 -2 -73 98 69 -10 4 -100 -34 -74 -4 1 -27 111 -39 -47 21 -58 104 63 -119 54 91 -58 44 111 64 64 -58 79 59 -94 71 -36 111 -50 30 -123 123 10 65
1 43 7
5 10 18 1 -8 1
40 0 -127 1 -127 2 -127 3 -127 4 127 5 -127 6 127 7 -127 8 127 9 127 10 -127 11 127 12 -127 13 -127 14 -127 15 127 16 127 17 -127 18 -127 19 127 20 -127 21 127 22 127 23 -127 24 127 25 127 26 -127 27 127 28 -127 29 -127 30 127 31 -127 32 127 33 -127 34 127 35 -127 36 127 37 -127 38 127 39 -127
0 2 24 5 1 2 32 32 0 1 0 0
64 90 32 -72 -36 26 12 -65 -77 -21 -120 -77 -54 0 -73 46 5 4 -76 -42 -42 -23 42 93 -126 -124 37 127 37 -6 88 57 -32 21 -99 -20 127 119 -27 -41 104 26 127 51 -6 -124 104 -83 -83 82 -92 -31 14 50 48 25 -114 112 -33 -45 -52 80 -99 -103 18
240 -102 -97 82 -90 96 93 53 1 76 -105 43 -28 -74 -109 -25 -125 118 98 -122 16 2 -123 -93 -72 127 31 -34 47 -116 -29 -57 -46 -84 -68 37 105 100 -56 110 -63 -15 -120 -59 27 98 94 -36 -32 -59 50 -14 -27 57 -30 -3 -117 96 60 61 -109 -81 83 119 118 -34 -39 -116 105 36 101 -101 -40 106 -104 63 86 -24 -70 -76 19 -74 46 100 108 10 -111 -33 4 54 96 -14 59 62 81 -22 62 -125 -51 -26 51 -64 87 89 45 117 111 73 31 102 46 -63 -110 -107 80 -63 81 -29 -92 -79 -22 6 44 -74 -53 -113 -103 -99 -61 -44 23 -94 15 -33 53 -119 4 47 -50 -98 21 51 0 126 39 32 -35 2 -63 89 -73 97 -117 -68 115 115 -29 -25 -123 -16 99 -91 67 -102 -75 -16 -87 113 47 -16 79 -23 43 -31 -122 112 -100 43 -127 59 -23 35 11 -101 -17 115 -28 94 91 -28 76 -50 -10 118 94 -86 -61 -82 108 24 -48 -77 -58 -84 -116 87 48 -4 103 -104 30 62 106 12 106 -86 4 -25 -99 -24 102 55 62 -88 -121 -45 108 33 -67 -27 47 -49 -52 -53 -12 23 37 -118 -13 56 120
1 165 9
24 -20 20 36 31 -19 -1 -18 16 8 -21 -5 -10 -39 -39 11 -5 -15 4 20 12 -21 16 29 -10
768 0 0 1 127 2 127 3 127 4 127 5 127 6 127 7 127 8 127 9 127 10 0 11 0 12 127 13 127 14 0 15 127 16 0 17 127 18 0 19 25 20 0 21 127 22 0 23 127 24 0 25 127 26 127 27 127 28 0 29 0 30 127 31 0 32 0 33 0 34 0 35 127 36 127 37 127 38 127 39 0 40 127 41 127 42 127 43 0 44 127 45 127 46 0 47 127 48 127 49 0 50 127 51 127 52 0 53 127 54 127 55 127 56 0 57 0 58 127 59 127 60 0 61 0 62 127 63 0 64 127 65 0 66 0 67 127 68 0 69 0 70 0 71 127 72 0 73 0 74 127 75 0 76 0 77 127 78 127 79 0 80 127 81 127 82 0 83 0 84 0 85 127 86 0 87 0 88 127 89 127 90 0 91 0 92 127 93 127 94 0 95 127 96 127 97 127 98 127 99 0 100 0 101 0 102 0 103 127 104 0 105 0 106 0 107 127 108 0 109 127 110 127 111 0 112 127 113 0 114 0 115 127 116 127 117 0 118 0 119 0 120 127 121 127 122 127 123 0 124 127 125 0 126 0 127 127 128 127 129 127 130 0 131 127 132 127 133 127 134 0 135 127 136 127 137 0 138 127 139 127 140 0 141 0 142 127 143 0 144 127 145 127 146 0 147 0 148 0 149 0 150 127 151 0 152 0 153 127 154 0 155 0 156 127 157 127 158 0 159 127 160 0 161 127 162 127 163 127 164 0 165 0 166 127 167 34 168 127 169 0 170 0 171 0 172 127 173 0 174 127 175 0 176 0 177 127 178 127 179 127 180 127 181 0 182 0 183 127 184 127 185 0 186 0 187 127 188 0 189 0 190 127 191 127 192 0 193 0 194 0 195 127 196 127 197 0 198 0 199 0 200 127 201 127 202 127 203 0 204 0 205 0 206 127 207 0 208 127 209 127 210 0 211 127 212 127 213 30 214 0 215 127 216 127 217 127 218 0 219 127 220 127 221 0 222 0 223 127 224 0 225 0 226 0 227 127 228 0 229 0 230 0 231 0 232 0 233 0 234 127 235 0 236 127 237 127 238 0 239 127 240 127 241 127 242 127 243 127 244 0 245 0 246 0 247 127 248 127 249 127 250 0 251 127 252 127 253 0 254 127 255 127 256 127 257 0 258 0 259 127 260 0 261 0 262 0 263 0 264 0 265 0 266 127 267 0 268 0 269 127 270 127 271 0 272 127 273 0 274 127 275 127 276 127 277 0 278 0 279 0 280 127 281 127 282 0 283 127 284 127 285 127 286 0 287 127 288 0 289 127 290 0 291 0 292 127 293 127 294 0 295 0 296 127 297 0 298 0 299 127 300 127 301 0 302 127 303 0 304 0 305 127 306 0 307 127 308 127 309 0 310 127 311 0 312 0 313 127 314 127 315 0 316 0 317 127 318 0 319 0 320 127 321 0 322 0 323 127 324 127 325 0 326 0 327 0 328 0 329 0 330 0 331 0 332 0 333 0 334 127 335 0 336 127 337 127 338 0 339 0 340 127 341 127 342 44 343 0 344 0 345 127 346 0 347 0 348 127 349 127 350 0 351 127 352 127 353 0 354 0 355 0 356 0 357 0 358 0 359 0 360 0 361 0 362 0 363 127 364 0 365 127 366 0 367 127 368 127 369 127 370 0 371 0 372 0 373 127 374 0 375 127 376 127 377 127 378 127 379 127 380 127 381 127 382 127 383 127 384 0 385 0 386 127 387 127 388 0 389 0 390 127 391 0 392 0 393 127 394 0 395 0 396 127 397 127 398 0 399 127 400 0 401 0 402 0 403 127 404 127 405 0 406 0 407 127 408 127 409 0 410 0 411 127 412 127 413 0 414 127 415 127 416 0 417 127 418 127 419 0 420 0 421 127 422 127 423 127 424 127 425 127 426 0 427 127 428 127 429 127 430 0 431 127 432 127 433 0 434 127 435 127 436 127 437 0 438 127 439 0 440 127 441 0 442 127 443 0 444 0 445 0 446 127 447 0 448 127 449 127 450 0 451 0 452 0 453 0 454 0 455 0 456 0 457 0 458 0 459 0 460 127 461 0 462 127 463 127 464 127 465 127 466 0 467 0 468 0 469 127 470 127 471 127 472 0 473 127 474 127 475 127 476 0 477 127 478 127 479 127 480 127 481 0 482 0 483 127 484 127 485 127 486 0 487 0 488 127 489 127 490 127 491 127 492 127 493 0 494 127 495 127 496 0 497 7 498 0 499 127 500 0 501 127 502 127 503 0 504 0 505 127 506 127 507 0 508 0 509 127 510 0 511 0 512 127 513 0 514 0 515 127 516 127 517 0 518 0 519 127 520 0 521 127 522 127 523 127 524 0 525 127 526 0 527 0 528 127 529 0 530 127 531 0 532 0 533 127 534 127 535 0 536 127 537 0 538 0 539 0 540 127 541 0 542 0 543 127 544 0 545 0 546 127 547 127 548 0 549 0 550 0 551 0 552 0 553 0 554 127 555 0 556 82 557 0 558 127 559 0 560 0 561 127 562 0 563 127 564 127 565 0 566 0 567 0 568 127 569 127 570 0 571 0 572 127 573 127 574 0 575 127 576 0 577 0 578 127 579 127 580 127 581 0 582 127 583 127 584 127 585 127 586 127 587 127 588 0 589 127 590 0 591 127 592 127 593 127 594 127 595 127 596 127 597 127 598 0 599 0 600 127 601 127 602 0 603 0 604 0 605 0 606 0 607 127 608 0 609 0 610 127 611 127 612 0 613 0 614 127 615 0 616 0 617 0 618 0 619 0 620 0 621 127 622 0 623 127 624 0 625 0 626 0 627 127 628 127 629 0 630 0 631 0 632 127 633 0 634 127 635 127 636 127 637 0 638 127 639 127 640 127 641 0 642 0 643 0 644 0 645 0 646 127 647 0 648 0 649 0 650 0 651 0 652 127 653 127 654 0 655 127 656 0 657 0 658 0 659 0 660 0 661 127 662 0 663 127 664 0 665 0 666 127 667 127 668 127 669 127 670 127 671 127 672 127 673 0 674 0 675 127 676 127 677 0 678 0 679 127 680 127 681 127 682 0 683 0 684 0 685 127 686 0 687 127 688 0 689 0 690 0 691 127 692 127 693 127 694 127 695 0 696 0 697 0 698 127 699 127 700 0 701 0 702 127 703 127 704 127 705 127 706 0 707 0 708 127 709 127 710 127 711 127 712 127 713 127 714 127 715 127 716 127 717 0 718 127 719 127 720 0 721 127 722 127 723 0 724 0 725 127 726 127 727 127 728 0 729 127 730 127 731 0 732 0 733 127 734 0 735 0 736 0 737 127 738 127 739 0 740 127 741 127 742 127 743 127 744 127 745 127 746 0 747 127 748 0 749 0 750 127 751 0 752 0 753 127 754 127 755 127 756 127 757 0 758 127 759 0 760 0 761 127 762 127 763 0 764 0 765 127 766 0 767 0
1 1 1 7 2 3 8 4 1 0 1 0
8 125 104 11 -68 -112 125 -13 92
7 -19 -117 52 63 -1 -31 -127
1 1033 12
1 26
4 0 127 1 -127 2 -127 3 127
0 3 8 3 2 0 32 15 0 1 0 0
96 -80 -127 -44 2 9 6 -115 115 125 -98 25 83 91 -111 -45 -122 -113 -19 40 -43 -67 111 73 95 90 47 -34 -27 -127 39 -77 -13 -38 68 -91 64 -35 -15 77 -12 -37 -5 -88 34 -43 113 64 44 39 22 38 30 90 53 60 -36 7 -14 112 -82 117 114 50 -10 46 -5 7 97 -68 122 -124 -114 111 -19 98 -123 72 -95 90 0 50 97 -70 -38 -14 97 -127 -87 -39 59 50 -41 -38 92 122 -46
72 113 81 -109 -59 107 32 101 102 -4 32 76 112 99 -40 -89 121 -8 99 126 -78 -35 -92 -68 -100 126 93 -105 -48 46 -106 75 -69 16 123 -78 111 -39 23 -52 33 -70 15 40 93 -32 -48 77 113 -125 -5 54 -111 -28 99 39 -26 -121 112 126 84 75 -79 -66 -127 14 -24 77 85 -93 -63 -115 19
1 1539 13
8 32 -26 -12 38 -31 26 -38 29
120 0 0 1 0 2 0 3 127 4 127 5 0 6 127 7 0 8 0 9 127 10 0 11 127 12 127 13 45 14 0 15 0 16 127 17 127 18 0 19 0 20 0 21 0 22 0 23 127 24 18 25 127 26 127 27 127 28 0 29 127 30 0 31 127 32 0 33 127 34 0 35 127 36 0 37 0 38 127 39 0 40 127 41 0 42 127 43 0 44 127 45 0 46 127 47 127 48 127 49 0 50 0 51 0 52 0 53 127 54 127 55 127 56 0 57 127 58 0 59 127 60 0 61 127 62 127 63 0 64 0 65 0 66 0 67 0 68 0 69 59 70 127 71 127 72 127 73 127 74 0 75 127 76 127 77 127 78 0 79 127 80 127 81 127 82 127 83 0 84 0 85 0 86 0 87 0 88 127 89 0 90 0 91 0 92 127 93 0 94 127 95 0 96 127 97 127 98 0 99 127 100 0 101 127 102 127 103 127 104 0 105 0 106 0 107 127 108 0 109 0 110 127 111 127 112 0 113 0 114 127 115 0 116 127 117 127 118 127 119 0
0 24 16 3 1 1 32 32 0 1 0 0
768 107 77 -119 -111 -90 13 9 -30 88 44 -53 -71 60 23 7 -35 -3 99 -56 -19 -40 -57 110 57 -118 -19 9 71 79 -72 -78 -103 124 87 86 1 116 41 24 -26 91 -84 -92 61 -119 -18 -91 89 -112 98 103 -61 18 -97 -40 -42 76 113 -67 -107 -126 40 -73 64 86 -94 -46 71 -8 106 -49 121 -52 -83 62 -117 -86 -25 108 108 21 54 10 97 79 -28 112 -92 -77 -103 -28 24 24 43 52 -40 102 58 81 -103 -90 36 119 104 50 60 -95 -37 -76 109 15 -49 37 25 127 18 51 13 72 122 -34 116 85 -87 -122 -33 -14 113 113 -65 68 -95 -105 26 66 103 11 -23 -69 -84 32 10 116 84 -54 -24 -104 -10 -103 37 -64 -84 -38 -45 -106 -48 -25 122 124 115 -8 -72 -7 -68 -115 -41 -89 -104 126 42 -100 125 64 117 25 -127 -69 -86 2 115 84 -40 42 124 -110 -93 -75 88 -113 -58 -55 105 27 -6 -25 -120 16 -74 -100 -18 -1 15 126 -71 -77 -63 -19 -84 115 113 -114 92 -56 100 108 0 49 -117 100 93 72 -21 -80 -15 -23 -120 -124 15 48 -118 113 24 56 -79 -107 -43 69 -63 118 -49 -28 81 -58 -47 104 10 -37 -42 112 -1 79 -15 -37 112 -37 -7 125 5 17 -103 -7 92 -9 99 53 -67 53 -126 50 28 -107 94 -35 -4 44 102 65 -19 -44 106 107 86 125 -27 -41 86 41 82 -104 -116 86 -35 -115 -62 -94 -76 71 74 86 -58 -40 116 65 93 -38 -93 -106 4 74 117 82 122 -121 -49 4 50 -75 -33 7 -114 -29 47 28 -111 -28 -95 -12 42 14 73 73 -88 -90 38 -66 -92 -97 -66 -73 -48 2 -118 17 63 86 -104 -120 -6 96 105 -61 41 -96 107 24 -82 -118 -13 -32 -114 -111 66 111 76 -30 36 -80 -74 97 15 1 -4 35 15 -4 98 -46 91 -20 121 -102 -22 -26 47 65 18 120 -115 -45 71 76 -45 -46 11 113 -22 -83 21 98 -55 -50 78 -125 76 30 -2 49 -49 -45 -85 -41 -123 -82 87 127 -112 -122 -119 -23 97 -92 -115 83 -13 -123 -11 -114 -93 -22 57 -67 -93 6 65 -31 -16 -46 -8 116 -1 115 -83 -58 -114 103 98 6 8 116 123 74 62 66 -110 -79 -27 -83 40 91 81 42 52 -65 116 93 -77 122 62 -93 -43 -41 -21 37 125 103 -21 54 -29 127 -93 -22 49 117 -123 -93 -95 55 57 -89 -97 -64 118 38 15 68 84 -99 51 87 74 21 45 80 -63 40 -70 120 69 113 -117 -91 113 -20 -105 -18 16 40 -102 -40 59 -29 -37 53 -58 53 -97 121 3 32 71 -32 54 30 106 125 43 -63 7 -59 60 1 58 -88 -118 31 -13 -11 -12 22 -127 -36 -19 -25 118 -38 49 -71 49 121 -123 -117 44 -70 -4 98 89 -92 60 -28 -51 119 17 -65 95 -113 3 122 -85 11 -23 -76 -105 39 113 104 1 112 -47 -19 -18 -39 -13 115 97 -48 103 -46 27 -104 110 -105 -2 122 122 6 119 111 -101 -38 77 -111 126 5 34 -58 31 -79 62 36 51 95 -5 -24 29 -79 -106 109 120 -37 -80 14 -97 -117 52 105 1 58 17 -105 -32 103 -115 -49 116 -80 -127 -15 67 -111 -101 96 126 88 70 53 -119 -74 92 90 -119 62 117 -21 -116 -83 26 92 -38 -122 -103 35 -13 91 -116 122 44 68 -87 15 -122 58 -6 -34 -44 8 -36 18 -127 81 95 70 -46 -11 49 75 -45 -46 102 -95 73 15 -113 93 -77 -105 34 -108 113 37 64 122 -54 114 -108 56 -65 -17 -41 53 -72 99 89 -62 123 24 -10 -76 -85 -16 46 4 36 -79 51 -111 -84 -115 44 -88 -50 53 113 -66 50 -108 66 -90 -63 5 -5 31 22 112 81 -42 12 37 -58 -32 -13 117 122 103 20 -39 -47 -20 -102
1152 10 88 85 49 -105 -112 116 68 72 -104 -38 2 39 45 -19 123 44 -19 -7 93 -46 48 -85 -25 -82 -107 83 -111 26 86 -79 24 -102 94 85 11 82 67 -77 16 49 24 107 -9 -74 100 62 66 124 -43 -104 16 31 -122 -41 -108 -24 -78 -123 119 -43 3 112 -108 118 109 -11 -117 -101 66 43 68 -80 -66 -84 -8 118 -23 80 121 -32 -105 93 34 -101 8 -16 -108 -113 -39 63 12 1 -36 97 80 -60 -124 36 -100 -81 43 10 103 -42 105 26 -109 -91 -111 42 102 -57 -23 -61 101 -96 48 103 105 20 -12 88 -81 -114 117 -102 -10 70 -54 43 103 -39 40 -62 59 79 -46 -28 48 119 44 -55 98 -97 -102 73 -46 45 51 61 14 55 46 -51 89 -69 21 118 89 -23 -93 65 16 -32 39 -100 82 68 -37 -24 42 97 88 63 125 -118 -9 -22 -9 -38 0 -9 21 -92 26 102 -51 76 110 98 105 107 -99 86 -93 -74 119 -120 -127 127 118 46 51 -18 51 -78 14 -126 -95 13 -65 76 92 24 76 101 2 7 -74 100 121 -83 -94 -21 5 -31 16 -81 -42 26 -34 71 30 -40 74 11 -33 44 -107 -35 64 77 -61 119 -45 49 105 88 -79 -122 -25 -82 -61 2 -72 -110 37 -23 80 1 -41 -4 69 -95 -70 37 23 -116 -39 -5 106 30 -98 -71 4 124 45 -17 17 -49 118 -100 -3 -35 -3 89 15 -85 46 98 26 126 66 -57 32 44 -119 93 52 -86 79 3 -69 81 -86 26 -28 103 29 -101 -6 -123 67 -61 -70 125 -46 43 104 -114 -116 -90 30 -15 53 68 28 17 0 40 7 127 65 41 42 -53 -95 32 -90 87 120 81 -2 -32 127 -79 -2 84 -31 -51 58 -104 6 22 107 -67 123 -12 86 -10 121 63 71 -121 -84 61 45 87 -56 99 -9 10 -94 59 -88 127 43 -67 -96 58 126 -5 96 -45 125 -56 0 67 18 107 92 124 -120 58 47 37 -12 5 -78 -101 -54 84 -41 105 34 83 22 17 108 -105 1 111 73 22 -92 -89 38 29 22 -69 55 66 22 -93 11 -117 30 -18 -2 11 68 65 -70 115 -26 -95 -55 -84 64 7 -121 10 62 64 127 -5 44 -83 7 -66 105 -111 -29 24 -28 -50 -51 19 38 -47 -92 -10 12 55 -60 -79 126 -60 -2 -16 -11 90 74 108 -118 77 -27 112 -123 -115 61 -39 -13 -76 99 -102 -30 -54 62 111 11 -46 66 2 13 85 93 69 117 -26 88 -122 -125 73 93 -18 -12 0 67 -118 78 -102 58 -36 74 -124 -105 -126 110 127 39 67 -50 122 -1 110 -116 -56 41 -14 104 -113 -64 82 -97 108 -69 -39 126 30 124 -10 -43 23 -43 37 107 -49 -37 -78 2 119 103 45 18 81 109 108 93 69 -35 -67 -2 103 -3 83 64 -18 116 88 -92 87 41 14 -75 -57 -31 41 -4 -126 49 -88 -98 -48 -8 -44 -8 44 40 -17 123 97 -56 -86 -75 -28 84 -74 -59 78 110 -127 -47 -102 -93 -58 90 -4 -109 -74 67 2 111 96 -52 -63 -34 -36 39 61 -68 117 -120 -112 22 91 -62 113 100 -54 -65 125 56 -127 63 46 90 90 -4 -27 82 64 -75 66 29 81 102 10 -29 -125 -115 77 5 71 85 72 -89 -74 60 119 48 23 109 10 89 -68 30 -84 52 50 125 82 40 87 -15 -6 -81 -45 -95 -52 94 26 22 -62 54 -41 25 -73 -88 -108 122 -49 5 -37 -41 33 -26 -63 51 -120 113 124 -101 -69 -109 -126 90 72 -21 62 -26 -29 91 74 -85 -122 35 -38 75 -2 92 123 112 109 -89 51 -107 15 41 84 38 -55 -87 -48 -83 -106 -1 -56 31 -113 -74 70 48 -98 -126 112 -47 -62 34 -24 19 -110 102 -74 1 51 -69 -95 18 13 56 70 -75 33 -56 -12 119 90 111 -120 87 -18 -62 87 79 -88 73 103 -32 -8 -127 74 67 18 -57 16 -56 -114 -55 -16 112 -94 -59 -120 -21 68 77 87 -110 103 93 -57 -22 -60 -63 -84 17 -65 -45 19 -111 115 18 -44 -60 21 -28 31 118 -114 -52 -5 -64 -108 -52 -48 -83 -7 -13 72 -62 47 -44 -61 -58 1 -39 16 -75 -24 -79 30 6 -114 -116 -21 -1 81 96 -20 89 -10 91 16 -126 2 35 41 -70 -38 -111 53 126 -73 99 121 -79 -83 -5 -23 -95 -93 108 -106 -43 52 -72 68 54 -77 -10 -80 -70 -95 79 -46 35 85 107 8 -45 -125 -51 104 117 -36 -104 -4 106 -29 54 46 -126 -61 -8 -103 99 -93 102 -52 -37 -67 37 -99 -7 -95 -21 118 -54 88 -100 97 -22 93 6 -110 -79 77 117 98 -81 -58 -34 58 -60 -7 2 -58 4 -99 -14 126 34 98 -16 -103 -71 32 45 14 117 -76 -73 -61 12 59 74 -118 76 -19 -104 -120 54 46 -27 19 -61 -57 -46 -19 -102 104 -55 63 -51 80 50 -108 63 17 -46 -113 -61 24 -39 56 9 73 3 50 -49 106 -121 106 -126 -74 -104 -22 111 105 96 -31 -84 118 41 2 72 59 -104 -70 27 -58 109 120 -70 106 -27 50 90 -127 71 92 52 34 61 -61 52 36 -108 98 54 -29 -7 -40 12 -4 -104 -123 -89 -98 -22 -96 21 60 30 95 43 -17 -41 112 -87 -112 114 -119 -100 74 -72 -50 31 -35 6 22 35 -69 63 -8 73 0 10 52 -18 -4 -71 31 -121 51 -122 116 45 -98 -7 51 106 121 -25 -73 120 92 101 -119 101 91 2 -4 -127 57 42 2 -1 -26 21 46 -48 -88 -71 -72 -46 112 -27 -90 -123 -58 92 -108 85 20 61 -95 63 -51 50 -107 1 59 124 -117 124 -9 66 31 111 12 -40 99 -1 98 0 -78 -59 -64 112 27 82 94 49 -63 108 -10 117 -10 49
1 613 11
16 22 -35 5 -13 -20 19 2 -1 -25 -4 -24 9 -30 13 12 -1
512 0 0 1 0 2 127 3 127 4 127 5 127 6 0 7 0 8 0 9 127 10 127 11 127 12 0 13 127 14 0 15 0 16 127 17 0 18 0 19 127 20 0 21 0 22 0 23 0 24 0 25 0 26 127 27 0 28 127 29 0 30 0 31 0 32 127 33 0 34 127 35 127 36 0 37 0 38 0 39 0 40 0 41 0 42 0 43 127 44 0 45 127 46 0 47 0 48 0 49 0 50 127 51 0 52 127 53 0 54 0 55 127 56 127 57 107 58 0 59 127 60 127 61 0 62 0 63 0 64 0 65 127 66 0 67 127 68 0 69 0 70 127 71 127 72 0 73 0 74 127 75 0 76 0 77 0 78 127 79 0 80 127 81 0 82 0 83 0 84 127 85 0 86 127 87 127 88 127 89 0 90 0 91 0 92 127 93 127 94 0 95 127 96 0 97 127 98 127 99 0 100 0 101 0 102 0 103 127 104 0 105 127 106 0 107 0 108 127 109 127 110 127 111 127 112 0 113 0 114 127 115 0 116 127 117 127 118 127 119 127 120 0 121 0 122 127 123 127 124 127 125 0 126 0 127 0 128 127 129 0 130 0 131 0 132 0 133 127 134 0 135 0 136 127 137 0 138 0 139 0 140 127 141 127 142 0 143 0 144 127 145 127 146 127 147 127 148 0 149 127 150 0 151 0 152 127 153 127 154 127 155 127 156 0 157 0 158 0 159 0 160 127 161 0 162 0 163 0 164 127 165 127 166 0 167 127 168 127 169 127 170 0 171 0 172 0 173 0 174 0 175 127 176 0 177 127 178 127 179 0 180 0 181 0 182 127 183 127 184 127 185 127 186 0 187 0 188 0 189 127 190 127 191 127 192 0 193 127 194 127 195 127 196 127 197 127 198 0 199 0 200 127 201 0 202 0 203 0 204 127 205 127 206 0 207 127 208 0 209 0 210 127 211 127 212 127 213 0 214 127 215 0 216 127 217 0 218 127 219 0 220 127 221 127 222 0 223 0 224 0 225 0 226 0 227 0 228 127 229 0 230 127 231 0 232 127 233 127 234 0 235 0 236 0 237 0 238 127 239 127 240 127 241 127 242 0 243 127 244 127 245 127 246 127 247 127 248 127 249 0 250 0 251 127 252 0 253 127 254 127 255 0 256 0 257 0 258 127 259 0 260 0 261 0 262 127 263 127 264 0 265 127 266 127 267 0 268 0 269 127 270 0 271 0 272 127 273 0 274 0 275 127 276 127 277 0 278 0 279 127 280 0 281 127 282 127 283 0 284 0 285 127 286 127 287 127 288 0 289 0 290 0 291 0 292 0 293 127 294 0 295 127 296 127 297 0 298 127 299 0 300 0 301 0 302 0 303 127 304 127 305 127 306 0 307 127 308 127 309 0 310 0 311 0 312 0 313 127 314 127 315 0 316 0 317 127 318 127 319 127 320 127 321 127 322 0 323 127 324 0 325 127 326 0 327 0 328 127 329 0 330 0 331 127 332 127 333 127 334 127 335 127 336 127 337 127 338 0 339 0 340 127 341 127 342 127 343 0 344 0 345 0 346 127 347 127 348 0 349 0 350 0 351 127 352 0 353 0 354 127 355 127 356 127 357 127 358 127 359 127 360 0 361 127 362 0 363 0 364 0 365 0 366 127 367 0 368 127 369 0 370 127 371 0 372 0 373 0 374 0 375 127 376 127 377 127 378 127 379 127 380 0 381 0 382 0 383 0 384 0 385 0 386 0 387 0 388 127 389 127 390 127 391 0 392 127 393 0 394 0 395 0 396 0 397 127 398 0 399 0 400 127 401 127 402 127 403 0 404 0 405 127 406 127 407 0 408 127 409 127 410 0 411 0 412 0 413 0 414 127 415 127 416 127 417 0 418 127 419 0 420 0 421 127 422 127 423 127 424 0 425 0 426 127 427 127 428 0 429 0 430 0 431 127 432 127 433 127 434 127 435 0 436 0 437 0 438 127 439 127 440 127 441 127 442 127 443 0 444 127 445 127 446 0 447 127 448 0 449 127 450 0 451 127 452 127 453 0 454 0 455 127 456 0 457 127 458 0 459 0 460 127 461 0 462 0 463 0 464 0 465 0 466 127 467 127 468 0 469 127 470 127 471 127 472 127 473 127 474 127 475 0 476 0 477 0 478 127 479 0 480 0 481 0 482 0 483 0 484 0 485 0 486 127 487 0 488 127 489 0 490 127 491 127 492 0 493 127 494 0 495 0 496 127 497 127 498 127 499 127 500 127 501 0 502 0 503 127 504 127 505 127 506 0 507 0 508 0 509 0 510 0 511 127
1 24 24 3 1 0 4 2 1 0 0 0
96 -12 -28 83 86 -80 18 -71 86 -23 -20 -38 55 -56 32 55 -98 29 79 29 -34 -79 -69 64 -97 -101 -95 33 17 -94 -50 71 30 49 21 -118 26 -31 71 -98 37 -103 -29 -11 32 -61 43 -63 28 91 -16 69 72 33 -61 -88 -77 -66 82 119 -111 -100 69 90 -35 102 -8 85 78 -109 108 67 72 -115 125 81 -42 18 46 -108 -121 39 -108 -44 -19 61 121 -107 -92 -114 -117 -94 -112 -103 -67 -67 59
72 -52 -78 9 -51 84 13 -97 -76 -68 -89 109 -11 77 57 -72 71 74 -113 116 33 -120 125 70 74 78 -108 50 101 103 -26 -10 -62 -19 -125 60 28 -15 51 -118 -64 -54 -55 -90 -117 36 41 114 -14 -123 103 -41 -58 87 24 91 28 -67 -63 -70 120 38 87 -127 -46 -62 -62 60 -52 -54 2 11 -22
1 1621 15
24 13 -13 6 -16 -2 34 -32 26 -20 7 -18 10 -27 29 -1 21 -11 27 -38 -10 -40 11 39 19
48 0 -127 1 -118 2 -127 3 127 4 23 5 -127 6 127 7 127 8 127 9 127 10 127 11 -127 12 127 13 127 14 127 15 38 16 127 17 -66 18 10 19 127 20 -127 21 -127 22 -127 23 66 24 127 25 -4 26 -127 27 -127 28 -127 29 -127 30 -127 31 58 32 123 33 -127 34 127 35 -127 36 -127 37 127 38 31 39 127 40 -127 41 127 42 127 43 127 44 -127 45 -127 46 -127 47 -127
2 8 10 1 1 0 4 4 0 0 1 11
32 56 -53 125 -85 120 22 79 -92 -93 52 -66 -89 69 -46 -10 123 118 -106 98 29 -72 -43 61 -23 -76 111 -126 21 -38 -74 86 -15
80 60 117 -52 4 -39 108 96 -11 -77 106 -22 98 51 88 -9 5 -98 -50 117 -127 49 -15 -29 -100 -34 -95 22 -70 -76 -32 52 -123 13 42 -33 20 -61 100 115 61 -124 -63 -12 -29 -5 -38 -90 31 -69 89 125 47 83 76 79 -35 -88 26 -94 127 20 -94 51 -62 -36 59 -92 -5 121 -119 -57 -14 42 -24 74 -44 -91 -39 -37 19
10 1429 14 875 13 1387 12 543 11 135 10 1583 12 211 10 1043 12 1615 12 877 14
10 11 18 30 40 -16 33 28 12 29 28
40 44 -127 45 127 46 -127 47 -127 48 127 49 -127 50 127 51 -127 52 -127 53 127 54 127 55 127 56 127 57 -127 58 127 59 127 60 -127 61 -127 62 127 63 -111 64 127 65 127 66 127 67 127 68 -127 69 127 70 -127 71 -127 72 127 73 -127 74 62 75 127 76 127 77 127 78 -127 79 127 80 127 81 -127 82 127 83 127
1 12 12 5 1 2 16 16 1 1 1 0
192 121 18 -14 -10 -76 -60 49 -53 116 75 96 -53 2 7 8 121 -118 -68 15 -108 93 34 -69 63 -103 -37 119 65 -22 -66 22 -41 -105 -83 103 3 -92 35 122 -114 -90 -19 122 -105 102 119 40 7 55 51 31 -112 20 -122 0 -20 71 -126 -84 86 13 41 93 -98 -33 -77 -39 -3 0 81 26 62 17 -94 8 -113 -49 -115 -62 -67 54 -80 -124 121 -126 25 81 -111 -71 6 -38 28 -64 8 3 65 -37 110 12 35 50 11 113 -78 3 39 59 -71 -61 -53 94 11 61 107 -67 -40 6 -112 -28 -78 64 19 46 -66 114 -65 -78 -92 -71 -113 27 -83 -70 63 119 97 -113 -16 -26 -37 -1 -27 64 -84 122 -99 33 -102 5 -5 -122 109 126 -84 111 38 -60 41 53 55 -74 -82 2 80 33 54 108 88 -86 -22 44 109 -105 114 -101 3 -8 -82 -102 28 -83 -118 96 -68 -62 100 11 41 -103 -63 -110 89
60 96 42 62 90 -105 88 21 45 -88 49 100 62 39 -124 63 -49 78 30 -81 -36 29 57 102 62 -119 33 1 -83 -125 98 -3 28 102 44 -127 -71 1 67 -96 33 79 -74 12 -83 85 0 103 74 63 -89 -41 66 -12 -22 104 85 -61 21 67 -7
12 1585 12 195 10 139 9 305 10 1375 13 1803 16 295 10 1599 15 251 11 1001 12 1663 16 1837 13
12 -33 -19 -1 -11 -5 -36 -3 -20 13 39 -13 -18
192 0 0 1 127 2 127 3 0 4 127 5 0 6 0 7 127 8 0 9 0 10 127 11 127 12 127 13 127 14 0 15 0 16 0 17 127 18 0 19 0 20 127 21 0 22 127 23 127 24 0 25 127 26 127 27 0 28 0 29 127 30 127 31 0 32 127 33 0 34 0 35 127 36 0 37 0 38 127 39 127 40 0 41 0 42 0 43 0 44 0 45 0 46 127 47 127 48 0 49 0 50 0 51 127 52 127 53 0 54 127 55 0 56 0 57 127 58 127 59 0 60 0 61 79 62 0 63 127 64 0 65 127 66 127 67 127 68 127 69 0 70 127 71 0 72 0 73 127 74 0 75 127 76 0 77 127 78 0 79 127 80 127 81 0 82 0 83 127 84 0 85 123 86 127 87 0 88 0 89 0 90 0 91 127 92 0 93 0 94 0 95 127 96 127 97 127 98 0 99 127 100 127 101 0 102 0 103 0 104 127 105 0 106 0 107 0 108 127 109 127 110 127 111 0 112 0 113 124 114 21 115 0 116 127 117 0 118 127 119 0 120 127 121 0 122 127 123 0 124 127 125 0 126 127 127 0 128 0 129 0 130 127 131 0 132 0 133 127 134 127 135 0 136 0 137 0 138 127 139 0 140 0 141 127 142 0 143 0 144 127 145 127 146 127 147 0 148 0 149 0 150 0 151 0 152 127 153 127 154 127 155 127 156 127 157 127 158 127 159 127 160 15 161 127 162 0 163 0 164 127 165 127 166 0 167 0 168 127 169 127 170 0 171 0 172 127 173 0 174 127 175 5 176 0 177 0 178 127 179 0 180 0 181 127 182 0 183 0 184 127 185 0 186 127 187 0 188 127 189 0 190 127 191 0
2 3 10 1 2 0 4 2 0 0 0 13
12 120 126 -36 118 -89 71 10 80 24 -127 63 -126
30 -40 95 -76 -104 63 -33 -6 -5 32 63 58 -126 1 -95 -60 2 14 -18 -77 127 -49 -121 42 54 -47 69 -16 15 91 -8
1 1319 13
10 28 10 31 30 16 31 -10 26 0 21
20 26 -127 27 -127 28 127 29 -127 30 -127 31 127 32 -127 33 127 34 127 35 -127 36 -127 37 127 38 -127 39 -115 40 127 41 127 42 127 43 127 44 -127 45 -127
0 30 8 7 1 3 16 16 0 0 0 0
480 72 -87 -66 -107 10 34 117 -58 -24 -105 -66 26 45 4 -120 36 -121 -28 101 1 -53 90 -58 -5 37 -14 -87 123 -15 97 -31 14 117 93 5 -95 33 110 -116 52 123 -51 80 -81 -70 23 73 -12 4 125 -13 12 57 81 75 -127 -10 -107 -74 47 7 83 -51 -6 -76 -110 -92 105 -112 5 62 -42 -10 -31 32 20 -87 45 -103 83 -10 22 -65 -101 -86 73 79 22 -55 116 62 12 123 -100 -105 -28 -81 -98 47 37 15 -65 -85 -31 44 25 106 18 63 -67 -17 -3 -32 43 58 20 -123 -106 51 110 -4 -15 88 44 78 -112 99 -8 14 47 71 -28 -22 -11 -103 1 -108 95 34 -79 122 -121 -46 -78 -116 -124 42 43 -97 -14 23 29 -5 -72 82 -10 -13 119 -89 -48 110 19 71 -105 -100 82 103 -78 -53 39 31 54 114 68 -92 24 83 -81 45 -127 86 50 -110 -48 -121 -34 63 -71 29 4 -41 54 -10 20 -12 29 60 -78 -83 22 92 -111 74 43 -23 -40 -125 -82 68 -1 -112 54 23 -107 -74 66 -72 19 39 -71 -9 -21 -33 114 20 -49 11 88 -59 -2 -96 -125 61 2 -10 48 -20 11 62 -38 102 30 -109 -13 -107 0 -29 99 84 -96 -117 -127 -57 112 -46 72 -16 -115 76 -97 7 12 116 13 -119 -50 -39 -25 28 24 -77 -18 -60 18 -95 -27 54 -47 71 -113 -52 93 1 -21 56 118 42 26 -93 -19 -87 110 46 74 -22 -52 -9 11 -41 11 105 64 37 -107 8 -112 -126 -59 84 -111 -33 81 -67 67 7 101 -55 93 -91 61 114 -49 113 -56 53 23 -116 116 81 -1 7 96 75 84 -100 -70 -4 -75 -88 -96 -126 101 19 -84 30 -25 120 -96 -113 -91 -62 -127 18 -93 63 10 -48 -107 4 10 -62 -117 26 -118 78 -34 125 2 -22 -23 66 55 80 -114 41 -76 45 38 -120 125 -84 8 13 80 -109 -21 -48 47 -92 124 102 126 -121 -5 105 90 12 -35 22 -107 9 -61 -86 -14 122 117 -47 -30 81 -98 -57 25 96 -101 -90 -63 -14 80 4 91 -33 -46 108 -76 -76 -118 77 -118 -29 32 -12 -20 26 98 -105 123 5 -88 51 -43 109 40 83 -5 9 -9 -78 14 65 76 -6 104 -115 98 -49 -121 3 113 -14 11 111 -89 -109 -110 -103 50 -96 -91 86 -107 -44 -100 115 87 -16 111 -30 57 -17 -4
1680 106 30 117 48 -23 -60 103 -20 -80 -10 -84 57 -52 -93 -39 -79 57 72 112 104 64 101 64 55 -40 -84 101 103 -49 50 -39 47 120 95 123 32 -25 127 71 -5 -93 -95 -72 -52 -29 124 43 59 -20 -88 -86 110 -19 -56 -36 12 -57 115 68 72 101 107 -29 125 -84 -100 -44 -71 -94 -90 105 -36 33 120 -31 -57 3 -29 38 -125 41 53 97 -121 -18 -41 35 97 116 121 -17 75 71 124 -20 -53 -34 51 31 35 -7 -12 -121 -32 84 97 116 -103 -101 -51 -10 17 80 -26 73 48 45 33 -4 -60 -107 68 121 64 110 -54 14 19 41 -98 97 -27 -125 -123 -37 17 -88 63 -96 -44 43 -61 6 -10 -8 -94 -34 -110 -28 -91 -31 -29 19 -61 28 -14 -36 -56 90 126 -27 -60 -118 26 94 84 -80 21 122 29 -72 100 74 -113 -118 23 45 46 -125 85 -120 1 24 -29 -108 34 122 -87 -28 63 94 89 -20 -16 60 -38 23 32 -85 -102 110 14 80 21 9 64 -103 -24 -32 -81 35 73 -12 -67 -70 127 5 85 124 87 -105 -119 44 -100 99 13 63 -6 1 -48 -81 -98 43 41 -16 100 100 -4 54 64 76 119 -67 -60 -108 -35 25 -88 -119 -82 87 -41 -72 63 -54 -28 62 52 -26 -118 31 -79 -19 82 123 42 -58 -14 77 -77 110 -71 49 -57 -45 -67 69 112 48 -7 64 -21 127 92 70 65 31 60 78 64 -49 -53 -72 -92 -4 73 84 -82 -47 -64 -54 117 -27 -51 -89 37 98 58 -64 -18 -109 26 53 30 -67 -6 127 -90 -94 -12 -122 -29 45 69 -19 104 -56 84 86 -107 -91 -4 -21 -24 -88 -39 108 -18 -26 -59 -95 -29 79 96 100 6 -13 53 92 34 -56 -52 -98 59 24 72 89 -100 124 38 -97 64 -107 78 122 50 95 44 -112 -116 -34 -76 33 -14 -53 -109 -21 -10 -107 94 -28 7 -53 -20 53 54 -65 20 22 98 123 -41 92 53 -52 -96 -71 110 -36 119 74 114 -28 59 6 69 -1 113 -70 113 75 125 65 -68 21 -69 8 -98 29 -56 117 -68 61 -1 100 50 -107 50 -2 -24 67 106 -15 -96 -124 -56 30 -122 -46 33 108 32 122 65 -118 -64 55 -54 114 -97 -51 91 19 -70 88 34 -12 40 12 -125 -106 -96 -117 118 55 97 104 14 -114 96 38 13 80 -5 -9 -80 99 124 -94 68 14 61 67 22 -33 -13 -87 -15 -5 109 53 -88 39 -87 13 14 -110 -79 101 26 -87 -103 43 -75 -90 -93 94 33 76 -107 51 32 101 -106 -87 107 108 43 105 -70 -116 102 -23 -127 -10 -84 -35 7 -105 6 67 30 -98 117 -76 26 -13 -91 -11 -72 60 -118 45 -100 -95 -86 -50 -113 50 -1 56 -57 102 43 -36 -67 -109 -18 -2 -95 9 17 109 -94 -52 25 80 121 3 74 109 -48 103 -64 -29 -103 -85 -112 -86 -92 58 31 57 -42 57 -110 -22 -63 79 -20 74 -105 114 39 78 27 -57 13 -9 1 29 33 113 33 -65 36 106 -60 114 -69 10 28 -40 14 81 73 48 -77 -100 105 69 17 -70 -2 30 -10 66 28 13 -46 98 92 -50 -82 -59 -16 121 51 -24 75 -99 90 32 -126 -32 113 -66 -53 60 -127 -39 -99 122 115 119 -96 104 -62 9 -97 40 19 -43 -49 2 116 108 -50 32 -17 121 -110 119 -75 -81 -33 44 98 -70 -21 -76 -3 -99 80 45 -77 3 -99 -100 93 -5 -36 -30 -17 -10 84 8 -34 -104 -124 59 -127 -29 -51 101 -46 -47 34 70 45 105 93 -13 -30 -18 74 42 64 18 0 49 -114 78 8 -108 -23 100 -10 -73 -56 -72 -111 -24 -64 82 31 -73 11 123 -62 42 -33 78 119 77 -15 113 0 -52 -91 -90 -53 -36 -2 -19 117 31 3 103 104 -57 -68 15 43 94 -113 4 47 107 -74 51 37 -24 82 -125 -67 121 11 -23 -6 18 75 -10 -35 7 -11 -78 -87 75 -40 -37 31 -106 -114 -22 -15 35 77 125 114 -64 -120 -21 57 -25 -16 64 -104 -68 -89 -52 86 -119 -120 13 -39 14 78 -24 76 -118 42 21 -102 -70 85 -7 26 -127 23 -92 -7 -45 -102 -33 65 94 -93 -26 87 -60 -28 -70 113 22 92 -111 71 -111 102 75 -117 -28 -29 -84 -11 -97 -6 47 -33 26 67 114 22 105 -57 -105 35 65 78 -107 -23 79 76 -54 53 94 -27 65 -94 -115 116 -18 -14 82 23 115 113 13 6 -78 -80 58 83 98 74 108 -61 91 119 -91 44 -43 -37 -47 -85 11 -15 102 60 -60 71 -73 -47 38 31 -74 108 -35 -71 71 -11 -121 43 124 -2 63 18 68 107 -39 -33 87 42 1 44 -101 24 -68 11 6 -4 -60 -81 -83 -35 98 -56 -51 83 21 -26 105 -101 -9 -2 -99 -38 -122 65 12 59 2 53 102 -36 8 -75 97 104 50 -101 18 -50 103 -91 -27 107 6 -103 59 -94 127 -107 -113 -8 84 -88 -67 -58 48 80 96 79 -102 38 -35 16 124 -110 12 -34 -98 -76 93 21 -14 25 -8 34 -1 -10 57 45 -57 -83 74 -86 42 -76 -113 57 -1 75 -120 1 76 88 51 -115 41 -37 39 -95 -83 102 90 74 -71 121 106 -46 -53 -91 45 45 19 -124 112 -10 -8 -113 59 -123 68 4 -100 -64 -106 -124 62 -9 18 -1 97 -30 -91 -59 94 19 112 -96 83 -51 18 -36 68 6 -4 57 -113 15 -79 -110 125 114 80 -117 -72 -71 -38 -121 80 114 82 87 42 -116 87 99 125 -18 -102 88 31 49 -62 -10 24 -43 2 -107 -34 -17 -46 -19 -27 102 119 36 -59 26 104 -48 114 79 -68 -127 -35 47 39 -50 -123 61 9 107 -48 -21 -36 31 -41 -30 -7 -43 -66 0 -87 -58 -52 -102 -97 -110 96 38 108 -15 -57 -7 -45 75 106 -16 -18 117 -4 5 57 15 -83 100 -87 -49 -62 24 80 56 104 -80 -92 45 10 -49 13 -93 -113 102 89 59 32 -24 -98 26 120 -117 1 -97 -56 22 -62 74 95 -47 -51 107 -35 36 -42 13 -94 42 42 7 46 -116 43 57 30 70 6 -4 33 90 -117 -71 45 50 -89 85 -116 -69 61 34 112 -70 126 -55 -53 -84 -127 93 -41 108 -87 -42 51 -24 -15 -23 90 -3 -54 120 50 81 89 -28 -61 18 -86 -51 68 -11 111 -127 106 14 108 -82 14 -93 80 -121 -58 105 -49 -120 -105 62 14 -96 36 -67 74 90 -80 108 92 -1 33 57 126 38 32 -111 -39 44 32 -91 127 55 -95 111 76 -84 -74 -70 66 -123 -25 63 120 -36 -25 -25 -43 65 74 103 84 -85 -109 72 93 -17 -63 -18 14 -98 99 -7 87 -14 117 56 -43 8 50 19 -97 -122 -5 62 72 -30 -35 -115 8 -117 76 -58 61 -94 110 114 -53 -85 -48 -93 -93 -20 127 -118 -101 -11 -42 30 -11 8 -13 36 66 25 27 -59 103 -104 -17 24 -48 47 -26 -71 25 42 -47 84 16 114 2 78 72 64 100 -124 106 98 -62 54 96 -85 -101 -63 37 -13 -118 85 121 89 -19 -20 -44 -94 -66 3 67 -123 -8 68 -96 63 -98 -95 -20 61 125 71 120 -19 102 -81 33 99 -29 109 -88 109 110 -32 -87 -86 96 -115 -60 114 -67 8 21 -90 52 -105 -21 -24 93 54 -108 125 -39 115 101 -20 -122 -119 -122 73 -4 103 110 -1 94 -16 -34 -74 -51 84 -47 64 91 103 -105 118 -108 43 -95 65 117 25 -84 7 100 -43 -10 32 -48 -62 -99 -56 88 89 -66 -89 53 80 -62 -89 96 -20 -2 103 -67 -90 -65 -62 45 12 -114 -111 -48 -13 -71 -34 -116 -63 99 108 -1 32 8 -88 39 -115 -65 -48 -120 -89 50 -96 -36 69 -126 38 118 -19 18 33 -32 81 77 40 55 -27 8 20 72 67 -43 -93 126 -104 -19 -99 95 -115 -3 61 50 -82 66 -15 -23 -32 -58 -54 92 118 -118 -48 -88 -112 87 100 -56 -46 98 -70 -47 -87 -45 -44 -51 119 69 -62 29 70 -102 54 31 106 -40 -9 -63 85 -98 -116 17 65 63 86 -88 63 -40 6 -79 55 81 -95 -36 116 70 40 5 -125 4 42 -115 -39 -64 -58 -99 18 6 20 45 2 -74 77 114 5 -6 63 104 -2 -109 -75 118 -9 -48 -5 -25 -38 102 -56 126 96 -92 110 -47 72 10 -9 76 -70 70 98 13 15 55 -78 83 81 -33 -4 -54 -44 -123 103 122 119 -78 59
1 853 16
8 -25 -31 19 14 20 -26 -13 3
128 0 25 1 74 2 -127 3 -127 4 -127 5 127 6 98 7 127 8 -127 9 127 10 -127 11 127 12 127 13 127 14 -127 15 127 16 -127 17 -127 18 -127 19 -127 20 127 21 127 22 -127 23 127 24 127 25 -127 26 -127 27 -63 28 127 29 -127 30 127 31 -127 32 -127 33 -127 34 127 35 127 36 -127 37 127 38 -127 39 52 40 -127 41 127 42 -127 43 127 44 -127 45 -127 46 127 47 127 48 126 49 -127 50 -127 51 127 52 -127 53 127 54 -22 55 127 56 127 57 -127 58 -127 59 -127 60 -127 61 -127 62 -127 63 127 64 -127 65 127 66 -127 67 -127 68 -127 69 127 70 127 71 -127 72 127 73 -127 74 -7 75 127 76 127 77 -127 78 127 79 127 80 -127 81 127 82 -127 83 127 84 127 85 -127 86 -127 87 -127 88 -127 89 -127 90 127 91 127 92 112 93 127 94 -127 95 127 96 -127 97 -127 98 -127 99 -75 100 127 101 -127 102 -127 103 127 104 -127 105 -127 106 127 107 -127 108 127 109 127 110 127 111 127 112 -117 113 -127 114 -127 115 -127 116 -127 117 127 118 127 119 -127 120 -127 121 127 122 -127 123 127 124 -127 125 -127 126 -127 127 127
0 30 12 7 1 0 8 2 0 0 1 0
240 25 -125 -38 15 -51 28 -93 104 -106 69 107 -79 124 -46 36 -50 -98 87 29 77 36 -97 -41 -19 8 52 -57 113 -8 90 124 -97 65 -70 99 -87 26 44 7 77 -69 -118 90 85 6 -63 76 -29 90 -64 -72 27 -6 -27 3 19 -16 -78 -4 126 -95 -38 -123 -67 -50 -65 13 89 69 -43 -118 -23 -111 -12 -80 -74 -121 44 -77 -4 7 -86 50 95 -69 23 -6 -63 -75 47 -32 -94 22 -3 70 107 -21 22 -41 -91 83 108 23 -1 -52 28 -68 120 -113 -36 96 -94 29 103 -48 6 121 -26 -93 114 -89 -69 57 -124 -40 -18 125 111 -32 -5 73 71 -58 58 -10 -35 124 -74 -118 -124 -32 15 -53 -41 94 -68 -107 -39 70 43 -40 52 -109 25 54 97 -50 -89 12 86 35 37 -17 115 -15 94 -80 -20 -84 -9 106 -23 44 -19 -41 30 20 10 40 109 -7 36 -124 -123 -94 87 -102 100 88 126 69 114 44 -51 -22 -125 -1 113 3 58 -27 48 119 -4 42 -86 -97 37 49 95 -70 49 3 81 -21 64 -100 -22 -56 -90 -25 -39 -11 1 72 118 -26 -98 -80 108 -85 -33 -16 74 51 -116 -46 -61 77 -16
2520 3 -117 52 25 112 -49 24 -83 93 27 -45 -34 19 -106 53 17 98 -95 -68 52 -126 92 -42 81 -101 -48 -41 74 56 106 -35 -92 -33 36 78 23 -108 -51 43 -95 -77 -62 35 107 45 -73 36 101 34 70 -83 94 -102 105 127 38 85 72 -89 -118 51 16 -108 84 88 40 -35 105 118 33 -46 -116 22 -37 57 48 80 100 -36 119 66 1 -41 -10 -51 -99 -125 -46 -29 -3 -101 -73 112 -50 48 -118 -102 19 -113 98 32 -96 -82 97 52 31 92 -25 -88 -123 -70 -37 -123 -88 -78 72 117 76 -80 120 -35 88 66 118 -117 123 -124 -32 13 81 -21 -41 127 -81 -11 112 -70 -82 38 6 54 48 8 -26 -105 -36 -6 91 36 110 -61 -110 -52 86 -121 -112 -116 53 97 8 -61 2 82 -17 80 19 -74 106 10 2 94 96 -84 -86 95 83 55 -74 61 55 73 4 89 112 107 -44 50 4 3 -34 -117 -52 -46 -35 -11 72 7 7 -62 120 65 115 18 -89 51 95 -85 -31 -40 -7 -80 -91 52 -39 105 -98 25 -126 97 119 -49 -11 -110 -93 76 -118 38 69 -72 109 -19 61 -4 -53 -56 48 -120 5 13 103 -40 -78 -119 35 34 -24 -57 -93 -114 -40 64 -115 -69 -78 -103 25 -17 22 -121 -53 86 94 65 -2 -79 -75 16 -6 -85 34 112 -39 -59 -32 -99 -11 92 -28 9 44 78 9 9 73 109 110 28 45 -68 -50 104 75 -115 28 -54 111 13 69 101 -81 85 95 71 -11 -52 26 -98 100 -4 -112 61 112 20 120 13 12 -12 -26 -22 11 -79 59 -104 -85 -11 -89 -38 -93 -95 124 -58 -78 60 -43 -11 120 110 71 -9 56 -118 -87 -114 103 -82 -56 71 -24 -123 9 51 -25 73 82 -99 -7 49 38 122 119 99 -5 103 -100 -27 14 -8 -64 -58 23 93 63 112 -17 -105 40 -60 -118 75 -89 110 65 -60 -114 -120 -65 -57 -42 74 -87 45 84 -15 121 -82 -55 -123 -120 -10 -3 71 8 83 -53 -17 -97 16 -93 -29 77 -51 83 -55 13 45 31 -96 -1 -75 -5 79 20 18 26 -48 45 61 -113 101 13 43 -91 -23 -64 27 -3 41 -44 -74 -37 53 -109 95 107 78 -68 44 44 -28 104 -33 -116 116 8 126 -73 -78 45 20 -1 32 -57 51 95 -83 -32 -119 -99 71 -17 -108 101 75 38 67 14 -89 114 99 -106 84 -61 14 -105 -115 100 -4 123 109 -35 42 71 -28 113 -91 -62 31 -71 120 -58 -101 -99 49 98 -22 73 -48 -67 -11 -113 8 117 -1 13 -87 -54 72 -86 -41 40 30 46 -53 -83 69 -63 8 -58 104 123 -59 61 69 0 -106 83 31 89 -19 77 106 -103 65 -28 81 -25 34 33 -39 118 10 65 39 -57 -52 -83 -32 67 30 -104 116 123 -34 -121 -112 -86 67 -31 -47 33 -28 -6 -98 -126 -44 -97 120 53 -26 124 -83 -76 28 -88 54 -124 -19 6 -98 -58 -115 -16 -1 81 75 104 59 17 -17 123 -107 120 32 -102 -111 31 -70 9 -67 70 -22 -123 -17 -108 -91 -36 117 -42 37 -93 21 -58 -64 -30 -36 75 -2 48 -42 123 63 111 57 0 -112 -80 124 -29 96 -16 -37 0 -44 -98 3 -26 -10 -73 -10 -36 -90 86 -24 -26 -51 -81 -57 -55 -43 62 84 -97 -62 -120 -120 46 -51 82 18 -59 -25 24 -46 103 -21 -96 -72 8 -17 71 -113 44 -96 -41 -83 -23 88 27 57 98 -52 45 45 -120 -94 19 105 -53 -81 33 -103 -29 -20 -76 96 51 61 -91 -40 -50 62 42 -22 7 -31 -54 11 63 -45 -38 69 -64 107 -31 -29 -30 92 -86 -52 87 56 77 3 119 -35 -43 -71 -70 0 -19 -52 70 12 62 23 3 60 -64 -6 -93 109 14 -101 -93 48 -17 90 6 -120 64 122 25 -50 120 -78 113 -125 23 108 -83 -110 -10 26 -36 -27 -31 33 -29 -53 23 -89 11 65 -6 -87 93 -2 -55 63 -10 -37 88 16 -83 54 65 117 14 121 38 1 5 -16 89 -125 17 -96 119 113 -111 -60 -2 -100 89 -104 -104 14 -126 -36 44 93 69 7 45 -78 82 -124 -44 -22 -123 91 17 -45 123 -82 -86 92 39 23 -82 -62 25 118 -103 -106 80 -41 -42 119 -87 60 -43 39 -57 22 -116 96 -113 57 17 -89 -86 -81 -8 16 106 11 -16 55 99 -24 113 -90 -5 120 -39 88 48 -81 52 77 52 -3 -60 115 65 65 121 29 104 -126 47 127 51 56 -31 95 57 30 94 71 -103 33 111 81 17 61 -44 66 68 121 -2 -74 -71 -106 -99 -16 127 100 -39 -92 -127 24 96 126 86 33 40 73 9 116 -48 -39 -57 87 -80 -15 87 -35 -26 -39 -77 -21 -119 64 -116 17 -16 -29 78 23 -75 49 2 113 -11 43 13 -55 6 78 -65 -19 3 -93 -66 104 62 23 -49 16 -120 103 84 0 84 -1 -13 -102 -41 8 -108 -113 88 76 -49 -89 -19 -62 -112 120 120 -111 69 -56 124 90 -70 -49 81 -114 -96 113 7 -4 98 94 126 119 80 5 24 71 -114 63 28 -7 -42 87 104 -11 -59 95 -93 110 -83 72 120 -101 -9 -30 74 109 106 90 -121 25 -110 88 23 -17 26 24 35 -71 -73 -18 104 -98 -107 -78 -93 32 -39 88 93 -64 72 115 56 9 79 54 2 120 70 -33 51 -6 -80 -61 -93 0 89 -52 95 42 124 8 49 -26 -32 123 -5 -121 -27 116 -86 -19 -93 38 46 -62 45 74 110 -41 -6 124 -34 -48 124 -42 33 -74 -3 -55 68 -95 -32 39 -116 -3 -20 -92 61 58 83 71 111 92 101 -78 -8 -86 0 61 -35 -40 97 -115 87 -53 -51 112 69 -65 -76 36 116 69 89 39 -93 67 -109 -40 109 -26 -46 -58 -46 -31 -28 -64 4 -7 -31 9 -4 32 65 14 -1 -50 -70 -114 -49 -20 -62 46 16 99 -31 -43 -76 107 70 -93 -63 -61 29 -89 -115 -33 108 14 -60 77 15 -46 90 50 -75 -90 88 -89 52 38 97 -94 96 -69 -27 -46 67 25 -32 53 90 -94 109 102 -68 -75 -12 79 -7 -40 -126 12 48 117 -118 -81 -118 52 37 -27 53 -9 -71 -40 -9 74 -114 32 -51 90 36 0 -78 -108 67 9 70 68 59 42 93 101 -124 96 -78 -97 -24 69 -90 26 69 23 -14 61 122 12 -55 103 92 -5 45 73 97 -92 1 -32 56 -32 -24 22 -67 113 104 12 8 49 -32 71 -40 -98 -112 -61 -76 65 63 38 -73 -90 -30 -46 115 13 107 -75 55 -36 65 -44 -113 82 -76 46 -53 11 -111 -87 -70 26 5 39 11 30 -16 -98 -40 -77 -35 -80 70 27 -118 -105 -86 58 -47 -37 89 87 -125 -100 25 -104 47 -120 -18 -36 119 -98 64 -71 -81 -50 92 -44 7 -112 82 -56 -68 8 0 34 -29 30 10 -81 12 -38 -62 109 56 124 -116 -94 -63 61 -3 58 -44 94 79 -89 21 -10 -98 -31 -82 20 -4 122 109 5 -32 36 -46 -42 -113 -29 -5 -107 -26 -115 -65 -14 34 80 41 4 79 8 -73 -41 -76 -3 85 -58 -93 -102 91 68 -96 -27 22 -117 0 -98 10 34 88 114 72 -51 55 4 82 -68 94 70 111 -122 60 4 -9 -30 90 16 -17 -97 -45 14 44 29 -107 18 -93 7 -18 -63 50 -102 97 98 -65 -47 -96 0 111 46 -45 -119 77 53 -50 -43 64 -96 -54 -72 -103 -92 40 65 -11 -52 -19 106 -30 -2 86 98 -71 52 -3 -121 -41 112 -36 36 31 105 -8 -92 43 109 89 -111 -19 -124 -124 25 -92 -60 -94 117 -104 62 86 -25 28 -16 11 58 33 -48 1 125 -74 63 -1 108 -118 -31 17 122 86 58 40 -37 126 54 95 25 -98 69 102 11 80 -94 -50 -91 96 -87 -49 -6 -94 -73 62 -39 -113 -45 18 59 120 47 56 16 -3 -46 5 -34 110 -79 32 1 24 -64 50 43 76 85 -43 77 -77 -24 -5 -38 -60 91 -7 -46 103 -28 49 -16 93 25 20 99 -107 23 29 109 -88 65 36 25 -79 23 32 61 22 -9 20 41 -46 -30 104 -2 50 20 24 103 41 122 -122 30 -113 30 90 5 96 16 -103 29 63 124 65 90 22 72 -31 -107 -76 60 36 52 62 104 -26 -34 25 -58 -110 25 14 33 28 4 70 -43 17 13 -24 41 74 -106 103 2 -72 100 117 -37 -18 -94 -96 34 71 51 4 16 -30 123 102 120 85 33 34 112 44 26 6 6 97 -59 -35 -60 69 -75 -57 -111 104 14 33 -82 122 101 -49 -2 66 69 -117 -104 -64 82 13 -85 -117 42 -64 81 106 -120 117 -4 -66 88 110 1 64 28 -54 77 120 -5 -22 37 117 109 80 -55 -64 18 59 9 39 5 92 -123 86 -83 -9 -108 74 70 47 -87 63 10 -60 112 -49 -24 74 117 -91 7 71 -26 -31 33 -114 -85 72 60 96 -87 24 -87 -6 -71 45 49 -93 -62 72 -92 34 -10 -70 -103 -90 -64 -2 77 -67 90 41 23 100 26 -87 -69 36 -69 -126 22 67 -110 -14 124 -24 69 34 109 46 90 10 30 38 -49 -126 -127 106 107 -30 91 22 -45 68 111 -86 -110 -66 -96 -112 119 -86 -75 44 -26 -29 62 17 114 32 109 -46 -63 -8 93 -101 113 108 13 -101 54 -25 -68 -37 -72 -101 -117 -91 115 10 75 -90 -105 69 -6 33 49 -112 -18 -112 112 -24 -127 91 -98 -46 11 88 -7 -30 -122 52 3 -67 110 107 96 -76 87 113 33 -107 -95 -104 -44 -2 124 -78 -47 119 104 -17 -85 61 118 64 -104 -101 99 -89 -102 -36 22 -72 -54 95 -97 -104 102 95 46 -32 55 -39 30 77 -12 16 115 -53 -95 124 37 20 -33 -100 108 30 -47 -94 57 -59 -113 -57 70 11 -92 97 16 112 94 -37 44 107 -47 59 -38 70 33 -34 83 80 39 -20 -112 -18 39 0 1 78 8 72 -99 -64 15 79 114 60 -90 -85 10 -53 115 -40 -93 -126 -3 106 -56 -112 -81 -41 -70 -9 -91 76 -58 94 -77 -90 -103 -105 -55 -121 -67 68 -21 -118 57 -117 -42 51 -57 -115 -20 -50 -48 19 -74 105 66 51 -113 -20 39 121 25 76 112 -40 -71 -18 -97 49 -121 80 47 -92 -106 -10 74 -3 -35 -91 58 -5 -49 57 -68 47 -44 92 -75 19 -25 -72 40 -113 24 57 10 -104 9 88 18 -28 62 73 -18 106 5 17 23 -55 115 -119 1 -66 59 99 -78 80 -77 113 26 37 -116 75 -95 -66 30 54 -106 -116 -74 -51 -23 20 126 46 5 5 41 92 19 26 27 28 55 80 9 123 -78 65 -105 -64 -74 70 -21 7 -43 -80 -119 -7 62 -61 88 -16 40 124 36 -79 -100 -63 -89 8 -96 43 112 110 64 28 3 -35 27 -121 -115 36 118 -57 -51 -80 -15 -44 -115 -96 -95 -123 81 105 70 -88 51 29 -80 -103 48 15 -67 -49 42 -66 -18 92 90 -69 -117 -48 -126 -34 43 81 50 -39 -3 117 88 -117 64 -30 23 85 44 30 -106 65 -5 -111 91 -26 125 22 -34 12 84 -126 -38 -123 47 -83 38 23 55 121 24 -103 88 -122 47 -3 -110 91 -47 -22 -1 119 118 -101 -101 33 40 -8 -84 3 67 56 20 22 -53 -30 -36 31 -120 -1 31 46 -100 -92 112 34 -64 -4 -64 88 56 60 -52 -49 101 97 -67 -28 60 126 9 87 52 79 100 -91 104 -17 -116 -31 39 48 -88 -40 92 38 -61 -126 -124 103 -105 -111 50 50 57 -83 -7 104 -51 110 109 -39 -14 78 -122 52 -66 -122 -38 75 93 24 -92 124 -13 -95 22 33 -68 12 -124 35 7 74 -93 -62 116 44 -35 93 -118 -95 6 -16 51 117 21 -32 97 97 -74 -117 -94 67 -71 58 52 122 29 43 -57 72 68 56 12 -41 -87 -66 55 -104 -32 -73 -29 -59 22 93 -52 44 -81 13 26 77 72 82 -16 -79 43 -66 -94 -89 2 -75 -11 -68 36 -11 36 50 72 92 -34 77 50 74 -80 -104 -7 106 118 14 -60 -50 -20 88 -86 81 -18 71 13 -87 5 -19 15 -105 63 -73 -57 -69 84 74 -108 -76 47 125 92 53 72 -123 -16 -68 58 25 -82 28 20 -26 -30 -1 24 -120 -14 -8 -42 12 18 95 22 -124 -114 0 91 114 -115 13 -109 -58 112 41 -55 26 37 31 20 -48 28 61 93 43 117 76 -1 -45 -99 -125 -107 45 117 5 -42 -72 100 -45 100 106 -13 42 69 -23 -54 -55 26 24 -109 -48 -5 -13 98 2 123 -29 107 96 14 -76 -70 -121 31 78 107 -19 20 -18 -123 93 96 117 118 -21 14 -8 -11 -125
12 551 11 287 12 17 8 1993 14 1593 12 787 11 1791 13 485 12 781 11 67 8 187 9 1085 14
12 -17 -4 38 -35 -8 -37 -31 -35 -40 -39 -15 -8
24 0 127 1 127 2 -127 3 127 4 -127 5 -127 6 -127 7 127 8 -127 9 -127 10 127 11 127 12 127 13 -127 14 127 15 127 16 -127 17 -127 18 127 19 127 20 127 21 127 22 127 23 -127
2 1 8 1 2 0 16 8 0 0 0 0
16 11 -112 -78 103 6 -11 99 -31 -42 19 -57 -123 -67 -84 -15 51
8 89 -55 34 8 -45 8 93 20
1 1693 13
8 -26 9 -33 36 39 1 -33 -15
64 0 127 1 -127 2 84 3 127 4 -127 5 -127 6 -127 7 -127 8 -116 9 127 10 -59 11 -127 12 127 13 127 14 127 15 127 16 44 17 -127 18 9 19 127 20 -127 21 -127 22 -127 23 -127 24 54 25 -93 26 46 27 127 28 -33 29 -58 30 -75 31 11 32 -63 33 127 34 -17 35 -127 36 127 37 127 38 127 39 127 40 19 41 -127 42 11 43 127 44 -68 45 -93 46 -110 47 -24 48 127 49 -127 50 82 51 127 52 -127 53 -127 54 -127 55 -127 56 30 57 -127 58 10 59 127 60 -127 61 -127 62 -127 63 -77
0 1 24 7 1 3 8 8 0 0 0 18
8 83 -31 62 119 -50 113 125 5
168 -66 -62 -44 -56 -12 -25 -102 -119 43 106 -120 -27 -18 21 22 -71 93 96 -1 -25 -70 37 38 65 -29 22 -46 72 107 114 -29 1 13 -117 -68 -66 69 62 -28 11 123 -41 -13 -94 -16 47 65 -47 25 81 37 -8 -6 118 -65 54 107 49 -4 -93 101 30 -71 -102 54 33 83 79 -124 -29 -33 -78 -13 35 55 93 111 -75 96 -102 125 -113 5 -28 72 80 -43 -52 30 -73 -33 69 99 1 17 108 123 56 -38 24 56 42 -88 -56 79 105 107 69 51 -24 64 -101 29 108 41 41 115 38 -101 -45 -48 27 24 119 7 -47 -34 -97 -68 -102 84 10 122 104 -107 17 -65 -50 -90 -25 88 -76 -15 -78 38 109 49 -101 102 19 -43 30 25 54 36 85 8 -60 -1 1 -11 124 -84 -70 -75 17 -88 -32
1 1513 12
24 36 10 -38 -19 39 14 28 -5 20 13 25 4 11 -8 -22 -23 -9 30 3 -29 -10 0 -33 -3
192 144 -127 145 127 146 127 147 -127 148 127 149 127 150 -127 151 127 152 127 153 127 154 127 155 127 156 127 157 127 158 127 159 127 160 127 161 -127 162 -127 163 127 164 -127 165 -127 166 127 167 127 168 127 169 127 170 -127 171 127 172 127 173 127 174 127 175 127 176 127 177 -127 178 127 179 127 180 127 181 127 182 127 183 127 184 -127 185 127 186 127 187 -127 188 127 189 127 190 -127 191 127 192 127 193 -127 194 -127 195 -127 196 -127 197 -127 198 -127 199 -127 200 -127 201 -127 202 -127 203 -127 204 -127 205 -127 206 -127 207 127 208 127 209 127 210 127 211 127 212 127 213 127 214 127 215 127 216 -127 217 -127 218 127 219 -127 220 127 221 -127 222 127 223 -127 224 127 225 127 226 127 227 127 228 127 229 -127 230 -127 231 -127 232 127 233 -127 234 127 235 -127 236 -127 237 127 238 -127 239 -127 240 127 241 127 242 127 243 127 244 127 245 127 246 127 247 127 248 127 249 127 250 -127 251 127 252 127 253 127 254 127 255 127 256 -127 257 -127 258 127 259 -127 260 -127 261 127 262 -127 263 -127 264 -27 265 -127 266 -127 267 -127 268 -127 269 -127 270 -127 271 -127 272 -127 273 -127 274 127 275 127 276 127 277 127 278 127 279 127 280 127 281 -127 282 127 283 127 284 127 285 127 286 127 287 -127 288 -127 289 127 290 -127 291 -127 292 127 293 -127 294 127 295 127 296 -127 297 127 298 -127 299 90 300 127 301 -127 302 127 303 127 304 127 305 127 306 127 307 -127 308 127 309 127 310 -127 311 -127 312 -127 313 -127 314 127 315 -127 316 -127 317 127 318 -127 319 -59 320 -127 321 -127 322 -127 323 -127 324 -127 325 127 326 -127 327 127 328 127 329 -127 330 49 331 127 332 -127 333 127 334 127 335 -127
2 8 8 1 2 0 16 8 0 0 1 0
128 9 103 -106 -21 -121 -112 -89 109 -106 -7 -46 74 78 -120 -69 114 56 119 31 -55 -94 -79 14 113 73 116 124 -9 -58 -55 84 -49 105 44 -91 -27 -18 -2 15 -43 2 118 -10 -97 -6 -79 3 46 -95 121 15 -47 -78 14 -48 68 -94 71 0 95 -87 95 41 -123 15 123 50 -17 82 -48 121 -127 34 2 52 -37 -30 53 -44 87 -104 28 -42 12 30 -118 50 53 23 106 11 -105 -77 -37 -74 32 -71 25 72 67 96 49 84 7 53 42 68 -109 15 47 53 -126 -91 -56 -114 121 15 48 -82 40 -122 -55 -2 -112 -9 109 -61 -44
64 -53 -24 -4 122 126 -102 -86 121 65 33 -13 -74 57 -5 -112 54 58 127 55 100 -93 51 40 -32 -2 -32 126 51 10 -89 -119 -84 13 -65 109 116 77 4 59 -88 -5 -7 -32 114 63 -126 38 -101 -123 -1 -103 -84 -4 11 -24 -125 -103 -92 -114 91 70 17 28 113
8 1819 15 1697 14 23 10 935 13 1523 12 5 6 107 9 849 12
8 4 10 -8 35 21 16 -14 -6
64 0 127 1 127 2 -127 3 127 4 127 5 127 6 -127 7 127 8 127 9 -95 10 -127 11 127 12 127 13 71 14 127 15 127 16 127 17 127 18 -127 19 127 20 -27 21 -85 22 -127 23 72 24 -127 25 -127 26 -127 27 -127 28 -127 29 -127 30 -127 31 -127 32 -127 33 -127 34 -127 35 -127 36 -127 37 127 38 -127 39 -127 40 127 41 127 42 127 43 127 44 127 45 127 46 127 47 127 48 127 49 -127 50 127 51 127 52 127 53 -127 54 127 55 -127 56 127 57 -127 58 -127 59 -127 60 -127 61 -127 62 127 63 -127
0 3 16 3 2 1 4 2 0 0 0 5
12 -53 81 -41 24 -16 19 -2 47 -96 -21 58 111
144 -36 -63 119 -27 -96 -100 -81 49 -107 85 6 -122 84 59 66 -12 112 -83 93 18 31 110 -92 20 61 -123 -57 117 122 65 -75 -80 71 52 81 -81 37 42 -24 22 -87 17 106 -55 4 41 -81 61 -18 -11 -110 46 99 30 89 -93 125 44 -106 -73 -46 16 -58 -23 -12 -69 46 13 -81 19 -49 6 -66 -114 -37 -32 19 0 49 -16 -103 87 -82 0 -21 -73 -74 -110 64 52 -75 49 -54 101 94 -73 -67 75 -92 88 120 -14 -5 -99 50 -113 -59 1 35 -13 -112 122 89 -3 -118 62 -3 -42 -19 8 -9 -76 2 44 -8 -8 38 -90 -43 16 -4 91 -35 -50 -90 72 127 108 24 3 -48 -1 -112 -51
1 17 6
16 -19 36 -15 28 -14 27 5 -11 0 24 22 3 -14 19 15 31
32 10 -127 11 -127 12 127 13 127 14 127 15 -127 16 -127 17 127 18 127 19 -127 20 127 21 -127 22 127 23 -127 24 -127 25 127 26 -127 27 127 28 127 29 127 30 127 31 127 32 -127 33 -127 34 -127 35 -127 36 127 37 127 38 -127 39 127 40 127 41 -127
0 3 16 7 1 3 8 8 0 0 1 9
24 14 43 -31 -17 55 83 -77 -26 -79 8 103 0 -25 -98 1 75 113 -68 -65 120 118 -43 -98 71
336 -68 -34 -68 117 14 -19 41 -125 78 -34 -13 -64 92 109 44 4 -100 3 -62 112 19 30 -95 -46 -32 -8 53 69 -120 17 -4 73 -41 -99 67 -36 -20 90 114 97 -102 -50 -125 -13 -115 -34 14 121 98 14 -82 -102 -88 10 127 84 -65 -50 -66 2 113 116 -61 -93 16 24 37 -100 -87 41 1 111 82 95 67 -86 23 81 -15 26 52 77 115 114 120 99 -28 -60 87 -51 59 48 101 -40 -86 18 -43 -62 51 -71 41 -64 51 -19 108 -42 102 -11 -29 -71 -29 57 -43 -98 -107 -93 4 32 73 -66 39 52 -57 39 -70 88 -8 -53 -22 -36 18 -7 124 -116 117 125 101 126 -54 43 -123 67 56 3 -6 -1 -24 -32 116 2 -49 23 -43 37 104 91 -56 -19 85 -33 -46 -12 -102 -104 31 -24 18 -62 -83 106 73 55 -22 -22 93 41 -53 115 -35 124 18 43 -97 41 93 3 3 -50 5 -121 -95 -126 -72 -100 -8 -97 -16 -28 -55 -123 8 -1 46 -34 21 9 -101 -93 7 25 22 -28 23 -32 -80 -30 -56 -88 -45 88 90 -79 110 63 20 52 -94 -11 42 22 -121 -15 70 -7 46 53 -77 -26 24 -30 75 -49 2 110 -5 2 123 -37 24 -56 -49 109 -30 -42 -78 -50 -69 72 -27 8 24 -18 -56 72 60 7 -54 -11 69 14 103 -18 -75 70 6 29 -97 -4 -54 -67 89 -73 -18 56 43 1 125 -41 -7 -26 -42 -118 23 -48 112 -49 72 62 -103 101 -114 -43 -84 -91 -101 10 -90 -127 -36 68 34 -16 -39 -15 -50 0 15 121 123 47 93 6 -43 -20 -109 -12 -23 -47 -120 -21 94 -72 -28 113 -3 -23
16 551 12 165 11 775 11 1159 14 1445 12 439 11 637 11 1441 12 1033 12 221 10 151 10 795 14 1205 12 1283 13 905 14 1825 13
16 -35 -40 -31 -31 4 -27 28 7 -22 18 -13 -27 -37 24 14 19
128 72 127 73 -127 74 -127 75 86 76 127 77 -127 78 127 79 -127 80 58 81 127 82 -127 83 127 84 121 85 -127 86 -127 87 127 88 127 89 -127 90 -127 91 127 92 127 93 -127 94 -127 95 -127 96 127 97 -127 98 -127 99 127 100 -127 101 -89 102 127 103 127 104 -127 105 -127 106 127 107 127 108 -127 109 -127 110 127 111 -127 112 -127 113 127 114 127 115 127 116 -127 117 127 118 127 119 127 120 -127 121 -127 122 127 123 -127 124 127 125 127 126 127 127 -127 128 -127 129 127 130 -127 131 127 132 127 133 127 134 -127 135 -127 136 -127 137 -127 138 -23 139 127 140 127 141 -127 142 127 143 127 144 -127 145 -127 146 127 147 127 148 127 149 -127 150 -127 151 -127 152 127 153 -127 154 115 155 127 156 -127 157 -127 158 -127 159 127 160 -127 161 -127 162 127 163 127 164 -127 165 -127 166 127 167 127 168 127 169 127 170 -127 171 -127 172 127 173 127 174 -127 175 127 176 127 177 127 178 -127 179 -127 180 127 181 127 182 -127 183 -127 184 -127 185 127 186 -127 187 127 188 127 189 -127 190 -127 191 127 192 -127 193 -127 194 127 195 -127 196 127 197 -127 198 127 199 127
2 30 8 1 1 0 16 16 0 1 1 0
480 58 123 63 7 -34 -51 -115 -40 -27 124 113 117 113 -122 -30 45 84 -83 -105 -94 31 51 -57 15 114 -60 13 23 26 33 66 -65 -24 -46 -117 40 -126 -55 96 117 77 -25 -8 48 50 87 -112 -10 108 -36 -2 88 68 -106 -2 74 7 43 68 -78 63 15 57 58 -62 91 106 34 -15 34 -81 117 -88 -99 -26 -113 34 -4 21 -5 -8 -96 -53 15 -105 -26 124 -58 -79 124 -62 -107 -10 -20 63 17 93 75 102 88 1 -105 -16 -76 64 21 91 16 76 -20 -46 -105 -72 13 77 75 50 -120 -2 -100 -66 -62 45 103 31 123 52 -85 -24 127 -59 -89 87 -123 -87 13 -108 45 -28 97 42 46 61 40 66 -4 -69 -84 18 21 69 25 107 93 67 127 -56 3 -39 -23 91 26 25 -82 -72 53 -12 109 61 17 -95 18 -64 -10 -42 49 6 -26 46 -83 -76 -6 -48 35 -111 37 11 -104 81 96 96 123 13 110 -80 77 47 -55 80 -76 -13 50 38 109 71 -60 106 -125 112 -36 -32 61 -103 26 -118 44 115 -30 -102 -125 126 -109 -120 36 75 -96 -86 -102 102 -115 75 -6 104 37 25 -15 52 116 -24 -93 113 -35 -25 75 68 -114 -110 -4 63 -81 94 -85 58 36 106 99 -31 24 35 98 111 95 -117 -16 -126 -38 -91 91 12 34 87 69 63 -45 -124 -14 -39 -18 -5 -53 22 109 77 104 62 64 118 -91 -53 73 -14 11 -110 -44 -26 42 99 -93 105 -87 -32 -124 -58 -107 -114 19 118 -7 10 -71 68 -111 -84 56 105 -80 115 -103 43 117 127 47 81 80 69 -80 -121 -66 -78 -20 -31 43 97 -86 92 22 -64 48 -83 -56 99 97 102 14 5 14 9 92 -65 113 -110 -93 43 -65 55 -67 -55 -114 -103 72 52 -88 11 -11 120 -55 -75 15 63 68 -74 32 52 8 -95 55 -31 87 -106 115 -1 15 -37 69 4 -86 113 -124 -20 -47 -5 54 -104 56 96 53 6 -5 113 -26 -40 -117 -84 -27 -102 126 -114 103 26 -16 -77 1 -69 -114 36 -110 56 73 -56 -55 -34 -38 36 -69 65 110 -90 106 97 93 1 -3 64 12 -109 -27 -98 116 -10 -111 -40 59 104 78 -25 -118 54 -127 -42 -86 88 107 127 40 -31 91 84 105 17 46 89 -66 -121 -26 -68 93 -104 31 58 -37 -123 -40 -58 -41 -70 -64 71 -20 111 -79
240 72 -103 68 20 95 -60 -121 46 88 -26 114 33 -12 118 18 -79 80 -19 -84 4 -42 -8 -13 -39 -102 72 -14 -74 -5 -6 110 109 48 6 116 -25 8 -110 -64 49 96 -9 -92 -1 -107 68 -27 33 -69 18 -28 -30 1 -6 39 79 97 83 107 96 -117 -71 -18 59 4 -113 -125 8 -106 24 -74 61 17 -67 -25 -104 -74 -29 83 -93 15 43 -93 77 66 122 58 54 94 -76 -82 4 73 -62 35 -13 31 64 -79 -34 103 -65 -98 25 -78 -83 119 10 -82 109 -121 -36 -117 111 62 -17 71 92 100 -81 -19 103 -72 107 -96 94 -112 54 65 91 -43 -121 68 -75 -34 -88 83 -44 -43 -116 -49 64 -1 85 101 -107 53 -43 30 -120 69 -58 51 -74 14 1 14 122 104 93 -77 -44 95 -113 -69 -50 74 -106 11 62 66 53 -1 -98 22 26 57 -37 8 -42 -38 -63 -109 -79 25 79 -6 -77 -88 -3 25 0 26 42 -70 -70 31 58 50 -35 -2 -106 48 21 -4 79 31 -7 -86 108 105 33 92 -107 4 53 11 -3 -73 -34 89 113 -41 104 37 37 86 30 107 71 -70 35 32 54 116 -110 81 11 -112 -113
8 1001 12 175 9 355 11 1285 12 1317 13 83 11 1185 12 475 12
8 -2 -13 -32 34 -33 -28 -19 0
128 0 0 1 127 2 0 3 0 4 0 5 127 6 0 7 127 8 0 9 0 10 127 11 127 12 127 13 0 14 127 15 0 16 127 17 0 18 0 19 127 20 127 21 0 22 127 23 0 24 127 25 127 26 0 27 127 28 0 29 127 30 127 31 0 32 0 33 127 34 127 35 127 36 127 37 127 38 0 39 0 40 127 41 0 42 0 43 0 44 127 45 0 46 0 47 0 48 0 49 0 50 127 51 0 52 0 53 127 54 127 55 127 56 127 57 0 58 0 59 0 60 0 61 127 62 0 63 127 64 0 65 127 66 127 67 0 68 127 69 127 70 127 71 0 72 0 73 127 74 127 75 127 76 127 77 0 78 91 79 0 80 127 81 0 82 0 83 0 84 0 85 127 86 0 87 38 88 127 89 127 90 127 91 0 92 24 93 0 94 127 95 127 96 127 97 0 98 127 99 0 100 127 101 127 102 127 103 127 104 127 105 127 106 127 107 0 108 0 109 127 110 0 111 76 112 12 113 127 114 127 115 127 116 0 117 0 118 127 119 0 120 0 121 127 122 127 123 127 124 127 125 69 126 127 127 127
2 8 8 1 1 0 4 4 0 0 0 7
32 -127 -66 -43 35 -27 33 1 100 42 -56 -113 85 64 6 80 -6 44 -99 57 54 83 80 13 -115 125 -100 -126 119 39 -40 -7 -23
64 -52 -66 45 10 72 -94 19 68 -9 17 44 90 -25 17 -77 62 118 106 10 -4 78 -33 -49 116 67 -95 -2 29 -108 -93 -74 -20 44 -122 119 -38 -43 -60 -1 85 22 91 -65 -53 3 -85 47 -76 -98 10 -40 -29 -90 -78 -81 -67 127 104 56 -72 -31 -78 -47 -79
1 857 14
8 33 -17 -28 -5 -4 -38 -17 31
32 28 127 29 -17 30 127 31 -127 32 127 33 127 34 -127 35 -127 36 -127 37 -127 38 127 39 127 40 -127 41 127 42 127 43 127 44 -127 45 127 46 -127 47 -127 48 -127 49 127 50 127 51 -127 52 -127 53 127 54 127 55 -127 56 -127 57 -127 58 -127 59 127
0 24 16 3 2 1 8 4 0 1 0 0
192 -66 -124 -16 -33 49 62 -40 61 78 -67 -29 -91 -93 95 -37 -51 -19 -19 -98 110 -53 -79 -110 94 100 -37 -66 -32 -28 -57 -103 -49 -24 61 -49 -11 110 100 -54 10 76 79 28 13 -67 73 115 42 90 62 43 -88 97 60 -84 7 21 -6 -58 -77 -60 -33 -35 -86 105 -121 60 -122 -10 -15 65 46 -96 51 -2 -17 -35 -13 -26 -83 -111 34 115 43 -31 -122 -117 46 110 -121 125 -110 -111 -33 81 19 -115 56 3 -12 15 125 -87 46 95 -120 -28 14 17 -28 101 -35 85 8 121 56 -63 67 -26 -104 50 -60 -41 -115 -91 55 10 34 -23 35 87 -95 -80 -40 110 25 -113 65 36 109 126 111 -104 -33 -78 41 -69 -30 -15 90 -60 -23 -43 18 35 -64 -100 -27 49 -80 -45 -105 -26 -124 -27 -57 -45 123 -53 -77 -90 -1 -67 50 -90 -84 69 -80 125 94 66 22 -44 113 -73 -61 -102 -16 47 75 34 -47
1152 -112 -80 -9 65 -62 -67 -6 17 -123 -122 -9 -103 -12 8 44 -94 -42 -14 -122 30 104 99 52 54 -49 -15 -117 -52 -117 117 -87 -41 111 26 70 -3 49 106 69 -108 -117 53 -37 114 -96 -3 31 63 87 -4 44 -109 -103 36 28 71 121 120 -27 77 -107 -85 -32 32 -110 24 84 65 -96 -60 -76 105 -40 95 -20 -58 74 -3 67 -8 79 10 -89 -6 -85 86 61 -85 -29 54 -14 -108 -39 110 -21 -5 -123 -49 74 7 -26 -7 34 55 58 -107 33 51 -30 72 22 62 -119 -10 -93 -69 -21 19 -65 -65 41 9 65 26 62 97 -109 -88 -55 121 -1 -16 -68 -55 -125 107 -73 95 115 -21 -35 33 111 -104 124 -54 76 125 37 33 -19 -86 -1 104 -26 41 77 124 79 10 -120 -26 -36 -11 62 9 -92 80 23 -38 108 108 -94 12 -68 -26 -95 -74 45 -59 99 124 -73 35 34 -15 91 52 -7 -24 -91 4 -99 88 -70 119 -107 -34 -70 39 -67 123 -79 25 -73 -3 -19 -118 61 -46 -115 -125 36 -103 -4 -35 -104 2 -67 95 32 32 -90 121 -117 117 55 0 109 -103 -59 71 96 121 -33 96 -108 -19 -56 -5 42 -64 -14 19 -116 -124 30 -115 12 83 -37 22 -23 -8 79 -75 25 103 67 -22 54 -93 52 -88 77 -38 60 73 -9 -66 74 -5 -20 -122 64 -72 19 -55 94 -122 102 80 65 -103 4 -97 -66 -47 -112 -61 -28 94 -26 -19 -119 35 -106 -3 -40 29 10 -25 49 -49 -30 -116 -92 72 -11 -31 -76 18 -92 52 -35 -24 -20 112 -90 82 93 -109 -121 17 118 12 -86 -114 95 99 117 26 76 -80 -50 -88 32 2 -16 -61 -27 3 -73 -112 -100 -105 -119 -98 -34 -105 -117 3 -51 -12 -38 28 8 16 -126 -97 29 -4 -52 126 19 -35 -43 -76 -52 122 124 28 -39 -111 82 -30 1 -61 -35 79 17 -36 95 -38 -119 26 39 -74 60 -100 -41 -12 -107 -112 -84 -109 -27 -107 32 47 40 30 -42 -81 -15 -125 -126 -90 -125 -105 115 -50 -112 -122 100 -72 75 36 112 81 89 -89 120 12 69 -47 -22 -121 74 63 -56 66 80 -114 4 -19 -79 -6 54 -66 -81 -119 -36 -64 86 -104 117 -127 -76 -54 89 -123 71 -105 16 8 -111 -13 -30 11 -124 -8 -43 -110 -115 24 109 -22 92 66 20 -78 -11 80 13 12 10 76 -26 2 44 -118 -20 27 81 99 -69 -72 92 121 85 1 -120 -59 -72 -86 -78 -15 -3 37 88 51 -61 -115 46 -98 12 -96 -73 123 -78 -37 -55 51 -87 -88 -10 2 -109 -70 -12 -91 -25 74 113 40 106 -86 68 -70 86 -7 -22 59 94 27 43 -21 -115 29 -58 -77 -17 -44 64 26 52 110 53 115 -75 50 80 -94 95 77 -2 33 68 106 8 118 18 -94 -26 47 -70 -115 -64 90 -112 59 -42 108 20 37 -90 -69 69 -42 -32 116 -74 83 11 -110 45 53 105 -60 -44 8 37 -120 107 17 109 -64 -67 33 -33 -91 -3 36 28 27 -79 34 110 -127 -126 -119 92 117 -56 -90 92 -51 -107 -28 -42 30 37 -41 -44 -39 33 -73 -79 76 57 92 -121 116 -72 83 61 2 -59 -49 58 105 56 -94 -60 123 -39 -23 -63 65 87 -34 20 -127 55 -8 -98 26 7 62 -77 56 110 12 79 53 38 94 21 -6 94 -105 126 -16 50 5 38 -124 -54 16 -90 31 -30 -102 -92 122 105 -45 91 -13 -9 23 -25 -45 86 96 -116 124 92 17 -110 -13 -63 -105 42 78 -43 36 88 108 -106 52 50 -7 -29 73 -94 82 -2 -32 24 -90 14 126 92 70 -124 -37 53 117 55 57 -15 -53 126 30 -26 61 90 59 -79 -8 7 -114 125 -51 26 25 -49 50 -64 80 79 -73 43 -50 96 -61 -104 107 -20 -9 -14 42 24 4 101 -125 95 -24 -60 -71 -112 -124 55 78 -111 -92 30 -88 119 92 126 41 -88 1 102 32 -19 58 11 13 86 -59 15 37 -121 -54 27 -57 -123 -101 -12 104 -4 -99 -6 28 21 -115 119 -4 117 60 18 23 117 -68 -32 -46 17 21 54 80 -80 50 20 50 -54 77 -77 -94 50 119 25 78 111 -109 -88 -8 117 8 -74 86 35 -7 -78 -7 -67 70 81 37 126 48 45 13 1 69 -64 -90 43 -125 -105 79 -17 60 -61 -122 -103 81 -125 68 32 -68 60 -17 124 -56 -102 -119 114 -1 34 98 114 -74 115 -63 -70 -9 -49 31 -1 -76 -12 79 64 -125 113 10 81 15 70 114 -58 3 -34 -24 65 -111 88 36 111 -91 1 24 -68 83 7 -86 -15 75 -113 -15 85 -80 -106 61 5 -80 -70 -102 74 -81 31 88 57 -6 -59 -23 -36 41 25 13 -29 115 77 99 64 -90 118 102 -41 -17 81 -11 41 -111 -122 80 46 -18 106 48 -43 65 111 122 63 -11 -1 114 -76 90 -105 -3 -41 30 -27 106 -37 -37 -99 -104 -112 -66 -7 -117 67 105 -49 -93 88 -89 115 98 104 91 29 -75 80 19 -3 10 119 99 -86 34 103 102 -58 -30 72 -20 14 17 27 -21 50 -28 -93 29 88 92 83 18 -112 123 -16 34 107 97 -99 92 -80 55 -86 79 118 97 33 -8 -32 19 44 49 25 71 -87 8 92 104 -46 55 28 49 115 -104 -58 -118 -63 23 -5 -118 12 -110 -4 73 80 35 -48 -22 69 42 127 -113 -16 28 -77 -18 -17 -10 -75 31 92 27 -25 116 -41 119 -1 -41 71 108 94 91 67 124 119 55 -8 24 1 114 6 -87 -35 92 -53 -89 -69 -111 18 64 24 -25 24 22 101 101 -66 -102 109 62 17 -21 -47 -113 127 -121 -55 -72 -122 78 -62 37 -48 5 74 28 4 -18 74 -81 -76 -52 25 0 -66 -122 -74 -127
1 1699 17
16 22 -15 1 -4 -2 34 -34 -8 8 -6 14 28 12 -38 1 -40
64 0 0 1 0 2 127 3 127 4 0 5 127 6 0 7 127 8 0 9 0 10 0 11 127 12 0 13 0 14 0 15 0 16 0 17 0 18 127 19 0 20 0 21 127 22 127 23 122 24 0 25 0 26 127 27 0 28 127 29 127 30 0 31 20 32 127 33 0 34 58 35 127 36 127 37 127 38 127 39 127 40 127 41 127 42 0 43 127 44 0 45 0 46 0 47 0 48 127 49 0 50 0 51 127 52 0 53 0 54 127 55 0 56 127 57 127 58 0 59 127 60 0 61 0 62 127 63 0
0 24 5 3 2 0 8 3 0 0 0 0
192 64 -111 33 19 60 11 -63 -82 126 61 53 -86 -30 89 -43 46 113 50 22 -19 91 71 -116 125 34 -94 -17 -116 96 26 -39 -65 98 -21 -110 -57 38 15 -49 73 96 -22 -42 -95 -111 -66 118 29 -46 -83 71 30 111 -62 19 -63 -41 -35 -92 -108 53 81 103 72 -105 -52 100 96 84 -49 42 -69 -47 -90 -37 113 19 119 30 12 -44 59 -50 19 26 -30 117 2 -64 -113 61 -52 -43 78 16 -92 -126 -73 53 -113 76 -24 70 63 1 -47 -86 110 71 -42 -34 -46 97 -58 -7 -41 102 6 -110 44 19 30 23 -47 -26 67 -40 55 -30 -72 -61 30 92 -71 -124 -124 89 -6 89 25 -8 -58 98 46 78 108 -43 21 37 53 14 74 -59 59 11 -78 -27 105 15 -17 -1 22 -102 17 -92 -119 88 -83 89 -38 11 116 71 -37 62 82 -73 5 -18 20 38 -60 9 76 112 69 -39 2 67 -82 -66 44
360 -40 43 63 25 60 92 6 113 -46 -89 97 77 17 -10 5 40 21 107 -33 -87 119 91 57 25 -36 -56 62 104 74 -80 -32 49 65 6 0 58 28 81 -121 109 71 54 111 120 -21 126 123 68 -46 -13 -119 80 118 61 -38 77 72 16 -96 26 -97 120 -85 26 -39 -109 -5 27 5 117 -27 16 -11 -72 124 74 101 -52 65 -71 -50 47 1 65 -39 -33 -97 16 -97 88 125 -61 -42 121 -70 22 -81 117 -82 -11 -97 -112 86 99 -55 92 -41 55 -86 104 5 37 110 -87 -88 49 -123 -90 86 92 -49 98 14 95 -69 66 54 36 99 -127 -21 115 81 -105 21 55 95 116 -44 24 -27 -32 59 -25 -61 -55 -85 -54 65 16 4 16 -41 51 9 -21 -90 34 -114 -6 124 -117 -22 -83 -59 -28 -56 -98 -35 -101 41 -3 -67 3 76 -101 44 12 -43 62 86 -117 60 40 17 -4 60 -65 -27 25 55 -43 -59 -27 -52 -78 -77 76 -97 125 -18 101 25 54 -2 59 -97 27 -5 82 18 -28 34 116 -65 127 -2 21 84 25 27 29 -126 -53 16 103 -28 108 -42 121 -14 -114 97 93 -92 -90 -88 87 77 116 54 -71 -50 43 -115 -51 31 124 68 114 42 52 -79 13 -17 -24 54 16 23 -5 120 119 -62 -33 37 -12 62 36 12 -43 117 81 124 86 -113 -47 -21 -21 5 56 -12 -64 -108 -29 26 115 -117 -20 3 18 74 -82 72 -83 -23 -59 -29 -51 -79 123 -82 53 -122 68 96 9 17 115 98 -105 -37 84 50 -91 35 75 87 -56 93 103 -127 -119 55 89 46 102 -76 59 1 -107 -24 -68 10 -10 -93 55 68 10 -92 41 115 62 -89 -41 -36 97 14 -111 -27 -5 86 10 -20 -38 88 47 -41 -125 -78 78
1 2001 14
5 -17 13 -8 11 8
15 0 -127 1 127 2 127 3 127 4 -127 5 -127 6 127 7 -127 8 127 9 127 10 127 11 -127 12 -127 13 -127 14 -127
