49
3 0 16 128 64 2 2 0 0
2048 89 -29 67 100 -20 -117 -61 120 3 -3 -24 108 73 85 -50 120 -5 -36 22 101 105 -72 2 -92 -55 -92 66 -103 31 77 -63 125 105 9 124 53 80 27 103 -90 -48 -102 59 -109 103 90 48 -43 -7 16 -102 -37 -16 -47 29 36 106 -75 120 14 -5 -14 94 6 -61 -112 79 108 13 107 -124 -104 57 88 -25 54 84 73 44 33 -127 29 -1 84 95 -42 -65 59 -44 53 95 -111 -79 107 18 -71 -66 78 120 -91 78 12 -13 -104 -107 127 -46 97 3 111 -2 -100 -50 14 -53 53 -96 13 -42 81 109 11 -75 119 77 27 13 23 -54 -14 -104 25 77 -29 -46 20 -66 -53 -80 -79 83 -80 -119 29 124 41 -61 -6 -110 -105 46 66 -94 97 -89 109 -118 88 -107 102 52 109 85 11 47 -27 87 53 7 -57 6 80 -67 90 -72 102 46 23 84 116 -20 21 -57 -12 -1 42 37 52 107 124 76 -36 -106 -44 29 -98 -3 23 34 -42 89 -79 -65 -123 60 -58 -98 53 -71 -32 76 -84 -42 -18 81 -112 -102 73 -90 91 51 -71 -116 82 19 35 105 112 9 27 47 -109 -121 -96 35 -79 28 85 20 -97 -27 -104 -33 86 124 -98 -118 28 -122 -78 119 121 -80 56 -96 -5 -74 59 77 -112 112 46 -122 12 -19 31 -102 86 -61 -110 -71 -109 38 -50 -38 -16 -81 -112 1 -8 -117 25 -102 52 125 -27 -76 -61 -36 104 60 -7 87 103 108 18 -84 51 45 -75 120 69 -113 74 46 -87 89 -86 -40 8 -63 -97 25 108 -14 43 -83 -124 -7 47 -23 103 18 96 3 107 -48 39 -36 -28 87 41 -63 -88 16 49 -124 -10 62 -107 -42 62 -116 12 -56 -93 -66 68 117 -4 -37 29 -54 45 -36 24 115 101 35 91 31 -94 56 -48 -28 64 -21 85 39 -107 -127 25 -78 51 -42 -87 -66 -70 36 -13 -31 54 97 45 18 96 -21 -119 -25 96 52 18 -20 70 42 54 -116 -85 -13 -111 -61 52 -87 -13 8 99 -3 105 16 27 66 -127 99 -118 -1 -44 -48 87 -8 -115 80 83 97 122 80 -21 -79 13 119 35 123 -106 87 58 -94 125 -124 -25 116 46 -21 -47 -127 -73 -124 56 66 -127 123 83 45 8 29 -102 -79 -97 28 39 -77 96 -50 -56 49 123 -81 -102 -6 91 109 -26 33 -107 -122 -57 106 -12 77 75 -98 93 -62 -93 40 6 82 39 38 -39 -98 96 -88 -56 90 -123 -117 -117 -75 47 -61 15 -47 115 -34 113 18 105 90 -117 89 64 119 52 28 40 -1 55 37 104 -10 36 -16 -32 96 10 -82 -74 -31 23 -53 -125 -92 -89 -58 -42 -41 75 -33 56 -104 -41 72 31 -118 -117 -58 -86 -89 124 22 -53 -35 -26 126 13 -94 -52 -98 -5 60 -66 112 -115 -49 -82 92 6 59 -109 -50 -24 86 -43 -51 -21 -100 -102 16 105 -4 -6 -41 88 77 122 80 -40 -96 -5 -98 52 0 -18 -118 -50 -42 61 48 101 -88 108 -85 33 17 -31 79 122 126 36 -105 -111 79 -106 -77 64 -71 -112 -29 -125 -102 -27 15 5 -53 -13 108 -2 74 22 55 46 -72 -19 -106 -33 -71 126 -61 22 71 -85 -17 -78 -36 -98 -111 83 94 91 52 -120 104 7 -12 65 46 -76 -97 0 -26 -62 -74 37 -117 115 77 -72 32 -90 -101 -77 -10 -31 -35 12 84 -89 -101 126 25 124 -3 -90 17 -24 36 47 -19 97 6 -1 46 107 100 -45 86 0 0 35 44 96 -76 11 29 111 -71 -125 -40 53 119 64 103 -46 82 -45 -118 7 -90 96 -62 27 73 -88 88 -30 22 -52 56 53 79 -7 -111 77 -106 5 95 107 -117 -111 -70 -94 -117 -51 -124 67 89 -13 -43 93 -86 77 -89 95 40 -10 120 -32 2 -30 103 8 1 -119 19 -104 46 76 79 5 67 26 126 -108 64 -18 104 66 -75 -53 10 103 26 -21 84 121 -4 89 75 121 -28 28 23 -68 90 94 77 -122 41 99 -127 62 -81 -50 2 18 -62 -42 -111 -1 93 -60 114 84 -50 70 -23 -29 80 -29 -112 -86 37 112 -95 -66 -54 59 85 -42 -113 114 -118 -4 -21 -91 -2 100 94 27 56 -107 45 51 -89 80 125 -37 -22 -118 29 -8 -29 -10 -115 -102 -7 72 -89 -122 -119 26 31 -94 34 -45 -101 52 13 39 -39 -78 -29 73 71 72 -2 -99 98 -112 29 52 -8 30 34 112 -41 39 -96 121 47 55 32 -52 74 90 -95 118 106 -28 77 -52 107 63 96 118 47 124 80 -96 5 93 74 127 -79 -118 73 -27 -14 -32 66 -79 -11 -36 75 34 -108 117 -116 103 112 -117 -3 -62 103 -121 114 6 43 18 19 97 -72 -69 -104 71 82 99 100 33 72 1 51 7 -20 2 -49 115 -98 -90 -18 101 17 -19 109 -106 112 -101 -21 -111 -102 -21 71 -88 60 117 -120 75 -13 -17 48 -21 -120 0 108 94 119 -44 57 -63 -107 -37 -109 -96 -36 50 -120 -39 -38 -82 -125 85 122 -68 82 -34 -109 25 101 -91 -74 -127 -75 41 45 60 113 103 -96 64 -126 -52 -33 49 -121 111 27 -68 92 -91 -80 -11 -99 -5 -39 54 118 -61 -94 -120 120 -74 -35 -42 -6 118 -53 -52 112 97 118 14 35 -44 -80 24 127 -107 -101 9 21 -49 -87 -31 102 -90 115 -95 78 -70 -47 3 -65 -67 66 -80 -53 -32 -20 42 -116 93 -94 26 -122 -27 -108 52 -109 -94 -20 -51 13 -21 62 110 -91 24 -19 -51 36 -37 -106 -64 -14 34 -33 36 115 8 -113 -31 -23 -125 -21 119 59 103 -45 -15 -75 -32 -52 116 -7 -104 116 -80 76 -100 -57 -99 15 28 49 -88 76 52 -13 110 -25 -80 69 -20 -17 -83 -64 118 -11 -40 112 6 -91 -37 -9 34 36 -105 -4 66 -75 -52 -127 85 51 -13 31 -9 -126 -72 -51 -98 69 123 34 -50 12 28 -88 -19 53 65 -7 -104 46 0 67 118 -68 12 68 -24 -56 34 124 -122 -97 -58 99 44 -117 -127 -62 -26 7 100 21 54 -26 -14 -101 64 -63 -37 -55 96 66 45 105 -77 25 -106 -118 -109 75 -60 -49 9 -40 -97 8 93 -64 101 108 68 -86 -110 -21 93 -53 -55 6 -93 19 6 33 -74 9 -101 -22 117 35 12 -24 62 72 104 74 -56 -53 -14 -32 18 33 -92 -87 -96 51 -97 -30 -25 24 -8 -92 16 44 -51 -37 34 -6 63 -21 -72 -5 -2 50 1 -46 -1 39 118 -112 -14 -51 -91 63 -1 -114 100 32 -72 -121 -37 -7 -27 100 127 -125 89 7 123 -110 48 94 -107 48 116 62 109 44 -26 -126 -35 -117 -98 31 -127 -58 96 36 52 -53 59 103 -69 -91 65 19 -54 -79 -101 -16 -10 56 -43 -29 -84 -43 -20 38 102 48 -16 -90 -13 111 54 -90 7 -47 -94 -74 106 -80 -14 -38 75 124 -28 -18 79 -2 -28 59 -71 76 -77 -15 113 -75 23 54 -115 104 -28 -119 -68 35 -106 95 -80 -34 -113 63 36 46 -83 -68 29 -51 29 -105 53 95 4 65 -55 70 97 99 -37 -22 -10 -114 34 51 5 43 117 39 117 13 111 61 112 -17 21 -11 -2 -62 53 -6 -72 -41 -59 -117 -116 -114 -86 -38 -127 -53 40 -126 -92 -111 74 -18 47 -71 121 28 -26 15 108 -71 -11 -78 -41 28 -101 28 99 -106 76 -46 -45 10 -11 101 -44 -62 -120 6 -116 -79 -33 -107 -74 95 7 -39 -79 87 -76 -63 45 59 61 -50 -48 5 93 -29 -62 -4 -39 96 55 -66 -116 -49 112 14 -109 -125 -10 -1 58 -15 -115 107 80 -22 123 -1 -10 -15 -97 -106 -107 -66 -102 84 68 -88 -22 99 108 -73 -15 29 -108 82 -18 16 66 99 85 -27 -117 118 -81 -64 -2 -71 -95 88 95 -56 112 -37 -46 127 -16 -100 15 103 -54 29 11 74 -76 55 -52 72 -14 4 27 -9 10 35 -61 -58 -68 -123 -97 30 73 55 -102 -83 60 -21 -64 -72 -55 98 61 41 -126 62 10 4 -18 92 -115 -96 -29 38 -58 -97 121 61 17 -36 -69 45 56 53 12 42 -55 -71 62 85 103 -66 -111 5 -49 45 -44 -68 -32 33 -5 -54 22 -84 -92 80 -124 14 2 -44 -34 22 35 -121 80 -94 97 -26 -88 122 -82 3 126 -108 -93 68 -75 73 107 71 0 18 69 51 121 -73 -67 60 -94 81 -68 67 -29 -37 28 24 -94 34 0 103 107 -100 30 86 -121 7 25 -36 -2 -11 -48 -124 118 -71 15 40 -86 42 98 -1 80 117 61 -4 12 -47 53 90 -107 -61 -92 27 -25 53 -79 83 -46 74 -53 -29 114 -112 -74 -118 -47 58 64 119 -64 -40 93 -15 44 58 41 41 -70 -61 -39 44 -86 -49 -123 -36 19 11 -113 60 34 -89 -37 -122 -2 33 -112 -121 -66 -116 -124 -70 115 40 -44 -110 83 -112 -39 121 42 -19 -93 101 109 -72 -13 -16 -91 -36 -48 -82 39 -43 59 125 74 64 -23 -30 -125 -23 101 -60 9 9 78 61 124 48 53 -9 67 -117 17 108 -96 -23 117 -28 -84 -127 1 -92 32 95 42 4 88 60 52 -90 -107 -43 -67 88 85 83 -82 -64 115 -122 117 79 102 -84 63 74 87 48 16 -84 56 -107 -18 110 94 26 -101 31 33 -10 54 -89 30 27 -117 -63 -40 79 61 60 -31 -121 33 111 100 -118 0 -105 -36 -53 44 -89 -10 -67 2 -36 -86 61 65 -24 -41 -58 78 -1 114 -27 -124 -48 8 103 -54 13 -7 123 -119 70 9 19 14 -60 112 48 -118 -11 -26 57 -97 -24 -39 -1 -114 -122 -58 62 127 -119 -62 47 47 21 52 71 110 -53 127 48 68 -74 68 8 5 -40 -29 123 86 121 -63 -74 -98 17 124 -43 79 120 114 109 -65 23 45 57 9 47 97 -37 -86 107 95 103 -88 -43 89 64 82 -125 22 81 -114 17 -88 116 -39 -35 -53 33 -52 -45 -1 73 -24 26 -17 125 -84 -127 74 -91 18 -116 -14 -95 -40 110 -125 115 57 -5 105 115 43 82 42 72 -62 64 29 -79 -110 13 112 -19 -56 116 85 -83 8 -84 -111 41 36 -87 21 -99 114 2 34 76 12 27 -29 66 -16 -59 -48 -55 -124 -18 72 126 82 56 -56 115 -61 10 7 14 -46 126 -40 -79 53 73 -17
0
0 
1024 0 89 1 100 2 -20 3 120 4 3 5 108 6 85 7 120 8 -5 9 101 10 105 11 2 12 -55 13 66 14 77 15 125 16 105 17 124 18 80 19 103 20 -48 21 59 22 103 23 48 24 16 25 -37 26 -16 27 36 28 106 29 120 30 -5 31 94 32 -61 33 108 34 107 35 -104 36 88 37 54 38 84 39 44 40 29 41 84 42 95 43 59 44 53 45 95 46 107 47 18 48 78 49 120 50 78 51 -13 52 127 53 97 54 111 55 -2 56 14 57 53 58 13 59 81 60 109 61 119 62 77 63 23 64 -14 65 25 66 77 67 20 68 -53 69 -79 70 83 71 29 72 124 73 -6 74 -105 75 66 76 97 77 109 78 88 79 102 80 109 81 85 82 47 83 87 84 7 85 80 86 90 87 102 88 46 89 116 90 21 91 -12 92 42 93 52 94 124 95 76 96 -44 97 29 98 23 99 34 100 89 101 -65 102 60 103 53 104 -32 105 76 106 -18 107 81 108 73 109 91 110 51 111 82 112 35 113 112 114 27 115 47 116 -96 117 35 118 85 119 20 120 -27 121 86 122 124 123 28 124 -78 125 121 126 56 127 -5 128 59 129 77 130 112 131 12 132 31 133 86 134 -61 135 -71 136 38 137 -16 138 -81 139 1 140 25 141 52 142 125 143 -61 144 104 145 60 146 103 147 108 148 51 149 45 150 120 151 74 152 46 153 89 154 8 155 -63 156 108 157 43 158 -83 159 47 160 103 161 96 162 107 163 39 164 -28 165 87 166 -63 167 49 168 -10 169 62 170 62 171 12 172 -56 173 68 174 117 175 29 176 45 177 24 178 115 179 91 180 31 181 56 182 64 183 85 184 39 185 25 186 51 187 -42 188 -66 189 36 190 54 191 97 192 96 193 -21 194 96 195 52 196 70 197 54 198 -85 199 -13 200 52 201 -13 202 99 203 105 204 27 205 66 206 99 207 -1 208 87 209 -8 210 83 211 122 212 80 213 13 214 119 215 123 216 87 217 125 218 -25 219 116 220 -21 221 -73 222 56 223 66 224 123 225 45 226 29 227 -79 228 39 229 96 230 -50 231 123 232 -81 233 91 234 109 235 33 236 -57 237 106 238 77 239 93 240 -62 241 40 242 82 243 38 244 96 245 -56 246 90 247 -117 248 47 249 15 250 115 251 113 252 105 253 90 254 89 255 119 256 40 257 55 258 104 259 36 260 -16 261 96 262 -74 263 23 264 -53 265 -89 266 -42 267 75 268 56 269 -41 270 72 271 -117 272 -58 273 124 274 22 275 -26 276 126 277 -52 278 -5 279 60 280 112 281 -49 282 92 283 59 284 -24 285 86 286 -21 287 -100 288 105 289 -4 290 88 291 122 292 80 293 -5 294 52 295 0 296 -50 297 61 298 101 299 108 300 33 301 17 302 122 303 126 304 -105 305 79 306 64 307 -71 308 -29 309 -27 310 15 311 -13 312 108 313 74 314 55 315 -19 316 -33 317 126 318 22 319 71 320 -17 321 -36 322 83 323 94 324 52 325 104 326 65 327 46 328 0 329 -26 330 37 331 115 332 77 333 32 334 -77 335 -10 336 12 337 84 338 126 339 124 340 -3 341 17 342 47 343 97 344 6 345 107 346 100 347 86 348 35 349 96 350 11 351 111 352 -71 353 53 354 119 355 103 356 82 357 7 358 96 359 27 360 73 361 88 362 22 363 56 364 79 365 77 366 5 367 107 368 -111 369 -70 370 -51 371 67 372 89 373 93 374 77 375 95 376 40 377 120 378 2 379 103 380 1 381 19 382 76 383 79 384 67 385 126 386 64 387 104 388 -53 389 103 390 26 391 121 392 89 393 121 394 28 395 23 396 94 397 77 398 99 399 62 400 -50 401 18 402 -42 403 -1 404 93 405 114 406 70 407 -23 408 80 409 -86 410 112 411 -66 412 59 413 85 414 114 415 -4 416 -21 417 100 418 94 419 56 420 51 421 80 422 125 423 -22 424 29 425 -10 426 -102 427 72 428 -89 429 26 430 31 431 34 432 52 433 39 434 -39 435 73 436 72 437 -2 438 98 439 52 440 30 441 112 442 39 443 121 444 55 445 32 446 90 447 118 448 106 449 77 450 107 451 118 452 124 453 80 454 93 455 127 456 -79 457 73 458 -14 459 66 460 -11 461 75 462 117 463 103 464 112 465 -3 466 103 467 114 468 43 469 97 470 -69 471 71 472 99 473 100 474 72 475 51 476 2 477 115 478 -90 479 101 480 17 481 109 482 112 483 -21 484 -21 485 71 486 117 487 75 488 -13 489 48 490 0 491 108 492 119 493 57 494 -37 495 -96 496 50 497 -39 498 -38 499 85 500 122 501 82 502 25 503 101 504 -74 505 41 506 60 507 113 508 64 509 -52 510 49 511 111 512 27 513 92 514 -11 515 -5 516 54 517 118 518 -94 519 120 520 -35 521 118 522 -52 523 112 524 118 525 35 526 24 527 127 528 9 529 21 530 -31 531 102 532 115 533 78 534 3 535 -65 536 66 537 -32 538 42 539 93 540 26 541 -27 542 52 543 -94 544 -20 545 13 546 110 547 24 548 -19 549 36 550 -64 551 34 552 36 553 115 554 -31 555 -23 556 119 557 103 558 -15 559 -32 560 116 561 -7 562 116 563 76 564 -57 565 28 566 49 567 76 568 110 569 -25 570 69 571 -17 572 118 573 -11 574 112 575 -37 576 34 577 36 578 66 579 -52 580 85 581 51 582 31 583 -72 584 -51 585 123 586 34 587 28 588 -19 589 65 590 -7 591 46 592 118 593 12 594 68 595 34 596 124 597 -58 598 99 599 -117 600 -26 601 100 602 54 603 -14 604 64 605 -37 606 96 607 66 608 105 609 25 610 -109 611 75 612 9 613 -40 614 93 615 101 616 108 617 -86 618 93 619 -53 620 6 621 19 622 33 623 9 624 117 625 35 626 62 627 104 628 74 629 -14 630 18 631 33 632 -87 633 51 634 -25 635 24 636 16 637 44 638 34 639 63 640 -21 641 -2 642 50 643 -1 644 118 645 -14 646 -51 647 63 648 100 649 32 650 -37 651 -7 652 127 653 89 654 123 655 48 656 94 657 116 658 109 659 44 660 -35 661 -98 662 31 663 96 664 52 665 59 666 103 667 65 668 19 669 -79 670 -10 671 56 672 -29 673 -20 674 102 675 48 676 -13 677 111 678 7 679 -47 680 106 681 -14 682 75 683 124 684 79 685 -2 686 59 687 76 688 113 689 23 690 54 691 104 692 -68 693 35 694 95 695 -34 696 63 697 46 698 29 699 29 700 53 701 95 702 65 703 97 704 99 705 -10 706 34 707 51 708 117 709 117 710 111 711 112 712 21 713 -2 714 53 715 -6 716 -41 717 -116 718 -86 719 -38 720 40 721 -92 722 74 723 47 724 121 725 28 726 108 727 -11 728 -41 729 28 730 99 731 76 732 -45 733 10 734 101 735 -62 736 6 737 -33 738 -74 739 95 740 -39 741 87 742 45 743 61 744 -48 745 93 746 -29 747 -4 748 96 749 -66 750 112 751 14 752 -10 753 58 754 -15 755 107 756 123 757 -1 758 -15 759 -106 760 -66 761 84 762 -22 763 108 764 -15 765 29 766 82 767 66 768 99 769 -27 770 118 771 -2 772 -71 773 95 774 112 775 -37 776 127 777 15 778 103 779 29 780 74 781 55 782 72 783 27 784 10 785 35 786 -58 787 -97 788 73 789 55 790 60 791 -21 792 -55 793 98 794 41 795 62 796 4 797 92 798 -29 799 38 800 121 801 61 802 -36 803 56 804 53 805 42 806 62 807 103 808 -66 809 5 810 45 811 -32 812 33 813 22 814 -84 815 80 816 14 817 -34 818 35 819 80 820 97 821 -26 822 122 823 126 824 -93 825 68 826 107 827 71 828 69 829 121 830 -67 831 60 832 81 833 67 834 28 835 24 836 34 837 107 838 30 839 86 840 25 841 -2 842 -11 843 118 844 15 845 40 846 98 847 80 848 117 849 12 850 53 851 90 852 -61 853 27 854 53 855 83 856 74 857 114 858 -74 859 -47 860 64 861 119 862 93 863 44 864 58 865 41 866 -39 867 44 868 -49 869 19 870 11 871 60 872 -37 873 -2 874 33 875 -66 876 -116 877 115 878 40 879 83 880 -39 881 121 882 -19 883 109 884 -13 885 -16 886 -36 887 39 888 59 889 125 890 64 891 -30 892 101 893 9 894 78 895 124 896 53 897 67 898 17 899 108 900 117 901 -28 902 1 903 32 904 95 905 88 906 60 907 -90 908 -43 909 88 910 83 911 115 912 117 913 102 914 63 915 87 916 48 917 56 918 -18 919 110 920 26 921 33 922 54 923 30 924 27 925 -40 926 79 927 60 928 33 929 111 930 0 931 -36 932 44 933 -10 934 2 935 -36 936 65 937 -24 938 78 939 114 940 -27 941 8 942 103 943 13 944 123 945 70 946 19 947 112 948 48 949 -11 950 57 951 -24 952 -1 953 -58 954 127 955 -62 956 47 957 52 958 110 959 127 960 68 961 68 962 8 963 -29 964 123 965 121 966 -74 967 124 968 79 969 120 970 109 971 45 972 57 973 97 974 -37 975 107 976 103 977 89 978 82 979 22 980 81 981 17 982 116 983 -35 984 33 985 -1 986 73 987 26 988 125 989 74 990 18 991 -14 992 -40 993 110 994 115 995 105 996 115 997 82 998 72 999 64 1000 -79 1001 112 1002 -19 1003 116 1004 8 1005 -84 1006 41 1007 21 1008 114 1009 34 1010 76 1011 27 1012 66 1013 -48 1014 -55 1015 72 1016 126 1017 56 1018 115 1019 10 1020 14 1021 126 1022 53 1023 73
3 0 24 32 16 2 2 0 0
768 75 -91 89 -126 65 3 -88 73 42 52 109 73 17 -29 -35 -9 116 -118 16 106 -22 35 30 77 78 67 -69 103 -123 -35 8 124 113 -87 47 -78 34 -37 33 52 0 -123 60 61 -64 19 101 -66 -57 -80 114 67 110 -20 -108 19 -13 -67 63 55 -12 94 3 102 79 80 53 -102 118 -79 -85 -15 109 -111 110 -18 35 -26 113 -58 -63 -16 98 66 71 -36 29 -44 -104 -49 -120 -1 -125 68 -63 -76 68 -26 -29 -16 71 35 33 45 -28 51 98 83 -118 22 -8 -37 85 18 -95 17 54 -56 -44 83 -121 -26 -6 108 6 -93 -117 -107 17 94 -39 -35 -126 -110 -79 56 -99 44 11 -7 -116 -47 110 88 89 117 114 -121 -47 -27 104 -95 124 127 68 35 -57 -23 44 -91 25 -90 -24 94 -49 3 -112 -86 -95 101 -93 106 -4 53 37 56 68 58 -116 59 83 6 -116 83 15 49 63 51 34 -28 116 -81 -39 77 22 81 -106 -107 16 -83 81 -60 -76 77 -61 -44 52 54 -63 73 -61 5 112 -11 105 -88 66 103 -13 14 -88 -118 34 22 -82 37 4 -119 102 66 -47 82 115 -109 -78 38 75 -11 29 -66 80 -10 6 -87 54 -42 106 40 -93 -6 70 15 -113 12 -106 83 5 -40 -127 81 71 -107 -101 -18 28 -37 18 -12 -42 86 -31 4 -35 125 88 93 35 -97 -93 -46 109 -122 -81 60 -95 -123 -41 99 28 -78 -116 -22 38 -112 51 -48 76 -28 106 -114 26 69 76 55 -84 -36 108 86 110 -108 -23 -114 -15 -37 27 103 31 66 -62 45 -48 17 90 78 -11 -22 -81 -120 -11 78 -60 -79 116 -28 -111 -36 -103 -96 -121 -38 -122 -82 -24 30 49 40 102 -124 -45 -11 75 14 63 96 50 -1 -6 -107 92 -114 10 93 -25 75 73 92 109 -60 -120 38 5 -103 87 84 -107 -42 -36 117 -102 -7 120 -119 -88 105 5 33 79 -54 118 -118 -127 -31 -41 -87 114 13 51 -90 -86 -83 72 108 -87 36 47 -65 114 97 112 32 -43 115 -121 -4 118 100 33 46 -26 -116 -70 -66 35 -55 -43 -84 120 -67 -37 -70 -86 97 -20 -9 -34 97 17 -92 -29 17 70 -124 -86 111 22 -126 48 -28 56 78 -83 -89 -123 -121 83 -45 3 -127 -118 -115 71 109 -99 19 29 -90 72 -88 45 74 -30 74 -121 -20 -16 18 106 48 -42 55 -64 109 -92 -34 3 -72 9 -25 -109 -94 -23 17 41 -38 120 -103 -17 102 -16 -65 -7 -30 -70 107 -26 -66 38 -4 -26 108 21 -110 86 -63 -57 99 7 -32 11 -122 27 29 72 -6 97 -67 -57 -117 29 -45 95 77 -27 119 33 -100 9 97 91 -115 -91 55 -27 -121 69 -20 60 95 122 -27 -17 109 -101 55 -10 27 -9 -86 -84 -40 -6 -22 -87 24 108 127 94 -55 68 1 -99 111 -33 -39 -91 33 -36 69 -6 34 5 65 -114 -77 97 118 -62 -82 58 22 -44 -52 -30 35 -117 -53 14 -17 -119 47 -22 -59 -31 59 -74 -39 -93 -94 -99 29 -36 -85 -120 -17 20 -26 -9 -108 37 54 54 47 -108 72 -19 12 58 14 -92 -84 -88 -74 -85 -69 -120 7 -93 82 -1 -36 103 98 32 61 -54 56 76 -42 48 -97 78 119 107 91 87 -23 70 93 -60 103 -87 -40 33 1 120 -43 9 50 -90 106 -31 125 62 63 15 -49 -67 98 107 127 -31 -39 -28 115 -7 3 -49 119 -23 127 -23 81 -102 47 122 -88 -90 -126 22 25 35 53 124 112 98 5 -100 51 72 38 51 -75 25 37 27 124 4 -99 -59 49 60 30 -84 -31 -106 76 -118 -125 -98 101 -35 82 57 -4 -46 -100 46 -12 -33 22 51 -63 43 -3 80 71 -69 109 -87 16 14 84 102 -108 72 92 3 108 99 -84 -121 84 37 90 -85 97 127 5
0
0 
384 0 75 1 89 2 65 3 73 4 52 5 109 6 17 7 -9 8 116 9 106 10 35 11 77 12 78 13 103 14 -35 15 124 16 113 17 47 18 34 19 52 20 0 21 61 22 19 23 101 24 -57 25 114 26 110 27 19 28 -13 29 63 30 94 31 102 32 80 33 53 34 118 35 -15 36 109 37 110 38 35 39 113 40 -16 41 98 42 71 43 29 44 -49 45 -1 46 68 47 -63 48 68 49 -16 50 71 51 45 52 51 53 98 54 22 55 -8 56 85 57 17 58 54 59 83 60 -26 61 108 62 6 63 -107 64 94 65 -35 66 -110 67 56 68 44 69 11 70 -47 71 110 72 117 73 114 74 -27 75 104 76 127 77 68 78 -23 79 44 80 25 81 94 82 3 83 -86 84 101 85 106 86 53 87 56 88 68 89 59 90 83 91 83 92 49 93 63 94 34 95 116 96 77 97 81 98 -106 99 16 100 81 101 77 102 -44 103 54 104 73 105 5 106 112 107 105 108 103 109 14 110 -88 111 34 112 37 113 4 114 102 115 82 116 115 117 38 118 75 119 29 120 80 121 6 122 54 123 106 124 -6 125 70 126 12 127 83 128 5 129 81 130 71 131 -18 132 28 133 18 134 86 135 4 136 125 137 93 138 35 139 -46 140 109 141 60 142 -95 143 99 144 28 145 -22 146 38 147 51 148 76 149 106 150 69 151 76 152 -36 153 108 154 110 155 -23 156 -15 157 103 158 66 159 45 160 17 161 90 162 -11 163 -81 164 78 165 -60 166 116 167 -36 168 -96 169 -38 170 -82 171 30 172 49 173 102 174 -11 175 75 176 96 177 50 178 -6 179 92 180 93 181 75 182 92 183 109 184 38 185 5 186 87 187 -42 188 117 189 -7 190 120 191 105 192 33 193 79 194 118 195 -31 196 -41 197 114 198 51 199 -83 200 108 201 36 202 47 203 114 204 112 205 115 206 -4 207 118 208 46 209 -26 210 -66 211 35 212 -43 213 120 214 -37 215 97 216 -9 217 97 218 17 219 17 220 70 221 111 222 22 223 48 224 78 225 -83 226 -121 227 83 228 3 229 -115 230 109 231 19 232 29 233 72 234 74 235 74 236 -20 237 18 238 106 239 55 240 109 241 -34 242 3 243 9 244 -94 245 17 246 41 247 120 248 102 249 -16 250 -7 251 107 252 -26 253 38 254 108 255 21 256 86 257 99 258 7 259 11 260 29 261 72 262 97 263 -57 264 29 265 95 266 119 267 33 268 97 269 91 270 55 271 -27 272 69 273 95 274 122 275 109 276 55 277 27 278 -9 279 -40 280 -6 281 24 282 127 283 94 284 68 285 111 286 -33 287 33 288 69 289 34 290 65 291 -77 292 118 293 -62 294 58 295 -44 296 35 297 -53 298 14 299 47 300 -22 301 59 302 -39 303 -93 304 29 305 -36 306 -17 307 20 308 -9 309 54 310 54 311 72 312 12 313 58 314 -84 315 -74 316 -69 317 7 318 82 319 -1 320 103 321 61 322 56 323 76 324 48 325 119 326 107 327 87 328 93 329 103 330 -40 331 33 332 120 333 50 334 106 335 125 336 63 337 15 338 98 339 127 340 -31 341 115 342 3 343 119 344 127 345 81 346 47 347 122 348 -90 349 25 350 53 351 124 352 98 353 51 354 72 355 51 356 37 357 124 358 4 359 49 360 60 361 -31 362 76 363 -118 364 101 365 82 366 57 367 -46 368 46 369 22 370 51 371 43 372 80 373 109 374 16 375 84 376 102 377 92 378 108 379 99 380 84 381 90 382 97 383 127
3 0 12 128 64 3 2 1 0
1536 -23 28 42 -74 -15 54 48 -24 -60 -122 23 -93 108 -28 -84 99 -15 17 -114 107 -31 110 78 -105 37 23 -24 -42 -68 2 96 -11 -117 -5 31 -101 -59 86 2 -2 14 38 -27 -6 -60 -81 -69 11 -34 -87 -50 91 28 85 107 -91 -11 -110 119 -110 -5 -27 17 116 -23 15 -104 -60 -4 -69 81 -99 -52 -91 -35 80 -103 -92 41 94 -113 83 43 -92 23 16 -77 -126 -119 93 -24 15 52 66 27 -2 55 49 -100 111 -6 16 -39 96 72 -40 96 -103 48 -126 -66 -69 0 87 124 -48 -57 -70 -125 -1 -37 115 117 3 110 -40 -104 -108 -49 19 -19 -70 62 -33 119 -30 93 67 -90 -68 -54 112 -76 63 71 -4 41 98 73 -36 -55 -29 29 -94 85 72 -97 -25 -37 1 95 -7 -69 40 54 -32 34 107 -36 -17 -56 -36 122 -25 69 69 55 127 -55 94 -101 -5 104 -53 -97 -13 -88 -39 111 -65 63 -80 110 117 -41 0 -69 -99 47 -29 122 -28 -9 4 -9 123 112 123 17 85 31 -71 45 -25 1 -48 -3 -68 -47 5 48 -127 -104 -7 -46 -27 101 116 -69 83 120 -17 124 -115 20 70 -117 -23 -104 -60 -76 58 -44 -82 -99 -81 77 51 -34 -120 -68 116 -116 -125 -30 9 -126 -94 -98 83 27 28 112 106 -76 -107 62 -8 -77 90 -127 6 102 32 89 -21 -110 10 -82 110 -68 -69 110 -21 -30 -6 79 -127 -16 -74 -30 122 68 -117 30 117 -59 -120 22 -39 53 -33 84 -41 46 -11 37 -93 25 5 -104 -63 114 -101 55 -101 -58 -121 50 -91 31 70 41 -93 -30 -74 19 122 41 -46 -76 -20 3 1 -97 16 -100 50 106 -6 -96 3 101 -13 -7 -82 -11 13 -41 -95 -21 -62 -31 -107 17 2 -42 82 83 93 -68 -11 -64 -38 -4 71 112 -22 -121 -13 58 100 -126 14 -24 118 68 71 -13 -70 -18 -66 -63 -5 -6 -91 -69 -15 -55 -35 40 -3 26 111 110 -89 121 85 6 48 -105 -79 -51 111 5 34 45 -96 115 -112 -88 -40 -118 -42 95 32 79 -86 69 103 -8 -28 46 -79 -22 0 -78 -85 -27 -115 74 115 78 70 119 -41 100 67 47 85 6 -79 58 -44 -81 5 109 11 55 90 25 22 -16 -89 35 49 31 -1 103 42 19 110 -73 26 -15 -119 -65 -3 104 27 88 -46 15 60 -77 -127 -116 -112 -93 -65 -14 96 45 29 -70 42 48 -100 93 120 66 5 -19 109 38 35 126 -54 99 47 -41 -1 48 -78 -86 -32 15 88 -36 56 -15 -27 -15 126 42 -46 89 126 -8 -110 -90 -71 66 -98 65 -88 117 112 -27 116 -9 54 11 -74 101 -33 53 -116 -122 -24 -74 -105 91 -22 22 18 96 75 -22 11 -74 35 -126 118 127 44 -93 8 37 105 -2 -48 -30 12 10 -111 -107 27 121 60 -1 65 -124 -75 -20 30 66 -35 -48 -106 63 -122 69 79 -66 30 120 94 -120 23 94 118 4 -33 -88 -8 -61 -99 24 -13 -56 97 87 124 -71 -30 -29 63 2 110 -41 -69 83 24 -60 112 -105 -116 -88 -47 33 22 17 -3 -111 117 127 7 -5 -16 -46 -29 59 96 -121 -98 -16 28 43 112 119 -93 67 -91 99 -120 -97 53 -17 -64 -119 34 -58 -60 -29 -98 -39 -53 -32 30 78 36 -79 63 84 11 11 -112 -41 4 14 -124 -86 105 -1 82 -122 36 93 -61 -43 -92 -39 127 127 -102 30 16 -21 117 75 67 -110 -63 19 -101 6 -108 93 23 -95 -3 -119 6 88 73 -70 -39 -103 15 87 54 -72 127 -82 50 42 119 -69 -25 -76 28 51 63 -15 -38 -87 -59 57 122 102 -38 122 13 91 -76 -72 -8 85 -47 124 -95 -57 16 43 71 70 -127 -106 42 82 -44 -49 96 53 73 116 -45 -119 -106 29 -124 -53 78 -98 -85 55 -57 123 -76 4 14 -39 94 -13 -105 -21 1 9 85 -23 -96 -107 24 123 -9 -45 -83 -52 -66 33 -16 45 51 -54 -119 -122 86 -125 36 89 -59 -108 95 122 42 -47 -46 123 13 40 123 -54 -115 73 54 -64 90 100 50 5 -92 -61 25 -113 74 -28 -20 -56 22 -70 -63 116 -47 106 79 9 -2 100 -13 54 -96 -19 -32 -84 6 -114 -68 53 79 -5 -29 -120 -66 -107 -49 -102 84 -81 104 -95 118 -15 -124 101 65 -35 7 -22 -96 7 -64 0 -55 -59 -24 -17 -7 51 112 110 -113 -85 54 100 91 7 -36 -76 -64 -89 -71 77 -50 74 -90 -80 14 124 -63 12 -121 -81 -68 94 83 57 -21 109 99 53 114 -87 -65 67 16 -95 98 86 21 47 -84 63 -64 7 125 71 -51 77 95 92 76 54 62 -122 57 -10 75 104 89 -76 -112 -22 -85 -30 2 -28 -73 -29 9 7 -1 -101 -95 92 -105 9 -125 103 84 101 -107 -125 119 64 124 -65 63 -26 -12 45 -57 125 -22 122 -39 42 -26 -61 58 -108 101 68 -87 23 -65 62 -74 92 -116 67 91 -114 3 80 -110 50 -13 -64 -12 54 72 102 67 42 -93 26 33 98 3 -53 -124 26 -90 -38 43 -36 -34 85 119 -51 1 37 49 -63 -93 -122 -5 79 60 112 86 91 -76 28 -26 -41 -6 -50 -15 -92 -6 82 -52 113 80 52 106 -43 -38 91 36 27 -30 -26 21 -25 51 102 1 -51 45 81 66 17 88 -67 -79 -17 -72 -60 4 -85 3 -92 79 25 5 66 103 9 72 106 2 87 84 38 -6 107 -40 -61 -17 -50 -11 105 39 7 -114 75 59 -78 120 -62 -10 49 -110 -123 -76 25 -101 92 -62 123 76 114 -127 84 96 -72 113 102 -80 31 -83 105 120 42 -35 29 80 -59 -125 45 126 41 -123 -122 28 107 110 -85 85 95 -48 119 83 -67 -27 83 0 62 -35 92 -37 -105 22 -17 73 -98 52 -121 69 -83 -124 25 9 -58 -37 62 -74 95 108 -29 -77 -46 -80 76 -82 0 41 -89 29 24 2 -23 23 33 113 106 93 -69 104 -127 -114 -16 102 27 -119 38 38 38 111 -93 1 -106 -20 -48 -43 35 107 33 110 84 31 -79 55 -112 -41 121 -92 -47 123 123 41 64 -57 -3 123 -4 28 106 -43 -58 102 38 -108 -10 78 66 -87 102 -100 4 -61 16 55 -24 28 -13 -20 44 -87 28 109 -20 69 -95 48 41 81 113 71 74 -99 22 70 -99 87 -80 64 119 -4 -52 48 59 -102 48 68 -19 -60 -57 73 -99 35 -36 3 84 10 78 -108 -125 -117 28 -124 122 71 117 -92 100 -96 -23 -29 73 123 -4 99 -121 -47 34 82 -92 -106 52 -27 37 21 64 125 -70 -115 -74 -22 107 108 104 -120 -115 26 73 -25 -94 16 60 53 -51 -23 -24 101 123 117 86 125 12 -113 63 87 -13 97 11 -90 16 114 103 -95 37 -74 23 117 -84 85 -105 20 -7 -54 -59 -63 -73 -24 48 -125 94 35 93 -114 7 71 72 -110 97 -125 36 -55 -88 70 -91 86 67 2 -93 113 127 -98 117 -42 -126 62 83 -45 87 -90 -43 21 65 -111 -105 -32 -74 -63 -12 -43 47 -3 -7 10 7 -106 -107 -47 -15 -29 71 -24 11 -5 14 -18 5 -109 105 -71 -91 37 -25 85 96 3 -47 -90 98 -109 -91 -88 -119 -29 38 17 -98 43 -110 7 -59 17 -50 -37 113 43 95 59 -5 -25 24 81 -46 63 44 104 32 -8 4 -39 -68 71 1 -118 58 -29 73 123 -34 -40 75 4 -126 -64 20 -108 -6 -99 -33 -16 69 31 -65 12 -121 5 2 -99 122 -117 18 -36 -117 114 -34 -81 -40 -59 -3 -4 66 107 98 115 -20 -127 80 38 70 -67 40 40 -5 63 58 100 -39 47 78 89 84 73 58 -86 109 -116
0
0 
768 0 28 1 42 2 54 3 54 4 -24 5 23 6 108 7 99 8 99 9 107 10 110 11 110 12 37 13 23 14 2 15 96 16 -5 17 31 18 86 19 86 20 38 21 38 22 -6 23 11 24 11 25 91 26 91 27 107 28 -11 29 119 30 -5 31 116 32 116 33 15 34 -4 35 81 36 -52 37 80 38 80 39 94 40 94 41 83 42 23 43 16 44 93 45 93 46 66 47 66 48 55 49 111 50 111 51 96 52 96 53 96 54 48 55 -66 56 87 57 124 58 -48 59 -1 60 115 61 117 62 110 63 -40 64 19 65 19 66 62 67 119 68 93 69 67 70 112 71 112 72 71 73 98 74 98 75 -29 76 29 77 85 78 72 79 1 80 95 81 40 82 54 83 107 84 107 85 -17 86 122 87 69 88 127 89 127 90 94 91 104 92 -13 93 -13 94 111 95 63 96 117 97 117 98 0 99 47 100 122 101 4 102 123 103 123 104 123 105 85 106 45 107 1 108 -3 109 5 110 48 111 -7 112 -7 113 116 114 116 115 120 116 124 117 70 118 70 119 -23 120 58 121 58 122 -81 123 77 124 51 125 116 126 116 127 9 128 -94 129 83 130 83 131 112 132 106 133 62 134 90 135 90 136 102 137 89 138 10 139 110 140 110 141 110 142 -6 143 79 144 -16 145 122 146 122 147 117 148 117 149 22 150 53 151 84 152 46 153 37 154 25 155 5 156 114 157 55 158 -58 159 50 160 70 161 70 162 -30 163 122 164 122 165 -20 166 3 167 16 168 50 169 106 170 3 171 101 172 -7 173 13 174 13 175 -21 176 -31 177 17 178 82 179 93 180 93 181 -11 182 71 183 112 184 -13 185 100 186 100 187 118 188 118 189 71 190 -18 191 -5 192 -6 193 -15 194 -15 195 40 196 111 197 111 198 121 199 85 200 48 201 111 202 111 203 45 204 115 205 -40 206 -40 207 95 208 79 209 103 210 103 211 46 212 0 213 0 214 -27 215 115 216 115 217 119 218 100 219 85 220 85 221 58 222 5 223 109 224 90 225 90 226 22 227 49 228 49 229 103 230 110 231 110 232 26 233 -3 234 104 235 88 236 60 237 60 238 -112 239 -65 240 96 241 96 242 42 243 48 244 120 245 120 246 109 247 109 248 126 249 99 250 47 251 48 252 -32 253 88 254 88 255 56 256 126 257 126 258 126 259 126 260 -71 261 66 262 65 263 117 264 116 265 116 266 54 267 101 268 53 269 -24 270 -24 271 91 272 22 273 96 274 75 275 35 276 118 277 127 278 44 279 105 280 105 281 12 282 12 283 27 284 121 285 65 286 65 287 30 288 66 289 -35 290 63 291 79 292 79 293 120 294 94 295 118 296 118 297 -8 298 -8 299 24 300 97 301 124 302 124 303 63 304 110 305 110 306 83 307 112 308 112 309 -47 310 33 311 22 312 117 313 127 314 7 315 -16 316 96 317 96 318 28 319 112 320 119 321 67 322 99 323 53 324 53 325 34 326 34 327 -29 328 -39 329 30 330 78 331 63 332 84 333 11 334 4 335 14 336 105 337 105 338 82 339 93 340 -43 341 127 342 127 343 30 344 117 345 117 346 67 347 19 348 6 349 93 350 23 351 6 352 88 353 73 354 15 355 87 356 127 357 127 358 119 359 119 360 28 361 63 362 63 363 -38 364 122 365 122 366 122 367 91 368 -8 369 85 370 124 371 16 372 71 373 71 374 42 375 82 376 96 377 96 378 116 379 -45 380 29 381 78 382 78 383 55 384 123 385 14 386 94 387 94 388 1 389 85 390 85 391 24 392 123 393 -9 394 -52 395 33 396 51 397 51 398 86 399 86 400 89 401 95 402 122 403 42 404 123 405 123 406 123 407 73 408 90 409 100 410 50 411 25 412 74 413 74 414 22 415 22 416 116 417 106 418 79 419 100 420 54 421 -19 422 6 423 6 424 79 425 79 426 -29 427 -49 428 84 429 104 430 118 431 118 432 101 433 65 434 7 435 7 436 0 437 -24 438 -7 439 112 440 112 441 54 442 100 443 91 444 -36 445 -64 446 77 447 74 448 14 449 124 450 12 451 -68 452 94 453 83 454 109 455 114 456 114 457 67 458 98 459 98 460 47 461 63 462 125 463 125 464 95 465 95 466 76 467 62 468 75 469 104 470 89 471 -22 472 2 473 2 474 9 475 9 476 -1 477 92 478 9 479 103 480 101 481 119 482 124 483 124 484 63 485 45 486 125 487 122 488 42 489 58 490 101 491 101 492 23 493 62 494 92 495 91 496 91 497 80 498 50 499 -12 500 72 501 102 502 67 503 33 504 98 505 3 506 26 507 43 508 43 509 119 510 119 511 49 512 -63 513 -5 514 79 515 112 516 91 517 28 518 -6 519 -6 520 -6 521 82 522 113 523 106 524 106 525 91 526 36 527 21 528 51 529 102 530 45 531 81 532 88 533 88 534 -17 535 4 536 4 537 79 538 79 539 103 540 103 541 106 542 87 543 84 544 107 545 -17 546 -11 547 105 548 39 549 75 550 120 551 120 552 49 553 -76 554 25 555 92 556 123 557 114 558 96 559 113 560 113 561 31 562 120 563 120 564 80 565 80 566 126 567 126 568 28 569 110 570 110 571 95 572 119 573 83 574 83 575 62 576 92 577 22 578 73 579 73 580 69 581 69 582 25 583 9 584 62 585 108 586 108 587 -46 588 76 589 41 590 41 591 29 592 23 593 113 594 113 595 104 596 104 597 102 598 102 599 38 600 111 601 111 602 1 603 -20 604 107 605 110 606 110 607 55 608 55 609 121 610 123 611 123 612 64 613 123 614 123 615 106 616 102 617 102 618 78 619 78 620 102 621 4 622 55 623 55 624 28 625 44 626 109 627 109 628 69 629 81 630 113 631 74 632 70 633 87 634 87 635 119 636 48 637 59 638 68 639 68 640 73 641 73 642 35 643 84 644 78 645 -108 646 28 647 122 648 117 649 100 650 -23 651 123 652 123 653 99 654 82 655 82 656 52 657 37 658 125 659 125 660 -22 661 108 662 108 663 26 664 73 665 16 666 60 667 53 668 101 669 123 670 125 671 125 672 87 673 97 674 97 675 114 676 114 677 37 678 117 679 117 680 85 681 20 682 -54 683 -24 684 48 685 94 686 93 687 71 688 72 689 97 690 36 691 70 692 86 693 86 694 113 695 127 696 117 697 62 698 83 699 87 700 21 701 65 702 -32 703 -32 704 -12 705 47 706 10 707 10 708 -47 709 -15 710 71 711 11 712 14 713 5 714 105 715 37 716 85 717 96 718 3 719 98 720 -88 721 -29 722 38 723 43 724 43 725 17 726 17 727 113 728 95 729 59 730 81 731 81 732 104 733 104 734 4 735 71 736 71 737 58 738 123 739 123 740 75 741 4 742 20 743 -6 744 -16 745 69 746 31 747 12 748 5 749 122 750 18 751 114 752 114 753 -40 754 -3 755 107 756 115 757 115 758 80 759 70 760 40 761 63 762 100 763 100 764 89 765 89 766 73 767 109
3 0 30 64 32 3 2 1 0
1920 67 62 -5 7 41 110 -85 86 -29 51 -54 48 97 21 -4 -73 106 -121 54 -11 32 26 84 122 44 -83 29 -14 -47 21 -44 123 -17 18 69 94 94 33 -91 4 -18 -27 -67 -33 -30 -52 -66 -73 -62 119 -66 10 23 94 110 99 -32 114 -11 -67 26 -41 32 35 -90 -45 -65 -91 89 67 -62 13 -83 10 53 54 25 -98 101 109 -13 -5 -75 50 -81 26 -36 27 -64 54 78 -105 11 0 104 -74 -52 -28 -58 4 -76 -37 89 -23 -47 60 -122 -116 -78 117 -77 27 85 -86 89 15 -10 -107 -63 1 -54 49 -3 -20 81 -47 90 45 63 112 52 96 51 -29 -114 94 107 -98 101 -112 -42 124 -87 68 -59 30 57 16 -15 -48 13 103 -21 91 107 -4 -32 -71 115 46 -105 58 -107 127 122 75 33 -104 2 126 -123 91 41 22 4 -43 117 60 82 25 127 -103 103 17 -67 -122 -117 74 -103 83 111 59 -48 -104 81 23 95 -27 54 -95 70 101 20 114 110 109 29 8 118 94 98 -77 -56 -52 -87 105 -80 24 116 -70 -92 -94 97 -69 -61 -1 74 -50 -90 61 30 -58 -75 -107 -93 102 88 42 -23 122 116 -81 -77 95 23 -123 -38 10 41 -5 46 -95 66 81 62 -58 -107 102 57 52 31 91 49 94 -56 75 26 61 -71 -126 101 -91 83 -74 62 20 45 -127 -20 -95 -90 -3 10 -117 1 -46 116 -71 44 -83 -11 -46 43 98 -14 -68 113 39 36 60 -57 45 54 -79 -102 -38 -2 -58 -37 10 23 121 -55 -72 -54 14 -27 -111 -83 -31 -98 117 24 105 39 -103 5 91 -92 56 95 107 107 -10 -91 -19 -61 102 60 10 -78 67 75 -82 62 -110 -60 -15 122 -44 -31 4 -114 -39 86 93 -28 61 57 -29 13 -95 70 54 55 11 18 -89 40 -119 -49 30 -14 5 67 20 126 -21 -74 -8 -75 -27 126 -105 -103 10 -25 -96 2 45 -8 64 40 -85 -119 -76 -68 -66 -103 26 -31 -23 -110 100 85 13 -73 7 -77 -72 -2 -104 -78 109 92 -102 4 -94 27 -78 13 20 6 36 31 -17 26 -26 94 37 106 -60 45 77 -7 36 34 27 74 -120 -38 -39 123 69 74 -75 52 37 -119 122 -77 -15 -72 5 47 -73 84 -126 -91 -67 -11 -7 -104 27 -57 86 39 -53 -27 -43 61 57 112 43 102 55 -51 97 44 -105 30 -96 84 0 -33 29 32 40 -105 -69 93 -93 -23 108 98 -66 92 -123 -3 -55 -91 5 89 35 -33 62 46 -90 -98 3 -45 -46 47 58 -108 -35 104 80 88 -78 -76 127 -52 6 51 -19 39 58 61 -31 -26 -118 -91 -15 -108 -54 34 42 -88 7 -79 85 27 -2 -38 -88 22 -89 97 19 -18 -60 62 -73 -98 114 -87 -92 -14 107 90 10 -19 112 -82 87 -118 -51 65 -7 19 -106 47 -34 38 110 -102 -102 -1 -65 6 -117 -120 93 54 47 78 23 -105 -8 83 -61 61 22 -62 52 16 76 -31 -86 -67 33 -96 46 83 21 115 59 72 5 -87 117 0 39 111 33 -65 -124 -70 -91 53 26 45 69 96 -91 94 36 121 -88 90 68 80 83 24 31 -82 -110 -100 -56 -103 -58 32 -8 20 72 -61 21 -20 126 -117 54 -108 -91 84 123 -12 -112 -39 -42 -62 36 -23 -28 104 -122 124 -52 40 -66 -73 71 -105 24 57 -91 -64 96 6 -73 -12 -46 122 96 -125 68 -63 -20 21 5 13 123 -94 54 -43 56 18 40 9 125 -28 109 -76 -51 -103 -14 39 35 -58 -67 78 38 -60 104 71 -49 -106 -33 -90 -12 -121 -29 120 37 -13 -114 34 71 70 -54 3 32 70 -19 -8 29 88 18 63 5 -78 -86 87 -126 -59 -100 87 -29 54 -62 -77 -3 98 -7 -60 4 -24 -94 28 0 -59 116 96 -83 50 -124 -74 -41 -61 54 53 93 81 -100 41 -120 -16 -48 -45 32 57 108 -78 -43 -22 72 111 -95 119 37 -96 -64 -36 67 57 106 -7 -14 -83 48 87 -37 -18 90 -16 -23 -34 22 -100 125 -105 15 78 -12 -94 -103 -124 116 78 7 92 52 -29 40 -5 -67 -27 36 57 -103 -20 -113 45 88 -52 26 -84 -50 -56 7 -96 15 44 46 -41 -127 121 -91 -127 -104 -41 65 -41 -12 89 -77 -65 -32 98 44 19 -9 -61 12 -84 113 -12 -25 -124 -101 -126 -100 -43 58 -74 -48 12 -98 1 72 -50 100 -104 -101 12 30 -54 62 -112 -65 108 87 -99 48 -85 -14 -85 -85 -8 -61 104 85 50 -85 -15 53 85 19 -121 16 -31 -123 118 -96 -102 -48 -106 34 69 -30 -74 -62 58 -29 -69 -9 38 25 2 16 87 -33 -80 -19 36 79 -125 23 -20 121 115 27 -68 -55 -39 4 -47 -6 33 91 68 61 -8 98 63 56 104 -63 -39 -58 71 -86 -80 98 -71 103 -9 -45 37 -122 -32 -6 32 74 114 52 -54 45 -64 -122 124 -101 -10 59 5 82 103 -81 -77 81 -28 116 52 27 -43 14 -93 -119 -2 -22 101 -8 75 117 97 -15 -33 -124 -77 18 -75 -110 -2 126 -94 41 -105 57 5 50 44 113 14 -24 30 -56 -74 -107 -18 -122 12 -5 56 63 -40 62 107 -127 -77 30 -52 85 68 94 100 70 78 -20 -13 53 4 52 -55 -111 124 -118 -105 -39 -30 37 -22 -30 73 38 51 67 36 70 -68 -55 -3 121 -25 14 -127 33 -16 35 -54 45 -3 -88 -25 45 84 -17 107 120 -26 55 108 122 101 126 69 86 121 23 57 26 -50 -7 13 -33 -50 -20 82 106 22 38 70 -84 -39 -118 -19 -15 118 -15 -48 -111 47 -69 126 -43 -68 -31 -121 32 -41 -88 -81 83 101 0 97 -110 71 -102 -82 114 27 -119 -69 39 126 -82 -125 40 6 125 106 108 46 -16 45 -17 -82 -53 -26 -15 -48 118 9 -118 -87 -5 -87 102 102 -100 42 -98 -6 81 60 -55 60 77 -49 -50 -27 -119 23 82 -59 -43 67 -9 -110 -112 68 39 55 85 -52 -71 111 111 -11 35 -48 13 110 -75 -31 97 -110 -19 -117 -117 76 109 -104 -33 -126 -52 -48 -113 -127 -119 32 -116 -88 96 25 95 -84 -7 39 -107 22 -92 -122 115 63 16 -93 76 -101 -108 54 -111 28 71 42 -98 -76 83 -102 112 -3 -17 -107 -98 -6 56 93 -13 125 1 59 100 -84 11 -101 -92 91 -32 59 90 -19 3 -94 -107 33 2 118 -119 59 98 14 -64 -103 59 75 127 -31 102 -32 8 107 -45 16 51 19 12 -27 105 -49 -66 17 50 -104 -88 27 -24 90 72 120 -34 61 -55 114 -37 2 -32 -122 -125 -127 -91 -62 62 47 50 -74 40 104 -92 -80 -98 85 -2 61 -4 43 -95 -57 120 -61 82 -92 96 -117 -83 107 41 -38 81 64 -45 -76 125 34 -103 1 76 -1 -90 34 -63 -45 -79 35 -98 31 44 49 -65 -37 77 -25 69 -101 118 -57 71 110 126 -28 15 -36 -119 36 -43 -68 -27 -119 120 66 -20 10 -58 72 77 -87 108 -60 -116 63 124 -59 58 -107 127 -42 39 -21 -126 71 46 -59 -69 40 126 122 111 82 93 72 54 -82 -63 -33 110 116 83 7 35 -98 -84 0 -76 96 18 29 24 -109 -23 -54 81 50 46 -117 -61 -126 -120 77 28 -87 -43 -83 100 -24 -68 22 13 82 -77 107 120 -119 37 12 65 92 101 -79 -11 97 12 41 -12 24 31 119 -42 119 83 -39 -34 -98 70 75 -123 -20 -34 -80 -5 95 103 -69 57 47 60 93 35 79 103 64 58 100 34 103 108 -29 68 26 -124 43 95 111 -79 30 64 -1 -22 66 -27 -86 -88 46 -18 -30 -14 84 118 61 57 37 64 -73 -63 -111 52 111 -87 105 18 -127 -50 106 126 64 -80 -102 127 -88 -63 -82 -26 -62 6 104 38 -20 -45 10 59 -19 -2 -9 -97 -63 27 -47 -62 -63 57 -55 -31 28 4 -122 0 112 38 4 115 1 -76 -19 -58 60 40 67 -23 57 -118 120 -122 -21 15 -106 116 77 -56 55 80 -121 -120 -1 46 80 -28 115 9 -38 13 -7 7 -14 15 63 60 53 103 -6 21 -80 79 23 66 -121 28 -36 -74 -49 -17 -110 -71 -103 -85 74 28 -11 33 -95 124 112 0 -47 89 -15 93 50 124 -88 -2 73 117 89 -63 -2 -40 54 7 58 77 126 -70 71 -116 -35 109 3 -60 -27 81 9 39 102 25 -103 -49 101 -94 2 -92 -90 -111 112 -40 -78 -116 -121 -2 -7 -108 19 7 -115 -92 33 -8 17 -93 17 -61 -107 -50 -36 108 -94 98 -8 106 -33 -117 -43 -101 98 -102 32 46 -99 -49 41 -49 21 -34 -81 70 -126 41 66 -6 -24 -24 35 -73 -104 -21 91 -59 114 -3 -17 44 -1 100 -31 -90 -18 80 -75 68 -19 33 70 -78 -59 -109 80 -92 -8 -45 -35 -53 77 80 -12 -40 -65 -86 -9 122 -95 53 -40 78 -71 0 -88 -103 10 23 27 -14 59 -46 -83 -105 42 -47 -86 -58 112 -36 42 55 -98 -99 -31 -45 67 -44 -48 -42 92 68 94 -127 -79 41 39 -50 36 -80 -84 90 15 -87 -6 118 -66 -107 55 7 102 -61 102 53 -100 -114 -31 63 -105 -27 -9 -3 42 -91 53 -91 -113 108 -99 -89 34 -97 86 -24 28 101 -103 -55 -107 20 21 -102 -72 91 64 103 -50 89 84 -24 103 -83 8 -12 52 -59 68 -41 33 -83 38 79 -24 -61 101 102 -82 107 -86 84 58 -106 -73 36 6 82 103 69 -36 45 61 -11 95 103 41 86 -104 -43 5 -19 77 74 -50 -10 80 -113 -92 -38 -83 0 -70 110 -68 -111 -95 107 68 -15 -16 -102 -35 65
0
0 
960 0 67 1 62 2 110 3 110 4 86 5 51 6 97 7 21 8 106 9 54 10 32 11 122 12 122 13 29 14 21 15 123 16 123 17 94 18 94 19 33 20 4 21 -27 22 -30 23 -52 24 119 25 119 26 94 27 110 28 114 29 114 30 26 31 35 32 -45 33 -45 34 89 35 67 36 13 37 54 38 54 39 109 40 109 41 50 42 50 43 27 44 54 45 78 46 11 47 104 48 -28 49 4 50 4 51 89 52 60 53 60 54 117 55 117 56 85 57 89 58 15 59 1 60 49 61 49 62 81 63 90 64 112 65 112 66 96 67 94 68 107 69 101 70 124 71 124 72 68 73 57 74 16 75 103 76 103 77 107 78 -4 79 115 80 58 81 127 82 127 83 75 84 126 85 126 86 91 87 22 88 117 89 82 90 127 91 103 92 17 93 74 94 83 95 111 96 -48 97 81 98 95 99 54 100 101 101 114 102 114 103 109 104 118 105 98 106 -52 107 105 108 105 109 116 110 -70 111 97 112 -1 113 74 114 61 115 61 116 -58 117 102 118 102 119 122 120 122 121 95 122 95 123 10 124 41 125 46 126 81 127 81 128 102 129 102 130 91 131 94 132 94 133 75 134 61 135 101 136 83 137 62 138 45 139 -20 140 -3 141 10 142 1 143 116 144 44 145 -11 146 98 147 98 148 113 149 60 150 60 151 54 152 -38 153 -2 154 10 155 121 156 121 157 14 158 14 159 -31 160 117 161 117 162 105 163 91 164 91 165 107 166 107 167 -10 168 102 169 102 170 67 171 75 172 62 173 -15 174 122 175 4 176 4 177 93 178 93 179 61 180 13 181 70 182 55 183 18 184 40 185 30 186 30 187 67 188 126 189 -8 190 -8 191 126 192 10 193 10 194 45 195 64 196 64 197 -76 198 -66 199 26 200 26 201 100 202 100 203 13 204 7 205 -2 206 109 207 109 208 4 209 27 210 20 211 36 212 36 213 26 214 94 215 106 216 77 217 77 218 36 219 74 220 -38 221 123 222 74 223 52 224 122 225 122 226 5 227 47 228 84 229 -67 230 -7 231 27 232 86 233 86 234 -27 235 61 236 112 237 102 238 97 239 97 240 30 241 84 242 29 243 40 244 40 245 93 246 108 247 108 248 92 249 -3 250 5 251 89 252 62 253 62 254 3 255 3 256 58 257 58 258 104 259 88 260 127 261 127 262 51 263 58 264 61 265 -26 266 -15 267 -15 268 42 269 42 270 85 271 85 272 -2 273 22 274 97 275 19 276 62 277 114 278 114 279 107 280 107 281 112 282 112 283 87 284 65 285 19 286 47 287 110 288 -102 289 -1 290 6 291 93 292 93 293 78 294 23 295 83 296 61 297 52 298 76 299 76 300 33 301 46 302 83 303 115 304 72 305 117 306 117 307 111 308 33 309 -70 310 53 311 69 312 96 313 94 314 121 315 90 316 83 317 83 318 31 319 -56 320 -58 321 32 322 72 323 72 324 126 325 126 326 54 327 123 328 123 329 -39 330 36 331 36 332 104 333 124 334 40 335 71 336 71 337 57 338 96 339 96 340 -12 341 122 342 96 343 68 344 21 345 123 346 123 347 56 348 56 349 125 350 125 351 109 352 -14 353 39 354 35 355 78 356 104 357 104 358 -33 359 -12 360 -12 361 120 362 37 363 71 364 71 365 32 366 70 367 29 368 88 369 63 370 5 371 87 372 -59 373 87 374 54 375 -3 376 98 377 4 378 4 379 28 380 116 381 116 382 50 383 -41 384 54 385 93 386 93 387 41 388 -16 389 32 390 108 391 108 392 72 393 111 394 119 395 37 396 67 397 106 398 106 399 48 400 87 401 90 402 90 403 22 404 125 405 125 406 78 407 -12 408 116 409 116 410 92 411 52 412 40 413 36 414 57 415 -20 416 88 417 88 418 26 419 7 420 15 421 46 422 46 423 121 424 -91 425 65 426 65 427 89 428 -32 429 98 430 44 431 12 432 113 433 113 434 -25 435 -100 436 58 437 58 438 12 439 72 440 100 441 100 442 30 443 62 444 62 445 108 446 87 447 48 448 -85 449 -8 450 104 451 85 452 53 453 85 454 19 455 16 456 118 457 -48 458 34 459 69 460 -30 461 58 462 -9 463 38 464 25 465 87 466 -19 467 79 468 79 469 121 470 121 471 27 472 4 473 4 474 91 475 91 476 98 477 98 478 104 479 -39 480 71 481 98 482 103 483 103 484 37 485 -6 486 74 487 114 488 52 489 45 490 124 491 59 492 82 493 103 494 81 495 116 496 116 497 27 498 14 499 -2 500 101 501 117 502 117 503 -15 504 18 505 18 506 126 507 126 508 57 509 57 510 113 511 113 512 30 513 -56 514 -18 515 12 516 63 517 63 518 107 519 30 520 85 521 94 522 100 523 78 524 53 525 53 526 52 527 124 528 -39 529 37 530 37 531 73 532 67 533 70 534 70 535 121 536 121 537 33 538 35 539 45 540 45 541 45 542 84 543 120 544 55 545 122 546 126 547 126 548 121 549 57 550 26 551 13 552 -20 553 106 554 106 555 70 556 -39 557 -15 558 118 559 -15 560 47 561 126 562 -31 563 32 564 32 565 83 566 101 567 97 568 71 569 114 570 114 571 39 572 126 573 40 574 125 575 125 576 46 577 45 578 -17 579 -15 580 118 581 118 582 -5 583 102 584 102 585 42 586 81 587 81 588 77 589 77 590 -27 591 82 592 82 593 67 594 -9 595 68 596 85 597 85 598 111 599 111 600 35 601 110 602 97 603 97 604 -19 605 109 606 109 607 -33 608 -48 609 -113 610 32 611 96 612 96 613 95 614 39 615 22 616 115 617 115 618 76 619 76 620 54 621 71 622 71 623 83 624 112 625 112 626 -17 627 56 628 93 629 125 630 100 631 100 632 11 633 91 634 90 635 90 636 3 637 33 638 118 639 98 640 14 641 59 642 127 643 127 644 102 645 107 646 51 647 51 648 105 649 105 650 50 651 50 652 27 653 90 654 120 655 61 656 114 657 2 658 -32 659 -91 660 62 661 62 662 50 663 104 664 -80 665 85 666 61 667 43 668 120 669 120 670 96 671 96 672 107 673 81 674 81 675 125 676 125 677 76 678 76 679 34 680 -45 681 35 682 44 683 49 684 77 685 77 686 118 687 118 688 126 689 126 690 15 691 36 692 -27 693 120 694 120 695 10 696 77 697 108 698 108 699 124 700 124 701 127 702 127 703 39 704 71 705 46 706 126 707 126 708 111 709 93 710 54 711 110 712 116 713 83 714 35 715 0 716 96 717 29 718 24 719 81 720 81 721 46 722 -61 723 77 724 28 725 100 726 100 727 22 728 82 729 120 730 120 731 65 732 101 733 101 734 97 735 41 736 31 737 119 738 119 739 83 740 70 741 75 742 -20 743 -5 744 103 745 103 746 60 747 93 748 103 749 103 750 100 751 108 752 108 753 68 754 95 755 111 756 64 757 64 758 66 759 -27 760 46 761 -14 762 118 763 118 764 64 765 64 766 52 767 111 768 105 769 18 770 126 771 126 772 127 773 127 774 -26 775 6 776 104 777 38 778 59 779 59 780 -2 781 27 782 27 783 57 784 57 785 28 786 4 787 112 788 115 789 115 790 -19 791 60 792 67 793 57 794 120 795 15 796 116 797 116 798 80 799 80 800 46 801 80 802 115 803 13 804 13 805 15 806 63 807 103 808 103 809 79 810 79 811 66 812 28 813 -17 814 -17 815 -71 816 74 817 33 818 124 819 124 820 89 821 93 822 124 823 124 824 117 825 117 826 -2 827 54 828 77 829 126 830 71 831 109 832 3 833 81 834 81 835 102 836 25 837 101 838 2 839 -90 840 112 841 -40 842 -2 843 -2 844 19 845 7 846 33 847 17 848 17 849 -50 850 108 851 108 852 106 853 106 854 -43 855 98 856 46 857 46 858 41 859 21 860 70 861 70 862 66 863 -6 864 35 865 -21 866 91 867 114 868 44 869 100 870 100 871 80 872 80 873 68 874 70 875 -59 876 80 877 -8 878 -35 879 80 880 80 881 -40 882 122 883 122 884 78 885 78 886 0 887 23 888 27 889 59 890 -46 891 42 892 -47 893 112 894 55 895 55 896 -31 897 67 898 -42 899 92 900 94 901 41 902 41 903 36 904 90 905 90 906 118 907 118 908 55 909 102 910 102 911 53 912 63 913 63 914 -3 915 42 916 53 917 108 918 108 919 34 920 86 921 101 922 101 923 20 924 21 925 91 926 103 927 103 928 84 929 103 930 8 931 52 932 68 933 33 934 79 935 79 936 102 937 107 938 107 939 84 940 36 941 82 942 103 943 69 944 61 945 103 946 103 947 86 948 5 949 77 950 74 951 80 952 -38 953 0 954 110 955 110 956 107 957 107 958 -15 959 65
3 0 5 8 8 3 1 1 0
40 -70 -97 -45 -93 -76 -67 30 13 -47 42 0 93 -40 23 122 36 92 -4 103 2 125 42 97 -58 71 -52 -123 32 48 32 107 -81 -58 -77 1 13 54 86 -99 -48
0
0 
40 0 -70 1 -45 2 -45 3 -45 4 -67 5 30 6 30 7 30 8 42 9 42 10 93 11 93 12 93 13 122 14 122 15 122 16 92 17 103 18 103 19 125 20 125 21 125 22 97 23 97 24 71 25 71 26 32 27 48 28 48 29 107 30 107 31 107 32 -58 33 1 34 13 35 54 36 86 37 86 38 86 39 -48
3 0 3 4 3 2 1 0 0
12 -15 -83 -99 -115 -11 8 124 8 16 29 17 12
0
0 
9 0 -15 1 -83 2 -99 3 8 4 124 5 124 6 29 7 29 8 17
3 0 4 8 8 3 1 1 0
32 -33 -43 -79 -16 -74 -87 -50 -26 -84 -98 -85 -1 -64 -109 -61 -35 -33 -19 -124 -3 -33 -66 -24 -110 -127 -117 -56 -19 -125 -18 -110 -30
0
0 
32 0 -33 1 -33 2 -16 3 -16 4 -16 5 -50 6 -26 7 -26 8 -84 9 -84 10 -1 11 -1 12 -1 13 -61 14 -35 15 -35 16 -19 17 -19 18 -3 19 -3 20 -3 21 -24 22 -24 23 -24 24 -117 25 -56 26 -19 27 -19 28 -18 29 -18 30 -18 31 -30
3 0 2 6 3 3 2 1 0
12 -16 -113 -120 -86 -11 -88 -42 -103 -29 -119 -41 -121
0
0 
6 0 -16 1 -86 2 -11 3 -42 4 -29 5 -41
4 0 28 8 1 0 1 0 0
224 67 -69 60 -82 102 73 -35 117 -29 125 39 116 8 31 46 125 -33 102 -20 -74 -27 57 -117 25 61 -70 18 -126 99 -13 61 -125 -21 -88 71 -76 -111 21 35 -94 111 106 101 74 -46 65 -56 99 -52 71 99 -12 -40 7 -22 -2 -43 80 -59 5 95 -50 -14 75 9 -42 -25 44 -42 111 -24 126 102 66 -56 110 51 -124 -73 88 105 55 -8 65 -51 -24 -18 62 62 84 92 110 81 47 -94 108 120 -82 -5 -79 116 127 -84 32 113 109 -78 -108 95 111 -58 1 88 2 -86 23 91 -80 42 -3 -96 -4 112 -64 -16 120 -80 -98 88 113 -114 5 -118 52 61 127 -104 75 64 58 -103 99 113 24 -92 -90 17 -74 38 -36 -34 -102 -103 -31 -2 -95 -42 19 101 6 -75 28 -70 68 25 18 -14 27 -54 -103 -92 -20 87 126 -103 64 104 -79 113 56 -94 -82 109 49 -59 -57 75 46 -44 -84 -13 125 54 -41 12 -102 66 -104 -26 -125 -112 -79 -40 -16 99 -64 78 -43 110 -18 23 -96 -43 -111 -4 28 -1 -51 -65 -29 96 55 -112 -39
0
1 1739 14
28 0 25 1 49 2 -9 3 -10 4 -28 5 48 6 5 7 9 8 17 9 17 10 20 11 52 12 15 13 20 14 8 15 -13 16 23 17 24 18 -40 19 -16 20 1 21 -10 22 19 23 -1 24 -28 25 -19 26 -12 27 -15
4 0 16 32 1 0 1 0 0
512 123 -105 16 -57 114 -10 -126 75 80 31 33 -87 92 -91 61 15 18 -41 47 63 -11 89 95 50 -110 75 -28 82 122 -58 -8 -55 -120 -24 92 -121 80 104 -11 80 -99 -94 79 82 -51 -43 -51 28 -88 -2 77 -14 -126 28 -44 105 -88 -21 79 -121 -51 90 -82 116 20 79 80 -87 -107 -20 94 66 4 94 -12 95 81 109 9 37 72 -92 105 -20 83 118 -41 -94 50 111 16 -35 124 24 -84 81 -106 -104 -65 -99 -76 -5 126 104 56 121 89 40 114 -78 -120 76 92 -31 -43 -60 -37 24 -63 -14 105 5 64 121 115 -118 -48 96 -13 -17 106 89 -70 97 66 61 63 -6 -124 6 82 25 59 -26 126 55 77 91 80 -41 -73 117 121 17 -38 -52 78 -86 -82 58 56 -56 -76 80 121 115 -97 -37 61 -31 -88 -50 80 -62 54 32 84 -85 94 -24 -120 43 116 105 83 -108 83 -80 110 -28 -22 -107 -108 46 18 -64 10 -110 -72 -45 63 -12 125 15 56 28 76 -102 70 -84 80 102 -87 69 28 23 28 -115 96 118 -15 71 -61 -73 10 -112 -1 -109 -123 39 -115 25 -79 -84 -1 66 41 -76 6 -53 20 62 126 18 -105 -89 -32 89 12 79 75 -127 99 125 31 -42 40 -48 101 12 75 -70 21 -50 -124 19 -22 -37 -109 -43 119 -56 84 69 -39 83 -102 -51 17 -89 -37 -118 58 -124 87 37 25 105 82 -25 -125 -17 -68 83 -17 18 -8 -52 81 -126 -83 49 19 -11 10 -110 38 71 -124 44 -116 77 -104 -95 -27 -29 26 -83 60 -71 39 13 -100 -120 94 -117 -27 -24 81 -55 -84 88 -30 -121 44 -46 34 -20 5 -76 109 4 80 -36 25 -65 46 -119 -21 -1 4 122 34 -115 87 85 -76 -41 -10 59 -80 18 -77 -73 -118 -76 -97 -52 66 -45 -43 60 -49 76 -91 -81 20 57 -21 -57 -113 114 -30 77 79 -99 66 18 122 75 92 107 0 -86 75 -30 74 -71 -23 68 -28 -95 16 34 -14 99 32 49 81 -35 108 -116 37 30 7 -69 -72 4 -25 -3 -70 19 59 -107 11 -99 -88 98 -85 -50 -120 -46 -98 -94 31 119 36 127 8 31 75 -81 12 -21 -62 -124 68 74 -34 -92 -116 4 -72 56 -14 43 29 -58 72 -21 93 112 71 -112 65 -64 23 -59 -78 -41 43 -101 50 87 -59 -2 -32 85 -52 -113 127 -60 51 -100 -36 -55 -78 107 -40 -68 -66 123 85 -76 -79 48 -31 -96 9 124 -63 43 -84 121 119 -39 104 -27 -121 97 9 44
0
1 1487 16
16 0 11 1 -5 2 22 3 6 4 19 5 6 6 4 7 -5 8 -4 9 -14 10 -6 11 -13 12 14 13 -11 14 -7 15 2
4 0 72 32 1 0 1 0 0
2304 -16 48 -99 -62 78 54 -76 3 -51 61 -106 103 120 -101 1 122 -19 45 14 -37 -82 -90 77 -96 -54 60 89 77 62 67 -52 -83 -3 103 -52 -64 113 107 90 109 10 21 49 -66 -108 -5 77 -78 -36 -18 -59 111 -44 110 100 -101 75 125 -92 -9 82 33 -38 2 -94 -111 112 69 -10 -25 69 -4 -46 83 29 -48 -4 -91 -55 -116 -22 49 77 -111 -9 24 -82 -110 68 -99 95 -27 -68 -53 33 -100 -19 114 33 115 22 119 -52 123 11 105 -120 17 -115 -24 125 62 -22 7 -33 -69 100 71 -65 -86 40 39 -100 116 -98 10 27 -90 -52 -36 -3 3 -64 -17 72 -89 111 26 26 98 -80 121 -40 -81 67 41 95 -122 -42 -89 -101 4 -47 28 101 -64 -101 61 63 101 16 121 109 -101 61 47 -5 6 30 51 109 111 -1 -54 -42 98 30 -104 -74 -117 35 109 -24 -61 4 54 -40 -71 126 23 104 -40 -61 58 73 63 52 103 -111 78 85 -12 77 -95 -118 44 -103 -15 112 54 -56 125 68 -42 -62 -14 -123 -40 60 -45 36 -65 81 -37 60 -35 123 -36 105 115 56 -31 -76 -123 -27 120 33 21 10 -49 -25 76 27 -122 12 91 99 -97 -47 -121 -16 -91 -104 86 -95 -115 41 106 15 -53 119 -77 65 40 -35 -65 17 -106 68 -70 43 -17 -46 37 35 51 33 -54 -122 -111 -10 -57 34 114 -30 -73 -86 58 106 -12 -125 -87 94 -127 -85 19 126 47 106 -115 -104 -33 69 -114 43 -70 94 -70 0 -62 -48 17 75 -32 61 40 10 -47 125 40 69 51 0 125 110 30 2 84 88 71 -115 -65 -94 62 -73 119 -68 -102 -92 -100 -117 26 16 -104 24 87 58 78 30 -16 -11 39 -12 -26 -124 61 30 68 35 7 33 98 119 -46 53 6 -74 -95 29 -51 14 -52 45 -25 25 6 66 -115 -10 19 18 -64 109 -27 -60 15 42 -49 61 -97 83 -47 19 53 122 -62 119 51 4 -59 -12 -13 -101 107 23 81 -48 -45 49 -108 56 -16 94 -40 63 -126 80 -100 88 120 127 56 -43 86 23 -101 15 -77 19 45 43 -126 112 111 -123 -123 -48 64 -9 -99 5 43 105 -122 0 62 -67 -57 92 105 4 -50 73 108 -60 -76 114 63 -25 27 -13 105 -5 -49 -43 -124 67 92 20 71 27 113 26 71 -52 -100 -40 50 -104 -88 -29 -11 -60 81 -38 -56 32 107 48 115 64 69 -71 54 -81 14 120 -11 -8 -61 -6 -103 -106 110 48 -83 14 -114 71 -63 -35 120 93 -42 -35 -113 -29 44 -40 -83 121 -55 99 -6 -116 11 2 -50 -46 109 -58 67 31 33 -46 -108 125 82 -38 85 -122 79 -13 85 32 -83 -36 103 30 -52 50 -60 -2 -127 -13 -87 -65 -39 120 -68 -98 96 37 -115 -30 -14 75 -31 38 94 26 86 -118 -44 -121 46 -124 -10 120 -63 -73 51 -82 -8 -101 51 69 61 -25 16 -113 -60 -101 -92 -113 -125 -62 -19 7 42 71 84 21 -55 78 -110 -42 -4 22 -41 -60 -42 -68 -115 62 6 -67 -14 6 54 -123 46 82 -30 -46 -117 7 121 97 -76 56 62 -98 16 -65 -120 82 60 10 121 -47 -89 77 56 -66 19 -1 11 -1 -17 -81 -13 -60 -83 -118 -35 117 45 -52 90 90 61 -40 33 -57 -69 -27 -126 -112 92 99 69 47 115 -102 -93 122 26 -43 102 17 -85 -123 -117 76 9 112 -86 115 21 -88 -107 -92 -89 13 -80 -23 -28 -123 -33 -54 -39 72 17 68 -123 -67 23 108 -125 -33 71 70 -33 -40 -105 125 20 46 48 -33 -34 -111 -23 -79 -35 115 117 20 -63 77 -89 -73 87 7 -80 26 -93 113 83 2 73 109 -99 -46 21 22 16 33 31 -103 30 -85 -36 -62 -8 -60 -13 -80 -26 -20 -35 -103 -46 -89 -61 92 75 -82 -41 -13 70 -107 -32 76 -32 -59 95 42 -37 82 -89 -22 120 -75 -76 -87 22 -10 127 25 -18 41 76 23 53 -65 68 -127 -34 -93 -120 -15 -23 121 108 18 80 123 -103 88 -114 127 -28 -53 32 49 -76 -17 -127 95 54 30 -69 -24 30 114 -3 88 114 -1 26 -19 124 -24 110 -24 -112 -48 -82 -85 93 85 -45 -96 2 32 -12 -87 20 95 -28 -69 56 -95 -62 -123 117 104 -10 74 70 -47 -5 94 -38 3 66 -71 -48 18 86 -120 -2 51 -92 -58 -75 -32 -124 93 -54 32 -17 118 60 -69 106 -126 -71 91 76 28 -28 -93 93 -63 57 115 35 20 78 14 -76 70 -95 103 125 -28 17 84 42 95 116 117 62 -5 -35 101 96 83 45 -7 29 56 77 -93 -120 63 26 -26 41 84 -19 -39 -48 77 -91 -53 118 0 -61 -26 54 26 -66 76 88 -9 79 111 115 -76 50 -81 0 68 114 -11 -118 61 105 85 62 -23 -76 7 -53 49 94 -19 -101 -48 -58 -86 -89 66 -74 -49 -94 -86 -39 -74 96 20 24 77 -87 -112 -101 -95 112 -63 20 -54 -55 -80 -112 -56 19 114 86 -32 -100 -22 -61 -42 55 25 16 7 33 -61 90 -100 118 15 113 15 80 -113 -120 -40 59 -19 28 -4 76 -46 100 44 23 78 -69 -97 -19 -20 116 43 -106 24 125 96 -63 95 69 12 -39 100 58 79 127 -89 -117 -125 -95 -29 83 -34 80 -120 -32 80 -42 5 24 122 108 86 88 79 24 -25 11 114 106 55 -99 -101 31 14 -78 -73 -45 37 15 -24 -91 -117 97 103 -106 108 -119 36 -37 -74 98 -22 18 50 38 -98 -22 -74 -41 -104 -101 112 58 66 73 -92 -58 -67 109 41 61 122 -84 -72 106 90 -29 -16 -77 92 -75 -125 118 6 -56 -20 55 74 -72 119 3 -101 80 65 30 -35 90 98 35 94 -42 -63 3 -68 0 21 -73 17 -114 17 104 42 -100 -60 -17 37 -102 73 -118 -102 -44 -43 -98 32 -55 120 127 -102 -66 96 74 -50 74 19 -111 -103 -27 -5 -89 105 -44 -70 -94 -67 -92 -117 55 18 -114 -8 -5 13 14 -67 -19 95 -64 -72 32 81 -103 -42 -83 56 -52 -101 -13 -12 -76 114 39 -6 -60 74 -5 -79 79 -12 44 -87 27 -73 86 18 -24 -38 -17 -60 -28 -85 -94 58 25 11 -2 -99 77 -67 28 104 -39 47 92 17 -57 -126 -49 -13 95 121 123 100 -73 -26 -70 -53 21 -47 -121 -35 81 -119 -18 110 60 65 -121 19 76 33 13 75 -122 64 -115 -114 -23 117 32 -51 -12 -43 37 -121 103 15 -30 -100 -20 -57 76 61 -116 77 -41 -116 -112 -38 40 78 45 68 42 -97 31 49 63 96 -124 97 34 7 34 -102 86 19 66 11 -119 -73 24 21 -22 84 -56 -102 -100 -81 -96 93 -88 14 -66 -68 -4 108 27 106 -61 -25 -75 -114 6 8 -3 90 -108 96 -69 -94 -27 49 112 41 -10 -111 -64 -69 96 68 -97 -88 -16 96 45 -2 -20 -62 28 80 -78 13 -118 14 127 51 43 -28 -88 52 -1 62 19 80 -92 -115 97 -49 -29 22 -5 43 -11 25 63 78 -20 -42 70 36 95 9 -68 88 -111 -51 93 9 1 -67 -40 109 84 119 58 -50 -66 93 3 -16 -58 -53 74 -30 -45 63 -46 124 88 85 -74 88 -103 -50 -51 -78 -101 -65 -23 114 9 -86 -47 -73 -20 76 -9 94 90 -65 -57 6 113 -34 -27 93 -111 22 116 -6 -15 46 -103 125 -85 36 -97 79 7 80 -59 -60 -125 -28 -27 -77 -121 27 -86 74 -112 -21 -19 -42 102 -18 78 57 -30 -117 -59 109 -6 42 116 19 24 -124 105 -105 -118 -89 119 30 125 16 -67 -85 103 93 58 -42 -19 -92 2 -53 112 65 109 -3 -64 36 -108 -59 -90 31 -78 -64 -93 -124 102 56 -120 -14 -57 -50 59 7 -122 -30 -8 79 30 121 70 39 -85 -118 -85 40 93 -125 6 -25 -37 -104 123 94 -47 -121 116 46 97 -9 57 3 -68 -61 125 -31 -112 -17 93 -12 118 -2 -85 86 -72 34 -99 93 11 5 -103 7 -72 33 70 55 90 61 90 16 109 -25 -45 -57 -68 61 25 -112 -46 118 45 126 -56 102 -105 100 53 118 77 26 22 86 78 -80 -100 -10 71 -122 -5 -37 -63 -16 104 -83 -118 55 7 -82 91 -86 -17 64 55 105 53 109 70 94 60 -77 -51 27 116 9 21 -114 -114 -69 -121 19 69 92 44 66 -33 80 -62 -11 80 117 58 29 -55 -56 7 -43 127 -32 123 -94 -110 37 -15 10 -98 83 60 -103 125 -88 -85 -41 -21 -72 10 -63 58 -37 33 -37 -62 2 96 62 -125 6 78 101 111 -111 114 41 -20 42 127 111 -99 20 84 54 -20 -10 75 -109 64 -102 57 -11 87 33 -90 -30 61 -80 -23 95 16 118 -119 -39 -19 -56 -55 -91 -106 122 35 18 -14 12 108 -47 106 77 25 -79 16 43 76 44 41 112 -116 86 -71 -14 61 58 34 2 -23 -93 14 11 -119 57 -77 110 -55 15 -75 -60 -113 4 -34 50 60 -55 -29 -94 -118 -78 32 -51 86 -75 -13 -52 -127 -117 -18 -16 13 49 115 -125 50 -85 46 -101 -34 -20 -68 96 68 -59 69 -25 1 -37 17 -88 58 -104 -44 -72 43 -117 121 -27 96 67 -31 -56 -43 126 -78 2 56 66 -67 18 23 18 -118 73 -2 73 -64 -75 -56 -86 95 -80 -12 -68 -116 -107 127 -68 -26 -26 -19 34 65 -120 -90 30 -54 54 79 101 -49 40 -116 18 -75 -51 -3 -30 -99 29 45 78 49 -38 -105 43 -10 -34 -70 31 21 -116 76 -102 -36 41 -9 92 -79 -48 -53 62 -102 70 -127 -110 92 44 27 -16 96 -76 -1 -75 -2 83 15 46 59 -24 5 -6 114 -86 -88 126 -126 7 -11 -109 93 -22 33 97 51 -46 117 60 -82 -107 18 69 119 29 -40 -11 31 -78 55 -2 46 76 -20 -114 -87 -63 123 -53 10 -52 89 44 -16 110 72 24 -127 40 121 -1 -110 -7 -53 57 -8 48 14 -34 112 -5 31 -110 39 -49 -74 65 108 124 -20 -9 -37 -14 38 -90 72 49 -4 100 -35 -111 -62 38 17 -74 23 -93 124 43 7 -54 40 -107 -82 59 -126 96 16 22 59 69 45 49 102 10 116 -11 79 15 -4 -56 -81 -126 84 37 101 103 -16 -37 -50 -16 -115 52 106 -119 -116 -64 -19 70 120 39 -104 -116 120 -31 -7 25 -74 -98 -59 113 -123 -83 -6 28 -115 -110 -123 -63 116 -90 -15 68 126 123 -87 101 81 -72 -66 37 -71 105 11 41 -123 -112 78 -13 -2 -43 -89 38 -109 -112 96 41 25 -115 102 -113 36 -69 117 94 -25 69 70 -60 73 -125 -1 -61 77 111 -102 15 -89 -107 -33 58 -46 34 6 89 40 123 -76 89 9 46 29 97 78 31 73 -73 16 4 118 -51 7 -64 -87 -80 -37 -110 -102 -54 -21 97 -19 3 -62 8 -88 -99 -32 118 -26 -97 82 120 108 -80 81 -115 -23 113 16 -120 17 -58 111 41 64 19 123 60 113 -47 -67 65 -123 -113 112 -119 -122 -68 76 84 -44 -99 34 61 81 114 39 121 52 -104 -55 -62 -8 -113 122 68 -100 -19 -68 -60 -58 103 70 24 26 122 59 47 62 -99 101 -93 12 -97 -33 -35 108 74 -59 107 -34 -114 -111 -23 -53 114 127 77 -35 -56 95 102 -126 -92 -2 -42 -71 -75 -108 -19 -39 9 42 -109 -86 -82 36 31 -68 88 14 -105 -54 117 53 1 67 71 -30 -113 33 -36 -72 -9 24 17 -76 119 -8 2 -101 106 -14 120 115 101 -77 -38 122 95 28 -47 -40 56 119 51 85 27 31 103 96
0
1 1969 13
72 0 14 1 127 2 -127 3 87 4 -2 5 123 6 41 7 -42 8 -33 9 -14 10 51 11 29 12 38 13 26 14 96 15 31 16 16 17 -89 18 -127 19 -41 20 -56 21 -127 22 -35 23 -81 24 -21 25 104 26 -22 27 -25 28 127 29 112 30 -122 31 -59 32 93 33 89 34 -6 35 74 36 -127 37 -127 38 -22 39 24 40 -77 41 -40 42 -66 43 95 44 75 45 -49 46 -61 47 -84 48 -57 49 104 50 73 51 76 52 -2 53 127 54 45 55 -93 56 -118 57 -61 58 -123 59 -66 60 70 61 64 62 -33 63 83 64 -62 65 -39 66 93 67 -120 68 57 69 40 70 -95 71 127
4 0 24 32 1 0 1 0 0
768 81 102 -19 65 99 38 59 -100 -47 -28 -19 -32 -66 -94 90 100 -32 112 -31 117 -28 54 16 99 -55 54 82 50 44 -79 75 -74 -110 77 -31 87 -74 -81 -78 -115 -41 79 91 117 -31 39 -111 104 90 -101 74 27 13 31 -116 -34 -88 -85 -36 -9 -21 -41 -51 112 69 -53 120 -45 -18 62 -84 126 -12 46 -92 42 -9 -92 -23 11 124 34 -37 -46 -96 -120 111 100 53 -90 51 -36 -44 43 -75 -96 55 107 -53 -35 30 -115 -103 51 -15 96 35 122 13 96 36 29 -69 -123 -11 -6 -111 -67 -108 -75 -74 107 38 119 76 106 26 -77 -36 -32 -126 -51 50 -56 90 46 -125 -41 31 -112 -39 -85 -22 -107 60 43 -17 108 13 102 50 -90 41 -11 -6 10 44 38 -47 -124 -32 -122 -106 -8 -3 54 -126 116 -64 7 -113 45 -100 108 -31 -102 -23 -95 90 -5 20 18 107 -50 19 -29 -126 95 93 9 -119 19 -72 110 -85 25 -82 -9 124 -82 -12 -79 -125 2 69 -116 111 3 -7 98 -3 -28 -59 87 40 65 106 81 -11 -41 30 29 12 40 35 -102 67 -84 20 45 39 57 40 -117 -13 -3 98 -5 -59 -19 -70 68 76 121 -116 -119 60 110 114 61 -44 -30 -3 -67 28 23 -122 9 33 115 -76 122 18 72 -42 97 -78 50 -88 74 -52 9 10 52 -81 -16 95 108 32 107 -100 52 -62 -29 -72 -111 30 111 -33 83 -26 -89 70 79 46 115 91 -22 79 10 -2 99 -101 -60 -19 -36 75 91 -34 102 88 69 -25 -36 82 121 67 -22 44 -61 -126 -74 109 -10 -34 -73 -104 -46 -124 -31 93 109 -20 -75 23 -19 125 -64 112 39 34 101 60 51 37 43 -20 -46 -98 -123 -74 35 -51 -108 -73 -50 111 -106 -75 -87 -67 20 51 71 121 -16 36 -44 -52 103 81 123 -87 -66 39 6 -1 -126 65 -94 -3 37 32 -111 -127 -49 88 -14 58 -59 -77 4 115 12 126 -92 33 90 87 48 126 -40 -49 -93 -80 71 -45 -24 120 54 -52 -38 -12 -4 90 -21 -82 25 -11 -74 -60 68 -20 39 118 81 -16 -2 -112 -40 101 75 92 -2 -40 33 -115 -45 -1 -34 37 34 -15 104 -110 -104 85 64 92 9 -55 39 98 -52 32 -16 89 -40 99 40 38 -11 126 -99 -39 46 -13 122 38 -22 12 -119 -26 11 -38 36 -126 -37 71 103 -122 116 24 -7 114 2 29 -19 -71 48 56 -112 121 -49 4 77 10 -78 27 10 97 -72 48 -98 2 -24 -97 13 -114 -60 -46 -41 -114 -12 48 59 70 -89 3 23 -123 26 39 122 77 28 29 -23 -63 -4 -58 30 61 9 107 45 -70 -52 -86 -64 109 123 -76 114 -2 62 -65 124 -65 127 69 -58 82 -39 -79 108 19 56 -44 -89 -111 74 -29 -78 67 -75 85 30 27 -74 86 -30 94 -86 -3 49 -50 30 -107 105 63 -103 69 125 55 -49 -72 -120 -114 -38 -105 115 -12 -53 -48 -1 -31 -57 -71 46 16 -32 8 109 28 -100 104 33 -44 125 -27 -33 -97 9 123 71 101 -90 31 -6 29 91 23 98 -29 7 -38 77 -59 9 -89 47 -93 80 118 -108 -88 -104 -62 -116 50 102 38 -71 40 2 109 -36 59 -28 16 -38 116 95 62 -100 51 62 75 1 53 22 59 -7 -121 71 -76 12 78 -22 -122 -22 43 -19 23 14 16 -65 -101 123 -107 93 126 -41 -21 9 -49 39 -73 -1 -9 -83 34 37 102 43 22 23 -54 6 11 -7 74 123 -34 -102 86 99 58 -127 -40 67 -39 -10 -89 9 -57 -114 -111 117 -12 -81 76 84 -1 127 40 100 -50 35 3 -89 -87 24 -109 46 -66 110 1 48 54 -86 -10 -118 -97 79 5 -37 65 -42 -18 -38 -69 109 -99 87 -22 75 63 -3 57 124 27 21 4 100 -105 120
0
1 1443 13
24 0 112 1 -55 2 -13 3 18 4 -71 5 -80 6 39 7 37 8 47 9 127 10 -33 11 -57 12 43 13 13 14 72 15 -37 16 51 17 41 18 -45 19 -8 20 93 21 58 22 -32 23 60
4 0 1 1 1 0 1 0 0
1 55
0
1 1491 13
1 0 10
4 0 5 3 1 0 1 0 0
15 119 -50 -120 -40 10 -5 -97 41 82 44 112 78 16 57 -51
0
1 1071 12
5 0 -13 1 -9 2 7 3 61 4 6
4 0 24 32 1 0 1 0 0
768 106 -101 30 74 -32 -117 105 71 22 68 -81 75 -48 42 96 -81 -40 83 -5 -70 -30 85 -41 33 115 88 54 10 82 -124 -32 109 -41 18 98 -13 -75 -10 -21 17 62 73 20 -47 -17 -18 -5 -79 -87 -5 -114 71 -78 -117 -1 89 -127 -87 -101 -86 5 -73 47 62 -99 48 -96 90 -18 -79 8 104 -122 -86 -31 -86 -97 -20 93 -42 4 67 -70 45 -10 -112 -99 -99 -77 7 -101 -101 121 16 114 56 -106 31 -107 -125 114 112 -81 -62 112 -10 21 7 106 123 -90 -48 125 41 -52 87 19 17 29 -70 -45 -56 68 -94 112 60 36 -1 -85 -43 110 108 43 -76 -66 -95 63 31 107 -27 -6 -30 -112 23 -81 28 75 -123 -55 -102 83 -115 -18 -119 -89 -73 106 106 -49 -108 43 -78 -122 20 -12 -31 -16 43 -6 -74 -57 49 45 -108 55 -37 -2 -18 -43 30 90 -123 41 -119 90 -98 24 26 -7 -15 -77 50 95 -13 1 -126 -63 -65 -117 111 -69 86 126 65 107 -47 75 57 2 -57 65 -119 115 -27 -34 50 -74 -65 112 126 -79 -47 -123 32 55 -101 -115 -105 -71 78 -37 26 57 -100 10 -27 -58 33 -76 78 -80 -15 -12 -10 -71 97 105 23 -104 70 1 13 -81 50 -96 79 -40 86 22 -80 -109 53 -61 55 65 -17 104 -50 121 -75 -93 113 -100 48 -65 109 105 36 -74 -48 -63 73 -115 94 -100 81 -90 12 124 0 99 82 -60 53 -93 -106 -99 67 -76 82 31 2 -64 -71 -94 -12 -77 0 96 84 32 -1 -101 94 -35 -19 12 -82 -127 -23 38 77 19 29 -95 106 24 54 -94 51 -28 109 -33 57 8 12 -77 94 56 108 -75 110 -36 -70 31 0 81 36 110 -115 71 -22 122 27 47 88 -9 -117 11 -45 -76 -47 88 -86 -120 -44 84 126 95 -2 68 -109 15 74 101 125 115 108 103 29 69 -24 114 83 -49 19 10 -82 -70 43 -123 -6 -98 51 55 -75 -13 -53 24 -50 113 -53 -126 53 29 -38 -58 43 -104 -124 25 -121 103 -8 99 107 114 -115 -89 -106 -113 -62 -48 59 -109 109 -111 83 -107 124 -70 79 23 29 -119 74 88 33 114 -47 -42 27 85 75 28 -9 -121 9 85 45 122 28 60 -3 59 87 -24 -53 91 29 -121 -66 -36 -38 85 -45 -84 -20 -79 -26 -114 79 -120 -59 100 119 70 27 12 -73 89 -51 -89 25 125 -124 57 -25 82 -62 -64 -123 -117 29 -82 64 -12 110 25 -89 86 -70 87 29 59 81 -43 -51 40 -27 1 51 70 -108 4 -6 -71 -59 -60 -119 89 -34 20 -51 123 102 76 17 -62 -68 52 -49 -42 7 81 126 -53 -57 98 -31 -3 -99 52 -108 -21 -77 122 39 -83 48 125 83 46 84 -74 -57 93 -32 39 114 127 7 -14 38 -15 52 31 109 72 -23 -74 71 11 -14 90 -40 -103 61 -72 30 -5 -48 110 23 65 -101 86 107 -122 -119 112 -109 46 51 52 73 -68 112 14 -19 39 113 -45 1 -103 -104 -4 -52 57 -1 -8 98 122 -112 -48 11 40 13 117 94 -6 -33 31 -6 -95 43 11 -70 123 35 -115 -12 18 -66 118 -64 119 24 -69 46 -119 -55 -99 -29 -41 120 -21 -39 -91 24 -29 -11 -95 -21 -87 -68 -118 -32 -9 85 41 -11 -98 48 117 -43 -61 25 -94 60 53 -51 -118 118 -77 7 -53 -61 -67 -107 -10 -98 116 9 -3 64 -45 95 -81 -49 1 -101 -127 -75 -71 -35 10 98 94 -82 -32 79 -42 -68 -48 -78 94 36 4 67 103 -113 45 -31 -62 -53 -28 -59 -106 33 -113 -127 110 112 22 116 83 -94 -69 100 16 -127 11 58 -95 23 81 32 113 -54 108 42 -83 -86 22 -3 113 -118 126 40 0 25 99 -48 93 14 97 -66 46 56 112 99 47 -36 -97 77 -74 86
0
1 303 12
24 0 40 1 -47 2 -50 3 20 4 -44 5 -32 6 7 7 -28 8 0 9 -21 10 47 11 75 12 -35 13 -9 14 10 15 1 16 -12 17 65 18 2 19 31 20 -55 21 -53 22 -13 23 64
4 0 16 32 1 0 1 0 24
512 -88 -56 5 -5 -49 -13 -52 -78 -40 -75 -93 -9 -5 74 100 -86 4 -71 68 -17 -28 -57 126 -72 -38 39 -49 -9 46 -94 52 -17 -31 -13 -23 59 -73 101 30 -114 -62 18 6 63 -115 41 -4 20 94 -115 -22 32 25 112 -83 -120 -124 25 -63 101 -82 -110 82 -119 -58 -42 120 -122 54 -51 89 -27 -101 -30 -23 61 -43 65 -75 50 108 88 73 -64 -85 95 27 -14 83 98 -29 -47 83 -12 9 125 61 -90 81 18 -103 61 72 -55 -12 31 89 -98 -93 74 -50 125 9 -64 40 1 -40 69 46 -22 111 19 -42 69 -110 97 -35 -1 -124 -99 -90 -93 43 -62 -57 98 -95 78 106 -66 -86 -38 -40 47 1 -71 93 117 66 -67 24 -116 123 89 4 43 -78 12 -2 87 -32 -83 -26 -7 -1 -75 83 -13 12 -29 52 -50 113 -69 -97 5 59 -9 75 -21 32 92 60 -58 -47 -105 -103 69 -89 37 86 -70 -1 9 -81 -112 -10 -80 7 64 -4 -94 -121 -67 -80 -77 26 -119 -40 -38 71 -4 -48 118 74 -43 17 -42 -45 -106 -50 35 -24 100 -109 49 72 -2 108 31 36 -46 23 -38 74 -17 -103 127 64 -97 48 -123 -88 9 17 -34 78 100 -66 -121 -107 16 -101 41 -49 -18 -29 -53 86 -45 -5 -112 68 127 -67 -58 52 127 122 -43 -22 74 93 -44 -113 -106 -108 124 -117 -47 93 18 85 -93 63 -114 98 107 -50 24 71 -60 99 80 26 90 77 59 86 -70 40 5 77 -45 102 14 -73 83 -75 -92 30 -13 98 -31 82 127 82 54 -88 -107 -60 63 112 113 58 122 58 -31 89 -44 46 -43 -52 35 98 -16 -43 99 115 80 38 119 -78 34 92 -123 76 67 98 78 38 -19 -90 -47 -109 117 -94 -68 8 -95 -4 -48 22 -116 -14 119 56 -15 11 -90 39 1 92 -28 -106 28 90 28 -67 82 121 103 -10 35 -21 13 122 -44 15 -70 -116 84 101 -122 -57 29 -25 50 -91 -71 127 -69 37 80 104 90 31 -21 94 25 96 1 118 93 67 -83 116 -90 43 -115 62 -66 109 123 114 -103 123 23 -126 -66 22 -98 118 -111 39 -117 -78 -64 -88 -72 -41 -23 8 106 -23 -107 -33 23 -105 -47 37 76 -28 -96 3 -44 -114 -108 127 -115 -52 -51 54 -118 78 99 -84 -100 -32 116 -37 -55 -84 -11 41 -18 66 -79 39 124 61 -65 -104 -96 -21 -87 0 24 120 5 -11 97 11 50 7 105 -82 68 -127 55 101 115 111 -103 -123 -4 -88 -75 98 -43 19 -114
0
1 571 14
16 24 -20 25 -16 26 14 27 9 28 -5 29 -7 30 -27 31 -8 32 6 33 24 34 42 35 -2 36 20 37 -14 38 -18 39 -3
3 0 8 32 16 2 2 0 6
256 6 -62 78 -95 -61 -43 -19 -97 61 95 -27 50 -126 60 -55 14 110 49 -51 -21 28 -46 -1 53 -49 122 -114 94 -123 -1 57 -95 -96 42 -119 -74 -63 -69 -97 33 5 -70 110 55 -79 2 -52 -17 -52 78 88 -9 101 57 -5 31 120 63 19 101 -20 -73 -75 46 86 -126 53 -72 -34 62 -85 -49 74 -72 -119 15 -16 100 -23 11 -41 -73 -94 -52 -105 -94 -112 -43 111 -115 -94 40 -110 8 -99 -99 58 -115 -97 -90 -31 93 115 119 30 -49 -120 -15 -101 -79 28 59 28 3 16 -124 79 -68 -85 -125 19 -15 -60 96 -53 98 25 27 87 118 -81 106 89 3 26 -27 104 -47 -101 -85 -97 13 -90 -6 -88 -125 27 -119 -51 -72 -97 -61 -61 -12 -3 103 79 109 -71 -58 99 46 27 15 -16 103 -11 -50 120 -14 -71 25 12 -20 -100 -20 -27 -76 -96 62 -34 81 34 39 39 17 -65 98 41 93 61 -122 1 46 -110 -122 56 -23 -36 -76 56 -75 -43 -16 -100 -116 94 58 103 -2 -17 96 -49 -58 -28 120 28 119 -56 -29 21 -88 33 -95 -123 -110 -83 -117 -46 95 28 -34 8 -8 87 -16 123 78 -76 -25 -112 -36 69 46 1 -29 123 41 41 -10 127 18 26 -24 18 -63
0
0 
128 96 6 97 78 98 -43 99 -19 100 95 101 50 102 60 103 14 104 110 105 -21 106 28 107 53 108 122 109 94 110 -1 111 57 112 42 113 -74 114 -63 115 33 116 5 117 110 118 2 119 -17 120 78 121 88 122 101 123 31 124 120 125 101 126 -20 127 46 128 86 129 53 130 62 131 -49 132 74 133 15 134 100 135 11 136 -41 137 -52 138 -94 139 -43 140 111 141 40 142 8 143 -99 144 58 145 -90 146 93 147 119 148 30 149 -15 150 -79 151 59 152 28 153 16 154 79 155 -85 156 19 157 96 158 98 159 27 160 118 161 106 162 89 163 26 164 104 165 -85 166 13 167 -6 168 -88 169 27 170 -51 171 -61 172 -12 173 103 174 109 175 -58 176 99 177 27 178 103 179 -11 180 120 181 25 182 12 183 -20 184 -27 185 62 186 81 187 39 188 39 189 98 190 93 191 61 192 46 193 -110 194 56 195 -36 196 56 197 -16 198 -100 199 94 200 103 201 96 202 -49 203 120 204 119 205 -29 206 21 207 33 208 -110 209 -83 210 95 211 28 212 8 213 87 214 123 215 -25 216 -36 217 69 218 1 219 123 220 41 221 127 222 26 223 18
3 0 10 16 16 3 1 1 12
160 85 114 26 23 -99 35 -83 -54 -84 35 41 14 67 21 64 11 -24 -62 -92 40 20 -107 101 -48 -16 -50 65 -16 31 -127 0 -75 7 91 -55 75 -76 -124 65 28 45 4 -49 -103 -23 62 65 -35 60 -30 110 -34 58 28 59 86 -30 88 -74 -47 114 102 -125 -112 -101 32 1 52 36 117 39 -21 -99 -21 -41 33 -71 -40 -42 120 54 -38 -33 -90 -47 -41 -106 -62 -40 78 100 85 60 36 -57 36 -55 98 -89 -22 22 -26 -71 28 -101 -69 103 118 -59 -13 33 100 -94 77 -55 111 -92 115 -57 -115 -125 -66 -35 -42 113 41 33 -98 115 50 -12 36 -112 -57 -88 113 -3 -72 -69 -42 -104 -100 -60 -2 -8 -49 -20 76 64 -34 113 21 12 -80 -104 71 -97 -95 -24 -58
0
0 
160 192 114 193 114 194 114 195 26 196 35 197 35 198 35 199 -54 200 35 201 41 202 41 203 67 204 67 205 67 206 64 207 64 208 -24 209 -24 210 40 211 40 212 40 213 101 214 101 215 101 216 -16 217 65 218 65 219 65 220 31 221 31 222 0 223 0 224 91 225 91 226 91 227 75 228 75 229 65 230 65 231 65 232 45 233 45 234 4 235 -23 236 62 237 65 238 65 239 65 240 60 241 110 242 110 243 110 244 58 245 59 246 86 247 86 248 88 249 88 250 88 251 114 252 114 253 114 254 102 255 -112 256 32 257 32 258 52 259 52 260 117 261 117 262 117 263 39 264 -21 265 -21 266 33 267 33 268 33 269 -40 270 120 271 120 272 54 273 54 274 -33 275 -33 276 -41 277 -41 278 -41 279 -40 280 78 281 100 282 100 283 100 284 85 285 60 286 36 287 36 288 98 289 98 290 98 291 22 292 22 293 22 294 28 295 28 296 28 297 103 298 118 299 118 300 118 301 33 302 100 303 100 304 77 305 77 306 111 307 111 308 115 309 115 310 115 311 -57 312 -66 313 -35 314 -35 315 113 316 113 317 113 318 41 319 33 320 115 321 115 322 50 323 36 324 36 325 -57 326 113 327 113 328 113 329 -3 330 -42 331 -42 332 -42 333 -60 334 -2 335 -2 336 -8 337 -8 338 76 339 76 340 76 341 113 342 113 343 113 344 21 345 12 346 71 347 71 348 71 349 -24 350 -24 351 -24
5 1 8 16 16 0 1 0 4
128 -106 89 12 24 54 92 -53 92 6 127 123 -85 53 110 -6 -21 124 98 -65 -32 -57 108 -58 98 87 85 65 -43 -83 -61 -72 -102 -53 72 -29 -25 -41 -8 60 -103 44 -110 110 88 90 16 -65 -85 -10 -79 21 -35 66 -59 -118 -93 75 -126 51 117 -33 -14 -54 42 66 17 -48 52 33 101 83 -43 -82 41 118 -124 21 -52 -86 -121 -15 -14 100 92 -97 101 -16 44 52 89 37 -6 69 -106 -118 -8 45 56 -16 -70 -57 -95 24 125 -5 -13 -105 38 95 127 -37 51 115 -21 83 11 -48 0 -6 -12 -47 18 110 -48 -106 -98 -100 119
128 -108 104 -64 49 -19 -15 -110 100 24 -8 87 37 -122 109 11 -82 -91 69 76 112 41 -22 88 16 47 -43 -85 111 49 -42 -87 -65 -4 -27 -84 -103 -34 -87 -11 -103 116 55 -89 -42 71 -118 95 49 -98 -51 -48 80 -57 107 -83 22 43 111 107 109 -74 -27 -7 55 15 -122 -59 34 71 120 -25 18 -99 -51 -33 11 14 -30 -54 -52 -107 -13 51 -70 -53 -6 -122 -66 79 -123 -99 -122 -42 -19 -91 -51 125 -117 -101 82 75 -102 90 -49 -8 83 -49 61 -92 -18 -62 69 -35 -61 -20 -20 21 80 5 -48 20 78 -4 -16 -67 53 33 -82
2 1041 10 477 10
128 64 0 65 127 66 0 67 47 68 46 69 87 70 0 71 127 72 17 73 123 74 127 75 0 76 0 77 127 78 0 79 0 80 84 81 127 82 0 83 19 84 0 85 100 86 0 87 107 88 110 89 66 90 26 91 8 92 0 93 0 94 0 95 0 96 0 97 60 98 0 99 0 100 0 101 0 102 56 103 0 104 99 105 0 106 71 107 69 108 124 109 0 110 0 111 0 112 0 113 0 114 0 115 1 116 40 117 0 118 0 119 0 120 96 121 0 122 102 123 127 124 0 125 0 126 0 127 69 128 74 129 0 130 0 131 69 132 67 133 127 134 72 135 0 136 0 137 18 138 105 139 0 140 28 141 0 142 0 143 0 144 0 145 0 146 126 147 61 148 0 149 100 150 0 151 14 152 90 153 33 154 0 155 0 156 50 157 0 158 0 159 0 160 104 161 2 162 0 163 0 164 0 165 0 166 66 167 104 168 0 169 26 170 0 171 67 172 54 173 119 174 0 175 84 176 101 177 0 178 75 179 2 180 0 181 37 182 0 183 0 184 0 185 54 186 110 187 0 188 0 189 0 190 0 191 83
3 0 6 16 5 2 3 0 0
96 -103 17 -81 -94 -63 114 72 109 -55 -57 -100 -46 -99 -126 -77 127 -111 20 49 -46 8 127 -116 -59 27 39 -3 -18 102 -97 -84 -62 48 53 -78 -68 26 -47 116 -81 84 -118 107 -114 -127 -77 97 -103 58 48 -115 99 110 -1 -104 -49 -77 2 -36 56 102 34 -18 -87 94 70 -66 103 53 1 110 50 15 21 108 -85 -11 -29 -76 119 88 -114 8 68 31 31 -18 18 55 -1 114 -89 -23 29 86 114
0
0 
30 0 17 1 -63 2 109 3 -57 4 -99 5 20 6 8 7 -59 8 39 9 102 10 53 11 26 12 116 13 107 14 -77 15 58 16 110 17 -49 18 2 19 102 20 94 21 103 22 110 23 108 24 -11 25 88 26 68 27 18 28 114 29 29
3 0 4 12 4 3 3 1 0
48 4 3 116 90 103 48 -108 -83 20 83 85 -84 -47 114 32 -86 29 -22 102 84 83 -35 37 30 -19 42 -21 -53 -75 -24 -23 22 -21 1 53 113 -70 58 -10 -106 -125 48 48 24 -6 7 -118 -44
0
0 
16 0 4 1 116 2 48 3 85 4 114 5 32 6 102 7 83 8 42 9 -21 10 22 11 53 12 58 13 -10 14 48 15 7
5 0 12 64 64 0 1 0 0
768 -41 71 72 105 -44 124 -4 35 56 20 67 102 -55 68 20 95 97 8 -109 -112 84 -110 52 -52 84 -80 100 -58 63 -65 43 -105 -103 114 19 -79 -119 -50 -16 -62 -106 3 28 114 -119 -123 61 -94 43 -68 -106 -19 -94 53 70 24 63 28 105 92 -38 -108 -75 74 117 -69 -6 72 18 112 -104 96 79 6 -70 92 116 3 -9 97 -87 -10 27 -32 -64 -92 -99 -49 -3 99 2 43 55 -112 103 -24 -72 -17 84 106 -11 23 -95 73 65 82 -29 -117 16 74 -127 1 -64 9 21 -34 -120 71 -94 -105 7 -100 -71 52 53 121 101 119 -85 -28 -32 -75 -109 -23 113 -77 55 68 -91 55 -68 -7 30 -22 -51 -37 -87 61 86 57 -57 -51 52 98 -26 -32 -66 112 94 -65 53 -77 -22 41 33 107 -92 -24 122 -55 65 106 83 103 -75 -84 87 -117 -46 43 -40 102 43 27 96 111 47 -119 -53 -79 84 -3 -93 38 114 -116 53 -85 16 88 -74 -33 -10 111 -19 -69 8 -95 68 -81 83 45 -4 7 30 81 -91 55 -122 26 -117 -24 -94 -112 86 85 93 -76 46 18 -30 -73 -5 -127 72 -24 7 11 -96 -61 -9 -115 84 70 -47 -4 91 -114 -3 -92 96 52 -93 125 50 113 30 119 -37 -11 -44 41 -112 -106 -77 23 44 61 60 102 -127 -106 114 -22 70 -58 -74 -98 -41 -67 -42 77 -5 15 -27 13 -78 -68 -27 84 -109 -3 -3 86 -123 -15 -77 -127 -77 -69 -48 28 5 -85 -104 -3 66 26 -27 -27 -83 -120 109 -112 -108 80 -102 -1 25 -103 -109 -75 -27 -45 -57 -113 65 28 35 1 22 72 46 -6 6 12 63 78 84 84 46 -44 38 -102 41 102 -40 70 -61 -122 -58 -112 41 94 -119 -24 -38 -126 -7 17 -38 105 124 -80 -65 69 61 109 -80 3 82 25 30 -85 82 -57 48 -15 85 -10 -92 -72 -58 82 -80 52 -96 42 -71 -92 -106 -58 -12 -7 -39 39 -125 -91 -77 -38 52 -64 -116 107 -123 -62 92 -80 107 20 -118 -15 -61 123 -36 100 21 -100 33 40 119 -31 -58 -45 -25 -40 -31 -37 87 -46 -78 7 105 -50 42 53 -2 90 57 96 -77 -115 -116 -56 94 99 -36 120 96 -87 32 64 22 -6 98 117 -50 106 -29 -65 89 113 105 -121 74 -89 108 69 13 -58 -83 107 90 -24 99 122 -50 29 43 -60 -123 58 110 118 -39 -100 17 -34 48 -40 83 5 53 89 -44 53 111 26 -70 57 64 96 2 -67 -63 -123 4 -85 -47 54 6 64 -74 32 -60 -39 -65 122 93 80 -27 -39 92 11 -31 96 -45 -43 43 -16 -24 -53 82 -68 38 10 52 -100 121 -56 89 -106 -40 87 -10 106 94 -90 101 113 10 -3 12 89 -106 -62 -73 -86 -97 -59 -44 13 -123 -40 2 114 -127 -88 -35 -4 -101 26 -65 -28 43 -68 -60 -114 -126 27 84 -39 10 18 98 47 -59 94 -46 108 -120 113 2 70 102 28 -127 117 20 -28 -66 -10 48 44 109 85 -4 -53 97 -95 -29 -121 -72 -69 -19 67 41 -111 78 -104 46 -48 -109 -41 76 53 -94 -18 -98 -99 -73 -101 -83 73 -78 114 -76 115 10 -33 93 -107 7 -64 41 113 73 106 126 45 -57 71 114 55 -77 1 -78 -57 76 85 -107 -73 103 81 104 30 52 76 51 89 -5 -67 -109 24 -39 83 67 -127 23 89 -49 42 -83 104 -74 -123 9 39 52 73 114 -8 72 64 53 30 35 7 -39 29 83 73 -70 -25 63 -92 25 -34 67 75 3 3 -86 -1 -108 -74 0 -35 -7 64 25 -21 -62 -83 62 118 -127 111 93 93 39 -2 -60 125 -117 -109 26 40 59 -119 76 -39 84 16 108 -4 90 -16 83 112 19 99 35 100 -3 72 -96 -76 94 42 -115 -33 -28 100 -61 -39 8 25
768 -41 84 -92 -43 -89 -96 59 -36 -104 -58 105 -38 -25 123 -101 93 -47 22 -91 88 -28 2 -55 111 116 -63 -36 103 -86 17 -113 -99 -78 -6 -104 -47 94 -71 -62 74 -14 -84 -18 33 -75 14 6 13 -11 -80 -3 52 -94 -6 -4 15 60 110 -35 127 48 29 46 1 68 123 52 -119 -74 -85 -111 53 88 -47 -31 0 -26 32 7 -24 -118 24 112 -46 -91 -87 -60 36 52 -86 22 -84 122 90 -9 71 81 -102 25 61 -38 83 30 84 100 32 -70 10 36 29 -24 -45 -92 21 6 75 28 -14 7 -100 -26 87 -31 -53 -42 -14 17 41 90 78 121 36 -46 -29 -11 -100 91 120 -95 0 -4 -14 -82 68 -73 62 -83 53 -99 123 34 86 53 33 -38 -95 73 85 20 5 -81 22 38 15 -14 -71 -70 15 -23 -7 35 102 -81 113 -116 124 32 8 -59 -53 1 -103 76 -122 -2 -57 -18 -117 100 56 -63 -5 -117 82 12 86 115 -6 66 -4 21 8 -41 40 48 -6 -19 118 12 -57 32 -118 97 121 -109 -105 -69 -79 -72 -57 37 88 38 -47 126 40 10 89 -83 12 -24 -69 -65 4 -105 -122 68 -34 -124 -81 -49 -25 -6 -112 -90 44 101 49 -34 79 67 25 124 -96 -49 -90 -29 124 44 51 -20 42 92 -3 -7 -45 57 90 18 113 -84 -64 100 -39 102 -46 31 125 -84 20 -23 63 -30 -42 76 -44 89 63 11 81 -23 -91 -14 97 -107 39 49 -50 -29 -77 -121 115 50 6 69 -15 -71 -49 -125 42 120 -125 80 106 -53 30 81 -127 91 -112 125 26 122 -66 4 -43 -35 96 -38 74 -106 4 70 97 99 21 86 -56 -122 122 -93 -112 76 -110 117 102 96 14 -42 97 -108 76 24 60 -59 117 -90 -39 74 33 21 104 37 -65 25 -126 -16 12 -40 -18 64 -26 48 -29 -9 46 -98 7 -126 -14 -61 46 -98 -36 -109 -2 113 -42 100 8 -26 104 -31 -102 9 32 -127 -82 -22 109 37 83 107 -24 -39 116 -119 -113 62 29 -87 -37 -82 75 119 127 -10 -53 119 30 -4 40 55 -47 71 -51 40 -102 -34 115 -83 -1 -118 52 -10 74 -17 -59 -33 -78 -126 -32 -64 29 100 8 127 -98 -75 124 75 126 -29 90 -49 -84 -120 -20 74 79 30 126 -32 30 -10 -82 21 104 -23 -52 -78 81 16 42 -59 -39 36 28 -47 -31 26 26 52 73 92 56 102 21 -20 57 71 78 -99 -31 112 -75 -118 49 77 -74 -2 41 102 61 71 -41 2 -69 15 64 -64 122 -2 65 55 96 62 -5 118 -64 68 -99 -93 -89 60 -58 70 73 -46 -95 72 82 -117 122 18 47 20 54 1 -31 -85 -31 -9 96 90 -117 -62 -8 -33 34 -49 90 -28 108 29 -17 6 -111 118 -20 -7 63 -50 -64 -123 -21 -52 28 86 -13 127 105 19 24 -4 126 -29 48 -43 59 -38 27 80 -95 -39 -49 20 -10 -91 5 98 -75 -49 -106 -10 -92 -63 -98 -85 -35 113 4 53 -5 110 21 -117 125 14 109 26 -80 119 46 56 -20 35 -76 -59 -125 102 34 24 -38 -127 42 36 -46 93 -43 -102 37 -78 -104 12 -30 -117 113 -28 55 20 -54 -65 -95 90 15 -102 -39 78 15 -74 49 86 -79 40 65 63 95 6 -22 83 38 -86 -16 65 35 -123 -57 -63 89 -106 -127 -12 -52 -57 72 98 -34 -117 -20 68 115 97 -119 31 -117 -77 28 -127 -90 -105 -76 84 3 37 -26 104 -23 51 -47 -100 -102 37 -66 -47 -106 33 -82 -82 9 76 -67 53 -3 7 29 27 -104 -17 17 4 -68 3 56 -42 102 -58 4 -30 -14 -100 17 -127 39 66 -23 96 -107 -39 76 -52 12 62 -113 99 96 -115 -32 -81 122 -102 -64 -36 5 85 116 -119 65 -43 13 113 -67 19 -70 -46 -105 95 45
2 1171 10 1059 13
768 0 -52 1 92 2 70 3 114 4 -62 5 115 6 3 7 35 8 51 9 16 10 91 11 112 12 -66 13 94 14 10 15 121 16 105 17 12 18 -127 19 -116 20 92 21 -126 22 52 23 -45 24 111 25 -99 26 109 27 -53 28 61 29 -72 30 34 31 -127 32 -127 33 126 34 9 35 -96 36 -115 37 -66 38 -26 39 -61 40 -123 41 -8 42 30 43 127 44 -127 45 -125 46 71 47 -105 48 48 49 -88 50 -121 51 -15 52 -119 53 60 54 79 55 29 56 80 57 46 58 115 59 121 60 -37 61 -120 62 -80 63 85 64 127 65 -63 66 0 67 67 68 11 69 116 70 -127 71 117 72 101 73 1 74 -84 75 105 76 124 77 7 78 -9 79 108 80 -114 81 -8 82 45 83 -43 84 -85 85 -116 86 -121 87 -51 88 4 89 102 90 5 91 38 92 79 93 -115 94 117 95 -18 96 -72 97 -32 98 99 99 127 100 -18 101 37 102 -105 103 94 104 87 105 98 106 -42 107 -126 108 23 109 89 110 -127 111 -5 112 -85 113 13 114 25 115 -29 116 -123 117 79 118 -106 119 -127 120 5 121 -103 122 -85 123 52 124 56 125 125 126 117 127 127 128 -85 129 -22 130 -21 131 -81 132 -127 133 -30 134 126 135 -101 136 75 137 94 138 -116 139 63 140 -79 141 -10 142 23 143 -16 144 -67 145 -34 146 -110 147 77 148 85 149 81 150 -61 151 -47 152 66 153 116 154 -35 155 -49 156 -66 157 127 158 110 159 -73 160 51 161 -85 162 -20 163 49 164 36 165 113 166 -114 167 -25 168 124 169 -64 170 79 171 127 172 85 173 127 174 -101 175 -80 176 103 177 -126 178 -61 179 42 180 -46 181 104 182 59 183 15 184 110 185 120 186 52 187 -127 188 -48 189 -83 190 88 191 -4 192 -121 193 54 194 127 195 -116 196 76 197 -98 198 27 199 100 200 -82 201 -37 202 -16 203 127 204 -16 205 -80 206 7 207 -94 208 80 209 -100 210 99 211 36 212 8 213 24 214 20 215 79 216 -113 217 53 218 -127 219 23 220 -122 221 -16 222 -102 223 -127 224 114 225 102 226 107 227 -75 228 42 229 23 230 -37 231 -92 232 -14 233 -126 234 68 235 -43 236 17 237 9 238 -126 239 -80 240 -16 241 -127 242 95 243 66 244 -66 245 1 246 117 247 -121 248 -7 249 -95 250 119 251 62 252 -90 253 115 254 51 255 115 256 30 257 127 258 -36 259 -6 260 -53 261 52 262 -115 263 -121 264 -89 265 20 266 57 267 82 268 71 269 127 270 -127 271 -127 272 127 273 -30 274 93 275 -72 276 -81 277 -96 278 -58 279 -74 280 -51 281 96 282 -10 283 12 284 -21 285 9 286 -77 287 -70 288 -30 289 106 290 -127 291 -15 292 -5 293 111 294 -127 295 -12 296 -82 297 -127 298 -92 299 -89 300 -71 301 47 302 12 303 -96 304 -110 305 -5 306 66 307 24 308 -47 309 -26 310 -79 311 -127 312 127 313 -113 314 -127 315 95 316 -107 317 -17 318 41 319 -127 320 -109 321 -83 322 -15 323 -60 324 -64 325 -127 326 69 327 44 328 35 329 11 330 11 331 83 332 62 333 6 334 20 335 17 336 83 337 82 338 80 339 112 340 41 341 -64 342 53 343 -127 344 62 345 127 346 -34 347 82 348 -75 349 -114 350 -80 351 -117 352 50 353 115 354 -127 355 -12 356 -55 357 -127 358 2 359 23 360 -40 361 127 362 127 363 -99 364 -71 365 63 366 68 367 127 368 -96 369 1 370 102 371 26 372 40 373 -101 374 93 375 -59 376 42 377 -16 378 81 379 -13 380 -113 381 -76 382 -79 383 89 384 -105 385 59 386 -95 387 43 388 -68 389 -104 390 -124 391 -53 392 -18 393 -21 394 -44 395 49 396 -127 397 -115 398 -91 399 -29 400 64 401 -62 402 -113 403 119 404 -127 405 -56 406 90 407 -106 408 127 409 27 410 -127 411 -22 412 -81 413 127 414 -26 415 127 416 23 417 -121 418 53 419 50 420 126 421 -30 422 -59 423 -57 424 -20 425 -53 426 -30 427 -55 428 95 429 -38 430 -100 431 8 432 105 433 -50 434 47 435 71 436 -4 437 95 438 61 439 100 440 -104 441 -127 442 -127 443 -60 444 120 445 114 446 -25 447 114 448 100 449 -83 450 47 451 89 452 21 453 5 454 106 455 116 456 -73 457 118 458 -23 459 -64 460 106 461 127 462 116 463 -123 464 84 465 -113 466 127 467 92 468 12 469 -73 470 -105 471 127 472 105 473 -22 474 105 475 122 476 -52 477 37 478 43 479 -73 480 -124 481 69 482 127 483 127 484 -33 485 -107 486 32 487 -36 488 52 489 -39 490 104 491 16 492 48 493 98 494 -36 495 51 496 112 497 36 498 -70 499 55 500 73 501 115 502 15 503 -69 504 -63 505 -127 506 5 507 -106 508 -52 509 70 510 -1 511 89 512 -85 513 45 514 -62 515 -33 516 -66 517 126 518 121 519 83 520 -22 521 -58 522 93 523 1 524 -27 525 103 526 -42 527 -40 528 43 529 -30 530 -18 531 -50 532 79 533 -62 534 45 535 17 536 62 537 -107 538 127 539 -68 540 91 541 -125 542 -47 543 111 544 1 545 106 546 99 547 -104 548 111 549 127 550 5 551 9 552 10 553 116 554 -117 555 -73 556 -82 557 -112 558 -96 559 -70 560 -51 561 23 562 -127 563 -54 564 -14 565 124 566 -127 567 -97 568 -29 569 -7 570 -99 571 44 572 -72 573 -29 574 48 575 -62 576 -73 577 -121 578 -127 579 39 580 91 581 -42 582 21 583 9 584 107 585 48 586 -64 587 106 588 -65 589 125 590 -114 591 117 592 -4 593 66 594 116 595 20 596 -127 597 114 598 12 599 -37 600 -60 601 -10 602 62 603 49 604 127 605 100 606 -20 607 -45 608 113 609 -95 610 -30 611 -127 612 -67 613 -73 614 -15 615 74 616 52 617 -127 618 81 619 -127 620 66 621 -51 622 -122 623 -52 624 71 625 66 626 -102 627 -27 628 -100 629 -119 630 -96 631 -110 632 -105 633 70 634 -87 635 123 636 -102 637 127 638 7 639 -31 640 109 641 -127 642 0 643 -85 644 59 645 127 646 70 647 116 648 127 649 53 650 -75 651 87 652 127 653 53 654 -83 655 9 656 -81 657 -53 658 88 659 94 660 -111 661 -78 662 107 663 91 664 127 665 39 666 43 667 80 668 50 669 114 670 -20 671 -93 672 -127 673 20 674 -52 675 104 676 90 677 -127 678 11 679 99 680 -47 681 63 682 -82 683 104 684 -81 685 -127 686 0 687 49 688 43 689 71 690 113 691 -19 692 93 693 73 694 66 695 31 696 53 697 5 698 -38 699 27 700 82 701 70 702 -75 703 -38 704 66 705 -119 706 33 707 -50 708 66 709 87 710 13 711 -6 712 -91 713 -1 714 -123 715 -81 716 3 717 -53 718 -10 719 75 720 30 721 -33 722 -71 723 -88 724 66 725 127 726 -127 727 127 728 102 729 104 730 32 731 0 732 -85 733 127 734 -118 735 -127 736 42 737 32 738 62 739 -117 740 80 741 -43 742 104 743 3 744 127 745 7 746 88 747 -22 748 85 749 127 750 9 751 105 752 35 753 115 754 8 755 97 756 -125 757 -79 758 101 759 50 760 -112 761 -47 762 -30 763 105 764 -76 765 -59 766 21 767 35
5 1 12 64 64 0 1 0 0
768 99 112 108 -45 0 -28 33 49 -24 0 -40 -36 34 -116 70 -94 -13 -104 12 -40 -93 -22 -40 -119 -14 108 101 -23 29 -83 -36 -8 78 -8 -66 -37 21 32 114 71 -124 46 20 -71 70 81 12 -108 -64 98 95 -105 28 -82 -21 124 -15 -66 99 72 45 -50 126 30 44 30 -100 -126 -1 76 35 -113 -123 101 -88 50 38 63 -114 74 54 -5 -93 -78 -16 -90 77 98 36 -117 -75 -85 16 56 -122 -74 122 -110 118 -88 10 72 -126 -77 -25 72 36 117 61 53 14 79 42 73 57 60 -5 50 32 -125 55 -9 6 -25 -58 73 -122 69 92 -15 53 59 97 -83 -3 93 -77 -109 -78 -9 -120 -44 73 87 98 -29 89 -97 83 48 -26 -81 -29 106 29 59 12 62 -19 -48 -82 117 106 -22 14 -59 106 40 7 84 -97 112 74 -21 87 62 60 -105 -38 110 36 -125 71 11 -4 -52 59 -28 18 -14 35 -1 -36 79 109 -5 2 2 -65 -121 104 -35 -69 83 -64 -49 118 97 -63 -17 -16 -56 -55 -95 -121 -66 -93 29 0 -75 16 122 14 94 42 -1 102 117 0 -113 29 41 14 -7 95 -116 -123 51 57 31 -102 48 89 -69 20 -108 11 -66 -89 -19 18 41 39 58 69 -50 74 84 -91 35 40 -73 -61 122 30 105 103 76 87 19 -10 -52 -56 -90 48 -62 -70 13 55 -21 -75 -65 86 46 -117 3 72 -93 95 -57 23 -35 -71 -60 107 114 77 -71 90 80 63 -123 7 27 54 -108 -1 -59 11 126 -72 -120 -36 -31 -20 -15 15 -32 -18 54 104 71 73 58 72 -61 -56 11 -53 89 45 -41 20 -53 -127 60 87 -127 -34 56 -96 -31 88 81 -37 99 25 0 73 -5 53 -34 15 76 -88 -87 -123 -26 24 -65 88 -100 127 67 -92 99 105 73 104 -76 -50 -57 -8 25 57 -61 -70 -50 -112 5 -91 78 -69 26 -37 120 104 -42 86 74 41 18 124 -76 -4 -98 35 0 -63 -76 119 -27 -23 -116 113 -16 -112 -30 -109 -9 85 80 -74 37 44 -44 122 -122 87 -91 -14 2 122 98 60 -10 46 -20 116 2 -118 -94 -89 77 -71 -2 65 -109 92 106 -116 -110 10 -120 111 -127 101 12 125 -44 42 -111 -35 -116 -72 -7 13 -109 21 -76 75 63 66 -48 -49 -120 -71 118 108 111 -3 36 -82 67 -67 110 104 -39 121 33 122 -114 -112 88 93 38 -12 -46 107 10 -31 -116 -116 105 5 -123 111 -80 14 -109 -66 -3 46 73 14 14 1 -66 -112 -71 -14 -125 -95 121 111 65 -116 103 -84 -12 100 -67 101 -6 -103 122 43 96 56 59 -46 46 9 -17 38 19 -14 67 18 -66 -64 -110 -59 60 -31 -4 -27 42 -81 -54 116 54 -53 94 112 27 -60 -126 -73 81 92 -70 -68 -8 -126 -105 86 -26 -45 101 -110 0 -125 55 -34 -12 41 -1 -115 -57 17 46 -58 -76 -83 104 26 88 16 -63 -63 4 -105 117 76 91 77 -100 126 -23 120 -31 8 98 109 119 -111 70 -38 37 31 -60 91 -60 -18 -13 -13 -23 -23 53 124 -21 -63 99 73 -101 103 -89 107 68 97 98 11 8 100 15 29 21 -20 80 53 88 -123 -46 -81 -25 94 58 104 50 124 7 55 -51 -118 51 81 71 -45 46 63 107 -124 -120 -124 -64 -34 -76 -108 -75 89 -117 -72 38 25 23 109 -80 -39 13 11 -56 -20 77 -101 50 112 -1 97 49 -89 98 -19 27 -126 -36 117 -82 23 -5 -42 -126 -127 -59 -74 7 20 13 65 -82 55 -27 28 -6 17 90 -2 -76 -70 -33 -4 108 24 -35 105 12 -17 6 -52 107 -16 115 -63 -55 -2 27 -103 62 52 -115 -126 65 -59 -28 6 39 37 -27 127 -78 127 40 56 -113 -31 19 96 7 41 -122 46 45 -44 0 82 -64 -35 10
768 -43 39 24 31 -112 54 -119 -71 -15 107 -23 0 59 -57 -55 25 88 -105 103 -123 94 -62 -104 90 86 -100 -67 9 92 64 122 20 -45 -69 -85 -2 75 -22 69 -97 98 -37 84 126 80 -115 -104 -88 96 90 -96 91 80 -100 117 89 76 94 -29 -3 -29 -83 -46 -1 112 -121 9 70 54 -78 -48 -43 47 23 82 40 121 -66 -84 -29 1 24 -52 -59 -101 92 -28 6 67 39 91 -39 -107 57 85 102 -60 -32 -74 24 47 124 -17 46 65 -39 -104 -127 33 118 -5 50 62 88 -121 -65 -109 88 39 -53 127 45 -99 17 -63 -17 -114 -63 81 68 -100 52 56 20 -31 -74 9 119 -32 110 -74 -89 90 -10 -110 11 -31 64 73 -96 1 -81 5 89 -99 -13 -74 -83 60 63 -47 93 61 -87 26 -126 51 55 -51 -16 -21 88 90 -116 -78 16 -109 91 77 -1 93 115 -82 110 81 61 -69 -10 75 78 49 58 -9 -124 -27 -99 95 -60 -73 98 22 -29 -79 107 111 -105 -102 -97 112 -24 102 63 120 60 57 -74 114 -48 -124 -98 -35 78 8 -71 17 94 -120 -28 95 -118 -92 -101 -92 50 -108 -13 102 -33 -72 120 32 125 103 -85 50 54 48 -59 81 92 -107 91 40 48 -21 -45 56 -53 39 125 -47 115 18 13 68 -98 104 48 100 -66 -79 108 -24 -23 109 -91 25 94 -108 63 -66 -70 -53 112 55 63 -16 -54 -23 -115 75 33 -112 -27 -27 -56 124 111 79 -121 77 -24 -101 -126 -99 17 -122 -54 -116 -123 119 -29 114 14 118 31 16 68 -91 -3 -103 74 88 -104 19 -115 120 -23 -75 -64 -67 81 73 -127 -109 -103 41 61 -72 71 40 76 75 -74 104 -15 92 -32 10 -41 53 107 -38 59 43 56 29 -125 -16 -28 -30 24 -4 -21 112 -44 83 -89 -126 -72 78 -74 -25 -26 123 115 -94 63 90 71 -2 69 -59 42 109 38 16 11 74 -116 -21 80 -44 -79 97 -123 -21 -45 -82 -98 40 -66 63 -46 106 -26 45 -46 -46 -81 -78 69 23 -64 82 -31 -100 -29 70 78 91 24 16 109 33 25 125 -64 63 65 -51 -125 77 -81 23 -50 -35 -45 108 3 -41 124 24 -23 121 62 106 -14 116 -81 -38 -106 -64 -34 45 -35 -76 76 99 -118 -44 4 86 49 112 35 114 -103 -32 92 -63 18 34 124 -121 -106 126 115 -57 -93 -15 118 -57 94 110 -52 88 -109 10 -108 25 -92 114 23 -97 125 -111 9 -65 25 -113 -94 16 104 -41 49 93 -103 -108 74 -92 66 20 84 -83 85 69 -38 -93 -61 8 -6 40 55 -56 -65 52 94 10 67 -127 -52 -73 -38 -77 -30 -1 -44 -62 114 -124 25 74 -90 -60 -69 -50 101 125 -51 -92 -64 -44 -89 16 -105 94 107 -100 0 -41 81 30 -106 79 -68 43 46 -52 -86 -117 -57 -124 -121 88 -107 -49 -61 42 -46 -18 100 -20 -93 39 43 29 49 8 37 -98 25 85 -21 -12 -36 -50 19 -6 -101 99 -14 50 96 91 -18 102 -99 127 -16 -101 -49 -13 -60 -85 -27 27 -94 18 -23 -79 -92 -86 5 110 108 -104 -69 100 -78 -34 -51 75 -52 76 -10 -2 106 1 25 -117 -40 -56 -52 -17 53 15 0 23 -122 -55 127 -18 -123 -78 57 50 -107 -66 -54 38 2 122 39 -70 104 -122 124 -21 110 -106 24 8 -70 116 -106 -60 43 -102 21 -30 43 54 -31 98 -96 -13 -105 -124 -59 75 79 -86 -36 0 -67 -73 -53 -37 -78 72 -89 -90 40 0 -73 -1 103 -80 -88 -44 -57 48 -124 -88 -61 82 34 -108 34 -15 3 9 -66 -19 111 63 -66 -13 37 10 -113 47 -33 -100 -18 -56 18 21 -111 110 37 0 -38 -79 -105 -80 -110 -120 -16 -96 -40 24 -45 -98 48 -87 103 -43 127 -51 8 101 114 -99 87 12 -93
2 561 10 1961 11
768 0 13 1 98 2 82 3 5 4 0 5 37 6 0 7 0 8 0 9 102 10 0 11 0 12 75 13 0 14 0 15 0 16 77 17 0 18 106 19 0 20 39 21 0 22 0 23 21 24 74 25 0 26 0 27 0 28 104 29 16 30 97 31 15 32 0 33 0 34 0 35 0 36 84 37 0 38 127 39 0 40 26 41 0 42 91 43 82 44 115 45 0 46 0 47 0 48 57 49 127 50 0 51 29 52 92 53 0 54 100 55 127 56 65 57 54 58 26 59 36 60 0 61 0 62 25 63 15 64 127 65 0 66 0 67 0 68 51 69 0 70 0 71 0 72 0 73 77 74 31 75 65 76 127 77 0 78 0 79 13 80 31 81 20 82 0 83 0 84 0 85 39 86 15 87 60 88 84 89 0 90 46 91 0 92 0 93 86 94 14 95 57 96 10 97 0 98 0 99 0 100 50 101 127 102 0 103 2 104 48 105 2 106 0 107 0 108 65 109 127 110 3 111 91 112 82 113 124 114 0 115 0 116 0 117 111 118 55 119 0 120 127 121 38 122 0 123 2 124 0 125 24 126 0 127 0 128 127 129 57 130 0 131 82 132 107 133 0 134 0 135 0 136 0 137 54 138 0 139 100 140 0 141 0 142 126 143 38 144 0 145 0 146 19 147 8 148 115 149 0 150 0 151 0 152 0 153 127 154 0 155 20 156 0 157 0 158 47 159 34 160 0 161 127 162 116 163 0 164 33 165 0 166 107 167 75 168 0 169 31 170 0 171 127 172 127 173 0 174 0 175 49 176 0 177 29 178 53 179 59 180 109 181 42 182 0 183 111 184 76 185 30 186 0 187 0 188 82 189 67 190 66 191 55 192 0 193 0 194 34 195 0 196 92 197 0 198 0 199 28 200 78 201 0 202 0 203 127 204 71 205 0 206 0 207 0 208 72 209 0 210 89 211 29 212 85 213 5 214 0 215 0 216 58 217 0 218 0 219 0 220 0 221 127 222 16 223 0 224 39 225 89 226 0 227 37 228 91 229 0 230 0 231 0 232 0 233 44 234 0 235 0 236 31 237 0 238 0 239 127 240 0 241 127 242 127 243 0 244 59 245 0 246 52 247 0 248 29 249 78 250 0 251 109 252 59 253 78 254 18 255 0 256 95 257 0 258 0 259 127 260 0 261 70 262 0 263 79 264 81 265 0 266 127 267 88 268 127 269 0 270 0 271 75 272 0 273 0 274 127 275 0 276 0 277 97 278 0 279 48 280 0 281 0 282 0 283 127 284 0 285 62 286 24 287 0 288 30 289 0 290 85 291 13 292 0 293 0 294 33 295 8 296 127 297 67 298 125 299 0 300 109 301 0 302 0 303 0 304 0 305 0 306 0 307 0 308 0 309 0 310 75 311 0 312 89 313 0 314 102 315 22 316 23 317 47 318 0 319 27 320 0 321 110 322 124 323 0 324 57 325 0 326 84 327 0 328 0 329 0 330 0 331 56 332 81 333 0 334 0 335 0 336 87 337 0 338 0 339 99 340 0 341 56 342 120 343 0 344 80 345 40 346 102 347 0 348 50 349 0 350 80 351 83 352 0 353 98 354 0 355 6 356 0 357 0 358 0 359 0 360 19 361 0 362 66 363 17 364 57 365 12 366 127 367 0 368 0 369 0 370 48 371 0 372 0 373 0 374 127 375 77 376 0 377 33 378 25 379 71 380 0 381 109 382 0 383 54 384 84 385 102 386 72 387 0 388 118 389 0 390 2 391 87 392 26 393 0 394 91 395 0 396 0 397 0 398 0 399 0 400 103 401 0 402 47 403 0 404 127 405 0 406 0 407 0 408 0 409 0 410 0 411 110 412 0 413 0 414 103 415 0 416 0 417 0 418 115 419 25 420 79 421 24 422 82 423 127 424 65 425 19 426 127 427 0 428 124 429 63 430 0 431 0 432 25 433 0 434 0 435 0 436 2 437 0 438 127 439 61 440 0 441 59 442 28 443 0 444 127 445 0 446 127 447 0 448 127 449 0 450 0 451 0 452 0 453 0 454 4 455 0 456 0 457 13 458 107 459 0 460 0 461 39 462 118 463 21 464 80 465 0 466 70 467 0 468 28 469 127 470 0 471 37 472 0 473 127 474 0 475 0 476 127 477 89 478 11 479 0 480 53 481 51 482 0 483 127 484 127 485 0 486 77 487 0 488 69 489 0 490 7 491 0 492 45 493 80 494 0 495 53 496 0 497 0 498 0 499 0 500 0 501 0 502 40 503 127 504 0 505 55 506 90 507 0 508 0 509 32 510 0 511 0 512 0 513 127 514 0 515 117 516 2 517 20 518 0 519 0 520 63 521 0 522 93 523 50 524 0 525 5 526 74 527 127 528 41 529 96 530 0 531 0 532 0 533 0 534 0 535 0 536 0 537 0 538 0 539 73 540 0 541 0 542 39 543 0 544 0 545 0 546 0 547 120 548 76 549 0 550 0 551 0 552 0 553 0 554 76 555 0 556 57 557 33 558 0 559 44 560 11 561 40 562 0 563 0 564 7 565 0 566 88 567 30 568 0 569 0 570 0 571 0 572 0 573 0 574 65 575 0 576 0 577 0 578 0 579 0 580 0 581 121 582 0 583 0 584 0 585 98 586 42 587 95 588 17 589 0 590 0 591 26 592 23 593 44 594 31 595 16 596 0 597 0 598 63 599 0 600 127 601 0 602 52 603 127 604 127 605 48 606 37 607 0 608 101 609 5 610 0 611 0 612 38 613 0 614 0 615 0 616 19 617 0 618 4 619 7 620 0 621 0 622 0 623 59 624 127 625 48 626 0 627 0 628 127 629 0 630 20 631 5 632 78 633 0 634 127 635 0 636 14 637 113 638 0 639 68 640 0 641 10 642 0 643 0 644 0 645 37 646 65 647 32 648 79 649 0 650 15 651 126 652 13 653 0 654 0 655 83 656 92 657 0 658 0 659 0 660 71 661 61 662 49 663 0 664 0 665 65 666 0 667 77 668 0 669 64 670 0 671 0 672 0 673 0 674 125 675 0 676 3 677 0 678 0 679 27 680 0 681 10 682 41 683 12 684 39 685 0 686 49 687 0 688 0 689 0 690 23 691 127 692 0 693 0 694 0 695 0 696 0 697 0 698 0 699 0 700 46 701 0 702 0 703 6 704 0 705 0 706 10 707 106 708 0 709 0 710 0 711 0 712 61 713 0 714 0 715 0 716 78 717 0 718 0 719 15 720 0 721 62 722 22 723 0 724 40 725 113 726 51 727 0 728 0 729 94 730 1 731 0 732 10 733 0 734 0 735 0 736 0 737 51 738 48 739 0 740 36 741 71 742 0 743 0 744 0 745 0 746 0 747 0 748 0 749 0 750 0 751 0 752 54 753 0 754 0 755 56 756 0 757 103 758 0 759 55 760 0 761 33 762 73 763 109 764 0 765 48 766 0 767 0
5 0 16 32 32 0 1 0 0
512 99 50 -90 -117 -41 -49 70 -76 -64 103 -54 -15 -126 5 -63 9 72 -96 32 114 36 -124 -74 -80 53 19 117 -23 -121 -94 -12 65 -24 -14 3 -10 74 -46 59 68 122 6 44 59 46 -15 -4 -105 -58 -111 -18 36 -77 72 57 38 -107 -106 -38 95 -106 -29 50 -27 93 55 -21 -79 -40 122 78 114 -1 -117 -47 1 -93 -49 -52 19 58 50 -125 115 -94 -113 91 -85 14 -57 -45 -24 27 -63 -24 56 -69 -77 -43 -4 78 35 92 -45 -82 -120 95 66 -58 -90 66 -58 -70 102 73 59 73 4 72 23 42 74 -24 106 44 89 -96 -20 86 -10 -15 -23 43 -22 -105 87 -125 -73 -48 -126 -69 22 88 126 48 35 47 118 84 71 -94 -81 101 -31 -84 -76 -19 100 58 32 89 8 122 -117 105 -82 -123 102 -119 27 52 -93 -57 -56 -59 69 25 121 -23 -77 -108 -106 -122 -51 -72 10 7 44 -123 43 -44 52 126 8 -111 108 9 -45 -69 29 11 -109 -13 -4 -5 14 98 111 19 55 118 33 17 -15 17 20 -9 -67 72 72 21 79 -100 12 118 13 -115 25 38 85 -118 -113 -19 27 107 -23 111 104 -5 -75 -121 -45 -126 -16 47 24 -74 126 73 -1 22 83 -104 19 -101 -56 96 31 -23 -95 54 -55 -79 50 125 -120 64 62 -81 -17 13 -71 51 115 -32 45 -113 44 -91 -26 111 114 -11 -27 -102 -29 77 -51 -112 -58 -69 -91 -30 20 107 42 -83 -45 68 -71 3 -112 -34 -25 113 -22 -120 -67 -109 -32 42 -86 -2 86 62 11 -102 55 12 71 -102 102 -4 6 -35 -7 39 -122 -86 91 7 -82 106 -15 -75 52 0 -94 -18 -51 102 2 -112 79 -8 -85 127 -79 125 90 -3 -109 -94 -29 19 104 104 -100 -70 96 -23 68 -1 -51 39 -50 8 -96 -109 57 -15 -19 50 63 81 -30 -79 -92 -38 126 110 -108 104 -123 -61 49 50 -69 -47 -106 79 -90 111 44 -71 2 -23 -114 113 -55 -126 69 96 -109 70 25 -19 95 25 -110 -30 7 15 13 -116 81 58 30 -110 75 67 -98 -78 -111 50 -21 57 29 21 61 20 67 84 -118 99 -24 -46 23 53 -28 41 -126 -2 10 -50 -32 -7 55 -113 115 -63 95 75 -127 -52 -55 -64 -82 41 -51 121 116 -71 16 124 -103 127 48 99 -79 36 119 -68 -13 96 -21 84 -98 102 -126 3 -94 -84 -103 79 74 -80 -28 13 84 13 42 -77 -15 119 108 116 78 -5 -77 -68 -111 -50 -93 69 68 30 72 -113 -19 -57 93
512 -53 7 16 87 -58 13 31 97 46 109 -7 -26 54 -62 13 -41 -31 43 96 58 56 -108 63 24 86 -103 88 96 -6 -110 -95 -42 -34 -110 117 -22 52 -57 58 -25 -81 -49 103 4 -50 22 87 -113 6 -49 6 -89 -6 -78 87 -16 35 43 -117 105 53 49 -74 -53 22 88 -57 110 -109 108 59 36 74 20 -12 64 -86 50 28 -57 -106 -45 -113 -85 -82 -18 -40 110 -42 -125 -108 -90 39 44 -34 56 114 -37 98 -18 -121 -35 52 -111 86 19 22 -38 39 127 25 -40 -90 -10 -100 125 70 62 79 52 108 63 47 32 14 87 -13 -94 89 60 -13 -31 -4 15 -48 92 60 64 45 40 -3 118 -73 -19 -47 -121 -3 119 88 -23 -90 28 -52 85 94 73 -47 -73 -99 -77 -95 60 23 -22 -117 33 68 60 -2 46 -41 61 -59 -43 86 34 -4 117 -100 -127 70 123 -120 -32 38 -56 -20 48 21 -68 -28 -71 20 52 -110 23 -102 39 -58 99 23 -123 85 -26 82 -53 54 87 -32 -24 -80 -35 -31 27 110 22 55 -96 80 74 62 112 16 67 -19 -42 -61 -42 122 -103 31 -82 -14 96 -66 -79 -102 -13 52 -85 -127 45 32 -80 -36 77 62 -113 62 -49 -67 -86 -106 10 61 -44 -5 30 -107 19 22 -44 -120 -117 93 -45 125 -98 -101 125 -21 -5 106 85 113 90 -30 20 -38 -57 27 19 18 80 -118 -66 35 -58 -77 43 42 60 13 -127 63 34 5 -1 124 42 -126 68 2 -120 100 -126 -108 -82 38 -35 -10 -1 79 14 -103 71 87 -24 -87 111 13 73 102 119 118 86 59 61 81 -9 -80 127 89 -33 -8 -86 -111 98 94 -9 81 94 -120 -8 -29 87 32 -107 115 -114 70 -9 95 83 22 86 -106 -99 19 -88 90 42 -15 -87 59 18 -119 -96 -116 -17 -32 -40 -96 -32 -21 0 30 113 -101 -112 -78 -96 95 121 -82 -10 -125 -1 -21 11 -93 25 33 -123 59 110 -92 51 115 58 48 111 -24 -99 -96 2 9 -69 54 -64 25 -121 -98 43 88 69 -106 105 -117 70 40 29 -44 114 -79 -34 -98 -47 -95 -46 -70 23 91 -115 48 7 12 -2 -102 21 -94 111 42 48 23 -44 84 -5 -88 2 -82 109 -3 37 86 -39 -93 100 112 -116 49 -84 50 -56 -39 117 90 97 -41 -65 -59 22 -22 -54 38 112 -46 32 -123 59 41 111 -6 79 -52 110 74 -89 47 -61 -78 96 -123 89 -2 69 -49 57 118 91 65 -6 -125 -102 -33 59 79 -64 95 28 38 16
2 815 11 1355 12
512 0 21 1 22 2 -31 3 -18 4 -35 5 -15 6 38 7 2 8 -10 9 77 10 -23 11 -15 12 -32 13 -19 14 -21 15 -10 16 19 17 -24 18 45 19 64 20 33 21 -85 22 -8 23 -24 24 49 25 -26 26 76 27 23 28 -50 29 -73 30 -36 31 12 32 -21 33 -42 34 40 35 -11 36 46 37 -37 38 42 39 19 40 22 41 -14 42 52 43 24 44 1 45 1 46 27 47 -79 48 -21 49 -60 50 -5 51 -15 52 -33 53 3 54 52 55 10 56 -31 57 -28 58 -54 59 73 60 -24 61 4 62 -4 63 -29 64 44 65 51 66 -27 67 5 68 -52 69 85 70 51 71 57 72 24 73 -40 74 -23 75 21 76 -65 77 -2 78 -12 79 -11 80 -12 81 5 82 -87 83 18 84 -64 85 -51 86 23 87 2 88 -8 89 -64 90 -54 91 -40 92 24 93 -10 94 -21 95 41 96 11 97 -43 98 15 99 -8 100 -9 101 2 102 54 103 -55 104 -5 105 -42 106 45 107 13 108 -10 109 6 110 34 111 -36 112 -58 113 38 114 -4 115 64 116 52 117 23 118 55 119 26 120 53 121 50 122 6 123 53 124 23 125 64 126 -42 127 -39 128 63 129 16 130 -10 131 -19 132 16 133 -4 134 -58 135 65 136 -30 137 -8 138 -4 139 -37 140 -28 141 48 142 11 143 44 144 3 145 -26 146 18 147 86 148 62 149 20 150 -67 151 -23 152 23 153 16 154 -2 155 -6 156 -24 157 16 158 -10 159 -12 160 4 161 23 162 57 163 -54 164 3 165 -22 166 -27 167 61 168 -48 169 26 170 7 171 -17 172 -43 173 -36 174 5 175 38 176 9 177 87 178 -42 179 -73 180 -20 181 -1 182 -89 183 -31 184 -16 185 -15 186 -4 187 34 188 -42 189 -5 190 -27 191 -2 192 57 193 20 194 -80 195 51 196 -30 197 -5 198 -46 199 45 200 12 201 -84 202 23 203 -11 204 25 205 -12 206 57 207 73 208 -3 209 14 210 21 211 1 212 -3 213 3 214 43 215 15 216 14 217 -59 218 55 219 53 220 29 221 68 222 -35 223 27 224 41 225 -9 226 -66 227 -4 228 55 229 0 230 -37 231 -72 232 -13 233 43 234 21 235 -35 236 10 237 37 238 15 239 -58 240 -90 241 -3 242 -39 243 -32 244 7 245 35 246 -8 247 13 248 50 249 -16 250 -13 251 5 252 -76 253 11 254 -20 255 -37 256 36 257 22 258 -44 259 -32 260 28 261 -37 262 -71 263 -19 264 81 265 -63 266 66 267 -7 268 -65 269 34 270 -2 271 -30 272 55 273 74 274 24 275 48 276 -55 277 25 278 -49 279 -29 280 53 281 51 282 2 283 15 284 -80 285 -34 286 43 287 -39 288 -70 289 -9 290 -13 291 -16 292 -8 293 -34 294 64 295 28 296 -31 297 -18 298 68 299 -14 300 -41 301 -23 302 -13 303 -50 304 78 305 -51 306 -84 307 -54 308 -30 309 -25 310 14 311 -34 312 25 313 39 314 -9 315 27 316 -12 317 14 318 -24 319 65 320 -37 321 65 322 32 323 41 324 25 325 25 326 36 327 -29 328 -7 329 33 330 -23 331 9 332 71 333 -17 334 -33 335 -7 336 -37 337 -5 338 24 339 -23 340 68 341 32 342 -85 343 28 344 -13 345 -5 346 62 347 -66 348 88 349 -2 350 22 351 -46 352 -6 353 15 354 15 355 69 356 6 357 -73 358 -22 359 9 360 21 361 41 362 -5 363 -49 364 36 365 -14 366 -36 367 -70 368 -81 369 17 370 -17 371 -21 372 -12 373 14 374 25 375 -12 376 -21 377 0 378 -48 379 13 380 18 381 -75 382 72 383 -9 384 -51 385 16 386 -21 387 -27 388 -26 389 -38 390 0 391 -28 392 55 393 -23 394 -8 395 37 396 -39 397 -28 398 83 399 -3 400 -34 401 64 402 30 403 -76 404 -4 405 11 406 -5 407 15 408 28 409 -65 410 -4 411 -37 412 -26 413 19 414 -17 415 55 416 -12 417 47 418 -83 419 53 420 40 421 -29 422 -46 423 -6 424 -6 425 -19 426 -9 427 -4 428 -23 429 9 430 -15 431 35 432 63 433 -85 434 55 435 -8 436 -14 437 8 438 -13 439 -4 440 -15 441 -13 442 13 443 20 444 -12 445 -28 446 25 447 20 448 -74 449 47 450 -52 451 74 452 29 453 -39 454 7 455 -35 456 -56 457 0 458 53 459 -58 460 64 461 18 462 -11 463 -13 464 36 465 -2 466 81 467 51 468 25 469 -53 470 -6 471 54 472 -34 473 -23 474 51 475 29 476 18 477 -28 478 0 479 -30 480 15 481 0 482 -35 483 -15 484 14 485 65 486 -8 487 -40 488 21 489 13 490 -21 491 49 492 -72 493 23 494 46 495 66 496 30 497 50 498 37 499 -1 500 -5 501 -46 502 -61 503 -71 504 16 505 47 506 38 507 8 508 -14 509 1 510 -10 511 42
5 1 16 32 32 0 1 0 0
512 72 -29 112 -103 -82 93 -62 89 -102 -55 -84 16 92 -93 20 61 94 -11 -22 -29 -21 111 -68 84 16 88 85 79 -107 59 -104 104 -18 -46 -49 108 0 -21 126 65 -22 -39 -24 -7 -26 -64 -119 -98 -55 -45 7 -114 104 -47 -50 -44 -2 -108 30 20 -95 88 -119 29 53 -101 -27 -64 -127 -52 -68 -48 -102 59 -29 -20 -57 -111 72 51 -124 -70 -54 126 15 -122 -109 82 55 3 24 -59 84 -88 -70 -75 -67 -54 72 -111 -106 94 99 -71 -9 -110 -122 -2 66 -94 66 -37 96 96 77 94 -19 116 -30 39 -42 97 71 -9 -93 30 37 28 -126 119 68 108 -77 125 83 111 -16 -72 68 118 40 -109 126 -56 6 75 89 73 -98 27 -50 104 -8 46 -29 53 -78 -30 -64 -101 80 -23 -114 -111 81 -46 -42 -49 47 -85 86 -95 31 -120 -66 33 51 38 41 119 108 -104 -52 108 -118 -69 -83 -16 120 93 35 19 -21 90 48 74 -42 37 -97 -6 25 108 106 88 -108 42 -31 37 -7 62 27 -115 115 108 88 -100 120 -84 -6 51 -22 70 66 -60 -72 52 -21 -48 -84 -106 -102 -11 74 35 -123 -53 52 -86 82 95 112 89 86 36 80 88 116 -95 -29 -89 -68 51 -99 -28 -89 -78 -86 -3 -32 105 18 32 -101 -123 67 52 80 -29 -121 92 -23 91 -59 -62 117 -44 70 55 3 80 12 16 -105 -74 -37 61 75 43 -110 123 -39 -119 78 -64 1 38 47 85 -24 66 -104 28 40 -111 3 -108 31 -49 -118 -28 -120 20 110 77 100 113 3 -26 -22 81 -102 -39 86 117 73 -73 41 90 78 65 -1 71 86 76 -83 -118 -110 -79 13 -92 15 -59 21 -15 -69 -80 -27 -5 -97 -58 81 -59 89 63 39 -21 120 -110 33 40 112 16 79 3 102 -30 -32 29 -103 -102 -90 108 36 -53 75 -71 -14 100 75 24 46 -78 -75 0 -79 32 -76 -77 -59 -17 -63 12 12 65 -67 -62 19 -5 32 30 77 -92 42 123 68 47 -3 -64 -120 37 -43 -108 33 114 -4 124 108 -24 -81 -8 -119 -119 -15 55 -71 -70 89 32 11 88 56 98 38 67 -68 52 -24 -126 89 37 -66 -7 111 82 79 -72 3 72 11 49 3 52 56 -29 36 62 81 -37 7 -2 101 84 -106 -118 75 0 98 -64 75 106 -97 -76 4 -8 -95 -51 43 -98 22 59 53 125 42 43 12 15 63 -112 116 44 -43 -117 -56 -92 107 39 23 93 -110 3 -47 71 -30 7 -8 19 29 21 -54 -109 -101 118
512 -6 -36 114 64 -73 76 65 -122 -102 87 4 -31 5 22 -79 88 19 -42 102 -18 88 -11 107 -40 -59 -26 63 -4 70 60 -107 -17 103 14 59 -62 63 -78 -79 121 -95 -88 39 -34 121 35 -3 112 114 48 -36 69 -11 105 -63 -51 65 -115 126 -14 -44 -37 99 25 -65 -36 -123 35 -93 -72 -109 -38 -18 -84 60 -78 -107 -28 20 -44 -61 20 -39 89 78 -81 96 -29 45 104 63 84 115 -127 18 53 88 63 -89 74 95 -103 -116 -7 -122 114 -69 1 76 -70 54 -9 98 62 -40 107 101 93 81 -37 -16 14 92 -39 -44 75 24 71 -69 -110 -56 -48 66 41 100 -94 -127 -75 81 67 88 -40 122 -55 45 -10 -92 113 116 -86 99 -96 63 94 3 54 46 82 20 124 2 66 -105 -88 -29 -23 -27 -117 -10 42 84 22 -51 -30 -100 -82 -75 93 15 -37 -24 30 121 37 -95 55 5 103 79 65 -54 -32 101 30 84 90 -20 7 67 82 -18 -61 73 74 -41 40 17 -123 -23 -119 -54 24 -11 49 -21 107 56 117 -67 -94 115 -98 64 -65 65 78 -26 -94 102 -61 17 8 101 52 -6 62 119 -79 -59 -48 -74 108 -70 1 -35 39 72 -67 -116 60 30 -50 -48 26 -2 10 -52 13 -26 115 -20 -37 -96 -127 62 -95 -39 79 -103 43 82 -104 -72 -59 58 -17 25 -2 -118 36 115 -23 121 -124 60 -32 -104 -10 51 -55 -78 -42 -9 -26 -1 -124 -62 -34 84 110 -96 107 -5 -44 27 -53 65 31 93 -76 19 -71 121 27 -111 -79 -41 -61 79 -125 -71 -6 -22 92 -16 -41 6 60 -93 -1 67 -92 123 -108 36 5 50 21 -63 49 -77 61 -38 -44 -55 -106 -22 90 9 -105 1 87 37 -23 -68 -63 -86 -93 -67 -80 -103 -68 -55 120 -62 -118 16 -102 74 -23 -55 30 30 74 -44 72 -101 -111 -26 58 -108 103 10 -85 125 42 -122 43 -4 30 -71 -80 117 -18 -19 -54 25 77 -28 125 -16 -3 -106 -92 -55 -110 90 -98 -12 -15 56 105 -55 -10 79 115 34 118 126 24 -44 14 -67 76 -63 -84 -6 84 90 -125 82 -16 -101 100 54 39 -85 -69 48 -122 0 -6 10 41 77 36 -33 -38 2 34 22 60 21 47 -10 72 -46 38 -56 -71 62 -117 65 9 83 30 -43 -104 92 106 -86 -14 -47 -93 32 9 -16 -11 57 77 43 -107 39 -95 -7 -90 -110 110 91 -18 -56 -8 -115 85 12 -43 2 -21 -117 123 3 -55 69 55 18 42 63 77 -57 84 18 57
2 1143 10 505 13
512 0 80 1 0 2 127 3 0 4 0 5 109 6 0 7 91 8 0 9 0 10 0 11 16 12 103 13 0 14 17 15 73 16 106 17 0 18 0 19 0 20 0 21 123 22 0 23 92 24 14 25 96 26 99 27 88 28 0 29 70 30 0 31 115 32 0 33 0 34 0 35 117 36 4 37 0 38 122 39 80 40 0 41 0 42 0 43 0 44 0 45 0 46 0 47 0 48 0 49 0 50 6 51 0 52 115 53 0 54 0 55 0 56 2 57 0 58 41 59 21 60 0 61 96 62 0 63 34 64 55 65 0 66 0 67 0 68 0 69 0 70 0 71 0 72 0 73 61 74 0 75 0 76 0 77 0 78 81 79 54 80 0 81 0 82 0 83 127 84 22 85 0 86 0 87 90 88 64 89 9 90 31 91 0 92 101 93 0 94 0 95 0 96 0 97 0 98 75 99 0 100 0 101 99 102 104 103 0 104 0 105 0 106 0 107 0 108 79 109 0 110 77 111 0 112 113 113 111 114 84 115 112 116 0 117 127 118 0 119 42 120 0 121 109 122 85 123 0 124 0 125 38 126 42 127 35 128 0 129 120 130 73 131 118 132 0 133 127 134 99 135 118 136 0 137 0 138 81 139 127 140 50 141 0 142 127 143 0 144 10 145 83 146 93 147 88 148 0 149 25 150 0 151 110 152 0 153 57 154 0 155 62 156 0 157 0 158 0 159 0 160 89 161 0 162 0 163 0 164 88 165 0 166 0 167 0 168 51 169 0 170 101 171 0 172 32 173 0 174 0 175 32 176 52 177 48 178 47 179 125 180 120 181 0 182 0 183 123 184 0 185 0 186 0 187 0 188 127 189 108 190 36 191 19 192 0 193 102 194 59 195 89 196 0 197 41 198 0 199 0 200 27 201 117 202 123 203 103 204 0 205 49 206 0 207 33 208 0 209 62 210 27 211 0 212 126 213 124 214 97 215 0 216 127 217 0 218 0 219 51 220 0 221 72 222 78 223 0 224 0 225 63 226 0 227 0 228 0 229 0 230 0 231 0 232 89 233 42 234 0 235 0 236 65 237 0 238 88 239 103 240 120 241 106 242 92 243 40 244 87 245 100 246 127 247 0 248 0 249 0 250 0 251 54 252 0 253 0 254 0 255 0 256 0 257 0 258 0 259 124 260 19 261 34 262 0 263 0 264 79 265 52 266 87 267 0 268 0 269 106 270 0 271 96 272 0 273 0 274 127 275 0 276 80 277 61 278 0 279 91 280 20 281 17 282 0 283 0 284 0 285 66 286 78 287 47 288 0 289 124 290 0 291 0 292 86 293 0 294 1 295 34 296 48 297 93 298 0 299 81 300 0 301 38 302 45 303 0 304 5 305 0 306 39 307 0 308 0 309 0 310 0 311 18 312 127 313 88 314 105 315 121 316 0 317 0 318 0 319 82 320 0 321 0 322 95 323 127 324 80 325 0 326 46 327 104 328 81 329 73 330 3 331 73 332 104 333 78 334 0 335 0 336 0 337 0 338 11 339 0 340 12 341 0 342 21 343 0 344 0 345 0 346 0 347 0 348 0 349 0 350 90 351 0 352 101 353 69 354 40 355 0 356 122 357 0 358 33 359 40 360 119 361 14 362 85 363 10 364 110 365 0 366 0 367 26 368 0 369 0 370 0 371 123 372 42 373 0 374 81 375 0 376 0 377 105 378 82 379 31 380 44 381 0 382 0 383 0 384 0 385 39 386 0 387 0 388 0 389 0 390 0 391 8 392 20 393 72 394 0 395 0 396 23 397 0 398 34 399 41 400 85 401 0 402 40 403 121 404 73 405 45 406 3 407 0 408 0 409 40 410 0 411 0 412 34 413 126 414 1 415 127 416 123 417 0 418 0 419 0 420 0 421 0 422 0 423 66 424 0 425 0 426 99 427 41 428 18 429 90 430 68 431 108 432 36 433 81 434 0 435 60 436 0 437 0 438 102 439 33 440 0 441 0 442 125 443 95 444 93 445 0 446 1 447 78 448 12 449 57 450 4 451 62 452 64 453 0 454 39 455 73 456 87 457 0 458 5 459 0 460 117 461 87 462 0 463 0 464 89 465 2 466 106 467 0 468 90 469 125 470 0 471 0 472 1 473 0 474 0 475 0 476 47 477 0 478 29 479 71 480 62 481 120 482 49 483 42 484 13 485 11 486 63 487 0 488 127 489 48 490 0 491 0 492 0 493 0 494 120 495 41 496 26 497 103 498 0 499 11 500 0 501 76 502 0 503 11 504 0 505 24 506 36 507 28 508 0 509 0 510 0 511 127
5 0 1 1 1 0 1 0 0
1 -92
1 91
2 1707 12 1057 12
1 0 -15
5 1 1 1 1 0 1 0 0
1 104
1 -54
2 717 10 1887 11
1 0 23
5 0 3 5 5 0 1 0 0
15 -51 -124 -1 -96 -94 -83 -98 -115 79 -64 -22 -118 -77 -30 55
15 -77 -108 1 -73 -54 123 9 4 28 12 74 -74 30 61 -24
2 627 9 1041 12
15 0 -82 1 -127 2 -1 3 -127 4 -127 5 -71 6 -118 7 -126 8 104 9 -75 10 -8 11 -127 12 -86 13 -21 14 61
5 1 3 5 5 0 1 0 0
15 61 104 -106 39 124 -97 108 29 -17 21 -67 77 -48 17 -125
15 -102 123 80 108 -10 46 21 -1 -37 30 -22 -113 -116 -79 2
2 1847 13 477 12
15 0 2 1 37 2 0 3 22 4 27 5 0 6 26 7 7 8 0 9 8 10 0 11 4 12 0 13 0 14 0
3 0 22 8 6 3 1 0 0
176 93 -74 -58 -90 118 -101 -89 -37 -97 103 81 77 -120 94 -125 37 120 26 -107 -57 61 83 -58 -16 19 96 -5 -47 -91 -32 -101 118 30 4 -73 -74 14 35 -80 -95 78 94 19 46 100 87 -53 -91 -90 -54 118 61 30 -112 -79 86 -73 54 -83 -30 51 37 69 -60 -51 15 -71 -119 -88 -93 98 -77 47 -31 -121 21 88 -10 -104 -18 -99 118 53 97 16 35 -116 -33 -21 120 -66 -96 -103 15 -8 -94 -89 13 -17 -11 60 -58 16 53 84 -112 88 25 -43 -24 25 -42 -79 -37 -39 12 -22 -6 -74 -11 78 111 40 -33 26 -25 -26 -79 -90 -26 -71 -67 -77 -49 75 -124 -112 -18 75 14 -8 -101 60 -40 87 -116 36 -54 31 -74 -79 89 -70 -105 39 -57 113 35 10 104 -123 70 89 -108 105 -112 -92 -48 -26 114 55 -102 -17 -68 -8 82
0
0 
132 0 93 1 -58 2 118 3 118 4 118 5 -37 6 103 7 103 8 81 9 94 10 94 11 94 12 120 13 26 14 61 15 83 16 83 17 83 18 96 19 96 20 -5 21 -32 22 -32 23 118 24 30 25 4 26 14 27 35 28 35 29 35 30 94 31 94 32 100 33 100 34 100 35 87 36 118 37 118 38 118 39 61 40 30 41 86 42 54 43 54 44 51 45 51 46 69 47 69 48 15 49 15 50 -71 51 -88 52 98 53 98 54 47 55 21 56 88 57 88 58 88 59 -10 60 118 61 118 62 97 63 97 64 35 65 35 66 120 67 120 68 -66 69 15 70 15 71 15 72 13 73 13 74 60 75 60 76 60 77 53 78 88 79 88 80 88 81 25 82 25 83 25 84 -37 85 12 86 12 87 12 88 -6 89 -6 90 111 91 111 92 40 93 26 94 26 95 -25 96 -26 97 -26 98 -67 99 -49 100 75 101 75 102 75 103 75 104 75 105 14 106 60 107 60 108 87 109 36 110 36 111 31 112 31 113 89 114 39 115 39 116 113 117 113 118 113 119 104 120 89 121 89 122 105 123 105 124 105 125 -48 126 114 127 114 128 55 129 -17 130 -8 131 82
3 0 20 8 5 2 2 1 0
160 125 85 13 -32 -12 125 -120 -98 -112 23 37 125 -43 -103 94 1 -32 0 -28 -28 -62 -58 85 -30 -77 117 17 -125 -1 -93 42 -27 127 -59 93 39 94 92 -51 7 93 -56 96 55 29 -93 -29 4 114 121 110 61 -110 110 23 124 126 -112 45 84 -32 -7 -53 -71 -101 -12 12 -84 48 27 125 9 -90 -86 121 78 -38 59 -41 -121 -1 -5 -79 72 -108 35 -82 22 -71 107 79 -20 38 51 -89 90 -1 -120 38 -25 115 -86 -72 104 27 7 -109 76 -26 -113 14 21 -121 -84 3 -4 -49 -53 13 13 -4 -97 33 22 -123 -121 -77 28 -39 116 -113 -81 116 67 7 75 19 44 95 88 -12 25 -109 56 6 -45 -46 107 1 55 115 41 -36 -40 81 47 -58 27 -33 -15
0
0 
100 0 125 1 85 2 -12 3 125 4 -98 5 -112 6 37 7 125 8 94 9 1 10 -32 11 0 12 -28 13 85 14 -30 15 -77 16 117 17 -1 18 42 19 -27 20 127 21 93 22 94 23 92 24 7 25 93 26 96 27 55 28 -29 29 4 30 114 31 121 32 61 33 110 34 124 35 126 36 45 37 84 38 -7 39 -71 40 -101 41 12 42 48 43 125 44 9 45 -90 46 121 47 78 48 59 49 -121 50 -1 51 -5 52 72 53 35 54 22 55 -71 56 107 57 38 58 51 59 90 60 -1 61 38 62 115 63 -72 64 104 65 27 66 7 67 76 68 14 69 21 70 -121 71 3 72 -4 73 13 74 13 75 -4 76 33 77 22 78 -77 79 28 80 -39 81 116 82 116 83 67 84 75 85 19 86 95 87 88 88 25 89 56 90 6 91 -45 92 107 93 115 94 41 95 -36 96 81 97 47 98 27 99 -15
5 1 7 32 32 0 1 0 0
224 -119 -42 -34 42 -21 -103 40 89 38 102 72 54 88 95 125 70 57 -77 -94 37 -4 13 97 59 106 -12 -50 70 16 -37 12 -83 73 -118 117 -68 54 67 75 93 -54 55 79 -41 -107 91 -11 -93 119 -18 70 1 -104 121 -78 -110 119 4 -83 82 -109 -59 -27 69 59 -74 1 7 -106 -44 75 -96 44 -125 22 71 -86 -88 -124 -95 88 -88 -80 -53 -80 -72 19 97 28 65 -117 25 -82 -44 105 -44 -22 4 95 24 49 59 68 5 -82 66 37 55 18 -46 5 86 -53 102 -90 -27 44 -11 97 121 -97 123 -82 -61 70 67 -87 63 88 36 -33 111 -15 -49 -66 -116 -13 -28 123 60 82 34 -125 -49 -79 2 38 -104 25 121 -65 -38 -68 100 -81 -60 -104 -41 -84 103 84 110 22 37 108 24 -106 -103 -108 55 38 119 76 16 -110 113 20 -72 -25 123 -64 13 -35 43 -100 -107 30 78 4 59 -43 11 -43 25 -19 24 -28 -69 -8 -116 -110 90 62 96 -108 -120 -15 89 26 41 -39 47 80 77 -97 43 -55 -98 45 76 117 -108 -90 42
224 -79 -70 9 -117 38 71 -3 68 -97 80 -76 -76 -11 -65 20 -90 96 63 -72 53 -64 -78 46 77 -83 127 -74 -107 -67 -87 -8 -98 44 61 10 75 -49 -10 -36 94 -90 75 -81 -85 127 -63 -61 38 31 -52 12 -50 94 -69 114 -90 -81 -123 -113 -12 -84 -1 41 40 37 -95 -96 -43 -33 -16 -79 -106 -59 -78 -87 14 73 -1 -109 -8 127 19 -8 47 -52 -119 127 -26 -36 -120 -56 110 -71 -76 59 46 -106 106 -67 -88 -29 77 95 39 -12 -96 -108 25 75 112 88 -30 -50 24 13 -61 35 77 88 24 59 38 29 11 -1 -16 60 -2 60 20 65 66 39 101 -83 54 -69 -6 102 -113 -103 50 74 26 -46 58 -84 -96 118 93 -17 -109 85 -5 -88 87 -26 -82 92 36 -114 57 7 -68 125 1 -81 -107 32 -23 49 63 42 -82 122 -85 -43 -57 -37 -17 -68 -54 -83 69 106 8 84 17 28 -19 -104 51 -65 -82 -76 88 7 -47 -53 -122 45 29 -22 78 -74 115 -54 -44 64 25 -7 116 -80 31 -64 2 -122 -107 34 103 15 29 10 55
2 1377 11 1831 12
224 0 0 1 0 2 0 3 0 4 3 5 0 6 26 7 90 8 0 9 105 10 14 11 2 12 54 13 35 14 93 15 7 16 81 17 0 18 0 19 49 20 0 21 0 22 86 23 74 24 34 25 49 26 0 27 0 28 0 29 0 30 4 31 0 32 69 33 0 34 83 35 0 36 14 37 41 38 34 39 105 40 0 41 71 42 17 43 0 44 0 45 33 46 0 47 0 48 94 49 0 50 52 51 0 52 0 53 50 54 0 55 0 56 44 57 0 58 0 59 50 60 0 61 0 62 0 63 64 64 57 65 0 66 0 67 0 68 0 69 0 70 15 71 0 72 4 73 0 74 0 75 54 76 0 77 0 78 0 79 0 80 116 81 0 82 0 83 0 84 0 85 0 86 70 87 53 88 3 89 0 90 0 91 66 92 0 93 0 94 97 95 0 96 0 97 50 98 34 99 0 100 20 101 74 102 88 103 20 104 0 105 1 106 0 107 48 108 46 109 19 110 42 111 45 112 0 113 80 114 0 115 0 116 46 117 27 118 104 119 92 120 0 121 100 122 0 123 0 124 47 125 38 126 0 127 41 128 86 129 33 130 7 131 105 132 7 133 12 134 0 135 0 136 0 137 0 138 127 139 0 140 9 141 45 142 0 143 0 144 0 145 27 146 0 147 0 148 70 149 123 150 0 151 0 152 0 153 65 154 0 155 0 156 0 157 0 158 0 159 85 160 5 161 99 162 18 163 0 164 127 165 16 166 0 167 0 168 0 169 27 170 48 171 108 172 70 173 0 174 0 175 38 176 0 177 0 178 0 179 75 180 0 181 0 182 0 183 60 184 0 185 0 186 58 187 60 188 16 189 32 190 0 191 30 192 0 193 0 194 0 195 55 196 0 197 0 198 0 199 0 200 0 201 74 202 32 203 100 204 0 205 0 206 0 207 40 208 46 209 39 210 0 211 84 212 18 213 66 214 0 215 30 216 0 217 0 218 45 219 97 220 86 221 0 222 0 223 53
5 0 11 1 1 0 1 0 0
11 111 76 86 -5 51 48 -27 120 38 57 -25
11 -71 -23 55 29 -33 -91 -21 67 -50 -34 -34
2 79 9 579 11
11 0 -3 1 5 2 29 3 7 4 -1 5 -19 6 -10 7 38 8 -8 9 -1 10 -14
3 0 15 32 30 3 1 0 0
480 104 55 -72 78 -90 -31 -86 -73 -99 124 120 -2 52 59 -66 -79 -27 -81 -126 -31 2 -113 28 34 -121 85 113 -103 -7 59 -83 17 20 81 81 50 116 69 -9 -122 101 -80 -61 98 -6 69 3 -59 7 61 -73 -37 29 92 -21 4 74 -109 -105 58 17 5 -106 -18 36 -32 6 6 -69 -113 -110 -14 -28 67 119 -7 81 4 85 -50 96 96 29 -51 38 -82 72 -95 42 58 -119 63 -89 72 51 127 -87 -52 -116 -44 18 -27 73 -19 -86 -118 -86 -17 -110 31 -43 106 121 9 126 -6 17 126 37 61 120 103 -40 5 50 96 -86 -91 -126 82 -3 -81 -67 76 -127 50 64 -46 -77 0 77 12 109 115 19 1 -55 51 28 -78 -111 -74 -60 -74 -95 91 80 112 12 -127 -61 -103 -5 -17 25 23 -44 4 30 48 -77 121 78 -122 2 70 101 68 117 53 109 -61 -57 -100 -51 54 -26 -126 6 68 -27 95 -107 -84 -64 -69 -88 -47 6 -30 -68 122 -24 71 -18 -46 -37 -64 40 -55 -53 -32 -86 -120 94 80 -111 -27 -12 -71 -67 -41 18 -97 -89 -34 -83 -35 80 107 37 22 -68 -24 43 -65 -66 0 93 -117 -18 41 -113 -40 53 98 1 105 120 -112 65 -32 46 -102 -59 57 36 88 -127 65 29 54 -125 -53 -13 66 -11 -74 -113 -32 -27 121 82 96 13 79 -30 -102 -98 -19 78 43 -104 83 -69 -90 16 74 -30 119 100 35 -72 -123 58 70 32 -59 121 -108 17 -92 -55 -59 59 -86 111 -118 -108 -30 -65 -110 -74 -29 78 70 -14 -122 -120 63 -30 -60 -73 95 -111 19 -101 19 10 105 -62 -102 -9 -17 -44 -74 10 -30 -43 -119 -17 89 116 -126 -19 62 3 2 28 32 70 -125 -114 -125 -69 -54 34 88 -73 113 -123 -48 -99 114 124 48 -70 -19 31 69 -65 -50 16 -33 -1 87 -26 124 21 44 36 -35 56 -124 63 -120 -109 27 69 -59 21 -55 -16 88 6 40 -86 -13 -23 -25 112 -51 31 98 -60 -122 -60 77 56 -34 70 -81 -43 -42 -9 -37 -13 13 48 -17 -81 67 55 71 -2 110 109 71 -39 -52 -80 -79 20 17 -4 -83 105 -20 95 -123 67 38 -126 -6 -87 -65 9 -66 -12 -7 62 27 -26 -94 49 -23 67 109 -111 6 -123 10 -35 -62 5 2 -43 -86 -19 -43 -64 58 -106 -15 -120 38 101 -103 126 33
0
0 
450 0 104 1 78 2 78 3 78 4 -31 5 -31 6 -73 7 124 8 124 9 124 10 120 11 59 12 59 13 59 14 -27 15 -27 16 -27 17 -31 18 2 19 2 20 28 21 34 22 34 23 85 24 113 25 113 26 113 27 59 28 59 29 59 30 81 31 81 32 116 33 116 34 116 35 69 36 101 37 101 38 101 39 98 40 98 41 98 42 69 43 69 44 7 45 61 46 61 47 61 48 29 49 92 50 92 51 92 52 74 53 74 54 74 55 58 56 58 57 58 58 17 59 5 60 36 61 6 62 6 63 6 64 -69 65 -14 66 -14 67 67 68 119 69 119 70 119 71 81 72 85 73 85 74 96 75 96 76 96 77 96 78 38 79 38 80 72 81 72 82 72 83 58 84 58 85 63 86 63 87 72 88 72 89 127 90 -52 91 -44 92 18 93 18 94 73 95 73 96 73 97 -19 98 -86 99 -17 100 -17 101 31 102 31 103 106 104 121 105 121 106 126 107 126 108 126 109 126 110 126 111 126 112 120 113 120 114 120 115 103 116 50 117 96 118 96 119 96 120 82 121 82 122 -3 123 76 124 76 125 76 126 64 127 64 128 64 129 0 130 77 131 77 132 109 133 115 134 115 135 115 136 19 137 51 138 51 139 51 140 28 141 -74 142 -60 143 -60 144 -60 145 91 146 91 147 112 148 112 149 112 150 -5 151 -5 152 25 153 25 154 25 155 23 156 30 157 48 158 48 159 121 160 121 161 121 162 78 163 70 164 101 165 101 166 117 167 117 168 117 169 109 170 109 171 -57 172 -51 173 54 174 54 175 54 176 6 177 68 178 68 179 95 180 -64 181 -64 182 -64 183 -47 184 6 185 6 186 6 187 122 188 122 189 122 190 71 191 71 192 -18 193 -37 194 40 195 40 196 40 197 -32 198 -32 199 -32 200 94 201 94 202 94 203 80 204 -12 205 -12 206 -12 207 -41 208 18 209 18 210 -34 211 -34 212 80 213 107 214 107 215 107 216 37 217 22 218 43 219 43 220 43 221 0 222 93 223 93 224 93 225 41 226 41 227 41 228 53 229 98 230 98 231 105 232 120 233 120 234 120 235 65 236 65 237 46 238 46 239 57 240 88 241 88 242 65 243 65 244 54 245 54 246 -13 247 66 248 66 249 66 250 -11 251 -32 252 -27 253 121 254 121 255 121 256 96 257 96 258 79 259 79 260 -30 261 -19 262 78 263 78 264 78 265 83 266 83 267 83 268 16 269 74 270 119 271 119 272 100 273 35 274 58 275 70 276 70 277 70 278 121 279 121 280 121 281 17 282 17 283 -55 284 59 285 59 286 111 287 111 288 111 289 -30 290 -30 291 -30 292 -65 293 -29 294 78 295 78 296 78 297 70 298 -14 299 63 300 -30 301 95 302 95 303 95 304 19 305 19 306 19 307 105 308 105 309 105 310 -9 311 -9 312 -9 313 -17 314 10 315 10 316 10 317 -30 318 -17 319 89 320 116 321 116 322 116 323 62 324 62 325 62 326 28 327 32 328 70 329 70 330 -69 331 -54 332 34 333 88 334 88 335 113 336 113 337 113 338 -48 339 114 340 124 341 124 342 124 343 48 344 31 345 69 346 69 347 69 348 16 349 16 350 16 351 87 352 87 353 124 354 124 355 124 356 44 357 44 358 56 359 56 360 63 361 27 362 69 363 69 364 69 365 21 366 21 367 88 368 88 369 88 370 40 371 40 372 -13 373 -13 374 112 375 112 376 112 377 98 378 98 379 98 380 -60 381 77 382 77 383 77 384 70 385 70 386 70 387 -42 388 -9 389 -9 390 48 391 48 392 48 393 67 394 67 395 71 396 71 397 110 398 110 399 110 400 109 401 71 402 -39 403 -52 404 20 405 20 406 20 407 17 408 105 409 105 410 105 411 95 412 95 413 67 414 67 415 38 416 -6 417 -6 418 9 419 9 420 62 421 62 422 62 423 27 424 49 425 49 426 67 427 109 428 109 429 109 430 6 431 10 432 10 433 10 434 5 435 5 436 5 437 2 438 -19 439 -19 440 -19 441 58 442 58 443 58 444 -15 445 38 446 101 447 101 448 126 449 126
4 0 3 8 1 0 1 0 0
24 -24 59 -101 22 -85 35 52 -104 -20 14 -18 -99 -19 -30 -80 -26 -108 -19 -44 21 -20 124 -90 -46
0
1 155 11
3 0 -11 1 -21 2 -14
5 0 13 1 1 0 1 0 0
13 100 86 -79 -46 -127 -2 53 -31 -20 45 -27 98 3
13 -3 -16 -95 -12 109 -44 -59 102 121 -86 46 19 13
2 287 8 633 9
13 0 108 1 76 2 -127 3 -67 4 0 5 -56 6 -14 7 91 8 105 9 -56 10 27 11 127 12 19
3 0 25 8 4 2 2 0 0
200 -75 97 -49 61 42 -28 84 90 93 -88 -86 35 75 -115 -86 -76 -99 -110 107 -52 -39 -8 -83 3 -107 -15 19 -75 -19 -24 103 -31 127 -95 25 5 30 -30 -101 -80 -69 -2 -16 -28 -120 -63 -87 -23 56 11 97 -4 82 -82 -98 94 9 2 74 45 -63 -15 5 -19 31 -50 51 -92 -52 10 -25 -29 -120 -55 67 93 5 -118 24 90 3 -63 -68 -112 56 91 -8 71 12 -104 24 24 18 -34 -116 120 71 6 56 20 -87 99 -71 -67 46 121 -17 -46 127 -61 -118 -65 29 109 75 5 -48 -111 116 68 -65 25 -46 -80 -24 -47 -109 -61 38 -51 51 -45 73 63 -105 9 -44 -120 24 111 9 -53 40 -8 -8 -103 95 127 109 -12 72 -6 -115 -123 -92 -22 -82 81 101 -99 -127 -66 -26 65 119 -22 113 33 82 62 9 -126 -39 69 60 79 28 8 49 10 17 84 1 74 -30 -91 94 -5 -112 75 31 -73 33 -30 22 -57 -81 125 -18 57
0
0 
100 0 97 1 61 2 42 3 90 4 93 5 35 6 75 7 -76 8 -99 9 107 10 -8 11 3 12 -15 13 19 14 -19 15 103 16 127 17 25 18 30 19 -80 20 -2 21 -16 22 -63 23 -23 24 56 25 97 26 82 27 94 28 9 29 74 30 -15 31 5 32 31 33 51 34 10 35 -25 36 -55 37 93 38 5 39 90 40 3 41 -68 42 91 43 71 44 12 45 24 46 18 47 120 48 71 49 56 50 99 51 -67 52 121 53 -17 54 127 55 -65 56 109 57 75 58 -48 59 116 60 25 61 -46 62 -24 63 -61 64 38 65 51 66 73 67 9 68 -44 69 111 70 9 71 40 72 -8 73 127 74 109 75 72 76 -115 77 -22 78 81 79 101 80 -66 81 65 82 119 83 113 84 82 85 9 86 69 87 79 88 28 89 49 90 84 91 74 92 -30 93 94 94 75 95 31 96 33 97 22 98 125 99 57
4 0 3 32 1 0 1 0 0
96 -9 -1 117 -104 34 -121 6 21 -38 64 52 -86 76 -42 -43 71 89 -9 -33 -95 76 73 -25 -21 98 -90 -113 71 100 123 -23 -46 -113 60 55 42 23 1 37 47 41 -5 35 13 -12 -91 85 -101 -88 79 -24 121 -98 80 -38 24 -71 -124 -32 -121 -101 1 53 9 -34 65 116 2 123 -37 -116 103 75 11 105 90 89 -19 -58 -34 25 112 103 91 101 101 93 -17 98 -102 58 -103 112 -87 109 -39
0
1 133 9
3 0 45 1 -55 2 127
4 0 27 2 1 0 1 0 0
54 -17 -98 15 40 47 -109 100 77 -50 121 80 48 34 105 -84 76 8 86 -28 -89 -22 -69 -54 -83 -96 5 49 -50 27 3 48 -119 72 -24 102 -18 -99 109 90 76 74 -69 -87 -38 -106 108 -91 -67 98 -1 104 -42 70 15
0
1 1137 13
27 0 -16 1 8 2 -9 3 25 4 10 5 18 6 19 7 -1 8 13 9 -16 10 -13 11 -19 12 -13 13 0 14 4 15 -10 16 7 17 12 18 1 19 23 20 1 21 -17 22 0 23 -22 24 13 25 9 26 12
4 0 19 8 1 0 1 0 0
152 -122 -124 -105 -3 -59 43 98 19 -54 -16 26 -104 45 -34 120 -66 34 -70 -25 -54 -17 -39 25 -41 -112 -13 -14 38 -81 -45 -64 63 -60 88 78 -44 46 -26 34 -37 112 107 -63 111 87 -60 -7 7 117 105 43 -5 31 49 67 108 -41 -20 97 -100 93 60 74 102 53 91 -123 127 -123 -48 86 113 -69 -72 31 16 -90 89 -82 -103 -3 5 -40 -22 28 -33 -37 -32 -6 -10 -50 117 58 -33 -119 -21 -121 -117 1 -44 -72 13 41 115 3 44 -94 113 -22 -27 81 -88 -26 45 41 -50 -88 -92 -79 -89 26 88 -78 -25 32 117 89 59 10 7 -124 85 67 -100 -57 -6 -23 37 -54 -66 -87 -91 38 41 61 81 -117 -32 -32 -48 61 -62
0
1 259 10
19 0 -64 1 -21 2 -47 3 -58 4 20 5 74 6 127 7 67 8 45 9 -71 10 -34 11 -16 12 -47 13 3 14 -85 15 78 16 -30 17 -52 18 -22
3 0 21 4 3 2 1 0 0
84 -73 116 -95 -70 -25 -106 125 -58 110 31 16 106 -90 99 89 100 -23 69 -118 75 2 -73 -84 -5 -127 -91 -40 -42 48 -16 -43 48 49 37 80 -11 61 -44 39 56 -42 49 84 3 125 -124 110 103 13 22 6 -79 -67 -29 -84 -94 -26 -118 -115 70 17 -24 -63 -9 -67 47 -115 -22 -22 -14 -113 -28 -73 -23 -20 58 126 -122 -2 -71 -94 38 97 39
0
0 
63 0 116 1 116 2 -70 3 -25 4 125 5 125 6 110 7 31 8 106 9 99 10 99 11 100 12 69 13 69 14 75 15 2 16 -73 17 -5 18 -91 19 -40 20 -40 21 48 22 -16 23 48 24 49 25 80 26 80 27 61 28 39 29 56 30 49 31 84 32 84 33 125 34 110 35 110 36 22 37 22 38 6 39 -29 40 -29 41 -84 42 -26 43 -115 44 70 45 17 46 -24 47 -9 48 47 49 47 50 -22 51 -14 52 -14 53 -28 54 -23 55 -20 56 58 57 126 58 -2 59 -2 60 38 61 97 62 97
3 0 5 16 15 2 1 0 0
80 -117 -107 16 -80 -48 -91 -6 -66 -75 45 -69 -45 28 48 -35 55 -108 112 123 -63 69 33 18 1 0 -99 -96 -96 -27 -64 88 -48 5 -80 -56 -6 -18 -74 55 -1 18 43 112 79 -15 -30 112 -127 79 122 -90 -34 15 115 29 -56 91 82 70 -102 -71 -123 -63 -81 31 19 -49 -83 -77 -36 112 -55 102 -118 -106 87 50 59 87 106
0
0 
75 0 -107 1 16 2 16 3 -48 4 -48 5 -6 6 -6 7 -66 8 45 9 45 10 -45 11 28 12 48 13 48 14 55 15 112 16 123 17 123 18 69 19 69 20 33 21 18 22 1 23 0 24 -96 25 -96 26 -27 27 -27 28 88 29 88 30 5 31 -56 32 -6 33 -6 34 -18 35 55 36 55 37 18 38 43 39 112 40 112 41 79 42 -15 43 112 44 112 45 122 46 122 47 -34 48 15 49 115 50 115 51 29 52 91 53 91 54 82 55 70 56 -71 57 -71 58 -63 59 -63 60 31 61 19 62 -49 63 -77 64 -36 65 112 66 112 67 102 68 102 69 -106 70 87 71 87 72 59 73 87 74 106
4 0 33 32 1 0 1 0 0
1056 -113 -124 -105 67 11 -124 -71 105 -94 121 23 115 -121 -36 41 113 -84 -126 -97 19 -32 -97 88 14 79 -94 35 7 14 54 -42 47 -68 99 -117 71 97 105 84 37 62 -120 -51 -2 -6 -113 68 -117 98 -19 117 12 -35 59 -23 117 67 35 -83 -106 -76 5 -72 -1 106 -83 91 11 82 -99 -102 98 99 -15 116 -91 -122 22 -88 -77 92 -63 53 -48 -71 -6 22 61 -45 -55 -88 82 -109 -28 67 -125 8 68 96 -2 -68 69 -112 -117 41 -26 -104 20 31 107 -1 2 -41 111 45 19 120 -9 -32 -46 -75 66 -117 70 34 -122 -74 -43 69 -47 43 -69 108 13 -8 -41 -43 -87 -89 65 24 -89 29 -42 -72 101 -31 71 107 -38 118 -18 66 -34 35 52 91 123 -33 70 -42 -127 -125 -117 -31 113 115 94 21 3 -29 51 87 40 4 36 64 79 13 -86 -66 -67 49 -52 -75 54 -97 126 29 75 -125 -6 -9 76 -60 119 -26 -60 -23 -16 -18 -38 -104 95 8 -116 -60 -60 106 79 -104 29 90 -19 31 -11 -38 59 10 12 11 -52 16 112 99 -17 17 -64 -110 -7 61 104 -106 110 73 -48 0 -85 -85 116 -47 -52 45 -42 87 103 32 -48 70 28 -79 -69 24 -25 -89 -68 107 -99 123 57 -126 -110 48 32 -107 -107 -82 -1 52 65 -60 51 -116 125 84 27 -95 -21 -94 -106 99 82 121 32 58 51 -50 -61 31 124 23 -4 81 44 34 40 39 -76 -106 91 17 -98 57 -31 -103 -59 -90 12 -76 -23 -65 -74 69 18 -100 35 -9 22 -75 29 29 -74 16 35 38 -109 27 -26 21 -20 85 -105 -34 8 52 -111 80 -27 -121 95 -86 117 -95 33 89 46 -107 64 55 -122 -31 99 0 58 -21 99 66 14 -46 22 -89 69 -76 -104 29 45 -28 17 -7 21 67 -43 83 -31 -97 107 52 18 30 -50 -35 -123 -87 -96 72 -123 80 -60 18 14 110 -45 -96 17 67 10 117 -66 -102 54 104 -8 35 -7 90 -2 -68 125 -126 83 12 -65 -54 -40 78 -70 106 -42 124 -25 -96 -76 -84 6 15 89 77 30 -23 22 -111 -23 -11 -120 -92 -126 -80 9 -98 44 1 40 -11 18 -46 -14 -62 83 75 92 126 72 73 -122 -70 20 -22 65 -42 -53 19 -63 85 14 -8 78 99 5 -65 -16 -16 99 44 85 -60 59 76 51 -30 39 78 30 -43 -78 64 -101 57 -68 114 119 -8 -89 -117 70 -70 -66 70 -20 108 16 -73 -21 -111 103 -125 117 103 -21 -24 -6 -85 23 19 -17 127 123 98 34 -91 29 -80 -82 59 -106 -100 -115 2 -59 14 -79 -113 -53 -116 24 74 52 -58 109 63 53 47 34 -123 -53 45 91 98 83 -81 69 53 60 -48 60 33 76 -16 17 98 -60 -126 -54 -68 116 -9 -85 37 -9 40 -118 -30 13 42 -3 -99 -56 -43 -119 -7 -50 121 15 27 70 37 -120 -80 -99 -75 -10 78 78 -78 77 53 55 -95 -48 4 114 106 29 -23 -114 -83 -57 111 -1 85 -116 89 102 -2 -19 119 8 -51 -121 23 -62 -64 -34 99 21 3 4 15 47 55 -82 90 6 -28 -83 27 -15 59 97 -40 59 -34 32 16 12 84 91 33 -35 63 98 57 -35 22 -34 34 -45 -89 102 32 67 59 17 -111 27 -127 65 55 -27 89 117 -121 -15 17 -68 54 1 100 -16 -29 -53 -26 -65 21 -45 42 -8 -122 17 -9 104 -50 -103 -124 -15 72 10 -27 54 20 -46 54 -59 -122 -25 -97 40 97 6 -27 -36 -127 112 126 28 81 -14 -43 85 -107 2 15 -126 -58 18 -107 56 16 -3 -121 80 72 11 16 -71 -68 -35 -15 9 -114 -124 -115 82 -60 79 -31 -22 -24 6 36 61 74 -74 -49 -123 -71 -87 -9 -37 -4 106 43 -75 -25 -41 -103 -74 64 54 -112 110 59 31 -113 59 87 -12 -69 76 -102 -42 73 -85 -91 -2 -63 72 100 52 94 14 -35 68 -124 -98 -67 -8 -16 62 -8 32 44 45 -14 -116 -29 92 -96 -13 26 -110 74 91 -44 70 -23 52 65 85 83 -93 67 -82 -84 49 -39 -16 123 79 124 57 92 40 46 -75 -103 120 -23 -50 42 -20 79 -74 35 94 73 76 -120 110 -66 87 80 68 -103 -121 20 -37 89 83 -9 108 26 -79 119 -44 104 88 -125 -60 -94 -90 41 22 -54 47 -112 -75 -56 -114 119 -55 81 97 17 -61 101 -108 22 68 -106 -31 -22 11 0 102 -33 24 57 58 -56 52 -101 23 -86 19 -49 114 21 35 50 70 -125 -87 14 -26 79 43 8 -67 -19 -85 117 -21 110 97 113 -89 31 54 -97 20 -14 -37 110 11 62 81 13 19 93 35 -50 -84 36 -124 53 -112 58 86 28 27 -24 112 -23 73 -44 62 -61 68 33 45 46 -15 -36 125 19 -98 -40 -29 -76 -77 121 77 65 -33 51 69 -126 91 45 20 -32 -39 2 -77 111 25 -64 -39 -89 51 53 115 9 -30 -105 109 -25 -3 99 -79 -26 89 99 91 0 95 94 -23 52 26 69 95 -57 -117 102 56 124 -82 106 18 84 -22 89 67 -99 18 62 -21 123 106 19 -71 -82 -26 -34 0 56 106 26 -120 -85 -3 11 -37 -109 -45 68 -71 -118 30 84 44 -53 56 -117 106
0
1 69 9
33 0 -55 1 17 2 -42 3 -11 4 60 5 1 6 5 7 -10 8 -3 9 -30 10 -11 11 -18 12 21 13 -64 14 96 15 -7 16 -38 17 23 18 -17 19 39 20 67 21 -60 22 -24 23 -89 24 -8 25 81 26 58 27 -34 28 48 29 61 30 29 31 127 32 -24
4 0 38 8 1 0 1 0 0
304 11 -111 67 -44 -104 10 76 6 93 -118 2 92 -28 -104 -24 51 60 -12 7 60 -73 115 85 41 -35 44 -121 2 37 -27 1 57 49 -13 7 3 32 19 -29 -77 -118 52 -67 -113 -53 -54 6 -30 -9 -42 -22 -30 -98 89 -22 -11 -53 -7 87 60 73 -74 -126 17 79 124 73 -57 -24 90 10 -74 37 -18 -111 -47 74 -24 104 -5 97 15 -125 -27 -12 74 -68 76 80 120 -125 43 -85 10 8 32 65 11 27 80 -66 7 -74 -2 -52 3 40 79 -7 -65 122 -103 -78 66 2 58 14 -69 61 -32 -72 91 1 -10 11 -34 120 -48 40 45 -95 -104 111 -50 126 97 16 -60 -54 -25 -99 -4 85 79 -8 27 56 -19 103 -34 17 18 4 -109 38 70 78 78 -25 29 -61 -96 104 -61 -116 57 49 -57 60 108 80 42 89 98 6 -102 82 -110 -70 -12 -94 71 -29 -76 -32 -8 -61 -39 70 72 -93 -3 -85 111 -54 70 -89 -122 25 -56 -31 55 9 103 -94 -118 81 5 -28 -27 16 -123 -78 -42 96 -38 110 -28 -29 73 -45 -58 -70 102 53 62 -2 -45 75 -51 20 -47 -81 78 30 -124 -126 54 101 72 -62 116 -84 -119 -97 70 -30 19 112 118 104 94 -82 71 109 -85 24 76 -3 -98 34 -54 -79 -59 88 94 -92 58 -36 -74 12 -94 -68 20 -112 48 38 -71 -30 113 -113 -60 79 86 21 -13 -4 -47 -32 92 124 121 49 -5 -6 13 -100 -49 76 31 -102 -63 -116 43
0
1 1705 13
38 0 -19 1 -7 2 59 3 -9 4 -2 5 -78 6 -30 7 -5 8 46 9 2 10 6 11 17 12 10 13 4 14 5 15 12 16 35 17 -13 18 33 19 34 20 -38 21 79 22 -50 23 -20 24 -42 25 2 26 -47 27 11 28 14 29 1 30 -39 31 92 32 -33 33 -9 34 -13 35 -11 36 74 37 -58
3 0 4 4 3 2 2 1 0
16 7 72 50 -40 -7 -53 -14 20 -44 -123 121 -21 -26 -115 115 -93
0
0 
12 0 7 1 72 2 -40 3 -7 4 -14 5 20 6 -44 7 121 8 -21 9 -26 10 115 11 -93
5 0 16 32 32 0 1 0 0
512 116 94 -53 12 21 -62 -79 -4 -36 -38 50 31 66 106 41 -2 -21 -80 16 89 13 -102 48 120 51 57 11 -23 -7 -111 20 -76 -62 27 -23 -74 -97 122 -16 20 38 -70 -10 29 11 78 93 -70 21 -62 -123 49 74 63 -50 -23 -29 125 120 -39 89 114 -48 -127 -68 -61 -25 120 -72 56 65 -110 -36 -127 -93 -15 -44 -127 6 37 14 52 -107 -113 60 110 61 -58 74 126 -29 102 115 -15 75 -30 84 12 -15 36 -88 -98 108 -124 30 118 27 -21 -41 -74 15 79 -59 -35 81 74 4 110 -45 18 -14 4 112 60 -81 -115 -11 101 -51 -70 -45 -74 -5 -45 63 17 93 -4 -117 83 -40 54 22 -2 -37 -63 29 102 41 -50 -14 19 37 51 -45 9 8 63 -101 -104 16 -93 32 -63 20 60 106 -7 -58 -105 -108 -81 -77 86 100 91 38 -43 -82 -72 84 14 97 -62 85 -30 -78 6 -104 61 58 111 -61 -8 57 121 102 -119 7 43 100 -45 -83 -91 48 9 39 -11 35 -76 -64 50 -22 -122 -81 -87 125 -63 -99 -123 14 -56 -31 -121 73 -125 -119 -80 -70 -77 -112 36 -62 1 -3 -22 -123 40 4 37 -99 55 32 -36 23 -64 -87 31 -67 -108 -111 35 120 -13 111 -33 -116 -32 39 -87 -19 61 34 -88 90 -76 -79 94 59 -4 123 94 8 -48 41 2 0 108 116 -123 0 81 7 -28 16 -52 -20 126 -77 29 -53 113 69 26 -107 96 -28 -50 -123 85 116 35 -114 -101 -123 -103 91 -90 33 -122 -52 -82 -115 31 -70 3 58 -91 77 -11 49 97 -113 78 78 -34 84 68 -49 -9 -64 117 60 4 -37 112 101 -29 31 -44 -5 -109 36 -66 17 117 87 -108 -11 -117 112 -79 -61 56 -102 -27 114 35 -38 120 5 -24 -53 19 -32 -101 29 117 16 44 7 105 19 -119 33 110 -105 45 87 85 -71 37 0 -126 -20 28 -75 -69 119 34 -57 -36 -116 -44 -97 -120 -36 46 -85 36 4 109 122 -73 -44 118 126 -48 -119 -64 6 -64 63 126 111 102 44 30 101 0 -99 16 -8 -56 61 33 10 39 -44 -63 93 17 25 -65 -119 105 -10 66 73 -43 -20 -9 -85 109 -3 74 14 -101 -66 -42 34 95 5 -42 117 121 -32 56 91 24 99 -20 74 -41 52 111 12 10 -110 8 10 -51 -92 89 -34 58 -67 65 -1 35 -92 39 92 -56 -106 -90 92 -44 -104 -57 121 75 10 -117 -124 -9 -108 77 118 -113 -38 36 12 -118 76 125 77 80 74 -22 53 11
512 7 -59 -120 -7 -69 48 -106 95 34 117 9 42 -124 -78 -41 112 -32 64 -86 54 7 -90 63 38 106 -30 82 -118 -13 -97 109 18 -10 26 -44 117 103 -112 -84 57 -55 -84 7 -79 -65 31 -24 -90 -77 -40 107 28 -8 88 104 -116 -84 117 -32 -22 118 -99 43 -96 21 -20 -33 -8 98 13 25 -44 -102 -36 37 -119 72 -11 87 -33 -52 37 126 1 -93 86 -54 45 -97 -22 -101 57 4 -104 20 87 -83 -100 48 52 97 116 50 71 -77 -81 34 -64 118 24 -23 -51 112 -49 57 -127 -11 -112 -77 -11 -9 -120 -105 -92 93 126 1 -33 19 -21 85 -56 -87 28 2 -113 71 -47 -45 -50 110 -88 68 -53 72 -85 46 12 53 -39 61 37 63 -87 -69 38 -2 -120 -12 -85 58 124 -63 70 -24 -120 18 4 50 -23 -109 -84 44 -27 -104 109 116 -98 90 120 -77 40 -21 -60 -90 47 -56 118 54 105 64 114 59 90 61 101 107 0 109 95 62 57 87 -82 -25 -76 79 -52 -25 100 35 101 1 74 120 126 -77 -121 81 -111 -8 -34 -74 -26 -16 89 -119 -104 115 -32 10 -76 2 119 -73 -32 -8 -70 116 -1 95 -109 -78 -32 34 -34 -29 -15 -66 5 66 -89 4 -102 95 46 109 -29 -18 -48 29 -37 -14 2 14 -69 108 -58 44 119 -34 -34 -75 80 -107 -36 31 -95 122 -109 -62 -76 -101 126 -114 -20 7 126 -38 91 57 27 -20 -83 5 -85 -58 71 -122 -65 2 -6 -125 -24 -105 15 -67 -71 92 60 -28 116 62 60 -9 -64 -84 89 -36 -88 -91 -42 -84 -29 55 14 -39 -38 73 -47 -26 -87 -15 -28 -95 49 98 64 -10 122 -41 34 -80 25 96 -115 70 -118 -13 -61 -67 103 126 -96 -125 26 -6 84 110 -1 -69 120 -66 30 -94 115 51 18 42 -79 42 -55 54 57 51 15 -115 -28 109 -115 57 99 14 39 7 37 83 99 -11 70 93 95 51 103 -22 -67 55 -105 76 87 60 -39 30 -46 -64 27 -78 13 86 -10 -106 110 -101 -113 -85 15 13 -46 6 -4 -17 92 65 -9 55 42 -91 -110 -51 87 58 85 32 120 -57 56 -15 -89 119 13 86 -93 27 26 97 -41 45 -54 14 -28 2 -5 -46 111 68 86 -13 72 11 20 71 107 120 -12 82 -83 -13 -21 23 84 -100 -23 32 -92 81 28 120 65 35 -122 -77 38 -75 -91 -64 81 46 47 35 117 15 67 -10 4 -32 -80 69 -69 24 67 -23 123 46 -29 -45 -79 127 104 3 -23 26 -103
2 1353 12 1195 11
512 0 42 1 -3 2 -88 3 0 4 -33 5 8 6 -88 7 54 8 8 9 55 10 22 11 35 12 -50 13 -11 14 -10 15 64 16 -26 17 11 18 -45 19 61 20 8 21 -87 22 53 23 62 24 79 25 1 26 52 27 -77 28 -10 29 -94 30 71 31 -14 32 -26 33 24 34 -34 35 44 36 28 37 -25 38 -54 39 40 40 -19 41 -72 42 1 43 -36 44 -34 45 44 46 17 47 -76 48 -38 49 -43 50 21 51 32 52 19 53 72 54 44 55 -76 56 -59 57 109 58 21 59 -26 60 98 61 -20 62 9 63 -98 64 -10 65 -32 66 -27 67 35 68 33 69 26 70 36 71 -62 72 -72 73 -63 74 -9 75 -74 76 27 77 -48 78 53 79 -7 80 -25 81 39 82 39 83 -36 84 -34 85 86 86 -12 87 7 88 -33 89 29 90 -69 91 67 92 40 93 -66 94 37 95 41 96 -20 97 -54 98 23 99 42 100 28 101 36 102 65 103 0 104 -35 105 -8 106 29 107 -44 108 55 109 -10 110 -8 111 -4 112 46 113 -41 114 60 115 -50 116 -5 117 -29 118 -60 119 0 120 -10 121 -69 122 -24 123 -34 124 27 125 36 126 -3 127 14 128 -6 129 -35 130 35 131 -57 132 -53 133 1 134 22 135 -60 136 72 137 -28 138 -65 139 -2 140 51 141 -33 142 47 143 -32 144 30 145 -71 146 37 147 41 148 45 149 -40 150 31 151 28 152 49 153 -34 154 -55 155 25 156 2 157 -49 158 -40 159 -84 160 39 161 41 162 -26 163 20 164 -7 165 -50 166 46 167 0 168 10 169 -48 170 -100 171 -76 172 1 173 12 174 -28 175 94 176 81 177 -71 178 26 179 46 180 -17 181 28 182 20 183 -55 184 -25 185 17 186 -59 187 71 188 -2 189 81 190 56 191 104 192 14 193 50 194 55 195 99 196 96 197 -39 198 66 199 69 200 69 201 18 202 24 203 -78 204 1 205 -41 206 59 207 -34 208 -3 209 33 210 -1 211 76 212 -6 213 3 214 43 215 45 216 -4 217 -92 218 14 219 -106 220 0 221 -38 222 -53 223 -55 224 15 225 11 226 -108 227 -87 228 44 229 -44 230 -31 231 -32 232 -19 233 69 234 -44 235 -26 236 -46 237 -28 238 69 239 11 240 22 241 -46 242 -35 243 -31 244 28 245 -41 246 -46 247 1 248 -61 249 -33 250 2 251 -40 252 42 253 -64 254 92 255 16 256 26 257 -28 258 2 259 -57 260 11 261 -2 262 3 263 -28 264 38 265 -65 266 37 267 -3 268 45 269 68 270 21 271 11 272 -41 273 31 274 -48 275 -20 276 18 277 -19 278 109 279 -105 280 -36 281 -17 282 -57 283 65 284 -62 285 -29 286 -3 287 116 288 -47 289 63 290 15 291 53 292 11 293 -39 294 -32 295 -18 296 -43 297 24 298 -112 299 -10 300 39 301 8 302 -111 303 -47 304 -102 305 -25 306 -9 307 -71 308 65 309 -5 310 -33 311 41 312 -2 313 45 314 -28 315 -36 316 -30 317 22 318 4 319 -55 320 -37 321 7 322 -86 323 9 324 58 325 -3 326 5 327 0 328 27 329 -30 330 -36 331 -12 332 11 333 -15 334 -67 335 66 336 90 337 27 338 4 339 56 340 -26 341 -16 342 -35 343 -7 344 62 345 -28 346 70 347 -105 348 -12 349 -75 350 -2 351 34 352 54 353 -38 354 -107 355 6 356 34 357 61 358 51 359 39 360 -38 361 62 362 -57 363 24 364 -66 365 34 366 40 367 50 368 30 369 -31 370 27 371 3 372 38 373 -6 374 41 375 45 376 -102 377 -1 378 93 379 -39 380 10 381 70 382 8 383 -19 384 -3 385 31 386 23 387 35 388 33 389 52 390 35 391 43 392 -8 393 45 394 -45 395 -79 396 20 397 -46 398 16 399 63 400 36 401 13 402 58 403 -51 404 -52 405 55 406 -4 407 -8 408 11 409 -27 410 -60 411 43 412 -38 413 -24 414 -13 415 43 416 23 417 -17 418 37 419 -2 420 -43 421 59 422 35 423 -23 424 52 425 36 426 -50 427 -51 428 -45 429 30 430 65 431 56 432 27 433 49 434 -72 435 68 436 -12 437 -30 438 93 439 -6 440 43 441 -57 442 -12 443 51 444 56 445 0 446 31 447 -65 448 -14 449 -30 450 12 451 28 452 -25 453 51 454 79 455 90 456 -19 457 60 458 36 459 20 460 74 461 55 462 94 463 -21 464 65 465 -11 466 -4 467 -9 468 -23 469 52 470 -55 471 -30 472 -11 473 -25 474 36 475 35 476 48 477 59 478 20 479 -59 480 -75 481 35 482 -14 483 -71 484 -72 485 17 486 57 487 12 488 -14 489 49 490 49 491 64 492 -3 493 -37 494 -60 495 -50 496 4 497 -15 498 53 499 2 500 -26 501 84 502 31 503 -56 504 -1 505 -5 506 99 507 87 508 26 509 -20 510 33 511 -56
5 1 21 32 32 0 1 0 0
672 55 -127 -75 -115 -6 -41 -49 119 -39 98 33 98 -89 -17 -58 -22 13 -85 -81 99 111 -23 111 30 122 45 -113 -8 46 -69 97 48 -48 67 31 89 44 -51 -94 -75 84 -99 -25 -76 -109 70 109 -19 35 100 -56 61 99 -71 -51 11 88 123 29 3 -30 117 -80 -123 -7 1 19 -19 -105 -12 -86 45 10 4 -91 -16 -23 74 -126 10 45 45 92 -125 82 -54 -42 -47 40 62 -47 66 -104 99 109 -65 -61 94 -38 -62 -87 -84 93 36 22 -69 -90 98 84 89 71 -53 36 123 44 0 -22 -13 -88 -114 53 -33 92 -115 -42 125 -102 -75 31 67 87 88 124 -120 -88 -51 71 51 -113 -64 5 26 -126 46 -96 39 -112 -87 75 -125 -3 26 103 -83 -92 -52 -51 -79 113 -39 126 2 -103 32 121 -39 -117 -41 27 -105 119 -122 -43 -52 -62 93 -5 97 -82 113 -81 1 50 -60 85 -13 63 -100 -108 -9 -37 -53 112 -92 -50 -41 109 -106 -50 86 -36 -41 -29 -114 -85 -86 18 -31 -116 -55 83 -113 -20 -42 -74 -17 127 103 -61 36 84 114 -74 -85 -9 72 66 -65 -47 127 -21 110 -115 -127 -69 -22 -7 71 -64 -41 40 -65 -43 55 68 91 122 118 -61 18 118 110 84 122 -50 98 -31 94 -48 -88 -98 15 72 51 68 34 94 -19 -123 -27 -49 1 -103 42 -110 104 12 99 23 -66 -86 -43 127 53 28 -33 21 21 26 51 -127 -16 -11 60 -99 44 -86 -11 -117 87 -69 38 10 -66 2 123 -86 59 69 -3 -33 -107 125 50 120 98 -56 26 42 124 -81 -6 45 -101 19 38 18 97 -98 123 89 94 60 11 11 10 -14 64 57 111 -91 7 84 125 56 -32 68 2 7 -47 17 14 -29 102 -97 85 104 126 -95 -37 -6 -65 -23 -14 48 5 -116 53 61 30 125 -119 -82 38 -20 -85 3 73 17 -22 -85 49 -24 -111 -57 -69 -90 44 -74 54 -11 -81 0 46 -70 -117 60 126 -74 40 -119 -58 -117 14 -115 -34 16 -78 47 87 99 60 100 -13 5 -74 50 -99 81 -37 -55 -76 -67 -84 -103 68 -22 -37 78 120 21 89 -10 -48 85 -53 -90 73 -112 95 63 39 58 20 101 36 49 38 -125 95 9 30 -111 -19 -32 -11 48 -113 90 -20 -53 -26 -84 -79 -12 -119 -101 50 117 120 -94 34 14 -55 -1 22 108 68 81 83 -38 -13 105 -50 -109 46 -71 19 68 52 18 11 -31 86 -30 62 -43 122 -58 43 -27 -92 -23 -10 -27 48 -54 -65 42 -48 62 77 -77 53 123 -118 -85 93 -123 -36 97 119 -30 14 -89 39 -72 102 9 36 -25 100 -79 -124 -100 -103 127 109 54 94 53 -77 -97 -112 -22 -60 25 70 25 -92 -92 67 102 -94 25 106 -68 -36 -7 26 13 -13 126 -37 -12 -32 -92 41 -55 -67 -32 2 71 -124 37 93 -7 -72 -83 30 -24 -102 51 103 11 -118 27 78 83 -108 -101 -54 106 -40 15 -38 10 -107 -23 -103 32 -85 97 13 115 96 -1 -59 -74 40 -32 103 29 62 112 -96 116 91 18 -16 -119 79 90 118 127 -99 -13 124 52 54 25 -1 33 68 75 -84 -20 -104 -59 26 -52 -123 -85 -42 53 11 69 -42 -58 20 -2 -77 27 -13 18 -77 0 -109 -109 -56 -65 65 55 76 -4 77 -39 -64 -104 96 29 -44
672 -4 77 -92 -42 9 41 17 -79 -1 -92 -41 -73 36 -99 -73 -31 -11 101 -90 -7 123 -61 108 52 -125 -120 -75 104 -91 -65 70 30 -44 42 -68 87 -79 36 -14 -53 -6 1 67 -20 -66 100 110 101 -49 -67 95 -31 -106 -87 71 -110 92 -28 -40 -107 79 -125 119 51 -120 89 -92 122 65 89 -30 -54 -20 79 110 -77 4 -13 -100 -104 88 37 10 -86 -98 -36 -65 17 33 -49 98 -37 -78 46 122 -118 -28 123 -84 66 -55 -11 50 -86 -21 33 -60 -106 26 19 -52 -95 -94 88 -84 79 -29 -116 -20 -48 21 103 66 -103 -24 -47 11 8 77 121 -121 -54 -81 -119 71 3 -124 16 108 72 108 -38 -53 18 -1 -4 -122 -107 1 105 -53 77 12 32 21 -114 -56 -2 -15 -84 92 116 56 -64 -124 0 109 91 80 83 -115 111 75 -40 41 -14 110 -88 -97 -101 86 -82 82 105 106 33 -21 -92 103 -114 -23 102 -23 -64 37 -85 -34 -81 102 -106 35 -112 -94 26 -91 26 -53 -69 12 70 -80 70 -63 111 -79 -126 -127 -18 -100 18 10 -41 -75 126 -75 -112 13 -122 -55 35 54 -96 -44 19 -36 -104 76 -76 -44 83 78 20 2 104 123 -65 -63 -57 81 -47 54 -8 108 -125 17 12 -53 -33 -38 78 86 16 -65 -115 68 -21 87 107 49 57 42 17 -114 -95 -52 105 65 32 -5 61 -125 74 -49 108 11 -108 -98 -67 -1 -115 -115 30 -31 116 -79 -47 -20 -3 -31 40 86 -96 -13 122 -91 16 91 15 110 9 -101 -120 11 -58 34 -121 -2 62 -103 -36 -102 104 47 -95 119 -113 -75 -118 98 -82 -110 16 -7 21 45 53 -24 -11 79 -80 -44 2 19 -75 36 18 18 -74 -15 98 115 -14 96 69 7 -75 115 107 -124 -126 89 45 16 110 75 76 114 33 72 -121 -66 115 -30 -122 74 52 60 -95 -119 54 -80 -53 57 -34 99 95 -68 -113 -4 -41 72 -9 118 18 31 123 87 -67 3 58 97 -43 -47 -58 -35 -91 23 -102 110 -123 -15 -115 -43 60 -97 113 43 -75 122 -95 -81 27 20 65 -103 13 -98 113 112 73 -36 -55 -92 17 -57 53 -63 84 34 -119 91 -39 -30 74 127 125 -9 -47 -88 -83 62 1 107 1 -91 -19 56 -77 -65 -105 11 22 19 -92 -6 2 47 80 -58 -104 -81 101 27 -121 -89 -48 0 -66 -80 115 105 91 73 47 100 63 19 101 25 -32 88 6 -114 -67 11 -16 12 -1 -120 49 55 19 -125 43 49 37 33 -100 -70 -114 105 -123 -35 -72 123 86 88 -114 93 49 -7 -115 78 16 49 106 64 92 -65 -62 59 88 -93 -42 -50 -71 -15 -126 -125 18 21 -62 -13 92 101 -42 -31 -21 -44 -63 117 -119 -101 -123 68 -40 -4 33 -15 -80 35 -65 -103 -111 -94 -62 -18 52 -124 -99 1 0 -56 14 74 23 30 40 -49 -71 90 61 -97 44 98 66 -84 43 106 39 -94 32 51 58 -127 -87 -100 28 -104 79 37 38 19 104 16 104 74 84 -52 6 -8 79 -24 121 -125 94 -93 -69 92 18 73 -75 77 -4 84 125 96 125 -18 31 17 73 -18 -63 -67 22 62 7 -121 38 67 -25 -31 97 122 -91 34 -41 -98 -64 -108 -74 -34 117 65 -16 -93 112 38 -82 -98 -107 -4 -114 -43 -109 -3 -104 101 127 -24 15
2 845 12 1527 12
672 0 10 1 3 2 0 3 0 4 2 5 7 6 0 7 0 8 0 9 0 10 0 11 0 12 0 13 0 14 0 15 0 16 0 17 20 18 0 19 17 20 69 21 0 22 63 23 25 24 0 25 0 26 0 27 37 28 0 29 0 30 46 31 21 32 0 33 30 34 0 35 50 36 0 37 2 38 0 39 0 40 15 41 0 42 20 43 0 44 0 45 51 46 63 47 34 48 0 49 0 50 23 51 1 52 0 53 0 54 15 55 0 56 52 57 15 58 0 59 0 60 23 61 0 62 27 63 0 64 0 65 33 66 0 67 41 68 2 69 31 70 0 71 0 72 0 73 30 74 22 75 0 76 0 77 10 78 0 79 0 80 42 81 23 82 23 83 0 84 0 85 0 86 0 87 0 88 20 89 0 90 27 91 0 92 0 93 37 94 67 95 0 96 0 97 65 98 0 99 12 100 0 101 0 102 38 103 0 104 0 105 0 106 0 107 0 108 27 109 25 110 0 111 0 112 0 113 58 114 0 115 29 116 0 117 0 118 0 119 0 120 19 121 31 122 44 123 0 124 0 125 8 126 0 127 0 128 35 129 59 130 0 131 0 132 0 133 0 134 8 135 0 136 0 137 17 138 17 139 14 140 41 141 0 142 0 143 16 144 0 145 7 146 0 147 0 148 15 149 13 150 0 151 34 152 25 153 0 154 0 155 0 156 0 157 0 158 17 159 0 160 60 161 43 162 0 163 0 164 0 165 0 166 17 167 26 168 36 169 9 170 0 171 16 172 19 173 0 174 2 175 14 176 40 177 0 178 0 179 0 180 15 181 0 182 41 183 27 184 58 185 9 186 5 187 0 188 16 189 0 190 0 191 27 192 14 193 0 194 4 195 0 196 9 197 0 198 28 199 0 200 6 201 0 202 0 203 0 204 0 205 0 206 0 207 0 208 0 209 15 210 0 211 3 212 0 213 32 214 0 215 0 216 0 217 14 218 0 219 14 220 21 221 9 222 0 223 29 224 0 225 0 226 19 227 0 228 0 229 39 230 16 231 0 232 0 233 0 234 0 235 0 236 27 237 0 238 0 239 23 240 37 241 0 242 0 243 50 244 60 245 0 246 2 247 3 248 17 249 0 250 44 251 20 252 57 253 0 254 0 255 24 256 0 257 7 258 0 259 11 260 12 261 9 262 0 263 0 264 39 265 0 266 51 267 36 268 0 269 15 270 6 271 6 272 0 273 0 274 0 275 60 276 26 277 32 278 3 279 9 280 0 281 19 282 8 283 51 284 10 285 0 286 0 287 0 288 5 289 0 290 0 291 8 292 0 293 55 294 0 295 0 296 0 297 0 298 0 299 33 300 18 301 0 302 0 303 31 304 0 305 31 306 16 307 18 308 55 309 2 310 0 311 0 312 30 313 0 314 38 315 0 316 0 317 28 318 0 319 13 320 0 321 38 322 27 323 0 324 48 325 0 326 0 327 0 328 17 329 0 330 0 331 25 332 9 333 10 334 19 335 22 336 0 337 9 338 41 339 0 340 0 341 2 342 24 343 0 344 25 345 0 346 21 347 0 348 0 349 27 350 47 351 0 352 30 353 47 354 0 355 0 356 64 357 66 358 0 359 0 360 32 361 4 362 1 363 38 364 38 365 29 366 18 367 23 368 40 369 0 370 1 371 18 372 0 373 0 374 24 375 1 376 23 377 0 378 0 379 15 380 0 381 0 382 16 383 0 384 25 385 21 386 0 387 0 388 0 389 0 390 25 391 0 392 44 393 16 394 0 395 22 396 44 397 1 398 0 399 30 400 11 401 0 402 0 403 0 404 0 405 0 406 12 407 0 408 51 409 0 410 14 411 0 412 5 413 19 414 0 415 27 416 26 417 0 418 62 419 0 420 0 421 0 422 0 423 7 424 0 425 19 426 0 427 34 428 58 429 52 430 0 431 0 432 0 433 0 434 0 435 9 436 0 437 46 438 0 439 0 440 47 441 0 442 1 443 32 444 68 445 54 446 7 447 0 448 0 449 0 450 25 451 6 452 17 453 0 454 0 455 0 456 31 457 0 458 0 459 0 460 0 461 3 462 0 463 0 464 0 465 0 466 0 467 40 468 2 469 0 470 0 471 45 472 13 473 0 474 0 475 0 476 22 477 0 478 0 479 60 480 31 481 31 482 49 483 8 484 15 485 32 486 0 487 42 488 23 489 0 490 37 491 4 492 0 493 0 494 0 495 7 496 0 497 25 498 0 499 27 500 15 501 0 502 0 503 14 504 12 505 24 506 1 507 0 508 0 509 0 510 52 511 0 512 0 513 0 514 71 515 8 516 15 517 0 518 10 519 11 520 17 521 0 522 23 523 9 524 0 525 48 526 9 527 55 528 0 529 0 530 17 531 54 532 0 533 0 534 0 535 0 536 20 537 0 538 0 539 26 540 19 541 0 542 0 543 11 544 33 545 0 546 0 547 6 548 0 549 0 550 25 551 0 552 0 553 0 554 30 555 7 556 0 557 5 558 0 559 0 560 16 561 0 562 0 563 0 564 0 565 0 566 0 567 27 568 0 569 0 570 0 571 0 572 0 573 0 574 36 575 28 576 10 577 0 578 0 579 0 580 29 581 2 582 0 583 37 584 39 585 1 586 0 587 32 588 57 589 0 590 0 591 1 592 41 593 14 594 0 595 0 596 0 597 0 598 0 599 8 600 21 601 0 602 27 603 42 604 30 605 59 606 28 607 19 608 0 609 10 610 0 611 50 612 0 613 58 614 0 615 15 616 0 617 0 618 38 619 4 620 2 621 0 622 48 623 23 624 57 625 27 626 33 627 73 628 4 629 23 630 11 631 27 632 0 633 0 634 0 635 0 636 19 637 0 638 0 639 19 640 14 641 0 642 0 643 27 644 56 645 0 646 27 647 0 648 0 649 0 650 0 651 0 652 0 653 41 654 28 655 0 656 0 657 20 658 0 659 0 660 0 661 0 662 10 663 0 664 0 665 0 666 0 667 0 668 17 669 67 670 0 671 0
4 0 36 32 1 0 1 0 0
1152 -55 35 102 -20 43 -50 -60 114 50 78 -95 -117 -23 -44 -99 -44 17 -43 114 -25 -76 -107 96 -83 -37 -86 115 14 27 46 41 -118 74 -47 -111 116 -21 60 50 56 6 12 43 -125 -26 37 36 -95 98 13 67 -103 66 -2 -72 42 -34 -54 -125 64 -6 116 113 -30 -119 -121 -31 27 -115 -67 90 -57 109 8 85 -62 72 95 -9 -54 109 -98 -74 38 -23 -97 -11 63 55 49 -41 -85 -13 -57 -111 -46 66 102 -7 121 8 68 91 -65 16 122 -107 -56 56 -78 -104 -5 -120 -117 -50 102 74 -79 105 57 54 -99 -31 -53 -2 127 -97 16 -55 68 -82 -47 -112 -103 -123 -1 -73 28 90 -43 -23 -66 -122 88 41 63 -65 -67 125 -3 64 -4 66 68 -43 6 66 24 -80 34 -44 -66 -4 -113 43 47 32 -42 55 80 82 112 17 49 92 92 26 -114 122 88 36 72 -120 70 65 -43 102 -123 62 -1 43 9 11 104 52 -19 2 5 -52 66 94 53 -123 -109 14 -106 27 -18 103 -123 7 -58 89 -121 -124 91 -71 -117 94 -43 -121 101 38 33 -60 -1 29 43 84 -23 121 -61 32 -120 115 72 92 -3 64 -56 116 -16 7 -1 -1 -24 -23 1 102 12 -72 -48 110 -6 -36 -36 122 106 25 -83 89 41 18 -38 -70 113 -113 -97 20 -121 -39 -89 -35 10 60 115 119 14 59 -52 -28 56 33 -10 -13 -3 -121 34 2 53 -96 82 33 -20 -121 73 60 22 9 -33 -49 -42 -21 -113 -115 127 54 -50 80 -89 -56 100 69 -2 88 89 -41 -75 26 92 112 91 97 122 -69 19 19 -116 -124 108 120 13 74 1 15 -37 11 -91 40 39 61 106 13 -12 73 -21 56 14 15 7 44 126 107 73 83 125 -72 -88 -25 31 84 41 72 -19 54 -126 -69 -20 98 -123 126 70 2 65 -70 70 -65 57 86 -43 59 -2 -96 114 13 119 25 102 4 -87 10 -60 33 -4 -2 -44 -53 -17 47 41 77 93 -39 -95 49 17 66 36 117 68 -9 -44 -43 -99 107 0 60 126 111 -95 -90 -52 25 51 -50 -25 -84 104 61 77 -76 -75 -20 85 -43 58 71 107 -89 86 29 -118 -124 14 26 64 -120 52 -126 -29 12 -16 69 78 -66 -13 87 8 -104 72 -120 -20 -85 -15 -33 68 4 2 -54 -10 45 -62 -19 31 -125 58 75 83 -105 117 -46 -7 -88 -23 68 102 82 -3 78 64 120 -96 -96 111 108 47 49 -74 -97 -123 123 3 -99 -88 -101 81 44 -118 -66 -98 -99 -105 111 -92 99 -105 -79 12 -48 96 31 77 17 44 95 -1 20 -83 30 23 110 -59 -80 -77 -123 52 -43 51 110 17 43 -76 -9 -37 -111 -6 -11 -34 -119 7 -78 -109 -73 62 -5 61 72 -87 -98 100 54 -13 3 -121 48 107 -124 -99 114 -75 -104 -26 -120 -91 -32 47 106 -53 98 -65 -118 -97 -45 82 -69 -75 97 -61 21 77 84 -27 32 50 -38 73 52 96 97 9 -70 -70 -97 82 25 23 29 15 73 -88 -52 32 87 26 -12 -36 -33 62 38 -12 91 -68 -34 47 62 105 126 83 54 -41 -31 70 27 77 120 -124 58 -89 56 -31 37 50 -9 -35 -7 -55 -104 12 127 -100 115 90 33 115 -36 63 -82 10 59 28 38 64 -113 66 -36 -20 -38 -93 56 -65 53 -122 23 9 -5 71 35 -94 114 56 29 -17 -66 5 17 -58 -88 -115 44 110 30 96 11 -6 -6 -115 126 17 36 -25 -90 10 108 -18 -97 -114 -125 95 99 -108 47 -76 120 62 -94 19 2 50 -43 -56 115 -12 60 42 -90 44 70 81 -53 98 -43 108 49 75 49 -41 -73 -57 86 101 -38 -104 -118 -26 125 2 12 -6 -10 19 -77 109 25 -108 -5 -96 41 -60 -8 125 81 26 -64 73 29 71 -19 15 -34 83 -24 19 41 14 -57 -117 -96 -43 -95 5 45 -83 122 -113 -108 124 -67 -69 125 11 50 12 63 78 11 126 -7 -3 3 -102 -37 -102 -43 -76 -12 -104 -104 -97 35 102 -5 124 44 -90 97 -7 -52 65 -105 79 -12 -94 96 27 3 -61 3 123 -94 49 24 -79 82 62 -109 -117 33 -118 -48 -56 59 -4 127 -67 -11 5 32 -76 84 -34 61 -30 -73 -18 86 4 26 -92 -109 124 22 97 -68 36 -19 -50 -75 -53 -90 -87 -57 -36 -100 126 -91 -33 121 47 93 102 79 50 91 13 -20 -99 119 75 69 -75 109 -35 -31 -80 -80 -25 100 -62 117 31 60 -89 -116 93 -35 114 60 45 -121 -61 -7 -45 82 26 69 98 -84 56 110 30 -73 92 44 75 -110 52 -112 -79 -121 0 25 89 -36 -27 -4 -111 96 -105 -101 52 77 58 93 -67 -103 -67 -23 85 -73 76 93 -79 62 -9 97 -79 -125 -69 38 90 -81 -124 100 120 -30 -86 -114 16 -37 -17 -110 -35 -19 116 101 43 -124 -23 -23 81 -38 -45 84 -42 57 92 106 -19 -32 -36 127 -17 50 -40 -96 93 45 2 16 11 -96 30 58 11 119 -20 35 -106 -67 -96 -49 -108 -63 -57 -79 -11 21 -92 -56 118 -125 18 75 -5 79 -49 35 13 93 58 69 -103 -101 42 -50 126 -104 -78 -61 -65 60 -45 23 35 -53 41 72 123 -75 104 90 18 50 79 -101 8 82 37 102 12 -12 -7 -35 -94 82 84 -21 -100 -28 -22 44 -101 -112 72 -66 101 -15 -44 116 86 11 -54 -24 105 62 50 -4 92 -120 -123 86 60 18 -119 -67 -33 -43 -65 46 -88 99 -8 -7 63 -127 70 15 120 80 -57 84 -114 -121 88 -51 14 -92 87 126 117 -107 126 -17 38 123 16 87 -21 -43 -24 -76 -65 -60 -106 37 96 -56 -17 65 -86 36 -94 -82 100 23 65 -85 -63 82 46 -59 58
0
1 427 12
36 0 -30 1 23 2 -51 3 12 4 -29 5 76 6 -23 7 43 8 13 9 14 10 97 11 62 12 45 13 15 14 -20 15 -36 16 13 17 -90 18 27 19 67 20 11 21 25 22 35 23 7 24 -9 25 -32 26 -9 27 -4 28 38 29 -18 30 -1 31 -48 32 35 33 42 34 -6 35 -7
4 0 20 2 1 0 1 0 0
40 -100 -40 -8 -79 -94 -9 -7 77 9 99 98 -64 37 -54 -111 42 -112 -46 101 52 -46 120 32 -68 120 -120 -81 52 113 -6 58 37 -44 101 46 12 -12 -65 -39 -105
0
1 193 11
20 0 -13 1 -8 2 -10 3 7 4 10 5 3 6 -2 7 -7 8 -15 9 14 10 7 11 -3 12 0 13 -3 14 10 15 9 16 5 17 5 18 -7 19 -14
