18356
3 1 0 0 0 0 0 0
3 0 0 0 0 0 0 0
3 0 0 0 0 0 0 0
3 0 1 0 0 1 0 0
3 1 0 -1 0 0 0 0
3 0 0 -1 0 0 0 0
3 0 0 -1 0 0 0 0
3 0 1 -1 0 1 -1 0
3 1 0 -127 0 0 0 0
3 0 0 -127 0 0 0 0
3 0 0 -127 0 0 0 0
3 0 1 -127 0 1 -127 0
3 1 0 -127 0 0 0 0
3 0 0 -126 0 0 0 0
3 0 0 -128 0 0 0 0
3 0 1 -5 0 1 -5 0
3 1 0 127 0 0 0 0
3 0 0 -127 0 0 0 0
3 0 0 127 0 0 0 0
3 0 1 -127 0 1 127 0
3 1 0 -100 0 0 0 0
3 0 0 -99 0 0 0 0
3 0 0 -98 0 0 0 0
3 0 1 -97 0 1 -97 0
3 1 0 -30 0 0 0 0
3 0 1 -21 0 1 -21 0
3 1 0 10 0 0 0 0
3 0 1 66 0 1 66 0
3 1 0 -4 0 0 0 0
3 0 0 -25 0 0 0 0
3 0 1 -51 0 1 -4 0
3 1 0 122 0 0 0 0
3 0 0 91 0 0 0 0
3 0 1 55 0 1 122 0
3 1 0 -93 0 0 0 0
3 0 0 -56 0 0 0 0
3 0 0 -93 0 0 0 0
3 0 1 -104 0 1 -56 0
3 1 0 64 0 0 0 0
3 0 0 37 0 0 0 0
3 0 0 79 0 0 0 0
3 0 1 25 0 1 79 0
3 1 0 -110 0 0 0 0
3 0 0 -44 0 0 0 0
3 0 0 -8 0 0 0 0
3 0 0 -103 0 0 0 0
3 0 0 -38 0 0 0 0
3 0 0 -17 0 0 0 0
3 0 0 -48 0 0 0 0
3 0 1 -76 0 1 -8 0
3 1 0 122 0 0 0 0
3 0 0 113 0 0 0 0
3 0 0 66 0 0 0 0
3 0 0 15 0 0 0 0
3 0 0 3 0 0 0 0
3 0 0 23 0 0 0 0
3 0 0 102 0 0 0 0
3 0 1 0 0 1 122 0
4 1 0 127 0 0 0 0
4 0 0 127 0 0 0 0
4 0 0 127 0 0 0 0
4 0 0 127 0 0 0 0
4 0 0 127 0 0 0 0
4 0 0 127 0 0 0 0
4 0 0 127 0 0 0 0
4 0 0 127 0 0 0 0
4 0 0 127 0 0 0 0
4 0 0 127 0 0 0 0
4 0 0 127 0 0 0 0
4 0 0 127 0 0 0 0
4 0 0 127 0 0 0 0
4 0 0 127 0 0 0 0
4 0 0 127 0 0 0 0
4 0 0 127 0 0 0 0
4 0 0 127 0 0 0 0
4 0 0 127 0 0 0 0
4 0 0 127 0 0 0 0
4 0 0 127 0 0 0 0
4 0 0 127 0 0 0 0
4 0 0 127 0 0 0 0
4 0 0 127 0 0 0 0
4 0 0 127 0 0 0 0
4 0 0 127 0 0 0 0
4 0 0 127 0 0 0 0
4 0 0 127 0 0 0 0
4 0 0 127 0 0 0 0
4 0 0 127 0 0 0 0
4 0 0 127 0 0 0 0
4 0 0 127 0 0 0 0
4 0 0 127 0 0 0 0
4 0 0 127 0 0 0 0
4 0 0 127 0 0 0 0
4 0 0 127 0 0 0 0
4 0 0 127 0 0 0 0
4 0 0 127 0 0 0 0
4 0 0 127 0 0 0 0
4 0 0 127 0 0 0 0
4 0 0 127 0 0 0 0
4 0 0 127 0 0 0 0
4 0 0 127 0 0 0 0
4 0 0 127 0 0 0 0
4 0 0 127 0 0 0 0
4 0 0 127 0 0 0 0
4 0 0 127 0 0 0 0
4 0 0 127 0 0 0 0
4 0 0 127 0 0 0 0
4 0 0 127 0 0 0 0
4 0 0 127 0 0 0 0
4 0 0 127 0 0 0 0
4 0 0 127 0 0 0 0
4 0 0 127 0 0 0 0
4 0 0 127 0 0 0 0
4 0 0 127 0 0 0 0
4 0 0 127 0 0 0 0
4 0 0 127 0 0 0 0
4 0 0 127 0 0 0 0
4 0 0 127 0 0 0 0
4 0 0 127 0 0 0 0
4 0 0 127 0 0 0 0
4 0 0 127 0 0 0 0
4 0 0 127 0 0 0 0
4 0 0 127 0 0 0 0
4 0 0 127 0 0 0 0
4 0 0 127 0 0 0 0
4 0 0 127 0 0 0 0
4 0 0 127 0 0 0 0
4 0 0 127 0 0 0 0
4 0 0 127 0 0 0 0
4 0 0 127 0 0 0 0
4 0 0 127 0 0 0 0
4 0 0 127 0 0 0 0
4 0 0 127 0 0 0 0
4 0 0 127 0 0 0 0
4 0 0 127 0 0 0 0
4 0 0 127 0 0 0 0
4 0 0 127 0 0 0 0
4 0 0 127 0 0 0 0
4 0 0 127 0 0 0 0
4 0 0 127 0 0 0 0
4 0 0 127 0 0 0 0
4 0 0 127 0 0 0 0
4 0 0 127 0 0 0 0
4 0 0 127 0 0 0 0
4 0 0 127 0 0 0 0
4 0 0 127 0 0 0 0
4 0 0 127 0 0 0 0
4 0 0 127 0 0 0 0
4 0 0 127 0 0 0 0
4 0 0 127 0 0 0 0
4 0 0 127 0 0 0 0
4 0 0 127 0 0 0 0
4 0 0 127 0 0 0 0
4 0 0 127 0 0 0 0
4 0 0 127 0 0 0 0
4 0 0 127 0 0 0 0
4 0 0 127 0 0 0 0
4 0 0 127 0 0 0 0
4 0 0 127 0 0 0 0
4 0 0 127 0 0 0 0
4 0 0 127 0 0 0 0
4 0 0 127 0 0 0 0
4 0 0 127 0 0 0 0
4 0 0 127 0 0 0 0
4 0 0 127 0 0 0 0
4 0 0 127 0 0 0 0
4 0 0 127 0 0 0 0
4 0 0 127 0 0 0 0
4 0 0 127 0 0 0 0
4 0 0 127 0 0 0 0
4 0 0 127 0 0 0 0
4 0 0 127 0 0 0 0
4 0 0 127 0 0 0 0
4 0 0 127 0 0 0 0
4 0 0 127 0 0 0 0
4 0 0 127 0 0 0 0
4 0 0 127 0 0 0 0
4 0 0 127 0 0 0 0
4 0 0 127 0 0 0 0
4 0 0 127 0 0 0 0
4 0 0 127 0 0 0 0
4 0 0 127 0 0 0 0
4 0 0 127 0 0 0 0
4 0 0 127 0 0 0 0
4 0 0 127 0 0 0 0
4 0 0 127 0 0 0 0
4 0 1 127 0 1 0 16256
4 1 0 -127 0 0 0 0
4 0 0 -127 0 0 0 0
4 0 0 -127 0 0 0 0
4 0 0 -127 0 0 0 0
4 0 0 -127 0 0 0 0
4 0 0 -127 0 0 0 0
4 0 0 -127 0 0 0 0
4 0 0 -127 0 0 0 0
4 0 0 -127 0 0 0 0
4 0 0 -127 0 0 0 0
4 0 0 -127 0 0 0 0
4 0 0 -127 0 0 0 0
4 0 0 -127 0 0 0 0
4 0 0 -127 0 0 0 0
4 0 0 -127 0 0 0 0
4 0 0 -127 0 0 0 0
4 0 0 -127 0 0 0 0
4 0 0 -127 0 0 0 0
4 0 0 -127 0 0 0 0
4 0 0 -127 0 0 0 0
4 0 0 -127 0 0 0 0
4 0 0 -127 0 0 0 0
4 0 0 -127 0 0 0 0
4 0 0 -127 0 0 0 0
4 0 0 -127 0 0 0 0
4 0 0 -127 0 0 0 0
4 0 0 -127 0 0 0 0
4 0 0 -127 0 0 0 0
4 0 0 -127 0 0 0 0
4 0 0 -127 0 0 0 0
4 0 0 -127 0 0 0 0
4 0 0 -127 0 0 0 0
4 0 0 -127 0 0 0 0
4 0 0 -127 0 0 0 0
4 0 0 -127 0 0 0 0
4 0 0 -127 0 0 0 0
4 0 0 -127 0 0 0 0
4 0 0 -127 0 0 0 0
4 0 0 -127 0 0 0 0
4 0 0 -127 0 0 0 0
4 0 0 -127 0 0 0 0
4 0 0 -127 0 0 0 0
4 0 0 -127 0 0 0 0
4 0 0 -127 0 0 0 0
4 0 0 -127 0 0 0 0
4 0 0 -127 0 0 0 0
4 0 0 -127 0 0 0 0
4 0 0 -127 0 0 0 0
4 0 0 -127 0 0 0 0
4 0 0 -127 0 0 0 0
4 0 0 -127 0 0 0 0
4 0 0 -127 0 0 0 0
4 0 0 -127 0 0 0 0
4 0 0 -127 0 0 0 0
4 0 0 -127 0 0 0 0
4 0 0 -127 0 0 0 0
4 0 0 -127 0 0 0 0
4 0 0 -127 0 0 0 0
4 0 0 -127 0 0 0 0
4 0 0 -127 0 0 0 0
4 0 0 -127 0 0 0 0
4 0 0 -127 0 0 0 0
4 0 0 -127 0 0 0 0
4 0 0 -127 0 0 0 0
4 0 0 -127 0 0 0 0
4 0 0 -127 0 0 0 0
4 0 0 -127 0 0 0 0
4 0 0 -127 0 0 0 0
4 0 0 -127 0 0 0 0
4 0 0 -127 0 0 0 0
4 0 0 -127 0 0 0 0
4 0 0 -127 0 0 0 0
4 0 0 -127 0 0 0 0
4 0 0 -127 0 0 0 0
4 0 0 -127 0 0 0 0
4 0 0 -127 0 0 0 0
4 0 0 -127 0 0 0 0
4 0 0 -127 0 0 0 0
4 0 0 -127 0 0 0 0
4 0 0 -127 0 0 0 0
4 0 0 -127 0 0 0 0
4 0 0 -127 0 0 0 0
4 0 0 -127 0 0 0 0
4 0 0 -127 0 0 0 0
4 0 0 -127 0 0 0 0
4 0 0 -127 0 0 0 0
4 0 0 -127 0 0 0 0
4 0 0 -127 0 0 0 0
4 0 0 -127 0 0 0 0
4 0 0 -127 0 0 0 0
4 0 0 -127 0 0 0 0
4 0 0 -127 0 0 0 0
4 0 0 -127 0 0 0 0
4 0 0 -127 0 0 0 0
4 0 0 -127 0 0 0 0
4 0 0 -127 0 0 0 0
4 0 0 -127 0 0 0 0
4 0 0 -127 0 0 0 0
4 0 0 -127 0 0 0 0
4 0 0 -127 0 0 0 0
4 0 0 -127 0 0 0 0
4 0 0 -127 0 0 0 0
4 0 0 -127 0 0 0 0
4 0 0 -127 0 0 0 0
4 0 0 -127 0 0 0 0
4 0 0 -127 0 0 0 0
4 0 0 -127 0 0 0 0
4 0 0 -127 0 0 0 0
4 0 0 -127 0 0 0 0
4 0 0 -127 0 0 0 0
4 0 0 -127 0 0 0 0
4 0 0 -127 0 0 0 0
4 0 0 -127 0 0 0 0
4 0 0 -127 0 0 0 0
4 0 0 -127 0 0 0 0
4 0 0 -127 0 0 0 0
4 0 0 -127 0 0 0 0
4 0 0 -127 0 0 0 0
4 0 0 -127 0 0 0 0
4 0 0 -127 0 0 0 0
4 0 0 -127 0 0 0 0
4 0 0 -127 0 0 0 0
4 0 0 -127 0 0 0 0
4 0 0 -127 0 0 0 0
4 0 0 -127 0 0 0 0
4 0 0 -127 0 0 0 0
4 0 0 -127 0 0 0 0
4 0 1 -127 0 1 0 -16256
4 1 0 0 0 0 0 0
4 0 0 0 0 0 0 0
4 0 0 0 0 0 0 0
4 0 0 0 0 0 0 0
4 0 0 0 0 0 0 0
4 0 0 0 0 0 0 0
4 0 0 0 0 0 0 0
4 0 0 0 0 0 0 0
4 0 0 0 0 0 0 0
4 0 0 0 0 0 0 0
4 0 0 0 0 0 0 0
4 0 0 0 0 0 0 0
4 0 0 0 0 0 0 0
4 0 0 0 0 0 0 0
4 0 0 0 0 0 0 0
4 0 0 0 0 0 0 0
4 0 0 0 0 0 0 0
4 0 0 0 0 0 0 0
4 0 0 0 0 0 0 0
4 0 0 0 0 0 0 0
4 0 0 0 0 0 0 0
4 0 0 0 0 0 0 0
4 0 0 0 0 0 0 0
4 0 0 0 0 0 0 0
4 0 0 0 0 0 0 0
4 0 0 0 0 0 0 0
4 0 0 0 0 0 0 0
4 0 0 0 0 0 0 0
4 0 0 0 0 0 0 0
4 0 0 0 0 0 0 0
4 0 0 0 0 0 0 0
4 0 0 0 0 0 0 0
4 0 0 0 0 0 0 0
4 0 0 0 0 0 0 0
4 0 0 0 0 0 0 0
4 0 0 0 0 0 0 0
4 0 0 0 0 0 0 0
4 0 0 0 0 0 0 0
4 0 0 0 0 0 0 0
4 0 0 0 0 0 0 0
4 0 0 0 0 0 0 0
4 0 0 0 0 0 0 0
4 0 0 0 0 0 0 0
4 0 0 0 0 0 0 0
4 0 0 0 0 0 0 0
4 0 0 0 0 0 0 0
4 0 0 0 0 0 0 0
4 0 0 0 0 0 0 0
4 0 0 0 0 0 0 0
4 0 0 0 0 0 0 0
4 0 0 0 0 0 0 0
4 0 0 0 0 0 0 0
4 0 0 0 0 0 0 0
4 0 0 0 0 0 0 0
4 0 0 0 0 0 0 0
4 0 0 0 0 0 0 0
4 0 0 0 0 0 0 0
4 0 0 0 0 0 0 0
4 0 0 0 0 0 0 0
4 0 0 0 0 0 0 0
4 0 0 0 0 0 0 0
4 0 0 0 0 0 0 0
4 0 0 0 0 0 0 0
4 0 0 0 0 0 0 0
4 0 0 0 0 0 0 0
4 0 0 0 0 0 0 0
4 0 0 0 0 0 0 0
4 0 0 0 0 0 0 0
4 0 0 0 0 0 0 0
4 0 0 0 0 0 0 0
4 0 0 0 0 0 0 0
4 0 0 0 0 0 0 0
4 0 0 0 0 0 0 0
4 0 0 0 0 0 0 0
4 0 0 0 0 0 0 0
4 0 0 0 0 0 0 0
4 0 0 0 0 0 0 0
4 0 0 0 0 0 0 0
4 0 0 0 0 0 0 0
4 0 0 0 0 0 0 0
4 0 0 0 0 0 0 0
4 0 0 0 0 0 0 0
4 0 0 0 0 0 0 0
4 0 0 0 0 0 0 0
4 0 0 0 0 0 0 0
4 0 0 0 0 0 0 0
4 0 0 0 0 0 0 0
4 0 0 0 0 0 0 0
4 0 0 0 0 0 0 0
4 0 0 0 0 0 0 0
4 0 0 0 0 0 0 0
4 0 0 0 0 0 0 0
4 0 0 0 0 0 0 0
4 0 0 0 0 0 0 0
4 0 0 0 0 0 0 0
4 0 0 0 0 0 0 0
4 0 0 0 0 0 0 0
4 0 0 0 0 0 0 0
4 0 0 0 0 0 0 0
4 0 0 0 0 0 0 0
4 0 0 0 0 0 0 0
4 0 0 0 0 0 0 0
4 0 0 0 0 0 0 0
4 0 0 0 0 0 0 0
4 0 0 0 0 0 0 0
4 0 0 0 0 0 0 0
4 0 0 0 0 0 0 0
4 0 0 0 0 0 0 0
4 0 0 0 0 0 0 0
4 0 0 0 0 0 0 0
4 0 0 0 0 0 0 0
4 0 0 0 0 0 0 0
4 0 0 0 0 0 0 0
4 0 0 0 0 0 0 0
4 0 0 0 0 0 0 0
4 0 0 0 0 0 0 0
4 0 0 0 0 0 0 0
4 0 0 0 0 0 0 0
4 0 0 0 0 0 0 0
4 0 0 0 0 0 0 0
4 0 0 0 0 0 0 0
4 0 0 0 0 0 0 0
4 0 0 0 0 0 0 0
4 0 0 0 0 0 0 0
4 0 0 0 0 0 0 0
4 0 0 0 0 0 0 0
4 0 0 0 0 0 0 0
4 0 1 0 0 1 0 0
4 1 0 127 0 0 0 0
4 0 0 -127 0 0 0 0
4 0 0 127 0 0 0 0
4 0 0 -127 0 0 0 0
4 0 0 127 0 0 0 0
4 0 0 -127 0 0 0 0
4 0 0 127 0 0 0 0
4 0 0 -127 0 0 0 0
4 0 0 127 0 0 0 0
4 0 0 -127 0 0 0 0
4 0 0 127 0 0 0 0
4 0 0 -127 0 0 0 0
4 0 0 127 0 0 0 0
4 0 0 -127 0 0 0 0
4 0 0 127 0 0 0 0
4 0 0 -127 0 0 0 0
4 0 0 127 0 0 0 0
4 0 0 -127 0 0 0 0
4 0 0 127 0 0 0 0
4 0 0 -127 0 0 0 0
4 0 0 127 0 0 0 0
4 0 0 -127 0 0 0 0
4 0 0 127 0 0 0 0
4 0 0 -127 0 0 0 0
4 0 0 127 0 0 0 0
4 0 0 -127 0 0 0 0
4 0 0 127 0 0 0 0
4 0 0 -127 0 0 0 0
4 0 0 127 0 0 0 0
4 0 0 -127 0 0 0 0
4 0 0 127 0 0 0 0
4 0 0 -127 0 0 0 0
4 0 0 127 0 0 0 0
4 0 0 -127 0 0 0 0
4 0 0 127 0 0 0 0
4 0 0 -127 0 0 0 0
4 0 0 127 0 0 0 0
4 0 0 -127 0 0 0 0
4 0 0 127 0 0 0 0
4 0 0 -127 0 0 0 0
4 0 0 127 0 0 0 0
4 0 0 -127 0 0 0 0
4 0 0 127 0 0 0 0
4 0 0 -127 0 0 0 0
4 0 0 127 0 0 0 0
4 0 0 -127 0 0 0 0
4 0 0 127 0 0 0 0
4 0 0 -127 0 0 0 0
4 0 0 127 0 0 0 0
4 0 0 -127 0 0 0 0
4 0 0 127 0 0 0 0
4 0 0 -127 0 0 0 0
4 0 0 127 0 0 0 0
4 0 0 -127 0 0 0 0
4 0 0 127 0 0 0 0
4 0 0 -127 0 0 0 0
4 0 0 127 0 0 0 0
4 0 0 -127 0 0 0 0
4 0 0 127 0 0 0 0
4 0 0 -127 0 0 0 0
4 0 0 127 0 0 0 0
4 0 0 -127 0 0 0 0
4 0 0 127 0 0 0 0
4 0 0 -127 0 0 0 0
4 0 0 127 0 0 0 0
4 0 0 -127 0 0 0 0
4 0 0 127 0 0 0 0
4 0 0 -127 0 0 0 0
4 0 0 127 0 0 0 0
4 0 0 -127 0 0 0 0
4 0 0 127 0 0 0 0
4 0 0 -127 0 0 0 0
4 0 0 127 0 0 0 0
4 0 0 -127 0 0 0 0
4 0 0 127 0 0 0 0
4 0 0 -127 0 0 0 0
4 0 0 127 0 0 0 0
4 0 0 -127 0 0 0 0
4 0 0 127 0 0 0 0
4 0 0 -127 0 0 0 0
4 0 0 127 0 0 0 0
4 0 0 -127 0 0 0 0
4 0 0 127 0 0 0 0
4 0 0 -127 0 0 0 0
4 0 0 127 0 0 0 0
4 0 0 -127 0 0 0 0
4 0 0 127 0 0 0 0
4 0 0 -127 0 0 0 0
4 0 0 127 0 0 0 0
4 0 0 -127 0 0 0 0
4 0 0 127 0 0 0 0
4 0 0 -127 0 0 0 0
4 0 0 127 0 0 0 0
4 0 0 -127 0 0 0 0
4 0 0 127 0 0 0 0
4 0 0 -127 0 0 0 0
4 0 0 127 0 0 0 0
4 0 0 -127 0 0 0 0
4 0 0 127 0 0 0 0
4 0 0 -127 0 0 0 0
4 0 0 127 0 0 0 0
4 0 0 -127 0 0 0 0
4 0 0 127 0 0 0 0
4 0 0 -127 0 0 0 0
4 0 0 127 0 0 0 0
4 0 0 -127 0 0 0 0
4 0 0 127 0 0 0 0
4 0 0 -127 0 0 0 0
4 0 0 127 0 0 0 0
4 0 0 -127 0 0 0 0
4 0 0 127 0 0 0 0
4 0 0 -127 0 0 0 0
4 0 0 127 0 0 0 0
4 0 0 -127 0 0 0 0
4 0 0 127 0 0 0 0
4 0 0 -127 0 0 0 0
4 0 0 127 0 0 0 0
4 0 0 -127 0 0 0 0
4 0 0 127 0 0 0 0
4 0 0 -127 0 0 0 0
4 0 0 127 0 0 0 0
4 0 0 -127 0 0 0 0
4 0 0 127 0 0 0 0
4 0 0 -127 0 0 0 0
4 0 0 127 0 0 0 0
4 0 0 -127 0 0 0 0
4 0 0 127 0 0 0 0
4 0 1 -127 0 1 0 0
5 1 0 127 0 0 0 0
5 0 1 127 0 1 127 0
5 1 0 -127 0 0 0 0
5 0 1 -127 0 1 -127 0
5 1 0 127 0 0 0 0
5 0 1 -127 0 1 0 0
5 1 0 0 0 0 0 0
5 0 1 0 0 1 0 0
5 1 0 127 0 0 0 0
5 0 1 1 0 1 127 0
5 1 0 -127 0 0 0 0
5 0 1 -1 0 1 -127 0
5 1 0 100 0 0 0 0
5 0 1 27 0 1 127 0
5 1 0 100 0 0 0 0
5 0 1 28 0 1 127 0
5 1 0 -100 0 0 0 0
5 0 1 -27 0 1 -127 0
5 1 0 -100 0 0 0 0
5 0 1 -28 0 1 -127 0
5 1 0 -1 0 0 0 0
5 0 1 84 0 1 83 0
4 1 0 38 0 0 0 0
4 0 0 -96 0 0 0 0
4 0 0 -31 0 0 0 0
4 0 0 -15 0 0 0 0
4 0 0 -6 0 0 0 0
4 0 0 -56 0 0 0 0
4 0 0 101 0 0 0 0
4 0 0 -82 0 0 0 0
4 0 0 -87 0 0 0 0
4 0 0 35 0 0 0 0
4 0 0 122 0 0 0 0
4 0 0 -73 0 0 0 0
4 0 0 26 0 0 0 0
4 0 0 21 0 0 0 0
4 0 0 -65 0 0 0 0
4 0 1 42 0 1 0 -126
5 1 0 -75 0 0 0 0
5 0 1 119 0 1 44 0
5 1 0 13 0 0 0 0
5 0 1 23 0 1 36 0
4 1 0 -82 0 0 0 0
4 0 0 69 0 0 0 0
4 0 0 34 0 0 0 0
4 0 0 -5 0 0 0 0
4 0 0 20 0 0 0 0
4 0 0 -34 0 0 0 0
4 0 0 -32 0 0 0 0
4 0 0 -33 0 0 0 0
4 0 0 -112 0 0 0 0
4 0 0 5 0 0 0 0
4 0 0 115 0 0 0 0
4 0 0 -93 0 0 0 0
4 0 0 -83 0 0 0 0
4 0 0 -62 0 0 0 0
4 0 0 -52 0 0 0 0
4 0 0 -109 0 0 0 0
4 0 0 -87 0 0 0 0
4 0 0 72 0 0 0 0
4 0 0 13 0 0 0 0
4 0 0 -8 0 0 0 0
4 0 0 -18 0 0 0 0
4 0 0 86 0 0 0 0
4 0 0 12 0 0 0 0
4 0 0 102 0 0 0 0
4 0 0 124 0 0 0 0
4 0 0 54 0 0 0 0
4 0 0 -86 0 0 0 0
4 0 0 38 0 0 0 0
4 0 1 -69 0 1 0 -221
4 1 0 -31 0 0 0 0
4 0 0 -4 0 0 0 0
4 0 0 -120 0 0 0 0
4 0 0 10 0 0 0 0
4 0 0 -69 0 0 0 0
4 0 0 -16 0 0 0 0
4 0 0 62 0 0 0 0
4 0 0 -41 0 0 0 0
4 0 0 42 0 0 0 0
4 0 0 90 0 0 0 0
4 0 0 -97 0 0 0 0
4 0 0 -77 0 0 0 0
4 0 0 -54 0 0 0 0
4 0 0 -16 0 0 0 0
4 0 0 -105 0 0 0 0
4 0 0 -91 0 0 0 0
4 0 0 -115 0 0 0 0
4 0 0 -65 0 0 0 0
4 0 0 -32 0 0 0 0
4 0 0 -67 0 0 0 0
4 0 0 72 0 0 0 0
4 0 1 -82 0 1 0 -806
4 1 0 -110 0 0 0 0
4 0 0 -117 0 0 0 0
4 0 0 -29 0 0 0 0
4 0 0 -34 0 0 0 0
4 0 0 -65 0 0 0 0
4 0 0 117 0 0 0 0
4 0 0 -21 0 0 0 0
4 0 1 -97 0 1 0 -356
5 1 0 -122 0 0 0 0
5 0 1 12 0 1 -110 0
4 1 0 5 0 0 0 0
4 0 0 -93 0 0 0 0
4 0 0 -15 0 0 0 0
4 0 0 -92 0 0 0 0
4 0 0 26 0 0 0 0
4 0 0 51 0 0 0 0
4 0 1 95 0 1 0 -23
3 1 0 111 0 0 0 0
3 0 0 -108 0 0 0 0
3 0 0 -77 0 0 0 0
3 0 1 72 0 1 111 0
3 1 0 55 0 0 0 0
3 0 0 112 0 0 0 0
3 0 0 -42 0 0 0 0
3 0 0 -24 0 0 0 0
3 0 0 -99 0 0 0 0
3 0 0 -47 0 0 0 0
3 0 0 -46 0 0 0 0
3 0 0 47 0 0 0 0
3 0 0 0 0 0 0 0
3 0 0 -68 0 0 0 0
3 0 0 98 0 0 0 0
3 0 0 -39 0 0 0 0
3 0 0 -122 0 0 0 0
3 0 0 113 0 0 0 0
3 0 0 81 0 0 0 0
3 0 0 31 0 0 0 0
3 0 1 54 0 1 113 0
4 1 0 -50 0 0 0 0
4 0 0 -122 0 0 0 0
4 0 0 106 0 0 0 0
4 0 0 -88 0 0 0 0
4 0 0 43 0 0 0 0
4 0 0 -105 0 0 0 0
4 0 0 15 0 0 0 0
4 0 0 -59 0 0 0 0
4 0 0 -6 0 0 0 0
4 0 0 118 0 0 0 0
4 0 0 52 0 0 0 0
4 0 0 19 0 0 0 0
4 0 0 55 0 0 0 0
4 0 0 -61 0 0 0 0
4 0 0 30 0 0 0 0
4 0 0 70 0 0 0 0
4 0 1 84 0 1 0 101
5 1 0 -107 0 0 0 0
5 0 1 -127 0 1 -127 0
5 1 0 -78 0 0 0 0
5 0 1 51 0 1 -27 0
4 1 0 -6 0 0 0 0
4 0 0 -14 0 0 0 0
4 0 0 101 0 0 0 0
4 0 0 65 0 0 0 0
4 0 0 84 0 0 0 0
4 0 0 -112 0 0 0 0
4 0 0 77 0 0 0 0
4 0 0 86 0 0 0 0
4 0 0 -105 0 0 0 0
4 0 0 -44 0 0 0 0
4 0 1 100 0 1 0 232
3 1 0 -48 0 0 0 0
3 0 0 100 0 0 0 0
3 0 0 121 0 0 0 0
3 0 0 -128 0 0 0 0
3 0 0 -109 0 0 0 0
3 0 0 125 0 0 0 0
3 0 0 38 0 0 0 0
3 0 0 31 0 0 0 0
3 0 0 111 0 0 0 0
3 0 0 -103 0 0 0 0
3 0 0 84 0 0 0 0
3 0 0 -32 0 0 0 0
3 0 0 -86 0 0 0 0
3 0 0 -62 0 0 0 0
3 0 0 -121 0 0 0 0
3 0 0 77 0 0 0 0
3 0 1 85 0 1 125 0
4 1 1 -19 0 1 0 -19
3 1 1 -78 0 1 -78 0
3 1 0 -27 0 0 0 0
3 0 0 26 0 0 0 0
3 0 0 15 0 0 0 0
3 0 0 -35 0 0 0 0
3 0 0 -77 0 0 0 0
3 0 0 115 0 0 0 0
3 0 0 75 0 0 0 0
3 0 1 -87 0 1 115 0
3 1 0 103 0 0 0 0
3 0 0 -69 0 0 0 0
3 0 0 3 0 0 0 0
3 0 0 -60 0 0 0 0
3 0 0 49 0 0 0 0
3 0 0 -70 0 0 0 0
3 0 0 -49 0 0 0 0
3 0 0 14 0 0 0 0
3 0 0 -119 0 0 0 0
3 0 0 -107 0 0 0 0
3 0 0 -108 0 0 0 0
3 0 0 -23 0 0 0 0
3 0 0 4 0 0 0 0
3 0 0 33 0 0 0 0
3 0 0 59 0 0 0 0
3 0 0 -107 0 0 0 0
3 0 0 125 0 0 0 0
3 0 1 106 0 1 125 0
5 1 0 -16 0 0 0 0
5 0 1 -32 0 1 -48 0
5 1 0 -82 0 0 0 0
5 0 1 -74 0 1 -127 0
4 1 0 -124 0 0 0 0
4 0 0 -58 0 0 0 0
4 0 0 -51 0 0 0 0
4 0 0 10 0 0 0 0
4 0 0 42 0 0 0 0
4 0 0 44 0 0 0 0
4 0 0 60 0 0 0 0
4 0 0 -81 0 0 0 0
4 0 0 45 0 0 0 0
4 0 0 -110 0 0 0 0
4 0 0 -107 0 0 0 0
4 0 0 10 0 0 0 0
4 0 0 -45 0 0 0 0
4 0 0 -52 0 0 0 0
4 0 0 20 0 0 0 0
4 0 0 56 0 0 0 0
4 0 0 74 0 0 0 0
4 0 0 -62 0 0 0 0
4 0 1 22 0 1 0 -307
3 1 0 -6 0 0 0 0
3 0 0 -104 0 0 0 0
3 0 0 29 0 0 0 0
3 0 0 -37 0 0 0 0
3 0 0 -92 0 0 0 0
3 0 0 26 0 0 0 0
3 0 0 78 0 0 0 0
3 0 0 40 0 0 0 0
3 0 0 25 0 0 0 0
3 0 0 84 0 0 0 0
3 0 0 -73 0 0 0 0
3 0 0 -78 0 0 0 0
3 0 0 118 0 0 0 0
3 0 0 114 0 0 0 0
3 0 0 44 0 0 0 0
3 0 0 47 0 0 0 0
3 0 0 -65 0 0 0 0
3 0 0 117 0 0 0 0
3 0 0 -69 0 0 0 0
3 0 0 126 0 0 0 0
3 0 0 90 0 0 0 0
3 0 0 -109 0 0 0 0
3 0 0 26 0 0 0 0
3 0 0 43 0 0 0 0
3 0 0 -49 0 0 0 0
3 0 0 -43 0 0 0 0
3 0 0 64 0 0 0 0
3 0 0 -84 0 0 0 0
3 0 0 -95 0 0 0 0
3 0 0 -85 0 0 0 0
3 0 1 -27 0 1 126 0
5 1 0 -71 0 0 0 0
5 0 1 -112 0 1 -127 0
4 1 1 -78 0 1 0 -78
4 1 0 101 0 0 0 0
4 0 0 122 0 0 0 0
4 0 0 -17 0 0 0 0
4 0 0 88 0 0 0 0
4 0 0 -86 0 0 0 0
4 0 0 60 0 0 0 0
4 0 0 -16 0 0 0 0
4 0 0 5 0 0 0 0
4 0 0 -43 0 0 0 0
4 0 0 92 0 0 0 0
4 0 0 -30 0 0 0 0
4 0 0 55 0 0 0 0
4 0 0 -70 0 0 0 0
4 0 0 -96 0 0 0 0
4 0 0 -114 0 0 0 0
4 0 0 103 0 0 0 0
4 0 0 -25 0 0 0 0
4 0 0 -68 0 0 0 0
4 0 1 126 0 1 0 187
4 1 0 -22 0 0 0 0
4 0 0 -107 0 0 0 0
4 0 0 -18 0 0 0 0
4 0 0 -54 0 0 0 0
4 0 0 -75 0 0 0 0
4 0 0 -27 0 0 0 0
4 0 0 106 0 0 0 0
4 0 0 65 0 0 0 0
4 0 0 57 0 0 0 0
4 0 0 -51 0 0 0 0
4 0 0 -75 0 0 0 0
4 0 0 121 0 0 0 0
4 0 0 -53 0 0 0 0
4 0 0 79 0 0 0 0
4 0 0 88 0 0 0 0
4 0 0 125 0 0 0 0
4 0 1 37 0 1 0 196
4 1 0 -25 0 0 0 0
4 0 0 -16 0 0 0 0
4 0 0 -124 0 0 0 0
4 0 0 46 0 0 0 0
4 0 0 34 0 0 0 0
4 0 0 36 0 0 0 0
4 0 0 -110 0 0 0 0
4 0 0 -53 0 0 0 0
4 0 0 3 0 0 0 0
4 0 0 -49 0 0 0 0
4 0 0 66 0 0 0 0
4 0 0 22 0 0 0 0
4 0 0 112 0 0 0 0
4 0 0 -95 0 0 0 0
4 0 0 -85 0 0 0 0
4 0 0 -108 0 0 0 0
4 0 0 -95 0 0 0 0
4 0 0 -13 0 0 0 0
4 0 0 -62 0 0 0 0
4 0 0 -108 0 0 0 0
4 0 0 25 0 0 0 0
4 0 0 -121 0 0 0 0
4 0 0 101 0 0 0 0
4 0 0 41 0 0 0 0
4 0 0 -46 0 0 0 0
4 0 0 -52 0 0 0 0
4 0 0 107 0 0 0 0
4 0 0 62 0 0 0 0
4 0 0 67 0 0 0 0
4 0 0 -111 0 0 0 0
4 0 0 -82 0 0 0 0
4 0 1 -89 0 1 0 -722
5 1 0 -18 0 0 0 0
5 0 1 104 0 1 86 0
3 1 0 85 0 0 0 0
3 0 0 118 0 0 0 0
3 0 0 70 0 0 0 0
3 0 0 -9 0 0 0 0
3 0 0 -118 0 0 0 0
3 0 0 -128 0 0 0 0
3 0 0 -35 0 0 0 0
3 0 0 26 0 0 0 0
3 0 0 2 0 0 0 0
3 0 0 42 0 0 0 0
3 0 0 -95 0 0 0 0
3 0 0 124 0 0 0 0
3 0 0 6 0 0 0 0
3 0 0 27 0 0 0 0
3 0 0 80 0 0 0 0
3 0 0 68 0 0 0 0
3 0 0 68 0 0 0 0
3 0 0 -97 0 0 0 0
3 0 1 -45 0 1 124 0
5 1 0 112 0 0 0 0
5 0 1 -95 0 1 17 0
3 1 0 43 0 0 0 0
3 0 0 -100 0 0 0 0
3 0 0 -110 0 0 0 0
3 0 0 118 0 0 0 0
3 0 0 85 0 0 0 0
3 0 0 -56 0 0 0 0
3 0 0 123 0 0 0 0
3 0 0 -87 0 0 0 0
3 0 0 -51 0 0 0 0
3 0 0 52 0 0 0 0
3 0 0 82 0 0 0 0
3 0 0 -110 0 0 0 0
3 0 0 110 0 0 0 0
3 0 0 69 0 0 0 0
3 0 0 106 0 0 0 0
3 0 0 -104 0 0 0 0
3 0 0 -77 0 0 0 0
3 0 0 113 0 0 0 0
3 0 1 -51 0 1 123 0
3 1 0 -61 0 0 0 0
3 0 0 37 0 0 0 0
3 0 1 -75 0 1 37 0
5 1 0 13 0 0 0 0
5 0 1 39 0 1 52 0
4 1 0 68 0 0 0 0
4 0 0 123 0 0 0 0
4 0 0 -72 0 0 0 0
4 0 0 -98 0 0 0 0
4 0 0 111 0 0 0 0
4 0 0 44 0 0 0 0
4 0 0 -65 0 0 0 0
4 0 0 23 0 0 0 0
4 0 0 -63 0 0 0 0
4 0 0 70 0 0 0 0
4 0 0 22 0 0 0 0
4 0 0 -66 0 0 0 0
4 0 1 -32 0 1 0 65
3 1 0 99 0 0 0 0
3 0 0 62 0 0 0 0
3 0 0 -31 0 0 0 0
3 0 0 105 0 0 0 0
3 0 0 54 0 0 0 0
3 0 0 -90 0 0 0 0
3 0 0 -106 0 0 0 0
3 0 0 -108 0 0 0 0
3 0 0 120 0 0 0 0
3 0 0 2 0 0 0 0
3 0 0 -115 0 0 0 0
3 0 0 -18 0 0 0 0
3 0 0 -11 0 0 0 0
3 0 0 -81 0 0 0 0
3 0 0 87 0 0 0 0
3 0 0 28 0 0 0 0
3 0 0 -70 0 0 0 0
3 0 0 -54 0 0 0 0
3 0 0 90 0 0 0 0
3 0 0 88 0 0 0 0
3 0 0 -85 0 0 0 0
3 0 0 -75 0 0 0 0
3 0 0 84 0 0 0 0
3 0 0 -96 0 0 0 0
3 0 0 -78 0 0 0 0
3 0 1 84 0 1 120 0
3 1 0 100 0 0 0 0
3 0 1 92 0 1 100 0
5 1 0 -21 0 0 0 0
5 0 1 -120 0 1 -127 0
4 1 0 1 0 0 0 0
4 0 0 -88 0 0 0 0
4 0 0 52 0 0 0 0
4 0 0 -92 0 0 0 0
4 0 0 -66 0 0 0 0
4 0 0 55 0 0 0 0
4 0 0 -113 0 0 0 0
4 0 0 48 0 0 0 0
4 0 0 50 0 0 0 0
4 0 0 -37 0 0 0 0
4 0 0 -123 0 0 0 0
4 0 0 -10 0 0 0 0
4 0 0 59 0 0 0 0
4 0 0 -92 0 0 0 0
4 0 0 -55 0 0 0 0
4 0 0 -22 0 0 0 0
4 0 0 -127 0 0 0 0
4 0 0 -24 0 0 0 0
4 0 0 -65 0 0 0 0
4 0 0 -125 0 0 0 0
4 0 1 22 0 1 0 -752
4 1 0 -9 0 0 0 0
4 0 1 -56 0 1 0 -65
3 1 0 -71 0 0 0 0
3 0 0 116 0 0 0 0
3 0 0 48 0 0 0 0
3 0 0 4 0 0 0 0
3 0 0 -62 0 0 0 0
3 0 0 -114 0 0 0 0
3 0 0 -22 0 0 0 0
3 0 0 57 0 0 0 0
3 0 0 43 0 0 0 0
3 0 0 114 0 0 0 0
3 0 0 21 0 0 0 0
3 0 0 23 0 0 0 0
3 0 0 39 0 0 0 0
3 0 0 -34 0 0 0 0
3 0 0 -87 0 0 0 0
3 0 0 -76 0 0 0 0
3 0 0 29 0 0 0 0
3 0 0 -48 0 0 0 0
3 0 0 64 0 0 0 0
3 0 0 -53 0 0 0 0
3 0 0 -64 0 0 0 0
3 0 0 -14 0 0 0 0
3 0 0 33 0 0 0 0
3 0 0 -4 0 0 0 0
3 0 0 -7 0 0 0 0
3 0 0 -34 0 0 0 0
3 0 0 21 0 0 0 0
3 0 0 62 0 0 0 0
3 0 0 86 0 0 0 0
3 0 1 -105 0 1 116 0
3 1 0 73 0 0 0 0
3 0 1 -89 0 1 73 0
5 1 0 -109 0 0 0 0
5 0 1 -94 0 1 -127 0
4 1 0 85 0 0 0 0
4 0 0 -56 0 0 0 0
4 0 0 88 0 0 0 0
4 0 0 24 0 0 0 0
4 0 0 53 0 0 0 0
4 0 0 -85 0 0 0 0
4 0 0 -1 0 0 0 0
4 0 0 99 0 0 0 0
4 0 0 61 0 0 0 0
4 0 0 -99 0 0 0 0
4 0 0 64 0 0 0 0
4 0 0 81 0 0 0 0
4 0 0 -124 0 0 0 0
4 0 0 85 0 0 0 0
4 0 0 36 0 0 0 0
4 0 0 97 0 0 0 0
4 0 0 -24 0 0 0 0
4 0 0 62 0 0 0 0
4 0 0 22 0 0 0 0
4 0 1 113 0 1 0 581
3 1 0 -73 0 0 0 0
3 0 0 13 0 0 0 0
3 0 0 -71 0 0 0 0
3 0 0 -50 0 0 0 0
3 0 0 100 0 0 0 0
3 0 0 76 0 0 0 0
3 0 0 -34 0 0 0 0
3 0 0 87 0 0 0 0
3 0 0 93 0 0 0 0
3 0 0 -39 0 0 0 0
3 0 0 -2 0 0 0 0
3 0 1 104 0 1 104 0
4 1 0 53 0 0 0 0
4 0 0 108 0 0 0 0
4 0 0 -84 0 0 0 0
4 0 0 119 0 0 0 0
4 0 0 -24 0 0 0 0
4 0 0 22 0 0 0 0
4 0 0 -128 0 0 0 0
4 0 0 101 0 0 0 0
4 0 0 108 0 0 0 0
4 0 1 -125 0 1 0 150
3 1 0 -70 0 0 0 0
3 0 0 26 0 0 0 0
3 0 0 -49 0 0 0 0
3 0 0 89 0 0 0 0
3 0 0 113 0 0 0 0
3 0 0 -81 0 0 0 0
3 0 0 126 0 0 0 0
3 0 0 -10 0 0 0 0
3 0 0 79 0 0 0 0
3 0 0 15 0 0 0 0
3 0 0 -117 0 0 0 0
3 0 0 -67 0 0 0 0
3 0 0 10 0 0 0 0
3 0 0 -108 0 0 0 0
3 0 0 -128 0 0 0 0
3 0 0 3 0 0 0 0
3 0 0 75 0 0 0 0
3 0 0 74 0 0 0 0
3 0 0 99 0 0 0 0
3 0 1 -76 0 1 126 0
5 1 0 -63 0 0 0 0
5 0 1 -37 0 1 -100 0
4 1 0 -85 0 0 0 0
4 0 0 -110 0 0 0 0
4 0 0 -92 0 0 0 0
4 0 0 6 0 0 0 0
4 0 0 28 0 0 0 0
4 0 0 46 0 0 0 0
4 0 0 -68 0 0 0 0
4 0 0 -1 0 0 0 0
4 0 0 -45 0 0 0 0
4 0 0 -94 0 0 0 0
4 0 0 84 0 0 0 0
4 0 0 20 0 0 0 0
4 0 1 16 0 1 0 -295
5 1 0 -93 0 0 0 0
5 0 1 19 0 1 -74 0
5 1 0 33 0 0 0 0
5 0 1 -74 0 1 -41 0
5 1 0 -101 0 0 0 0
5 0 1 -22 0 1 -123 0
5 1 0 12 0 0 0 0
5 0 1 -24 0 1 -12 0
5 1 0 72 0 0 0 0
5 0 1 104 0 1 127 0
4 1 0 98 0 0 0 0
4 0 0 62 0 0 0 0
4 0 0 -58 0 0 0 0
4 0 0 -48 0 0 0 0
4 0 0 -65 0 0 0 0
4 0 0 -67 0 0 0 0
4 0 0 67 0 0 0 0
4 0 0 77 0 0 0 0
4 0 0 111 0 0 0 0
4 0 0 -57 0 0 0 0
4 0 0 25 0 0 0 0
4 0 0 53 0 0 0 0
4 0 0 114 0 0 0 0
4 0 0 84 0 0 0 0
4 0 0 -17 0 0 0 0
4 0 0 116 0 0 0 0
4 0 0 122 0 0 0 0
4 0 0 34 0 0 0 0
4 0 1 124 0 1 0 775
5 1 0 118 0 0 0 0
5 0 1 -112 0 1 6 0
4 1 0 -55 0 0 0 0
4 0 0 125 0 0 0 0
4 0 0 -102 0 0 0 0
4 0 0 -18 0 0 0 0
4 0 0 -115 0 0 0 0
4 0 0 53 0 0 0 0
4 0 0 113 0 0 0 0
4 0 0 72 0 0 0 0
4 0 0 -123 0 0 0 0
4 0 0 -94 0 0 0 0
4 0 0 -87 0 0 0 0
4 0 0 74 0 0 0 0
4 0 0 -125 0 0 0 0
4 0 0 56 0 0 0 0
4 0 0 -107 0 0 0 0
4 0 0 -69 0 0 0 0
4 0 0 -127 0 0 0 0
4 0 0 10 0 0 0 0
4 0 0 21 0 0 0 0
4 0 1 -12 0 1 0 -510
3 1 0 -31 0 0 0 0
3 0 0 -75 0 0 0 0
3 0 0 94 0 0 0 0
3 0 0 107 0 0 0 0
3 0 0 41 0 0 0 0
3 0 0 68 0 0 0 0
3 0 0 -42 0 0 0 0
3 0 0 41 0 0 0 0
3 0 0 87 0 0 0 0
3 0 0 94 0 0 0 0
3 0 0 -53 0 0 0 0
3 0 0 101 0 0 0 0
3 0 0 -53 0 0 0 0
3 0 0 33 0 0 0 0
3 0 0 -62 0 0 0 0
3 0 0 -22 0 0 0 0
3 0 0 -33 0 0 0 0
3 0 0 99 0 0 0 0
3 0 1 50 0 1 107 0
4 1 0 123 0 0 0 0
4 0 0 71 0 0 0 0
4 0 0 -16 0 0 0 0
4 0 0 -28 0 0 0 0
4 0 0 96 0 0 0 0
4 0 0 -24 0 0 0 0
4 0 0 -103 0 0 0 0
4 0 0 70 0 0 0 0
4 0 0 -111 0 0 0 0
4 0 0 -9 0 0 0 0
4 0 0 -85 0 0 0 0
4 0 0 -33 0 0 0 0
4 0 0 58 0 0 0 0
4 0 0 -99 0 0 0 0
4 0 0 -40 0 0 0 0
4 0 0 -9 0 0 0 0
4 0 0 24 0 0 0 0
4 0 0 -84 0 0 0 0
4 0 0 17 0 0 0 0
4 0 0 52 0 0 0 0
4 0 0 82 0 0 0 0
4 0 0 106 0 0 0 0
4 0 0 -101 0 0 0 0
4 0 0 92 0 0 0 0
4 0 0 104 0 0 0 0
4 0 0 122 0 0 0 0
4 0 0 2 0 0 0 0
4 0 1 115 0 1 0 392
3 1 0 8 0 0 0 0
3 0 0 -107 0 0 0 0
3 0 0 -106 0 0 0 0
3 0 0 -102 0 0 0 0
3 0 0 -45 0 0 0 0
3 0 0 51 0 0 0 0
3 0 0 -127 0 0 0 0
3 0 0 20 0 0 0 0
3 0 0 -125 0 0 0 0
3 0 0 -57 0 0 0 0
3 0 0 -96 0 0 0 0
3 0 0 91 0 0 0 0
3 0 0 -15 0 0 0 0
3 0 0 75 0 0 0 0
3 0 0 -15 0 0 0 0
3 0 0 104 0 0 0 0
3 0 0 -30 0 0 0 0
3 0 0 45 0 0 0 0
3 0 0 -76 0 0 0 0
3 0 0 -85 0 0 0 0
3 0 0 35 0 0 0 0
3 0 1 37 0 1 104 0
5 1 0 -11 0 0 0 0
5 0 1 101 0 1 90 0
4 1 0 -114 0 0 0 0
4 0 0 -106 0 0 0 0
4 0 0 -31 0 0 0 0
4 0 0 60 0 0 0 0
4 0 0 -87 0 0 0 0
4 0 0 -21 0 0 0 0
4 0 0 49 0 0 0 0
4 0 0 -32 0 0 0 0
4 0 0 -25 0 0 0 0
4 0 0 0 0 0 0 0
4 0 0 26 0 0 0 0
4 0 0 31 0 0 0 0
4 0 0 68 0 0 0 0
4 0 0 2 0 0 0 0
4 0 0 118 0 0 0 0
4 0 0 48 0 0 0 0
4 0 1 -6 0 1 0 -20
3 1 0 -91 0 0 0 0
3 0 0 -124 0 0 0 0
3 0 0 107 0 0 0 0
3 0 0 125 0 0 0 0
3 0 0 96 0 0 0 0
3 0 0 -104 0 0 0 0
3 0 0 83 0 0 0 0
3 0 0 124 0 0 0 0
3 0 0 107 0 0 0 0
3 0 0 97 0 0 0 0
3 0 0 -68 0 0 0 0
3 0 0 -85 0 0 0 0
3 0 0 -87 0 0 0 0
3 0 0 -5 0 0 0 0
3 0 0 -78 0 0 0 0
3 0 0 -50 0 0 0 0
3 0 0 83 0 0 0 0
3 0 0 -19 0 0 0 0
3 0 0 97 0 0 0 0
3 0 1 -89 0 1 125 0
4 1 0 -108 0 0 0 0
4 0 0 -36 0 0 0 0
4 0 0 -1 0 0 0 0
4 0 0 122 0 0 0 0
4 0 0 -16 0 0 0 0
4 0 0 -63 0 0 0 0
4 0 0 14 0 0 0 0
4 0 0 52 0 0 0 0
4 0 0 35 0 0 0 0
4 0 0 94 0 0 0 0
4 0 0 -74 0 0 0 0
4 0 0 18 0 0 0 0
4 0 0 -25 0 0 0 0
4 0 0 23 0 0 0 0
4 0 0 98 0 0 0 0
4 0 0 108 0 0 0 0
4 0 0 5 0 0 0 0
4 0 0 11 0 0 0 0
4 0 0 -10 0 0 0 0
4 0 0 -120 0 0 0 0
4 0 0 -68 0 0 0 0
4 0 0 -78 0 0 0 0
4 0 0 -40 0 0 0 0
4 0 0 84 0 0 0 0
4 0 0 -1 0 0 0 0
4 0 1 -17 0 1 0 7
4 1 1 91 0 1 0 91
3 1 0 68 0 0 0 0
3 0 0 11 0 0 0 0
3 0 0 -68 0 0 0 0
3 0 0 55 0 0 0 0
3 0 0 -11 0 0 0 0
3 0 0 16 0 0 0 0
3 0 0 -15 0 0 0 0
3 0 1 -6 0 1 68 0
3 1 0 39 0 0 0 0
3 0 0 -9 0 0 0 0
3 0 0 63 0 0 0 0
3 0 0 117 0 0 0 0
3 0 0 18 0 0 0 0
3 0 0 -41 0 0 0 0
3 0 0 -58 0 0 0 0
3 0 0 -121 0 0 0 0
3 0 0 39 0 0 0 0
3 0 0 59 0 0 0 0
3 0 0 -116 0 0 0 0
3 0 0 -62 0 0 0 0
3 0 0 74 0 0 0 0
3 0 0 -49 0 0 0 0
3 0 0 -38 0 0 0 0
3 0 0 -89 0 0 0 0
3 0 0 -59 0 0 0 0
3 0 0 -23 0 0 0 0
3 0 0 126 0 0 0 0
3 0 1 -19 0 1 126 0
3 1 0 -9 0 0 0 0
3 0 0 68 0 0 0 0
3 0 0 52 0 0 0 0
3 0 0 -61 0 0 0 0
3 0 0 127 0 0 0 0
3 0 0 -73 0 0 0 0
3 0 0 -115 0 0 0 0
3 0 0 55 0 0 0 0
3 0 1 122 0 1 127 0
4 1 0 -122 0 0 0 0
4 0 0 -16 0 0 0 0
4 0 0 -45 0 0 0 0
4 0 0 125 0 0 0 0
4 0 0 118 0 0 0 0
4 0 0 32 0 0 0 0
4 0 0 -88 0 0 0 0
4 0 0 4 0 0 0 0
4 0 0 -58 0 0 0 0
4 0 0 77 0 0 0 0
4 0 0 -31 0 0 0 0
4 0 0 34 0 0 0 0
4 0 0 21 0 0 0 0
4 0 0 68 0 0 0 0
4 0 0 -98 0 0 0 0
4 0 0 -22 0 0 0 0
4 0 0 -109 0 0 0 0
4 0 0 33 0 0 0 0
4 0 0 -1 0 0 0 0
4 0 1 47 0 1 0 -31
4 1 0 5 0 0 0 0
4 0 0 48 0 0 0 0
4 0 0 -45 0 0 0 0
4 0 0 28 0 0 0 0
4 0 0 -120 0 0 0 0
4 0 0 54 0 0 0 0
4 0 0 -99 0 0 0 0
4 0 0 -51 0 0 0 0
4 0 0 52 0 0 0 0
4 0 0 -117 0 0 0 0
4 0 0 123 0 0 0 0
4 0 0 -97 0 0 0 0
4 0 0 -116 0 0 0 0
4 0 0 -5 0 0 0 0
4 0 1 -105 0 1 0 -445
3 1 0 39 0 0 0 0
3 0 0 -94 0 0 0 0
3 0 0 -97 0 0 0 0
3 0 0 48 0 0 0 0
3 0 0 88 0 0 0 0
3 0 0 -59 0 0 0 0
3 0 0 -18 0 0 0 0
3 0 0 101 0 0 0 0
3 0 0 94 0 0 0 0
3 0 0 -56 0 0 0 0
3 0 0 55 0 0 0 0
3 0 0 31 0 0 0 0
3 0 0 -38 0 0 0 0
3 0 0 40 0 0 0 0
3 0 1 81 0 1 101 0
4 1 1 81 0 1 0 81
4 1 0 -107 0 0 0 0
4 0 0 -66 0 0 0 0
4 0 0 81 0 0 0 0
4 0 0 71 0 0 0 0
4 0 0 -41 0 0 0 0
4 0 0 -127 0 0 0 0
4 0 0 -58 0 0 0 0
4 0 0 -53 0 0 0 0
4 0 0 -88 0 0 0 0
4 0 0 40 0 0 0 0
4 0 0 -7 0 0 0 0
4 0 0 -38 0 0 0 0
4 0 0 -2 0 0 0 0
4 0 0 -117 0 0 0 0
4 0 0 -42 0 0 0 0
4 0 0 -42 0 0 0 0
4 0 0 -88 0 0 0 0
4 0 0 90 0 0 0 0
4 0 0 -75 0 0 0 0
4 0 0 106 0 0 0 0
4 0 0 -52 0 0 0 0
4 0 0 -108 0 0 0 0
4 0 0 1 0 0 0 0
4 0 0 46 0 0 0 0
4 0 0 64 0 0 0 0
4 0 0 -115 0 0 0 0
4 0 0 -110 0 0 0 0
4 0 0 126 0 0 0 0
4 0 0 -83 0 0 0 0
4 0 1 55 0 1 0 -739
4 1 0 106 0 0 0 0
4 0 0 -8 0 0 0 0
4 0 0 54 0 0 0 0
4 0 0 -45 0 0 0 0
4 0 0 79 0 0 0 0
4 0 0 44 0 0 0 0
4 0 0 10 0 0 0 0
4 0 0 124 0 0 0 0
4 0 0 73 0 0 0 0
4 0 1 -121 0 1 0 316
4 1 0 112 0 0 0 0
4 0 0 -111 0 0 0 0
4 0 0 6 0 0 0 0
4 0 0 -109 0 0 0 0
4 0 0 105 0 0 0 0
4 0 0 74 0 0 0 0
4 0 0 -67 0 0 0 0
4 0 0 78 0 0 0 0
4 0 0 49 0 0 0 0
4 0 0 125 0 0 0 0
4 0 0 -102 0 0 0 0
4 0 0 -118 0 0 0 0
4 0 0 11 0 0 0 0
4 0 0 -111 0 0 0 0
4 0 0 2 0 0 0 0
4 0 0 20 0 0 0 0
4 0 0 -22 0 0 0 0
4 0 0 46 0 0 0 0
4 0 1 69 0 1 0 57
4 1 0 -69 0 0 0 0
4 0 0 40 0 0 0 0
4 0 0 -4 0 0 0 0
4 0 0 52 0 0 0 0
4 0 0 -45 0 0 0 0
4 0 0 -50 0 0 0 0
4 0 0 41 0 0 0 0
4 0 0 -124 0 0 0 0
4 0 0 -102 0 0 0 0
4 0 0 -49 0 0 0 0
4 0 0 48 0 0 0 0
4 0 0 57 0 0 0 0
4 0 0 21 0 0 0 0
4 0 1 22 0 1 0 -162
4 1 0 78 0 0 0 0
4 0 0 92 0 0 0 0
4 0 0 -41 0 0 0 0
4 0 0 -128 0 0 0 0
4 0 0 -56 0 0 0 0
4 0 0 -106 0 0 0 0
4 0 0 98 0 0 0 0
4 0 0 -64 0 0 0 0
4 0 0 46 0 0 0 0
4 0 0 -124 0 0 0 0
4 0 0 117 0 0 0 0
4 0 0 3 0 0 0 0
4 0 0 -32 0 0 0 0
4 0 0 -93 0 0 0 0
4 0 0 89 0 0 0 0
4 0 0 14 0 0 0 0
4 0 0 -39 0 0 0 0
4 0 0 -42 0 0 0 0
4 0 0 -96 0 0 0 0
4 0 0 -48 0 0 0 0
4 0 0 -72 0 0 0 0
4 0 0 68 0 0 0 0
4 0 0 94 0 0 0 0
4 0 0 8 0 0 0 0
4 0 0 31 0 0 0 0
4 0 0 17 0 0 0 0
4 0 0 -122 0 0 0 0
4 0 0 91 0 0 0 0
4 0 0 15 0 0 0 0
4 0 0 4 0 0 0 0
4 0 0 34 0 0 0 0
4 0 1 47 0 1 0 -117
3 1 0 -56 0 0 0 0
3 0 0 -125 0 0 0 0
3 0 0 -49 0 0 0 0
3 0 0 68 0 0 0 0
3 0 0 56 0 0 0 0
3 0 0 109 0 0 0 0
3 0 0 -110 0 0 0 0
3 0 0 82 0 0 0 0
3 0 0 -12 0 0 0 0
3 0 0 -120 0 0 0 0
3 0 0 57 0 0 0 0
3 0 0 -47 0 0 0 0
3 0 0 -29 0 0 0 0
3 0 0 53 0 0 0 0
3 0 0 126 0 0 0 0
3 0 0 -119 0 0 0 0
3 0 0 -1 0 0 0 0
3 0 0 -5 0 0 0 0
3 0 0 12 0 0 0 0
3 0 0 -34 0 0 0 0
3 0 0 87 0 0 0 0
3 0 0 -89 0 0 0 0
3 0 0 101 0 0 0 0
3 0 0 -7 0 0 0 0
3 0 0 102 0 0 0 0
3 0 0 -77 0 0 0 0
3 0 0 -32 0 0 0 0
3 0 1 -44 0 1 126 0
4 1 0 90 0 0 0 0
4 0 0 74 0 0 0 0
4 0 0 11 0 0 0 0
4 0 0 1 0 0 0 0
4 0 1 95 0 1 0 271
4 1 0 -82 0 0 0 0
4 0 0 29 0 0 0 0
4 0 0 -113 0 0 0 0
4 0 0 124 0 0 0 0
4 0 0 -123 0 0 0 0
4 0 0 0 0 0 0 0
4 0 0 -25 0 0 0 0
4 0 0 75 0 0 0 0
4 0 0 69 0 0 0 0
4 0 0 95 0 0 0 0
4 0 0 71 0 0 0 0
4 0 0 -109 0 0 0 0
4 0 0 110 0 0 0 0
4 0 0 53 0 0 0 0
4 0 0 -64 0 0 0 0
4 0 0 14 0 0 0 0
4 0 0 39 0 0 0 0
4 0 0 -116 0 0 0 0
4 0 0 75 0 0 0 0
4 0 0 114 0 0 0 0
4 0 1 -59 0 1 0 177
3 1 0 49 0 0 0 0
3 0 0 56 0 0 0 0
3 0 0 -126 0 0 0 0
3 0 0 -93 0 0 0 0
3 0 0 -31 0 0 0 0
3 0 1 -72 0 1 56 0
5 1 0 11 0 0 0 0
5 0 1 -7 0 1 4 0
3 1 0 -116 0 0 0 0
3 0 0 33 0 0 0 0
3 0 0 73 0 0 0 0
3 0 0 -64 0 0 0 0
3 0 0 12 0 0 0 0
3 0 0 80 0 0 0 0
3 0 0 -56 0 0 0 0
3 0 0 -53 0 0 0 0
3 0 0 78 0 0 0 0
3 0 0 28 0 0 0 0
3 0 0 -98 0 0 0 0
3 0 0 -45 0 0 0 0
3 0 0 -64 0 0 0 0
3 0 0 -60 0 0 0 0
3 0 0 118 0 0 0 0
3 0 0 -105 0 0 0 0
3 0 0 -106 0 0 0 0
3 0 0 70 0 0 0 0
3 0 0 -36 0 0 0 0
3 0 0 48 0 0 0 0
3 0 1 -86 0 1 118 0
3 1 0 7 0 0 0 0
3 0 0 -25 0 0 0 0
3 0 0 5 0 0 0 0
3 0 0 39 0 0 0 0
3 0 0 1 0 0 0 0
3 0 0 4 0 0 0 0
3 0 0 105 0 0 0 0
3 0 0 -49 0 0 0 0
3 0 0 101 0 0 0 0
3 0 0 -50 0 0 0 0
3 0 0 -109 0 0 0 0
3 0 1 -38 0 1 105 0
5 1 0 4 0 0 0 0
5 0 1 -119 0 1 -115 0
4 1 0 -30 0 0 0 0
4 0 0 105 0 0 0 0
4 0 0 -6 0 0 0 0
4 0 0 106 0 0 0 0
4 0 1 -47 0 1 0 128
5 1 0 -42 0 0 0 0
5 0 1 106 0 1 64 0
5 1 0 -93 0 0 0 0
5 0 1 -6 0 1 -99 0
5 1 0 -113 0 0 0 0
5 0 1 12 0 1 -101 0
3 1 0 -127 0 0 0 0
3 0 0 -88 0 0 0 0
3 0 0 -75 0 0 0 0
3 0 0 90 0 0 0 0
3 0 0 52 0 0 0 0
3 0 0 103 0 0 0 0
3 0 0 43 0 0 0 0
3 0 0 65 0 0 0 0
3 0 0 57 0 0 0 0
3 0 0 -68 0 0 0 0
3 0 0 -59 0 0 0 0
3 0 0 34 0 0 0 0
3 0 0 -117 0 0 0 0
3 0 0 -35 0 0 0 0
3 0 0 -64 0 0 0 0
3 0 0 -119 0 0 0 0
3 0 0 44 0 0 0 0
3 0 0 -30 0 0 0 0
3 0 0 -106 0 0 0 0
3 0 0 83 0 0 0 0
3 0 0 -97 0 0 0 0
3 0 1 31 0 1 103 0
4 1 0 -42 0 0 0 0
4 0 0 55 0 0 0 0
4 0 0 -89 0 0 0 0
4 0 1 81 0 1 0 5
3 1 0 53 0 0 0 0
3 0 0 2 0 0 0 0
3 0 0 30 0 0 0 0
3 0 0 104 0 0 0 0
3 0 0 83 0 0 0 0
3 0 0 -36 0 0 0 0
3 0 0 -113 0 0 0 0
3 0 0 104 0 0 0 0
3 0 0 7 0 0 0 0
3 0 0 -31 0 0 0 0
3 0 0 70 0 0 0 0
3 0 0 -96 0 0 0 0
3 0 0 55 0 0 0 0
3 0 0 -79 0 0 0 0
3 0 0 -65 0 0 0 0
3 0 0 -115 0 0 0 0
3 0 0 51 0 0 0 0
3 0 0 -118 0 0 0 0
3 0 0 -38 0 0 0 0
3 0 0 78 0 0 0 0
3 0 0 -122 0 0 0 0
3 0 0 37 0 0 0 0
3 0 0 105 0 0 0 0
3 0 0 125 0 0 0 0
3 0 0 115 0 0 0 0
3 0 0 -87 0 0 0 0
3 0 0 -102 0 0 0 0
3 0 0 77 0 0 0 0
3 0 1 6 0 1 125 0
3 1 0 -87 0 0 0 0
3 0 0 42 0 0 0 0
3 0 0 55 0 0 0 0
3 0 0 -78 0 0 0 0
3 0 0 113 0 0 0 0
3 0 0 -112 0 0 0 0
3 0 1 -50 0 1 113 0
5 1 0 33 0 0 0 0
5 0 1 79 0 1 112 0
4 1 0 -128 0 0 0 0
4 0 0 64 0 0 0 0
4 0 1 44 0 1 0 -20
3 1 0 -46 0 0 0 0
3 0 0 -39 0 0 0 0
3 0 0 -47 0 0 0 0
3 0 0 -4 0 0 0 0
3 0 0 40 0 0 0 0
3 0 0 -116 0 0 0 0
3 0 0 119 0 0 0 0
3 0 0 75 0 0 0 0
3 0 0 -106 0 0 0 0
3 0 1 -13 0 1 119 0
3 1 0 40 0 0 0 0
3 0 0 -41 0 0 0 0
3 0 0 -7 0 0 0 0
3 0 0 52 0 0 0 0
3 0 0 -13 0 0 0 0
3 0 0 -45 0 0 0 0
3 0 0 87 0 0 0 0
3 0 0 109 0 0 0 0
3 0 0 58 0 0 0 0
3 0 0 -58 0 0 0 0
3 0 0 69 0 0 0 0
3 0 0 -122 0 0 0 0
3 0 0 -45 0 0 0 0
3 0 0 -126 0 0 0 0
3 0 0 71 0 0 0 0
3 0 0 -40 0 0 0 0
3 0 0 -52 0 0 0 0
3 0 0 -119 0 0 0 0
3 0 1 -116 0 1 109 0
4 1 1 -109 0 1 0 -109
3 1 0 -53 0 0 0 0
3 0 0 -50 0 0 0 0
3 0 0 66 0 0 0 0
3 0 0 -115 0 0 0 0
3 0 0 86 0 0 0 0
3 0 0 95 0 0 0 0
3 0 0 42 0 0 0 0
3 0 1 -2 0 1 95 0
3 1 0 -18 0 0 0 0
3 0 0 76 0 0 0 0
3 0 0 -91 0 0 0 0
3 0 0 -62 0 0 0 0
3 0 0 80 0 0 0 0
3 0 0 51 0 0 0 0
3 0 0 -79 0 0 0 0
3 0 0 92 0 0 0 0
3 0 0 95 0 0 0 0
3 0 0 -3 0 0 0 0
3 0 0 113 0 0 0 0
3 0 0 67 0 0 0 0
3 0 0 -13 0 0 0 0
3 0 0 74 0 0 0 0
3 0 0 -6 0 0 0 0
3 0 0 118 0 0 0 0
3 0 0 75 0 0 0 0
3 0 0 -93 0 0 0 0
3 0 0 1 0 0 0 0
3 0 0 13 0 0 0 0
3 0 0 62 0 0 0 0
3 0 0 -117 0 0 0 0
3 0 0 114 0 0 0 0
3 0 1 -7 0 1 118 0
4 1 0 36 0 0 0 0
4 0 0 72 0 0 0 0
4 0 1 -74 0 1 0 34
5 1 0 97 0 0 0 0
5 0 1 91 0 1 127 0
3 1 0 72 0 0 0 0
3 0 0 -115 0 0 0 0
3 0 0 87 0 0 0 0
3 0 0 73 0 0 0 0
3 0 0 93 0 0 0 0
3 0 0 -75 0 0 0 0
3 0 0 107 0 0 0 0
3 0 0 108 0 0 0 0
3 0 0 -46 0 0 0 0
3 0 1 -42 0 1 108 0
4 1 0 82 0 0 0 0
4 0 0 -47 0 0 0 0
4 0 0 17 0 0 0 0
4 0 0 -71 0 0 0 0
4 0 0 60 0 0 0 0
4 0 0 48 0 0 0 0
4 0 0 -55 0 0 0 0
4 0 0 55 0 0 0 0
4 0 0 114 0 0 0 0
4 0 0 -101 0 0 0 0
4 0 0 -28 0 0 0 0
4 0 0 3 0 0 0 0
4 0 0 -38 0 0 0 0
4 0 0 38 0 0 0 0
4 0 0 23 0 0 0 0
4 0 0 66 0 0 0 0
4 0 0 -107 0 0 0 0
4 0 0 21 0 0 0 0
4 0 0 92 0 0 0 0
4 0 0 -111 0 0 0 0
4 0 0 82 0 0 0 0
4 0 0 9 0 0 0 0
4 0 0 64 0 0 0 0
4 0 0 -22 0 0 0 0
4 0 0 49 0 0 0 0
4 0 0 -60 0 0 0 0
4 0 0 -61 0 0 0 0
4 0 0 -72 0 0 0 0
4 0 0 54 0 0 0 0
4 0 0 -44 0 0 0 0
4 0 1 -113 0 1 0 -53
4 1 0 109 0 0 0 0
4 0 0 -90 0 0 0 0
4 0 0 -89 0 0 0 0
4 0 0 89 0 0 0 0
4 0 0 -58 0 0 0 0
4 0 0 -42 0 0 0 0
4 0 0 -50 0 0 0 0
4 0 0 -22 0 0 0 0
4 0 0 -44 0 0 0 0
4 0 0 -12 0 0 0 0
4 0 0 -113 0 0 0 0
4 0 0 -59 0 0 0 0
4 0 0 124 0 0 0 0
4 0 0 54 0 0 0 0
4 0 0 19 0 0 0 0
4 0 0 43 0 0 0 0
4 0 0 -68 0 0 0 0
4 0 0 81 0 0 0 0
4 0 0 6 0 0 0 0
4 0 0 -47 0 0 0 0
4 0 0 47 0 0 0 0
4 0 0 41 0 0 0 0
4 0 0 -54 0 0 0 0
4 0 0 64 0 0 0 0
4 0 0 28 0 0 0 0
4 0 1 -8 0 1 0 -51
4 1 0 71 0 0 0 0
4 0 0 113 0 0 0 0
4 0 0 28 0 0 0 0
4 0 0 81 0 0 0 0
4 0 0 80 0 0 0 0
4 0 0 -78 0 0 0 0
4 0 0 -50 0 0 0 0
4 0 0 -53 0 0 0 0
4 0 0 -126 0 0 0 0
4 0 0 -74 0 0 0 0
4 0 0 -24 0 0 0 0
4 0 0 -72 0 0 0 0
4 0 0 8 0 0 0 0
4 0 0 -42 0 0 0 0
4 0 0 64 0 0 0 0
4 0 0 -85 0 0 0 0
4 0 0 -110 0 0 0 0
4 0 0 -123 0 0 0 0
4 0 0 -69 0 0 0 0
4 0 0 57 0 0 0 0
4 0 0 118 0 0 0 0
4 0 0 34 0 0 0 0
4 0 1 -73 0 1 0 -325
5 1 0 -12 0 0 0 0
5 0 1 -33 0 1 -45 0
5 1 0 51 0 0 0 0
5 0 1 -63 0 1 -12 0
5 1 0 -3 0 0 0 0
5 0 1 80 0 1 77 0
3 1 0 -89 0 0 0 0
3 0 0 -42 0 0 0 0
3 0 0 -115 0 0 0 0
3 0 0 -43 0 0 0 0
3 0 0 81 0 0 0 0
3 0 0 -22 0 0 0 0
3 0 0 96 0 0 0 0
3 0 0 79 0 0 0 0
3 0 0 7 0 0 0 0
3 0 0 -118 0 0 0 0
3 0 1 -60 0 1 96 0
4 1 0 97 0 0 0 0
4 0 0 -101 0 0 0 0
4 0 0 64 0 0 0 0
4 0 0 -84 0 0 0 0
4 0 0 79 0 0 0 0
4 0 0 43 0 0 0 0
4 0 0 -9 0 0 0 0
4 0 0 105 0 0 0 0
4 0 0 -108 0 0 0 0
4 0 0 117 0 0 0 0
4 0 1 -76 0 1 0 127
4 1 0 73 0 0 0 0
4 0 0 114 0 0 0 0
4 0 0 7 0 0 0 0
4 0 0 -36 0 0 0 0
4 0 0 -11 0 0 0 0
4 0 0 58 0 0 0 0
4 0 0 -47 0 0 0 0
4 0 0 26 0 0 0 0
4 0 0 -55 0 0 0 0
4 0 0 105 0 0 0 0
4 0 0 -93 0 0 0 0
4 0 0 -93 0 0 0 0
4 0 0 116 0 0 0 0
4 0 0 73 0 0 0 0
4 0 0 81 0 0 0 0
4 0 0 -81 0 0 0 0
4 0 0 7 0 0 0 0
4 0 0 118 0 0 0 0
4 0 0 -11 0 0 0 0
4 0 0 -72 0 0 0 0
4 0 0 23 0 0 0 0
4 0 0 -56 0 0 0 0
4 0 0 56 0 0 0 0
4 0 0 -80 0 0 0 0
4 0 0 -58 0 0 0 0
4 0 0 -99 0 0 0 0
4 0 0 -58 0 0 0 0
4 0 0 -27 0 0 0 0
4 0 0 -125 0 0 0 0
4 0 0 -112 0 0 0 0
4 0 0 79 0 0 0 0
4 0 1 123 0 1 0 -55
5 1 0 49 0 0 0 0
5 0 1 -100 0 1 -51 0
4 1 0 47 0 0 0 0
4 0 0 -79 0 0 0 0
4 0 0 -126 0 0 0 0
4 0 0 -5 0 0 0 0
4 0 0 -12 0 0 0 0
4 0 0 126 0 0 0 0
4 0 0 31 0 0 0 0
4 0 0 12 0 0 0 0
4 0 0 -13 0 0 0 0
4 0 0 -124 0 0 0 0
4 0 0 125 0 0 0 0
4 0 0 53 0 0 0 0
4 0 0 46 0 0 0 0
4 0 0 -82 0 0 0 0
4 0 0 -89 0 0 0 0
4 0 0 28 0 0 0 0
4 0 0 88 0 0 0 0
4 0 0 -13 0 0 0 0
4 0 0 60 0 0 0 0
4 0 0 67 0 0 0 0
4 0 0 -54 0 0 0 0
4 0 0 -10 0 0 0 0
4 0 1 19 0 1 0 95
3 1 0 55 0 0 0 0
3 0 0 16 0 0 0 0
3 0 0 68 0 0 0 0
3 0 0 -62 0 0 0 0
3 0 0 -67 0 0 0 0
3 0 0 77 0 0 0 0
3 0 0 53 0 0 0 0
3 0 0 113 0 0 0 0
3 0 0 -11 0 0 0 0
3 0 0 63 0 0 0 0
3 0 0 55 0 0 0 0
3 0 0 93 0 0 0 0
3 0 0 14 0 0 0 0
3 0 0 55 0 0 0 0
3 0 0 77 0 0 0 0
3 0 0 16 0 0 0 0
3 0 0 -75 0 0 0 0
3 0 0 117 0 0 0 0
3 0 0 21 0 0 0 0
3 0 0 -67 0 0 0 0
3 0 0 100 0 0 0 0
3 0 0 -50 0 0 0 0
3 0 0 48 0 0 0 0
3 0 0 -4 0 0 0 0
3 0 0 -33 0 0 0 0
3 0 0 45 0 0 0 0
3 0 0 127 0 0 0 0
3 0 0 -11 0 0 0 0
3 0 0 -72 0 0 0 0
3 0 0 68 0 0 0 0
3 0 1 71 0 1 127 0
4 1 0 -16 0 0 0 0
4 0 0 76 0 0 0 0
4 0 0 31 0 0 0 0
4 0 0 121 0 0 0 0
4 0 0 -9 0 0 0 0
4 0 0 33 0 0 0 0
4 0 0 -128 0 0 0 0
4 0 0 -81 0 0 0 0
4 0 0 113 0 0 0 0
4 0 0 34 0 0 0 0
4 0 0 73 0 0 0 0
4 0 0 -12 0 0 0 0
4 0 0 92 0 0 0 0
4 0 0 -104 0 0 0 0
4 0 0 -108 0 0 0 0
4 0 0 80 0 0 0 0
4 0 0 -81 0 0 0 0
4 0 0 6 0 0 0 0
4 0 0 -26 0 0 0 0
4 0 0 39 0 0 0 0
4 0 0 -37 0 0 0 0
4 0 0 -71 0 0 0 0
4 0 0 -36 0 0 0 0
4 0 0 58 0 0 0 0
4 0 0 -114 0 0 0 0
4 0 0 -9 0 0 0 0
4 0 0 -106 0 0 0 0
4 0 0 -124 0 0 0 0
4 0 0 67 0 0 0 0
4 0 1 -126 0 1 0 -365
3 1 0 -26 0 0 0 0
3 0 0 -87 0 0 0 0
3 0 0 110 0 0 0 0
3 0 0 -27 0 0 0 0
3 0 0 -128 0 0 0 0
3 0 0 84 0 0 0 0
3 0 0 -94 0 0 0 0
3 0 1 -38 0 1 110 0
3 1 0 84 0 0 0 0
3 0 0 67 0 0 0 0
3 0 0 115 0 0 0 0
3 0 0 -128 0 0 0 0
3 0 0 95 0 0 0 0
3 0 0 -21 0 0 0 0
3 0 0 67 0 0 0 0
3 0 0 -107 0 0 0 0
3 0 0 9 0 0 0 0
3 0 0 -114 0 0 0 0
3 0 0 49 0 0 0 0
3 0 0 60 0 0 0 0
3 0 0 44 0 0 0 0
3 0 0 104 0 0 0 0
3 0 1 -60 0 1 115 0
5 1 0 5 0 0 0 0
5 0 1 -104 0 1 -99 0
4 1 0 -76 0 0 0 0
4 0 0 11 0 0 0 0
4 0 0 -116 0 0 0 0
4 0 0 -56 0 0 0 0
4 0 0 -59 0 0 0 0
4 0 0 66 0 0 0 0
4 0 1 -22 0 1 0 -252
5 1 0 122 0 0 0 0
5 0 1 41 0 1 127 0
4 1 0 87 0 0 0 0
4 0 0 -67 0 0 0 0
4 0 0 -74 0 0 0 0
4 0 0 115 0 0 0 0
4 0 0 -65 0 0 0 0
4 0 0 101 0 0 0 0
4 0 0 112 0 0 0 0
4 0 0 -37 0 0 0 0
4 0 0 104 0 0 0 0
4 0 0 45 0 0 0 0
4 0 0 -63 0 0 0 0
4 0 0 85 0 0 0 0
4 0 1 2 0 1 0 345
4 1 0 43 0 0 0 0
4 0 0 -9 0 0 0 0
4 0 0 104 0 0 0 0
4 0 0 -1 0 0 0 0
4 0 0 51 0 0 0 0
4 0 1 118 0 1 0 306
4 1 0 100 0 0 0 0
4 0 1 -125 0 1 0 -25
5 1 0 -24 0 0 0 0
5 0 1 118 0 1 94 0
4 1 0 91 0 0 0 0
4 0 0 -5 0 0 0 0
4 0 0 1 0 0 0 0
4 0 0 116 0 0 0 0
4 0 0 115 0 0 0 0
4 0 0 -56 0 0 0 0
4 0 0 -12 0 0 0 0
4 0 0 97 0 0 0 0
4 0 0 17 0 0 0 0
4 0 0 56 0 0 0 0
4 0 0 120 0 0 0 0
4 0 0 -52 0 0 0 0
4 0 0 -84 0 0 0 0
4 0 0 -32 0 0 0 0
4 0 1 25 0 1 0 397
5 1 0 34 0 0 0 0
5 0 1 45 0 1 79 0
3 1 0 -49 0 0 0 0
3 0 0 47 0 0 0 0
3 0 0 -110 0 0 0 0
3 0 1 43 0 1 47 0
5 1 0 79 0 0 0 0
5 0 1 -86 0 1 -7 0
4 1 0 -32 0 0 0 0
4 0 0 82 0 0 0 0
4 0 0 126 0 0 0 0
4 0 0 -30 0 0 0 0
4 0 0 -43 0 0 0 0
4 0 0 72 0 0 0 0
4 0 0 -104 0 0 0 0
4 0 0 45 0 0 0 0
4 0 0 -32 0 0 0 0
4 0 0 39 0 0 0 0
4 0 0 -35 0 0 0 0
4 0 0 94 0 0 0 0
4 0 0 -51 0 0 0 0
4 0 0 124 0 0 0 0
4 0 0 -19 0 0 0 0
4 0 0 97 0 0 0 0
4 0 0 -112 0 0 0 0
4 0 0 -4 0 0 0 0
4 0 0 121 0 0 0 0
4 0 0 34 0 0 0 0
4 0 0 -28 0 0 0 0
4 0 0 -128 0 0 0 0
4 0 0 -106 0 0 0 0
4 0 0 -97 0 0 0 0
4 0 1 -60 0 1 0 -47
3 1 0 -14 0 0 0 0
3 0 0 -73 0 0 0 0
3 0 0 89 0 0 0 0
3 0 0 18 0 0 0 0
3 0 0 45 0 0 0 0
3 0 0 124 0 0 0 0
3 0 0 -30 0 0 0 0
3 0 0 -45 0 0 0 0
3 0 0 62 0 0 0 0
3 0 0 54 0 0 0 0
3 0 0 96 0 0 0 0
3 0 0 72 0 0 0 0
3 0 0 96 0 0 0 0
3 0 0 34 0 0 0 0
3 0 0 111 0 0 0 0
3 0 0 -94 0 0 0 0
3 0 0 -53 0 0 0 0
3 0 0 -16 0 0 0 0
3 0 0 -70 0 0 0 0
3 0 0 -49 0 0 0 0
3 0 0 73 0 0 0 0
3 0 0 109 0 0 0 0
3 0 0 -21 0 0 0 0
3 0 0 60 0 0 0 0
3 0 0 -105 0 0 0 0
3 0 0 -118 0 0 0 0
3 0 0 79 0 0 0 0
3 0 0 -22 0 0 0 0
3 0 1 -84 0 1 124 0
4 1 0 -21 0 0 0 0
4 0 0 -126 0 0 0 0
4 0 0 -59 0 0 0 0
4 0 0 122 0 0 0 0
4 0 0 30 0 0 0 0
4 0 0 66 0 0 0 0
4 0 0 -95 0 0 0 0
4 0 0 -88 0 0 0 0
4 0 0 124 0 0 0 0
4 0 0 -121 0 0 0 0
4 0 0 -24 0 0 0 0
4 0 0 86 0 0 0 0
4 0 0 56 0 0 0 0
4 0 0 31 0 0 0 0
4 0 0 -86 0 0 0 0
4 0 0 -117 0 0 0 0
4 0 0 -6 0 0 0 0
4 0 0 -114 0 0 0 0
4 0 0 60 0 0 0 0
4 0 0 -50 0 0 0 0
4 0 0 110 0 0 0 0
4 0 0 4 0 0 0 0
4 0 0 -72 0 0 0 0
4 0 0 100 0 0 0 0
4 0 0 14 0 0 0 0
4 0 0 -16 0 0 0 0
4 0 1 67 0 1 0 -125
4 1 0 -12 0 0 0 0
4 0 0 7 0 0 0 0
4 0 0 -83 0 0 0 0
4 0 0 -106 0 0 0 0
4 0 0 -49 0 0 0 0
4 0 0 33 0 0 0 0
4 0 0 120 0 0 0 0
4 0 0 -96 0 0 0 0
4 0 0 117 0 0 0 0
4 0 0 94 0 0 0 0
4 0 0 35 0 0 0 0
4 0 0 69 0 0 0 0
4 0 0 -116 0 0 0 0
4 0 0 -69 0 0 0 0
4 0 0 94 0 0 0 0
4 0 0 -60 0 0 0 0
4 0 0 -56 0 0 0 0
4 0 0 -113 0 0 0 0
4 0 0 -68 0 0 0 0
4 0 0 92 0 0 0 0
4 0 0 -2 0 0 0 0
4 0 1 -112 0 1 0 -281
5 1 0 -58 0 0 0 0
5 0 1 -60 0 1 -118 0
4 1 0 48 0 0 0 0
4 0 0 21 0 0 0 0
4 0 0 63 0 0 0 0
4 0 0 -31 0 0 0 0
4 0 0 -98 0 0 0 0
4 0 0 45 0 0 0 0
4 0 0 -121 0 0 0 0
4 0 1 -46 0 1 0 -119
4 1 0 4 0 0 0 0
4 0 1 41 0 1 0 45
3 1 0 -78 0 0 0 0
3 0 0 85 0 0 0 0
3 0 0 -94 0 0 0 0
3 0 0 0 0 0 0 0
3 0 0 -75 0 0 0 0
3 0 0 -90 0 0 0 0
3 0 0 -63 0 0 0 0
3 0 0 120 0 0 0 0
3 0 0 -111 0 0 0 0
3 0 0 -14 0 0 0 0
3 0 0 49 0 0 0 0
3 0 0 -79 0 0 0 0
3 0 0 -17 0 0 0 0
3 0 0 -38 0 0 0 0
3 0 0 -11 0 0 0 0
3 0 0 76 0 0 0 0
3 0 0 -25 0 0 0 0
3 0 0 96 0 0 0 0
3 0 0 50 0 0 0 0
3 0 0 -48 0 0 0 0
3 0 0 9 0 0 0 0
3 0 0 50 0 0 0 0
3 0 1 -26 0 1 120 0
3 1 0 32 0 0 0 0
3 0 0 -63 0 0 0 0
3 0 0 13 0 0 0 0
3 0 0 -128 0 0 0 0
3 0 0 -86 0 0 0 0
3 0 0 39 0 0 0 0
3 0 0 29 0 0 0 0
3 0 0 37 0 0 0 0
3 0 0 -111 0 0 0 0
3 0 0 -85 0 0 0 0
3 0 0 -121 0 0 0 0
3 0 0 21 0 0 0 0
3 0 0 -70 0 0 0 0
3 0 0 -43 0 0 0 0
3 0 0 12 0 0 0 0
3 0 0 -25 0 0 0 0
3 0 0 49 0 0 0 0
3 0 0 101 0 0 0 0
3 0 0 -83 0 0 0 0
3 0 0 84 0 0 0 0
3 0 0 81 0 0 0 0
3 0 0 -66 0 0 0 0
3 0 0 -87 0 0 0 0
3 0 0 109 0 0 0 0
3 0 0 37 0 0 0 0
3 0 0 -39 0 0 0 0
3 0 0 23 0 0 0 0
3 0 0 -5 0 0 0 0
3 0 0 95 0 0 0 0
3 0 1 18 0 1 109 0
3 1 0 -124 0 0 0 0
3 0 1 9 0 1 9 0
3 1 0 34 0 0 0 0
3 0 0 19 0 0 0 0
3 0 0 -104 0 0 0 0
3 0 0 -1 0 0 0 0
3 0 0 -57 0 0 0 0
3 0 0 4 0 0 0 0
3 0 0 -100 0 0 0 0
3 0 0 70 0 0 0 0
3 0 0 86 0 0 0 0
3 0 0 15 0 0 0 0
3 0 0 -13 0 0 0 0
3 0 0 1 0 0 0 0
3 0 0 32 0 0 0 0
3 0 0 122 0 0 0 0
3 0 0 101 0 0 0 0
3 0 0 -66 0 0 0 0
3 0 0 88 0 0 0 0
3 0 0 63 0 0 0 0
3 0 0 -42 0 0 0 0
3 0 0 -102 0 0 0 0
3 0 1 -10 0 1 122 0
5 1 0 79 0 0 0 0
5 0 1 -5 0 1 74 0
4 1 0 -6 0 0 0 0
4 0 1 -87 0 1 0 -93
4 1 0 -35 0 0 0 0
4 0 0 -63 0 0 0 0
4 0 0 96 0 0 0 0
4 0 0 -121 0 0 0 0
4 0 0 57 0 0 0 0
4 0 0 83 0 0 0 0
4 0 1 -65 0 1 0 -48
5 1 0 -64 0 0 0 0
5 0 1 0 0 1 -64 0
4 1 0 78 0 0 0 0
4 0 0 92 0 0 0 0
4 0 0 113 0 0 0 0
4 0 0 -99 0 0 0 0
4 0 0 -44 0 0 0 0
4 0 0 54 0 0 0 0
4 0 0 -25 0 0 0 0
4 0 0 -1 0 0 0 0
4 0 0 -51 0 0 0 0
4 0 0 -15 0 0 0 0
4 0 0 26 0 0 0 0
4 0 0 -54 0 0 0 0
4 0 0 -33 0 0 0 0
4 0 0 0 0 0 0 0
4 0 0 -115 0 0 0 0
4 0 0 -36 0 0 0 0
4 0 0 -9 0 0 0 0
4 0 1 85 0 1 0 -34
5 1 0 114 0 0 0 0
5 0 1 -87 0 1 27 0
3 1 0 -42 0 0 0 0
3 0 0 -2 0 0 0 0
3 0 0 25 0 0 0 0
3 0 0 -118 0 0 0 0
3 0 0 107 0 0 0 0
3 0 0 -26 0 0 0 0
3 0 0 -97 0 0 0 0
3 0 0 82 0 0 0 0
3 0 1 -43 0 1 107 0
4 1 0 -20 0 0 0 0
4 0 0 69 0 0 0 0
4 0 0 124 0 0 0 0
4 0 0 -76 0 0 0 0
4 0 0 -64 0 0 0 0
4 0 0 -84 0 0 0 0
4 0 0 -123 0 0 0 0
4 0 0 -87 0 0 0 0
4 0 0 -123 0 0 0 0
4 0 0 -4 0 0 0 0
4 0 0 74 0 0 0 0
4 0 0 102 0 0 0 0
4 0 0 13 0 0 0 0
4 0 0 83 0 0 0 0
4 0 0 48 0 0 0 0
4 0 0 74 0 0 0 0
4 0 0 4 0 0 0 0
4 0 0 -89 0 0 0 0
4 0 0 -48 0 0 0 0
4 0 0 -4 0 0 0 0
4 0 0 -21 0 0 0 0
4 0 0 -105 0 0 0 0
4 0 0 -101 0 0 0 0
4 0 0 -94 0 0 0 0
4 0 1 100 0 1 0 -352
3 1 0 -60 0 0 0 0
3 0 0 20 0 0 0 0
3 0 0 -122 0 0 0 0
3 0 0 -53 0 0 0 0
3 0 0 51 0 0 0 0
3 0 0 55 0 0 0 0
3 0 0 59 0 0 0 0
3 0 0 24 0 0 0 0
3 0 0 1 0 0 0 0
3 0 0 -60 0 0 0 0
3 0 0 -117 0 0 0 0
3 0 0 117 0 0 0 0
3 0 0 -26 0 0 0 0
3 0 0 75 0 0 0 0
3 0 0 45 0 0 0 0
3 0 0 114 0 0 0 0
3 0 0 26 0 0 0 0
3 0 0 97 0 0 0 0
3 0 0 -57 0 0 0 0
3 0 0 115 0 0 0 0
3 0 0 23 0 0 0 0
3 0 0 41 0 0 0 0
3 0 0 50 0 0 0 0
3 0 0 66 0 0 0 0
3 0 0 74 0 0 0 0
3 0 0 77 0 0 0 0
3 0 0 24 0 0 0 0
3 0 0 -8 0 0 0 0
3 0 1 -32 0 1 117 0
4 1 0 7 0 0 0 0
4 0 0 -43 0 0 0 0
4 0 0 -57 0 0 0 0
4 0 0 115 0 0 0 0
4 0 0 46 0 0 0 0
4 0 0 4 0 0 0 0
4 0 0 93 0 0 0 0
4 0 0 26 0 0 0 0
4 0 0 105 0 0 0 0
4 0 0 -102 0 0 0 0
4 0 0 -29 0 0 0 0
4 0 0 3 0 0 0 0
4 0 0 106 0 0 0 0
4 0 1 -93 0 1 0 181
3 1 0 -76 0 0 0 0
3 0 0 3 0 0 0 0
3 0 0 -128 0 0 0 0
3 0 0 -18 0 0 0 0
3 0 0 -34 0 0 0 0
3 0 0 -40 0 0 0 0
3 0 0 56 0 0 0 0
3 0 0 9 0 0 0 0
3 0 0 -124 0 0 0 0
3 0 0 -120 0 0 0 0
3 0 0 -118 0 0 0 0
3 0 0 -43 0 0 0 0
3 0 1 30 0 1 56 0
3 1 0 127 0 0 0 0
3 0 0 57 0 0 0 0
3 0 0 53 0 0 0 0
3 0 0 -84 0 0 0 0
3 0 0 93 0 0 0 0
3 0 0 -69 0 0 0 0
3 0 0 -116 0 0 0 0
3 0 0 -40 0 0 0 0
3 0 0 -121 0 0 0 0
3 0 0 11 0 0 0 0
3 0 0 52 0 0 0 0
3 0 0 -22 0 0 0 0
3 0 0 68 0 0 0 0
3 0 0 -28 0 0 0 0
3 0 0 35 0 0 0 0
3 0 0 -34 0 0 0 0
3 0 0 -37 0 0 0 0
3 0 0 126 0 0 0 0
3 0 0 -51 0 0 0 0
3 0 0 80 0 0 0 0
3 0 0 -12 0 0 0 0
3 0 0 -127 0 0 0 0
3 0 0 -101 0 0 0 0
3 0 0 95 0 0 0 0
3 0 0 -112 0 0 0 0
3 0 1 -59 0 1 127 0
5 1 0 -106 0 0 0 0
5 0 1 -20 0 1 -126 0
4 1 0 -32 0 0 0 0
4 0 0 -97 0 0 0 0
4 0 0 45 0 0 0 0
4 0 0 -58 0 0 0 0
4 0 0 33 0 0 0 0
4 0 0 12 0 0 0 0
4 0 0 120 0 0 0 0
4 0 0 118 0 0 0 0
4 0 0 41 0 0 0 0
4 0 0 10 0 0 0 0
4 0 0 -89 0 0 0 0
4 0 0 106 0 0 0 0
4 0 0 -47 0 0 0 0
4 0 0 -73 0 0 0 0
4 0 0 4 0 0 0 0
4 0 0 79 0 0 0 0
4 0 0 101 0 0 0 0
4 0 0 87 0 0 0 0
4 0 0 -47 0 0 0 0
4 0 0 86 0 0 0 0
4 0 0 -64 0 0 0 0
4 0 1 -71 0 1 0 264
5 1 0 70 0 0 0 0
5 0 1 -99 0 1 -29 0
3 1 0 22 0 0 0 0
3 0 0 -77 0 0 0 0
3 0 0 89 0 0 0 0
3 0 0 6 0 0 0 0
3 0 0 13 0 0 0 0
3 0 0 -72 0 0 0 0
3 0 0 54 0 0 0 0
3 0 0 -90 0 0 0 0
3 0 0 -124 0 0 0 0
3 0 0 -108 0 0 0 0
3 0 0 -121 0 0 0 0
3 0 0 -58 0 0 0 0
3 0 0 -66 0 0 0 0
3 0 0 80 0 0 0 0
3 0 0 69 0 0 0 0
3 0 0 118 0 0 0 0
3 0 0 -115 0 0 0 0
3 0 0 32 0 0 0 0
3 0 0 -57 0 0 0 0
3 0 0 -85 0 0 0 0
3 0 0 72 0 0 0 0
3 0 0 -13 0 0 0 0
3 0 0 -104 0 0 0 0
3 0 0 -21 0 0 0 0
3 0 0 83 0 0 0 0
3 0 0 -114 0 0 0 0
3 0 0 -104 0 0 0 0
3 0 0 76 0 0 0 0
3 0 0 -61 0 0 0 0
3 0 0 24 0 0 0 0
3 0 1 80 0 1 118 0
4 1 0 100 0 0 0 0
4 0 0 -54 0 0 0 0
4 0 0 -63 0 0 0 0
4 0 1 -22 0 1 0 -39
5 1 0 117 0 0 0 0
5 0 1 -84 0 1 33 0
3 1 0 19 0 0 0 0
3 0 0 9 0 0 0 0
3 0 0 1 0 0 0 0
3 0 0 -20 0 0 0 0
3 0 0 78 0 0 0 0
3 0 0 -124 0 0 0 0
3 0 0 -102 0 0 0 0
3 0 0 -93 0 0 0 0
3 0 0 -123 0 0 0 0
3 0 0 17 0 0 0 0
3 0 0 -49 0 0 0 0
3 0 0 -56 0 0 0 0
3 0 0 -60 0 0 0 0
3 0 0 -70 0 0 0 0
3 0 0 42 0 0 0 0
3 0 0 -125 0 0 0 0
3 0 0 37 0 0 0 0
3 0 0 -54 0 0 0 0
3 0 0 41 0 0 0 0
3 0 0 -96 0 0 0 0
3 0 0 -84 0 0 0 0
3 0 0 62 0 0 0 0
3 0 0 -22 0 0 0 0
3 0 0 1 0 0 0 0
3 0 0 102 0 0 0 0
3 0 0 41 0 0 0 0
3 0 0 120 0 0 0 0
3 0 0 112 0 0 0 0
3 0 0 -85 0 0 0 0
3 0 0 -87 0 0 0 0
3 0 1 33 0 1 120 0
4 1 0 78 0 0 0 0
4 0 0 117 0 0 0 0
4 0 0 90 0 0 0 0
4 0 0 -91 0 0 0 0
4 0 0 -16 0 0 0 0
4 0 0 -55 0 0 0 0
4 0 0 76 0 0 0 0
4 0 0 32 0 0 0 0
4 0 0 -53 0 0 0 0
4 0 0 -92 0 0 0 0
4 0 0 -55 0 0 0 0
4 0 0 -49 0 0 0 0
4 0 0 -111 0 0 0 0
4 0 0 68 0 0 0 0
4 0 0 -69 0 0 0 0
4 0 0 -94 0 0 0 0
4 0 0 9 0 0 0 0
4 0 0 26 0 0 0 0
4 0 0 52 0 0 0 0
4 0 0 116 0 0 0 0
4 0 0 77 0 0 0 0
4 0 0 35 0 0 0 0
4 0 0 110 0 0 0 0
4 0 0 48 0 0 0 0
4 0 1 -10 0 1 0 239
5 1 0 -118 0 0 0 0
5 0 1 58 0 1 -60 0
4 1 0 47 0 0 0 0
4 0 0 -125 0 0 0 0
4 0 0 -1 0 0 0 0
4 0 0 -89 0 0 0 0
4 0 0 115 0 0 0 0
4 0 0 -72 0 0 0 0
4 0 0 60 0 0 0 0
4 0 0 94 0 0 0 0
4 0 0 -4 0 0 0 0
4 0 0 -116 0 0 0 0
4 0 0 -71 0 0 0 0
4 0 0 -108 0 0 0 0
4 0 0 55 0 0 0 0
4 0 0 -108 0 0 0 0
4 0 0 59 0 0 0 0
4 0 0 -36 0 0 0 0
4 0 0 46 0 0 0 0
4 0 0 9 0 0 0 0
4 0 0 120 0 0 0 0
4 0 0 119 0 0 0 0
4 0 0 86 0 0 0 0
4 0 0 -128 0 0 0 0
4 0 0 -8 0 0 0 0
4 0 1 116 0 1 0 60
5 1 0 58 0 0 0 0
5 0 1 100 0 1 127 0
4 1 0 -106 0 0 0 0
4 0 0 117 0 0 0 0
4 0 0 -44 0 0 0 0
4 0 0 69 0 0 0 0
4 0 0 19 0 0 0 0
4 0 0 119 0 0 0 0
4 0 0 -19 0 0 0 0
4 0 0 -115 0 0 0 0
4 0 0 104 0 0 0 0
4 0 0 -40 0 0 0 0
4 0 1 98 0 1 0 202
4 1 0 92 0 0 0 0
4 0 0 -55 0 0 0 0
4 0 0 91 0 0 0 0
4 0 0 72 0 0 0 0
4 0 0 -7 0 0 0 0
4 0 0 60 0 0 0 0
4 0 0 67 0 0 0 0
4 0 0 23 0 0 0 0
4 0 0 -5 0 0 0 0
4 0 0 -20 0 0 0 0
4 0 0 2 0 0 0 0
4 0 0 -5 0 0 0 0
4 0 0 62 0 0 0 0
4 0 0 105 0 0 0 0
4 0 0 -7 0 0 0 0
4 0 0 44 0 0 0 0
4 0 0 -54 0 0 0 0
4 0 0 36 0 0 0 0
4 0 0 -4 0 0 0 0
4 0 0 -55 0 0 0 0
4 0 1 3 0 1 0 445
5 1 0 -83 0 0 0 0
5 0 1 10 0 1 -73 0
5 1 0 54 0 0 0 0
5 0 1 25 0 1 79 0
3 1 0 117 0 0 0 0
3 0 0 -24 0 0 0 0
3 0 0 -36 0 0 0 0
3 0 0 55 0 0 0 0
3 0 0 -1 0 0 0 0
3 0 0 -83 0 0 0 0
3 0 0 126 0 0 0 0
3 0 0 -21 0 0 0 0
3 0 0 22 0 0 0 0
3 0 0 71 0 0 0 0
3 0 0 11 0 0 0 0
3 0 0 -25 0 0 0 0
3 0 0 53 0 0 0 0
3 0 0 80 0 0 0 0
3 0 0 33 0 0 0 0
3 0 0 -118 0 0 0 0
3 0 0 -106 0 0 0 0
3 0 0 -30 0 0 0 0
3 0 0 -28 0 0 0 0
3 0 0 -45 0 0 0 0
3 0 0 106 0 0 0 0
3 0 0 -87 0 0 0 0
3 0 0 0 0 0 0 0
3 0 0 19 0 0 0 0
3 0 0 121 0 0 0 0
3 0 0 86 0 0 0 0
3 0 0 32 0 0 0 0
3 0 0 69 0 0 0 0
3 0 1 -101 0 1 126 0
3 1 0 43 0 0 0 0
3 0 0 -47 0 0 0 0
3 0 0 8 0 0 0 0
3 0 1 96 0 1 96 0
4 1 0 118 0 0 0 0
4 0 0 63 0 0 0 0
4 0 0 -16 0 0 0 0
4 0 0 -83 0 0 0 0
4 0 0 -87 0 0 0 0
4 0 0 -82 0 0 0 0
4 0 0 -120 0 0 0 0
4 0 0 41 0 0 0 0
4 0 0 -79 0 0 0 0
4 0 0 -8 0 0 0 0
4 0 0 -118 0 0 0 0
4 0 0 -107 0 0 0 0
4 0 0 -80 0 0 0 0
4 0 0 31 0 0 0 0
4 0 0 -82 0 0 0 0
4 0 0 72 0 0 0 0
4 0 0 -63 0 0 0 0
4 0 0 -27 0 0 0 0
4 0 0 14 0 0 0 0
4 0 0 23 0 0 0 0
4 0 0 -47 0 0 0 0
4 0 0 -34 0 0 0 0
4 0 0 -13 0 0 0 0
4 0 0 -58 0 0 0 0
4 0 0 -62 0 0 0 0
4 0 0 -12 0 0 0 0
4 0 1 4 0 1 0 -812
4 1 0 -54 0 0 0 0
4 0 0 10 0 0 0 0
4 0 0 -24 0 0 0 0
4 0 0 -88 0 0 0 0
4 0 0 -59 0 0 0 0
4 0 0 80 0 0 0 0
4 0 0 -35 0 0 0 0
4 0 0 -27 0 0 0 0
4 0 0 -120 0 0 0 0
4 0 0 51 0 0 0 0
4 0 0 117 0 0 0 0
4 0 0 -64 0 0 0 0
4 0 0 10 0 0 0 0
4 0 0 -87 0 0 0 0
4 0 0 14 0 0 0 0
4 0 0 -16 0 0 0 0
4 0 0 -126 0 0 0 0
4 0 0 -55 0 0 0 0
4 0 0 -22 0 0 0 0
4 0 1 -127 0 1 0 -622
4 1 0 -54 0 0 0 0
4 0 0 120 0 0 0 0
4 0 0 -107 0 0 0 0
4 0 0 35 0 0 0 0
4 0 0 -16 0 0 0 0
4 0 0 -39 0 0 0 0
4 0 0 105 0 0 0 0
4 0 0 34 0 0 0 0
4 0 1 98 0 1 0 176
3 1 0 -32 0 0 0 0
3 0 0 -77 0 0 0 0
3 0 0 51 0 0 0 0
3 0 0 122 0 0 0 0
3 0 0 11 0 0 0 0
3 0 0 52 0 0 0 0
3 0 0 16 0 0 0 0
3 0 0 -17 0 0 0 0
3 0 0 18 0 0 0 0
3 0 0 72 0 0 0 0
3 0 0 -95 0 0 0 0
3 0 0 -39 0 0 0 0
3 0 0 64 0 0 0 0
3 0 0 -70 0 0 0 0
3 0 0 -80 0 0 0 0
3 0 0 -58 0 0 0 0
3 0 0 107 0 0 0 0
3 0 1 -55 0 1 122 0
4 1 0 -29 0 0 0 0
4 0 0 -38 0 0 0 0
4 0 0 -93 0 0 0 0
4 0 0 7 0 0 0 0
4 0 0 97 0 0 0 0
4 0 0 39 0 0 0 0
4 0 0 64 0 0 0 0
4 0 0 -102 0 0 0 0
4 0 0 48 0 0 0 0
4 0 0 71 0 0 0 0
4 0 0 68 0 0 0 0
4 0 0 -64 0 0 0 0
4 0 0 -51 0 0 0 0
4 0 0 -111 0 0 0 0
4 0 0 28 0 0 0 0
4 0 0 99 0 0 0 0
4 0 1 84 0 1 0 117
3 1 0 -24 0 0 0 0
3 0 0 72 0 0 0 0
3 0 0 -84 0 0 0 0
3 0 0 -79 0 0 0 0
3 0 0 77 0 0 0 0
3 0 0 -66 0 0 0 0
3 0 0 110 0 0 0 0
3 0 0 -43 0 0 0 0
3 0 0 -112 0 0 0 0
3 0 0 -25 0 0 0 0
3 0 0 -9 0 0 0 0
3 0 0 -5 0 0 0 0
3 0 0 -80 0 0 0 0
3 0 0 65 0 0 0 0
3 0 0 80 0 0 0 0
3 0 0 -93 0 0 0 0
3 0 0 -20 0 0 0 0
3 0 0 -27 0 0 0 0
3 0 0 -17 0 0 0 0
3 0 0 123 0 0 0 0
3 0 0 -82 0 0 0 0
3 0 0 -30 0 0 0 0
3 0 0 -77 0 0 0 0
3 0 0 -62 0 0 0 0
3 0 0 -29 0 0 0 0
3 0 0 92 0 0 0 0
3 0 0 74 0 0 0 0
3 0 0 6 0 0 0 0
3 0 0 113 0 0 0 0
3 0 1 -114 0 1 123 0
4 1 0 -23 0 0 0 0
4 0 0 -111 0 0 0 0
4 0 0 -27 0 0 0 0
4 0 0 97 0 0 0 0
4 0 0 -18 0 0 0 0
4 0 0 -20 0 0 0 0
4 0 0 -125 0 0 0 0
4 0 0 -55 0 0 0 0
4 0 0 -7 0 0 0 0
4 0 0 104 0 0 0 0
4 0 0 113 0 0 0 0
4 0 0 -82 0 0 0 0
4 0 0 13 0 0 0 0
4 0 0 20 0 0 0 0
4 0 0 72 0 0 0 0
4 0 0 40 0 0 0 0
4 0 0 24 0 0 0 0
4 0 0 -83 0 0 0 0
4 0 0 -65 0 0 0 0
4 0 0 126 0 0 0 0
4 0 0 61 0 0 0 0
4 0 0 -83 0 0 0 0
4 0 1 -11 0 1 0 -40
3 1 0 -6 0 0 0 0
3 0 0 -119 0 0 0 0
3 0 0 120 0 0 0 0
3 0 0 16 0 0 0 0
3 0 0 -55 0 0 0 0
3 0 0 61 0 0 0 0
3 0 0 -54 0 0 0 0
3 0 0 -69 0 0 0 0
3 0 0 36 0 0 0 0
3 0 0 35 0 0 0 0
3 0 0 -90 0 0 0 0
3 0 0 56 0 0 0 0
3 0 0 -30 0 0 0 0
3 0 0 -26 0 0 0 0
3 0 0 23 0 0 0 0
3 0 0 89 0 0 0 0
3 0 0 65 0 0 0 0
3 0 0 74 0 0 0 0
3 0 0 -110 0 0 0 0
3 0 0 -55 0 0 0 0
3 0 0 97 0 0 0 0
3 0 0 -89 0 0 0 0
3 0 0 19 0 0 0 0
3 0 0 -49 0 0 0 0
3 0 0 -32 0 0 0 0
3 0 0 122 0 0 0 0
3 0 1 51 0 1 122 0
3 1 0 91 0 0 0 0
3 0 0 7 0 0 0 0
3 0 0 -20 0 0 0 0
3 0 0 -69 0 0 0 0
3 0 0 -48 0 0 0 0
3 0 0 -57 0 0 0 0
3 0 0 98 0 0 0 0
3 0 0 88 0 0 0 0
3 0 0 -37 0 0 0 0
3 0 1 -109 0 1 98 0
4 1 0 -85 0 0 0 0
4 0 0 59 0 0 0 0
4 0 0 -78 0 0 0 0
4 0 0 -77 0 0 0 0
4 0 0 125 0 0 0 0
4 0 0 -3 0 0 0 0
4 0 0 -107 0 0 0 0
4 0 0 -113 0 0 0 0
4 0 0 -84 0 0 0 0
4 0 0 110 0 0 0 0
4 0 0 5 0 0 0 0
4 0 0 3 0 0 0 0
4 0 0 64 0 0 0 0
4 0 0 -45 0 0 0 0
4 0 0 -7 0 0 0 0
4 0 0 -66 0 0 0 0
4 0 0 -47 0 0 0 0
4 0 0 126 0 0 0 0
4 0 0 -4 0 0 0 0
4 0 0 -122 0 0 0 0
4 0 0 -13 0 0 0 0
4 0 0 -55 0 0 0 0
4 0 0 -55 0 0 0 0
4 0 0 -49 0 0 0 0
4 0 0 -38 0 0 0 0
4 0 0 -94 0 0 0 0
4 0 0 -74 0 0 0 0
4 0 0 15 0 0 0 0
4 0 0 -80 0 0 0 0
4 0 0 10 0 0 0 0
4 0 1 111 0 1 0 -668
5 1 0 72 0 0 0 0
5 0 1 -61 0 1 11 0
5 1 0 -20 0 0 0 0
5 0 1 126 0 1 106 0
3 1 0 -56 0 0 0 0
3 0 0 103 0 0 0 0
3 0 0 -98 0 0 0 0
3 0 0 49 0 0 0 0
3 0 1 42 0 1 103 0
4 1 0 71 0 0 0 0
4 0 0 -117 0 0 0 0
4 0 0 23 0 0 0 0
4 0 0 -5 0 0 0 0
4 0 0 -20 0 0 0 0
4 0 0 -83 0 0 0 0
4 0 0 -55 0 0 0 0
4 0 0 -2 0 0 0 0
4 0 0 -19 0 0 0 0
4 0 0 103 0 0 0 0
4 0 0 35 0 0 0 0
4 0 0 -123 0 0 0 0
4 0 0 0 0 0 0 0
4 0 0 87 0 0 0 0
4 0 0 -62 0 0 0 0
4 0 0 41 0 0 0 0
4 0 0 70 0 0 0 0
4 0 0 -26 0 0 0 0
4 0 0 24 0 0 0 0
4 0 0 -80 0 0 0 0
4 0 0 99 0 0 0 0
4 0 0 10 0 0 0 0
4 0 0 -7 0 0 0 0
4 0 0 6 0 0 0 0
4 0 0 28 0 0 0 0
4 0 0 -85 0 0 0 0
4 0 1 60 0 1 0 -27
3 1 0 -115 0 0 0 0
3 0 0 69 0 0 0 0
3 0 0 101 0 0 0 0
3 0 0 -102 0 0 0 0
3 0 0 18 0 0 0 0
3 0 0 89 0 0 0 0
3 0 0 111 0 0 0 0
3 0 0 -29 0 0 0 0
3 0 0 -46 0 0 0 0
3 0 0 -125 0 0 0 0
3 0 0 8 0 0 0 0
3 0 0 -74 0 0 0 0
3 0 0 69 0 0 0 0
3 0 0 3 0 0 0 0
3 0 0 -27 0 0 0 0
3 0 0 120 0 0 0 0
3 0 0 113 0 0 0 0
3 0 0 7 0 0 0 0
3 0 0 78 0 0 0 0
3 0 0 -61 0 0 0 0
3 0 0 126 0 0 0 0
3 0 0 9 0 0 0 0
3 0 0 -40 0 0 0 0
3 0 0 -121 0 0 0 0
3 0 0 -22 0 0 0 0
3 0 0 45 0 0 0 0
3 0 0 5 0 0 0 0
3 0 0 -73 0 0 0 0
3 0 1 -113 0 1 126 0
4 1 0 37 0 0 0 0
4 0 0 -30 0 0 0 0
4 0 0 41 0 0 0 0
4 0 0 82 0 0 0 0
4 0 0 -63 0 0 0 0
4 0 0 -65 0 0 0 0
4 0 0 -1 0 0 0 0
4 0 0 55 0 0 0 0
4 0 0 113 0 0 0 0
4 0 0 98 0 0 0 0
4 0 0 -40 0 0 0 0
4 0 0 53 0 0 0 0
4 0 0 90 0 0 0 0
4 0 0 95 0 0 0 0
4 0 0 81 0 0 0 0
4 0 0 58 0 0 0 0
4 0 0 -74 0 0 0 0
4 0 0 -84 0 0 0 0
4 0 0 103 0 0 0 0
4 0 1 -61 0 1 0 488
3 1 1 69 0 1 69 0
5 1 0 -5 0 0 0 0
5 0 1 -67 0 1 -72 0
4 1 0 87 0 0 0 0
4 0 0 -99 0 0 0 0
4 0 0 23 0 0 0 0
4 0 0 -41 0 0 0 0
4 0 0 26 0 0 0 0
4 0 0 14 0 0 0 0
4 0 1 -65 0 1 0 -55
5 1 0 44 0 0 0 0
5 0 1 46 0 1 90 0
4 1 1 -55 0 1 0 -55
3 1 0 45 0 0 0 0
3 0 0 44 0 0 0 0
3 0 0 103 0 0 0 0
3 0 0 -27 0 0 0 0
3 0 0 -4 0 0 0 0
3 0 1 63 0 1 103 0
5 1 0 19 0 0 0 0
5 0 1 -9 0 1 10 0
4 1 0 102 0 0 0 0
4 0 0 76 0 0 0 0
4 0 0 -121 0 0 0 0
4 0 0 -76 0 0 0 0
4 0 0 -126 0 0 0 0
4 0 0 -74 0 0 0 0
4 0 0 40 0 0 0 0
4 0 0 -22 0 0 0 0
4 0 0 31 0 0 0 0
4 0 0 -70 0 0 0 0
4 0 1 26 0 1 0 -214
3 1 0 19 0 0 0 0
3 0 0 -97 0 0 0 0
3 0 0 -3 0 0 0 0
3 0 0 -72 0 0 0 0
3 0 0 -44 0 0 0 0
3 0 0 99 0 0 0 0
3 0 1 -44 0 1 99 0
3 1 0 4 0 0 0 0
3 0 0 -43 0 0 0 0
3 0 0 97 0 0 0 0
3 0 0 -115 0 0 0 0
3 0 0 65 0 0 0 0
3 0 0 -120 0 0 0 0
3 0 0 -66 0 0 0 0
3 0 0 -77 0 0 0 0
3 0 0 30 0 0 0 0
3 0 0 -86 0 0 0 0
3 0 0 67 0 0 0 0
3 0 0 -22 0 0 0 0
3 0 0 3 0 0 0 0
3 0 0 68 0 0 0 0
3 0 0 -11 0 0 0 0
3 0 0 109 0 0 0 0
3 0 0 60 0 0 0 0
3 0 0 -33 0 0 0 0
3 0 0 89 0 0 0 0
3 0 0 -124 0 0 0 0
3 0 0 87 0 0 0 0
3 0 0 -9 0 0 0 0
3 0 0 17 0 0 0 0
3 0 0 49 0 0 0 0
3 0 0 32 0 0 0 0
3 0 0 114 0 0 0 0
3 0 0 111 0 0 0 0
3 0 0 1 0 0 0 0
3 0 0 48 0 0 0 0
3 0 1 11 0 1 114 0
3 1 0 -15 0 0 0 0
3 0 0 108 0 0 0 0
3 0 0 37 0 0 0 0
3 0 0 -117 0 0 0 0
3 0 0 62 0 0 0 0
3 0 0 114 0 0 0 0
3 0 0 18 0 0 0 0
3 0 0 -2 0 0 0 0
3 0 0 -118 0 0 0 0
3 0 0 -76 0 0 0 0
3 0 0 107 0 0 0 0
3 0 1 -35 0 1 114 0
3 1 0 41 0 0 0 0
3 0 0 -60 0 0 0 0
3 0 0 -112 0 0 0 0
3 0 0 123 0 0 0 0
3 0 0 83 0 0 0 0
3 0 0 111 0 0 0 0
3 0 0 97 0 0 0 0
3 0 0 60 0 0 0 0
3 0 0 -122 0 0 0 0
3 0 0 -27 0 0 0 0
3 0 0 -24 0 0 0 0
3 0 0 -94 0 0 0 0
3 0 0 123 0 0 0 0
3 0 0 -61 0 0 0 0
3 0 0 -84 0 0 0 0
3 0 0 79 0 0 0 0
3 0 0 14 0 0 0 0
3 0 0 -22 0 0 0 0
3 0 0 -88 0 0 0 0
3 0 0 91 0 0 0 0
3 0 0 -117 0 0 0 0
3 0 0 116 0 0 0 0
3 0 0 47 0 0 0 0
3 0 0 -127 0 0 0 0
3 0 1 -27 0 1 123 0
5 1 0 -52 0 0 0 0
5 0 1 85 0 1 33 0
4 1 0 17 0 0 0 0
4 0 0 -96 0 0 0 0
4 0 0 -109 0 0 0 0
4 0 0 -84 0 0 0 0
4 0 0 49 0 0 0 0
4 0 0 66 0 0 0 0
4 0 0 83 0 0 0 0
4 0 0 67 0 0 0 0
4 0 0 -10 0 0 0 0
4 0 0 16 0 0 0 0
4 0 0 120 0 0 0 0
4 0 0 77 0 0 0 0
4 0 0 -128 0 0 0 0
4 0 0 94 0 0 0 0
4 0 0 19 0 0 0 0
4 0 0 120 0 0 0 0
4 0 0 -50 0 0 0 0
4 0 0 76 0 0 0 0
4 0 0 92 0 0 0 0
4 0 0 74 0 0 0 0
4 0 0 26 0 0 0 0
4 0 0 112 0 0 0 0
4 0 0 61 0 0 0 0
4 0 0 27 0 0 0 0
4 0 0 86 0 0 0 0
4 0 0 -41 0 0 0 0
4 0 0 49 0 0 0 0
4 0 0 -109 0 0 0 0
4 0 1 89 0 1 0 793
4 1 0 30 0 0 0 0
4 0 0 -95 0 0 0 0
4 0 0 -12 0 0 0 0
4 0 0 41 0 0 0 0
4 0 0 -10 0 0 0 0
4 0 0 64 0 0 0 0
4 0 0 -116 0 0 0 0
4 0 0 45 0 0 0 0
4 0 0 -49 0 0 0 0
4 0 0 -35 0 0 0 0
4 0 0 126 0 0 0 0
4 0 0 -93 0 0 0 0
4 0 0 -78 0 0 0 0
4 0 0 -38 0 0 0 0
4 0 0 -112 0 0 0 0
4 0 0 -11 0 0 0 0
4 0 0 -37 0 0 0 0
4 0 0 -123 0 0 0 0
4 0 0 95 0 0 0 0
4 0 0 92 0 0 0 0
4 0 0 -37 0 0 0 0
4 0 0 20 0 0 0 0
4 0 0 75 0 0 0 0
4 0 0 97 0 0 0 0
4 0 0 31 0 0 0 0
4 0 0 -109 0 0 0 0
4 0 0 -47 0 0 0 0
4 0 0 117 0 0 0 0
4 0 1 -48 0 1 0 -217
3 1 0 114 0 0 0 0
3 0 0 16 0 0 0 0
3 0 0 28 0 0 0 0
3 0 0 26 0 0 0 0
3 0 0 72 0 0 0 0
3 0 0 -112 0 0 0 0
3 0 0 8 0 0 0 0
3 0 1 41 0 1 114 0
4 1 0 -98 0 0 0 0
4 0 0 22 0 0 0 0
4 0 0 -16 0 0 0 0
4 0 0 104 0 0 0 0
4 0 1 30 0 1 0 42
5 1 0 110 0 0 0 0
5 0 1 -75 0 1 35 0
4 1 0 89 0 0 0 0
4 0 0 -108 0 0 0 0
4 0 0 -107 0 0 0 0
4 0 0 -82 0 0 0 0
4 0 1 60 0 1 0 -148
3 1 0 30 0 0 0 0
3 0 0 -99 0 0 0 0
3 0 0 -128 0 0 0 0
3 0 0 -112 0 0 0 0
3 0 0 -106 0 0 0 0
3 0 0 -49 0 0 0 0
3 0 0 -42 0 0 0 0
3 0 0 112 0 0 0 0
3 0 0 -87 0 0 0 0
3 0 0 -57 0 0 0 0
3 0 0 -118 0 0 0 0
3 0 0 -59 0 0 0 0
3 0 0 -76 0 0 0 0
3 0 0 -89 0 0 0 0
3 0 0 -95 0 0 0 0
3 0 0 -69 0 0 0 0
3 0 0 -25 0 0 0 0
3 0 0 -77 0 0 0 0
3 0 1 121 0 1 121 0
4 1 0 -70 0 0 0 0
4 0 0 114 0 0 0 0
4 0 0 100 0 0 0 0
4 0 0 -42 0 0 0 0
4 0 0 -76 0 0 0 0
4 0 1 -58 0 1 0 -32
4 1 0 -62 0 0 0 0
4 0 0 -87 0 0 0 0
4 0 0 -111 0 0 0 0
4 0 0 -1 0 0 0 0
4 0 0 -80 0 0 0 0
4 0 0 65 0 0 0 0
4 0 0 62 0 0 0 0
4 0 0 37 0 0 0 0
4 0 0 72 0 0 0 0
4 0 0 29 0 0 0 0
4 0 0 -5 0 0 0 0
4 0 0 -82 0 0 0 0
4 0 0 -50 0 0 0 0
4 0 0 79 0 0 0 0
4 0 0 58 0 0 0 0
4 0 0 17 0 0 0 0
4 0 0 52 0 0 0 0
4 0 0 63 0 0 0 0
4 0 0 -118 0 0 0 0
4 0 0 -124 0 0 0 0
4 0 0 -128 0 0 0 0
4 0 0 -55 0 0 0 0
4 0 0 3 0 0 0 0
4 0 0 -21 0 0 0 0
4 0 0 -58 0 0 0 0
4 0 0 -33 0 0 0 0
4 0 0 -69 0 0 0 0
4 0 1 122 0 1 0 -425
5 1 0 -4 0 0 0 0
5 0 1 43 0 1 39 0
3 1 0 5 0 0 0 0
3 0 0 -57 0 0 0 0
3 0 0 -108 0 0 0 0
3 0 0 -40 0 0 0 0
3 0 0 51 0 0 0 0
3 0 0 37 0 0 0 0
3 0 0 -26 0 0 0 0
3 0 0 -80 0 0 0 0
3 0 0 125 0 0 0 0
3 0 0 -54 0 0 0 0
3 0 0 0 0 0 0 0
3 0 0 36 0 0 0 0
3 0 0 -31 0 0 0 0
3 0 0 -69 0 0 0 0
3 0 0 -4 0 0 0 0
3 0 0 52 0 0 0 0
3 0 0 76 0 0 0 0
3 0 1 -76 0 1 125 0
4 1 0 54 0 0 0 0
4 0 0 -112 0 0 0 0
4 0 0 41 0 0 0 0
4 0 0 -10 0 0 0 0
4 0 0 73 0 0 0 0
4 0 0 -111 0 0 0 0
4 0 0 87 0 0 0 0
4 0 0 10 0 0 0 0
4 0 0 -47 0 0 0 0
4 0 0 6 0 0 0 0
4 0 0 -105 0 0 0 0
4 0 0 9 0 0 0 0
4 0 0 -88 0 0 0 0
4 0 0 43 0 0 0 0
4 0 0 85 0 0 0 0
4 0 0 -125 0 0 0 0
4 0 0 8 0 0 0 0
4 0 0 -12 0 0 0 0
4 0 0 -37 0 0 0 0
4 0 0 1 0 0 0 0
4 0 0 61 0 0 0 0
4 0 0 -70 0 0 0 0
4 0 0 -41 0 0 0 0
4 0 0 126 0 0 0 0
4 0 1 -26 0 1 0 -180
5 1 0 29 0 0 0 0
5 0 1 24 0 1 53 0
3 1 0 18 0 0 0 0
3 0 0 -107 0 0 0 0
3 0 0 4 0 0 0 0
3 0 0 -126 0 0 0 0
3 0 0 -113 0 0 0 0
3 0 0 -47 0 0 0 0
3 0 0 40 0 0 0 0
3 0 0 -40 0 0 0 0
3 0 0 79 0 0 0 0
3 0 0 -9 0 0 0 0
3 0 0 -27 0 0 0 0
3 0 0 -112 0 0 0 0
3 0 0 -31 0 0 0 0
3 0 0 104 0 0 0 0
3 0 0 102 0 0 0 0
3 0 0 43 0 0 0 0
3 0 0 49 0 0 0 0
3 0 0 58 0 0 0 0
3 0 0 -69 0 0 0 0
3 0 0 -120 0 0 0 0
3 0 0 86 0 0 0 0
3 0 0 58 0 0 0 0
3 0 0 -33 0 0 0 0
3 0 0 117 0 0 0 0
3 0 0 -12 0 0 0 0
3 0 0 69 0 0 0 0
3 0 1 -121 0 1 117 0
5 1 0 95 0 0 0 0
5 0 1 111 0 1 127 0
3 1 0 83 0 0 0 0
3 0 0 72 0 0 0 0
3 0 0 -46 0 0 0 0
3 0 0 -50 0 0 0 0
3 0 0 91 0 0 0 0
3 0 0 67 0 0 0 0
3 0 0 99 0 0 0 0
3 0 0 -19 0 0 0 0
3 0 0 1 0 0 0 0
3 0 0 -96 0 0 0 0
3 0 0 -47 0 0 0 0
3 0 0 -127 0 0 0 0
3 0 0 26 0 0 0 0
3 0 0 -34 0 0 0 0
3 0 0 -78 0 0 0 0
3 0 0 -50 0 0 0 0
3 0 0 0 0 0 0 0
3 0 0 -38 0 0 0 0
3 0 0 75 0 0 0 0
3 0 0 3 0 0 0 0
3 0 0 87 0 0 0 0
3 0 0 36 0 0 0 0
3 0 0 89 0 0 0 0
3 0 0 123 0 0 0 0
3 0 0 109 0 0 0 0
3 0 0 -67 0 0 0 0
3 0 0 0 0 0 0 0
3 0 0 33 0 0 0 0
3 0 0 3 0 0 0 0
3 0 0 1 0 0 0 0
3 0 0 17 0 0 0 0
3 0 1 64 0 1 123 0
5 1 0 4 0 0 0 0
5 0 1 -122 0 1 -118 0
4 1 0 88 0 0 0 0
4 0 0 11 0 0 0 0
4 0 0 80 0 0 0 0
4 0 0 -110 0 0 0 0
4 0 0 -117 0 0 0 0
4 0 0 84 0 0 0 0
4 0 0 -85 0 0 0 0
4 0 0 14 0 0 0 0
4 0 0 -115 0 0 0 0
4 0 0 -113 0 0 0 0
4 0 0 124 0 0 0 0
4 0 0 71 0 0 0 0
4 0 1 51 0 1 0 -17
5 1 0 -7 0 0 0 0
5 0 1 7 0 1 0 0
4 1 0 -34 0 0 0 0
4 0 0 -116 0 0 0 0
4 0 0 54 0 0 0 0
4 0 0 -21 0 0 0 0
4 0 0 29 0 0 0 0
4 0 0 92 0 0 0 0
4 0 0 -94 0 0 0 0
4 0 0 -16 0 0 0 0
4 0 0 -79 0 0 0 0
4 0 0 -44 0 0 0 0
4 0 0 104 0 0 0 0
4 0 0 -63 0 0 0 0
4 0 0 126 0 0 0 0
4 0 0 33 0 0 0 0
4 0 0 97 0 0 0 0
4 0 0 -49 0 0 0 0
4 0 0 122 0 0 0 0
4 0 0 1 0 0 0 0
4 0 0 123 0 0 0 0
4 0 0 46 0 0 0 0
4 0 0 -14 0 0 0 0
4 0 0 -106 0 0 0 0
4 0 0 56 0 0 0 0
4 0 0 7 0 0 0 0
4 0 0 73 0 0 0 0
4 0 0 -79 0 0 0 0
4 0 0 29 0 0 0 0
4 0 0 -62 0 0 0 0
4 0 0 -57 0 0 0 0
4 0 0 -54 0 0 0 0
4 0 1 -96 0 1 0 8
4 1 0 -106 0 0 0 0
4 0 0 -115 0 0 0 0
4 0 0 122 0 0 0 0
4 0 0 113 0 0 0 0
4 0 0 -89 0 0 0 0
4 0 0 -103 0 0 0 0
4 0 0 -57 0 0 0 0
4 0 0 110 0 0 0 0
4 0 0 -59 0 0 0 0
4 0 0 4 0 0 0 0
4 0 0 -87 0 0 0 0
4 0 0 26 0 0 0 0
4 0 1 54 0 1 0 -187
3 1 0 61 0 0 0 0
3 0 0 -107 0 0 0 0
3 0 0 40 0 0 0 0
3 0 0 -76 0 0 0 0
3 0 0 -77 0 0 0 0
3 0 0 -72 0 0 0 0
3 0 0 28 0 0 0 0
3 0 0 29 0 0 0 0
3 0 0 59 0 0 0 0
3 0 0 -36 0 0 0 0
3 0 0 -125 0 0 0 0
3 0 0 115 0 0 0 0
3 0 0 79 0 0 0 0
3 0 0 79 0 0 0 0
3 0 0 -19 0 0 0 0
3 0 0 -82 0 0 0 0
3 0 0 85 0 0 0 0
3 0 0 8 0 0 0 0
3 0 0 120 0 0 0 0
3 0 0 93 0 0 0 0
3 0 0 124 0 0 0 0
3 0 0 64 0 0 0 0
3 0 0 -54 0 0 0 0
3 0 0 91 0 0 0 0
3 0 0 -23 0 0 0 0
3 0 0 89 0 0 0 0
3 0 0 -30 0 0 0 0
3 0 0 9 0 0 0 0
3 0 0 -92 0 0 0 0
3 0 1 -58 0 1 124 0
4 1 0 57 0 0 0 0
4 0 0 21 0 0 0 0
4 0 0 102 0 0 0 0
4 0 0 47 0 0 0 0
4 0 0 -3 0 0 0 0
4 0 0 -45 0 0 0 0
4 0 0 108 0 0 0 0
4 0 0 -63 0 0 0 0
4 0 0 46 0 0 0 0
4 0 0 -16 0 0 0 0
4 0 0 126 0 0 0 0
4 0 0 -49 0 0 0 0
4 0 0 -79 0 0 0 0
4 0 0 99 0 0 0 0
4 0 0 34 0 0 0 0
4 0 0 -39 0 0 0 0
4 0 0 -84 0 0 0 0
4 0 0 33 0 0 0 0
4 0 0 -45 0 0 0 0
4 0 0 11 0 0 0 0
4 0 1 54 0 1 0 315
5 1 0 55 0 0 0 0
5 0 1 -98 0 1 -43 0
3 1 0 36 0 0 0 0
3 0 0 39 0 0 0 0
3 0 0 30 0 0 0 0
3 0 0 42 0 0 0 0
3 0 0 -128 0 0 0 0
3 0 0 -32 0 0 0 0
3 0 0 26 0 0 0 0
3 0 0 -33 0 0 0 0
3 0 0 -42 0 0 0 0
3 0 0 -47 0 0 0 0
3 0 0 115 0 0 0 0
3 0 0 -5 0 0 0 0
3 0 0 -88 0 0 0 0
3 0 0 4 0 0 0 0
3 0 0 -74 0 0 0 0
3 0 0 -102 0 0 0 0
3 0 0 65 0 0 0 0
3 0 0 -83 0 0 0 0
3 0 0 72 0 0 0 0
3 0 0 109 0 0 0 0
3 0 0 120 0 0 0 0
3 0 0 -56 0 0 0 0
3 0 0 -56 0 0 0 0
3 0 0 -99 0 0 0 0
3 0 1 -71 0 1 120 0
3 1 0 78 0 0 0 0
3 0 0 -80 0 0 0 0
3 0 0 16 0 0 0 0
3 0 0 -87 0 0 0 0
3 0 0 -77 0 0 0 0
3 0 0 -17 0 0 0 0
3 0 0 26 0 0 0 0
3 0 1 78 0 1 78 0
3 1 0 8 0 0 0 0
3 0 0 44 0 0 0 0
3 0 0 -39 0 0 0 0
3 0 0 78 0 0 0 0
3 0 0 5 0 0 0 0
3 0 0 -38 0 0 0 0
3 0 0 -46 0 0 0 0
3 0 0 -85 0 0 0 0
3 0 0 -20 0 0 0 0
3 0 0 55 0 0 0 0
3 0 0 105 0 0 0 0
3 0 0 -82 0 0 0 0
3 0 0 41 0 0 0 0
3 0 0 89 0 0 0 0
3 0 0 26 0 0 0 0
3 0 0 106 0 0 0 0
3 0 0 -100 0 0 0 0
3 0 0 -57 0 0 0 0
3 0 0 50 0 0 0 0
3 0 0 -39 0 0 0 0
3 0 0 127 0 0 0 0
3 0 0 -13 0 0 0 0
3 0 0 -10 0 0 0 0
3 0 0 -95 0 0 0 0
3 0 0 -64 0 0 0 0
3 0 0 97 0 0 0 0
3 0 0 94 0 0 0 0
3 0 0 -78 0 0 0 0
3 0 1 56 0 1 127 0
3 1 0 37 0 0 0 0
3 0 0 -60 0 0 0 0
3 0 0 -26 0 0 0 0
3 0 0 -7 0 0 0 0
3 0 0 33 0 0 0 0
3 0 0 126 0 0 0 0
3 0 0 47 0 0 0 0
3 0 1 118 0 1 126 0
5 1 0 125 0 0 0 0
5 0 1 42 0 1 127 0
4 1 0 -119 0 0 0 0
4 0 0 -36 0 0 0 0
4 0 0 11 0 0 0 0
4 0 0 -28 0 0 0 0
4 0 0 -72 0 0 0 0
4 0 0 31 0 0 0 0
4 0 0 97 0 0 0 0
4 0 0 -39 0 0 0 0
4 0 0 -72 0 0 0 0
4 0 0 -104 0 0 0 0
4 0 0 105 0 0 0 0
4 0 0 64 0 0 0 0
4 0 0 86 0 0 0 0
4 0 0 34 0 0 0 0
4 0 0 44 0 0 0 0
4 0 0 -12 0 0 0 0
4 0 0 41 0 0 0 0
4 0 0 125 0 0 0 0
4 0 1 -54 0 1 0 102
5 1 0 57 0 0 0 0
5 0 1 61 0 1 118 0
3 1 0 -57 0 0 0 0
3 0 0 -128 0 0 0 0
3 0 0 -85 0 0 0 0
3 0 0 -119 0 0 0 0
3 0 0 -58 0 0 0 0
3 0 0 -72 0 0 0 0
3 0 0 -100 0 0 0 0
3 0 0 36 0 0 0 0
3 0 0 31 0 0 0 0
3 0 0 -29 0 0 0 0
3 0 0 -96 0 0 0 0
3 0 0 -104 0 0 0 0
3 0 0 -11 0 0 0 0
3 0 0 -38 0 0 0 0
3 0 0 56 0 0 0 0
3 0 0 68 0 0 0 0
3 0 0 60 0 0 0 0
3 0 0 86 0 0 0 0
3 0 0 -21 0 0 0 0
3 0 0 72 0 0 0 0
3 0 0 -108 0 0 0 0
3 0 0 -14 0 0 0 0
3 0 0 -125 0 0 0 0
3 0 0 100 0 0 0 0
3 0 0 -123 0 0 0 0
3 0 0 84 0 0 0 0
3 0 0 -50 0 0 0 0
3 0 0 -26 0 0 0 0
3 0 0 -96 0 0 0 0
3 0 0 -62 0 0 0 0
3 0 1 34 0 1 100 0
4 1 0 103 0 0 0 0
4 0 0 47 0 0 0 0
4 0 0 83 0 0 0 0
4 0 0 123 0 0 0 0
4 0 0 40 0 0 0 0
4 0 0 8 0 0 0 0
4 0 0 27 0 0 0 0
4 0 0 99 0 0 0 0
4 0 0 42 0 0 0 0
4 0 0 77 0 0 0 0
4 0 0 43 0 0 0 0
4 0 0 78 0 0 0 0
4 0 0 15 0 0 0 0
4 0 0 -121 0 0 0 0
4 0 0 -19 0 0 0 0
4 0 0 111 0 0 0 0
4 0 0 24 0 0 0 0
4 0 0 78 0 0 0 0
4 0 1 91 0 1 0 949
5 1 0 62 0 0 0 0
5 0 1 84 0 1 127 0
5 1 0 -94 0 0 0 0
5 0 1 108 0 1 14 0
3 1 0 -31 0 0 0 0
3 0 0 -41 0 0 0 0
3 0 0 -30 0 0 0 0
3 0 0 -89 0 0 0 0
3 0 0 10 0 0 0 0
3 0 0 -45 0 0 0 0
3 0 0 -34 0 0 0 0
3 0 0 120 0 0 0 0
3 0 0 -66 0 0 0 0
3 0 0 118 0 0 0 0
3 0 0 -1 0 0 0 0
3 0 0 94 0 0 0 0
3 0 0 -34 0 0 0 0
3 0 0 -69 0 0 0 0
3 0 0 -101 0 0 0 0
3 0 0 -109 0 0 0 0
3 0 0 -82 0 0 0 0
3 0 0 -80 0 0 0 0
3 0 0 -58 0 0 0 0
3 0 0 -53 0 0 0 0
3 0 0 -21 0 0 0 0
3 0 0 55 0 0 0 0
3 0 0 59 0 0 0 0
3 0 0 -77 0 0 0 0
3 0 0 -79 0 0 0 0
3 0 0 64 0 0 0 0
3 0 0 122 0 0 0 0
3 0 0 -64 0 0 0 0
3 0 0 43 0 0 0 0
3 0 0 -24 0 0 0 0
3 0 1 -14 0 1 122 0
5 1 0 18 0 0 0 0
5 0 1 -14 0 1 4 0
5 1 0 -54 0 0 0 0
5 0 1 -103 0 1 -127 0
3 1 0 -80 0 0 0 0
3 0 0 -32 0 0 0 0
3 0 0 -62 0 0 0 0
3 0 0 -37 0 0 0 0
3 0 0 8 0 0 0 0
3 0 0 13 0 0 0 0
3 0 0 38 0 0 0 0
3 0 0 -42 0 0 0 0
3 0 0 100 0 0 0 0
3 0 0 44 0 0 0 0
3 0 0 -77 0 0 0 0
3 0 0 -82 0 0 0 0
3 0 0 74 0 0 0 0
3 0 0 -123 0 0 0 0
3 0 0 -97 0 0 0 0
3 0 0 -32 0 0 0 0
3 0 0 47 0 0 0 0
3 0 0 94 0 0 0 0
3 0 0 -1 0 0 0 0
3 0 0 41 0 0 0 0
3 0 0 90 0 0 0 0
3 0 0 -65 0 0 0 0
3 0 0 40 0 0 0 0
3 0 0 -95 0 0 0 0
3 0 0 118 0 0 0 0
3 0 0 124 0 0 0 0
3 0 1 24 0 1 124 0
3 1 0 -98 0 0 0 0
3 0 0 48 0 0 0 0
3 0 0 41 0 0 0 0
3 0 0 -42 0 0 0 0
3 0 0 -83 0 0 0 0
3 0 0 13 0 0 0 0
3 0 0 106 0 0 0 0
3 0 0 -125 0 0 0 0
3 0 0 -47 0 0 0 0
3 0 0 -56 0 0 0 0
3 0 0 44 0 0 0 0
3 0 0 104 0 0 0 0
3 0 0 -94 0 0 0 0
3 0 0 71 0 0 0 0
3 0 0 11 0 0 0 0
3 0 0 111 0 0 0 0
3 0 0 17 0 0 0 0
3 0 0 -114 0 0 0 0
3 0 0 79 0 0 0 0
3 0 0 -116 0 0 0 0
3 0 0 105 0 0 0 0
3 0 0 -72 0 0 0 0
3 0 0 -61 0 0 0 0
3 0 0 25 0 0 0 0
3 0 1 40 0 1 111 0
4 1 0 122 0 0 0 0
4 0 0 99 0 0 0 0
4 0 0 -125 0 0 0 0
4 0 0 38 0 0 0 0
4 0 0 -49 0 0 0 0
4 0 0 84 0 0 0 0
4 0 0 -115 0 0 0 0
4 0 0 24 0 0 0 0
4 0 0 -37 0 0 0 0
4 0 1 -48 0 1 0 -7
3 1 0 103 0 0 0 0
3 0 0 -58 0 0 0 0
3 0 0 87 0 0 0 0
3 0 0 45 0 0 0 0
3 0 0 -61 0 0 0 0
3 0 0 56 0 0 0 0
3 0 0 -42 0 0 0 0
3 0 0 -86 0 0 0 0
3 0 0 -81 0 0 0 0
3 0 0 -4 0 0 0 0
3 0 0 -71 0 0 0 0
3 0 0 -25 0 0 0 0
3 0 0 116 0 0 0 0
3 0 0 -30 0 0 0 0
3 0 0 -114 0 0 0 0
3 0 0 64 0 0 0 0
3 0 0 40 0 0 0 0
3 0 0 7 0 0 0 0
3 0 0 53 0 0 0 0
3 0 0 1 0 0 0 0
3 0 0 98 0 0 0 0
3 0 0 -109 0 0 0 0
3 0 0 31 0 0 0 0
3 0 0 100 0 0 0 0
3 0 0 93 0 0 0 0
3 0 0 -14 0 0 0 0
3 0 1 114 0 1 116 0
3 1 0 44 0 0 0 0
3 0 0 -19 0 0 0 0
3 0 0 50 0 0 0 0
3 0 0 22 0 0 0 0
3 0 0 -45 0 0 0 0
3 0 0 -38 0 0 0 0
3 0 0 15 0 0 0 0
3 0 0 -26 0 0 0 0
3 0 0 -68 0 0 0 0
3 0 0 52 0 0 0 0
3 0 0 65 0 0 0 0
3 0 0 -49 0 0 0 0
3 0 0 26 0 0 0 0
3 0 0 2 0 0 0 0
3 0 0 -43 0 0 0 0
3 0 0 79 0 0 0 0
3 0 0 -114 0 0 0 0
3 0 0 -89 0 0 0 0
3 0 0 -33 0 0 0 0
3 0 0 71 0 0 0 0
3 0 0 82 0 0 0 0
3 0 0 -88 0 0 0 0
3 0 0 -89 0 0 0 0
3 0 0 -1 0 0 0 0
3 0 0 -94 0 0 0 0
3 0 1 -18 0 1 82 0
4 1 0 -78 0 0 0 0
4 0 0 -42 0 0 0 0
4 0 0 -47 0 0 0 0
4 0 0 -104 0 0 0 0
4 0 0 96 0 0 0 0
4 0 0 5 0 0 0 0
4 0 0 -19 0 0 0 0
4 0 0 -97 0 0 0 0
4 0 0 124 0 0 0 0
4 0 0 -91 0 0 0 0
4 0 0 -120 0 0 0 0
4 0 0 -104 0 0 0 0
4 0 0 -32 0 0 0 0
4 0 0 -41 0 0 0 0
4 0 0 124 0 0 0 0
4 0 0 -26 0 0 0 0
4 0 0 20 0 0 0 0
4 0 0 -84 0 0 0 0
4 0 0 -52 0 0 0 0
4 0 0 62 0 0 0 0
4 0 0 -128 0 0 0 0
4 0 0 43 0 0 0 0
4 0 0 30 0 0 0 0
4 0 0 -13 0 0 0 0
4 0 0 27 0 0 0 0
4 0 0 -122 0 0 0 0
4 0 0 83 0 0 0 0
4 0 0 53 0 0 0 0
4 0 1 -92 0 1 0 -625
4 1 0 49 0 0 0 0
4 0 0 -77 0 0 0 0
4 0 0 25 0 0 0 0
4 0 0 -52 0 0 0 0
4 0 0 52 0 0 0 0
4 0 0 -109 0 0 0 0
4 0 0 -121 0 0 0 0
4 0 0 77 0 0 0 0
4 0 0 -124 0 0 0 0
4 0 0 93 0 0 0 0
4 0 0 -9 0 0 0 0
4 0 0 92 0 0 0 0
4 0 0 110 0 0 0 0
4 0 0 22 0 0 0 0
4 0 0 -126 0 0 0 0
4 0 0 -39 0 0 0 0
4 0 0 104 0 0 0 0
4 0 1 -94 0 1 0 -127
5 1 0 71 0 0 0 0
5 0 1 -124 0 1 -53 0
5 1 0 -116 0 0 0 0
5 0 1 77 0 1 -39 0
3 1 0 73 0 0 0 0
3 0 0 68 0 0 0 0
3 0 0 -39 0 0 0 0
3 0 0 -16 0 0 0 0
3 0 0 -73 0 0 0 0
3 0 0 -113 0 0 0 0
3 0 0 -108 0 0 0 0
3 0 0 73 0 0 0 0
3 0 1 79 0 1 79 0
4 1 0 66 0 0 0 0
4 0 0 -115 0 0 0 0
4 0 0 35 0 0 0 0
4 0 0 87 0 0 0 0
4 0 0 -26 0 0 0 0
4 0 0 54 0 0 0 0
4 0 0 -3 0 0 0 0
4 0 0 -112 0 0 0 0
4 0 0 84 0 0 0 0
4 0 0 124 0 0 0 0
4 0 1 -104 0 1 0 90
3 1 0 106 0 0 0 0
3 0 0 -34 0 0 0 0
3 0 0 -28 0 0 0 0
3 0 0 -20 0 0 0 0
3 0 0 -110 0 0 0 0
3 0 0 -26 0 0 0 0
3 0 0 -67 0 0 0 0
3 0 0 22 0 0 0 0
3 0 0 37 0 0 0 0
3 0 0 40 0 0 0 0
3 0 0 28 0 0 0 0
3 0 0 -55 0 0 0 0
3 0 0 -36 0 0 0 0
3 0 0 84 0 0 0 0
3 0 0 13 0 0 0 0
3 0 0 -100 0 0 0 0
3 0 0 67 0 0 0 0
3 0 0 -72 0 0 0 0
3 0 0 126 0 0 0 0
3 0 0 -45 0 0 0 0
3 0 0 66 0 0 0 0
3 0 1 -15 0 1 126 0
4 1 0 -63 0 0 0 0
4 0 0 98 0 0 0 0
4 0 0 57 0 0 0 0
4 0 0 -105 0 0 0 0
4 0 0 -12 0 0 0 0
4 0 0 -18 0 0 0 0
4 0 0 76 0 0 0 0
4 0 0 120 0 0 0 0
4 0 0 -14 0 0 0 0
4 0 0 -88 0 0 0 0
4 0 0 -72 0 0 0 0
4 0 0 -50 0 0 0 0
4 0 0 -44 0 0 0 0
4 0 0 27 0 0 0 0
4 0 0 -114 0 0 0 0
4 0 0 35 0 0 0 0
4 0 0 -70 0 0 0 0
4 0 0 -61 0 0 0 0
4 0 0 -36 0 0 0 0
4 0 0 85 0 0 0 0
4 0 0 3 0 0 0 0
4 0 0 -122 0 0 0 0
4 0 0 59 0 0 0 0
4 0 0 -58 0 0 0 0
4 0 1 -106 0 1 0 -473
5 1 0 -72 0 0 0 0
5 0 1 56 0 1 -16 0
4 1 0 85 0 0 0 0
4 0 0 -98 0 0 0 0
4 0 0 -1 0 0 0 0
4 0 0 8 0 0 0 0
4 0 0 -30 0 0 0 0
4 0 0 44 0 0 0 0
4 0 0 -75 0 0 0 0
4 0 0 9 0 0 0 0
4 0 0 123 0 0 0 0
4 0 0 62 0 0 0 0
4 0 0 22 0 0 0 0
4 0 0 -99 0 0 0 0
4 0 0 7 0 0 0 0
4 0 0 -73 0 0 0 0
4 0 0 55 0 0 0 0
4 0 0 17 0 0 0 0
4 0 0 -29 0 0 0 0
4 0 1 46 0 1 0 73
3 1 0 -26 0 0 0 0
3 0 0 -32 0 0 0 0
3 0 0 65 0 0 0 0
3 0 0 -66 0 0 0 0
3 0 0 0 0 0 0 0
3 0 0 -42 0 0 0 0
3 0 0 49 0 0 0 0
3 0 0 72 0 0 0 0
3 0 0 -115 0 0 0 0
3 0 0 -106 0 0 0 0
3 0 0 94 0 0 0 0
3 0 0 -72 0 0 0 0
3 0 0 2 0 0 0 0
3 0 0 -26 0 0 0 0
3 0 0 25 0 0 0 0
3 0 1 -85 0 1 94 0
3 1 0 52 0 0 0 0
3 0 0 -37 0 0 0 0
3 0 0 -53 0 0 0 0
3 0 0 -66 0 0 0 0
3 0 0 19 0 0 0 0
3 0 0 22 0 0 0 0
3 0 0 -39 0 0 0 0
3 0 0 120 0 0 0 0
3 0 0 22 0 0 0 0
3 0 0 -2 0 0 0 0
3 0 0 -5 0 0 0 0
3 0 0 -89 0 0 0 0
3 0 0 116 0 0 0 0
3 0 0 -30 0 0 0 0
3 0 0 55 0 0 0 0
3 0 0 90 0 0 0 0
3 0 0 9 0 0 0 0
3 0 0 39 0 0 0 0
3 0 0 -76 0 0 0 0
3 0 0 -57 0 0 0 0
3 0 0 109 0 0 0 0
3 0 0 51 0 0 0 0
3 0 0 -62 0 0 0 0
3 0 0 -96 0 0 0 0
3 0 0 107 0 0 0 0
3 0 0 77 0 0 0 0
3 0 0 118 0 0 0 0
3 0 1 35 0 1 120 0
5 1 0 -48 0 0 0 0
5 0 1 -4 0 1 -52 0
3 1 0 -105 0 0 0 0
3 0 0 82 0 0 0 0
3 0 0 -95 0 0 0 0
3 0 0 109 0 0 0 0
3 0 0 -38 0 0 0 0
3 0 0 -94 0 0 0 0
3 0 0 -71 0 0 0 0
3 0 0 73 0 0 0 0
3 0 0 -10 0 0 0 0
3 0 0 21 0 0 0 0
3 0 0 -74 0 0 0 0
3 0 0 89 0 0 0 0
3 0 0 23 0 0 0 0
3 0 0 -113 0 0 0 0
3 0 0 -103 0 0 0 0
3 0 0 78 0 0 0 0
3 0 0 83 0 0 0 0
3 0 0 60 0 0 0 0
3 0 1 -12 0 1 109 0
3 1 0 -73 0 0 0 0
3 0 0 -69 0 0 0 0
3 0 0 -54 0 0 0 0
3 0 0 23 0 0 0 0
3 0 0 55 0 0 0 0
3 0 0 120 0 0 0 0
3 0 0 -2 0 0 0 0
3 0 0 93 0 0 0 0
3 0 0 -52 0 0 0 0
3 0 0 -33 0 0 0 0
3 0 1 46 0 1 120 0
3 1 0 43 0 0 0 0
3 0 1 -52 0 1 43 0
3 1 0 -2 0 0 0 0
3 0 0 -76 0 0 0 0
3 0 0 -75 0 0 0 0
3 0 0 116 0 0 0 0
3 0 0 124 0 0 0 0
3 0 0 18 0 0 0 0
3 0 0 43 0 0 0 0
3 0 0 -82 0 0 0 0
3 0 0 -22 0 0 0 0
3 0 0 -107 0 0 0 0
3 0 0 78 0 0 0 0
3 0 0 4 0 0 0 0
3 0 0 46 0 0 0 0
3 0 0 -16 0 0 0 0
3 0 0 46 0 0 0 0
3 0 0 5 0 0 0 0
3 0 0 -95 0 0 0 0
3 0 0 102 0 0 0 0
3 0 0 -63 0 0 0 0
3 0 0 -109 0 0 0 0
3 0 1 -79 0 1 124 0
4 1 0 43 0 0 0 0
4 0 0 2 0 0 0 0
4 0 0 99 0 0 0 0
4 0 0 -119 0 0 0 0
4 0 0 47 0 0 0 0
4 0 0 36 0 0 0 0
4 0 0 -4 0 0 0 0
4 0 0 52 0 0 0 0
4 0 0 57 0 0 0 0
4 0 0 55 0 0 0 0
4 0 0 64 0 0 0 0
4 0 0 -25 0 0 0 0
4 0 0 -120 0 0 0 0
4 0 0 73 0 0 0 0
4 0 0 29 0 0 0 0
4 0 0 77 0 0 0 0
4 0 0 -117 0 0 0 0
4 0 1 -68 0 1 0 181
4 1 0 94 0 0 0 0
4 0 1 -55 0 1 0 39
3 1 0 -103 0 0 0 0
3 0 0 21 0 0 0 0
3 0 0 -28 0 0 0 0
3 0 0 57 0 0 0 0
3 0 0 -4 0 0 0 0
3 0 0 -86 0 0 0 0
3 0 0 -14 0 0 0 0
3 0 0 93 0 0 0 0
3 0 1 34 0 1 93 0
5 1 0 35 0 0 0 0
5 0 1 51 0 1 86 0
5 1 0 -54 0 0 0 0
5 0 1 -122 0 1 -127 0
3 1 0 12 0 0 0 0
3 0 0 67 0 0 0 0
3 0 0 -19 0 0 0 0
3 0 0 -46 0 0 0 0
3 0 0 103 0 0 0 0
3 0 0 -123 0 0 0 0
3 0 0 -48 0 0 0 0
3 0 0 -127 0 0 0 0
3 0 0 -43 0 0 0 0
3 0 0 -103 0 0 0 0
3 0 0 -81 0 0 0 0
3 0 0 61 0 0 0 0
3 0 0 -101 0 0 0 0
3 0 0 -14 0 0 0 0
3 0 0 -13 0 0 0 0
3 0 0 126 0 0 0 0
3 0 0 2 0 0 0 0
3 0 0 31 0 0 0 0
3 0 0 63 0 0 0 0
3 0 0 32 0 0 0 0
3 0 0 126 0 0 0 0
3 0 0 -103 0 0 0 0
3 0 0 -4 0 0 0 0
3 0 0 -62 0 0 0 0
3 0 0 -19 0 0 0 0
3 0 0 -10 0 0 0 0
3 0 0 -78 0 0 0 0
3 0 0 -57 0 0 0 0
3 0 0 -74 0 0 0 0
3 0 1 -107 0 1 126 0
5 1 0 16 0 0 0 0
5 0 1 -104 0 1 -88 0
5 1 0 87 0 0 0 0
5 0 1 58 0 1 127 0
5 1 0 -16 0 0 0 0
5 0 1 -11 0 1 -27 0
5 1 0 -12 0 0 0 0
5 0 1 -26 0 1 -38 0
3 1 0 -21 0 0 0 0
3 0 0 -64 0 0 0 0
3 0 0 25 0 0 0 0
3 0 0 22 0 0 0 0
3 0 0 77 0 0 0 0
3 0 0 -103 0 0 0 0
3 0 0 106 0 0 0 0
3 0 0 -2 0 0 0 0
3 0 0 73 0 0 0 0
3 0 0 7 0 0 0 0
3 0 0 29 0 0 0 0
3 0 0 -67 0 0 0 0
3 0 0 32 0 0 0 0
3 0 0 2 0 0 0 0
3 0 0 8 0 0 0 0
3 0 0 103 0 0 0 0
3 0 0 100 0 0 0 0
3 0 0 -76 0 0 0 0
3 0 0 31 0 0 0 0
3 0 0 37 0 0 0 0
3 0 1 -89 0 1 106 0
5 1 0 -16 0 0 0 0
5 0 1 94 0 1 78 0
4 1 1 -73 0 1 0 -73
5 1 0 -43 0 0 0 0
5 0 1 86 0 1 43 0
5 1 0 -101 0 0 0 0
5 0 1 15 0 1 -86 0
3 1 1 -119 0 1 -119 0
3 1 0 108 0 0 0 0
3 0 0 -72 0 0 0 0
3 0 0 -118 0 0 0 0
3 0 0 127 0 0 0 0
3 0 0 -7 0 0 0 0
3 0 0 12 0 0 0 0
3 0 0 26 0 0 0 0
3 0 0 7 0 0 0 0
3 0 0 -26 0 0 0 0
3 0 0 77 0 0 0 0
3 0 0 100 0 0 0 0
3 0 0 116 0 0 0 0
3 0 0 29 0 0 0 0
3 0 0 41 0 0 0 0
3 0 0 -121 0 0 0 0
3 0 0 22 0 0 0 0
3 0 0 -74 0 0 0 0
3 0 0 46 0 0 0 0
3 0 0 -82 0 0 0 0
3 0 1 -50 0 1 127 0
4 1 0 6 0 0 0 0
4 0 0 50 0 0 0 0
4 0 0 14 0 0 0 0
4 0 0 -15 0 0 0 0
4 0 0 -35 0 0 0 0
4 0 0 104 0 0 0 0
4 0 0 110 0 0 0 0
4 0 0 4 0 0 0 0
4 0 0 115 0 0 0 0
4 0 0 -80 0 0 0 0
4 0 0 -86 0 0 0 0
4 0 0 -40 0 0 0 0
4 0 0 -102 0 0 0 0
4 0 0 0 0 0 0 0
4 0 0 56 0 0 0 0
4 0 0 42 0 0 0 0
4 0 0 56 0 0 0 0
4 0 0 -99 0 0 0 0
4 0 0 68 0 0 0 0
4 0 0 46 0 0 0 0
4 0 0 -39 0 0 0 0
4 0 0 17 0 0 0 0
4 0 0 115 0 0 0 0
4 0 0 -106 0 0 0 0
4 0 0 27 0 0 0 0
4 0 0 35 0 0 0 0
4 0 0 10 0 0 0 0
4 0 0 35 0 0 0 0
4 0 0 -90 0 0 0 0
4 0 1 50 0 1 0 268
3 1 0 -40 0 0 0 0
3 0 0 55 0 0 0 0
3 0 0 22 0 0 0 0
3 0 0 7 0 0 0 0
3 0 0 123 0 0 0 0
3 0 0 -128 0 0 0 0
3 0 0 100 0 0 0 0
3 0 0 -48 0 0 0 0
3 0 0 -4 0 0 0 0
3 0 0 49 0 0 0 0
3 0 0 -9 0 0 0 0
3 0 0 -70 0 0 0 0
3 0 0 -104 0 0 0 0
3 0 0 66 0 0 0 0
3 0 0 99 0 0 0 0
3 0 0 65 0 0 0 0
3 0 0 -110 0 0 0 0
3 0 0 38 0 0 0 0
3 0 0 -115 0 0 0 0
3 0 0 -122 0 0 0 0
3 0 0 107 0 0 0 0
3 0 0 0 0 0 0 0
3 0 0 -20 0 0 0 0
3 0 0 -38 0 0 0 0
3 0 0 110 0 0 0 0
3 0 0 -76 0 0 0 0
3 0 0 76 0 0 0 0
3 0 0 -100 0 0 0 0
3 0 1 7 0 1 123 0
3 1 0 -99 0 0 0 0
3 0 0 -123 0 0 0 0
3 0 0 3 0 0 0 0
3 0 0 88 0 0 0 0
3 0 0 17 0 0 0 0
3 0 0 -94 0 0 0 0
3 0 0 42 0 0 0 0
3 0 0 118 0 0 0 0
3 0 1 45 0 1 118 0
4 1 0 -10 0 0 0 0
4 0 0 -104 0 0 0 0
4 0 0 -7 0 0 0 0
4 0 0 98 0 0 0 0
4 0 0 -119 0 0 0 0
4 0 0 67 0 0 0 0
4 0 0 35 0 0 0 0
4 0 0 -107 0 0 0 0
4 0 0 -25 0 0 0 0
4 0 0 -70 0 0 0 0
4 0 0 -4 0 0 0 0
4 0 0 -113 0 0 0 0
4 0 0 32 0 0 0 0
4 0 0 -52 0 0 0 0
4 0 0 -5 0 0 0 0
4 0 0 124 0 0 0 0
4 0 0 124 0 0 0 0
4 0 0 93 0 0 0 0
4 0 0 -36 0 0 0 0
4 0 0 100 0 0 0 0
4 0 0 6 0 0 0 0
4 0 1 -40 0 1 0 -13
3 1 0 23 0 0 0 0
3 0 0 46 0 0 0 0
3 0 0 12 0 0 0 0
3 0 0 -11 0 0 0 0
3 0 0 72 0 0 0 0
3 0 0 -126 0 0 0 0
3 0 0 -98 0 0 0 0
3 0 0 -77 0 0 0 0
3 0 0 -59 0 0 0 0
3 0 0 41 0 0 0 0
3 0 0 -44 0 0 0 0
3 0 0 -119 0 0 0 0
3 0 0 -107 0 0 0 0
3 0 0 -45 0 0 0 0
3 0 0 -49 0 0 0 0
3 0 0 -88 0 0 0 0
3 0 0 -57 0 0 0 0
3 0 0 -51 0 0 0 0
3 0 0 -33 0 0 0 0
3 0 0 80 0 0 0 0
3 0 0 71 0 0 0 0
3 0 0 -119 0 0 0 0
3 0 0 61 0 0 0 0
3 0 1 19 0 1 80 0
4 1 0 -7 0 0 0 0
4 0 1 -123 0 1 0 -130
4 1 0 47 0 0 0 0
4 0 0 -84 0 0 0 0
4 0 0 61 0 0 0 0
4 0 0 59 0 0 0 0
4 0 0 -95 0 0 0 0
4 0 0 81 0 0 0 0
4 0 0 -32 0 0 0 0
4 0 0 56 0 0 0 0
4 0 0 1 0 0 0 0
4 0 0 -52 0 0 0 0
4 0 0 -20 0 0 0 0
4 0 0 -34 0 0 0 0
4 0 0 -59 0 0 0 0
4 0 0 -71 0 0 0 0
4 0 0 35 0 0 0 0
4 0 0 -79 0 0 0 0
4 0 0 -44 0 0 0 0
4 0 0 55 0 0 0 0
4 0 0 2 0 0 0 0
4 0 0 111 0 0 0 0
4 0 0 6 0 0 0 0
4 0 0 100 0 0 0 0
4 0 0 -34 0 0 0 0
4 0 1 74 0 1 0 84
4 1 0 -79 0 0 0 0
4 0 0 34 0 0 0 0
4 0 0 -52 0 0 0 0
4 0 0 4 0 0 0 0
4 0 0 -37 0 0 0 0
4 0 0 44 0 0 0 0
4 0 0 101 0 0 0 0
4 0 0 -87 0 0 0 0
4 0 0 63 0 0 0 0
4 0 0 63 0 0 0 0
4 0 0 9 0 0 0 0
4 0 0 52 0 0 0 0
4 0 0 -52 0 0 0 0
4 0 0 83 0 0 0 0
4 0 0 -23 0 0 0 0
4 0 0 -26 0 0 0 0
4 0 0 -48 0 0 0 0
4 0 0 107 0 0 0 0
4 0 0 90 0 0 0 0
4 0 0 -3 0 0 0 0
4 0 0 -128 0 0 0 0
4 0 0 59 0 0 0 0
4 0 0 -59 0 0 0 0
4 0 1 -113 0 1 0 2
4 1 0 -80 0 0 0 0
4 0 0 -102 0 0 0 0
4 0 0 70 0 0 0 0
4 0 0 20 0 0 0 0
4 0 0 -26 0 0 0 0
4 0 0 92 0 0 0 0
4 0 0 -127 0 0 0 0
4 0 0 -11 0 0 0 0
4 0 0 78 0 0 0 0
4 0 0 120 0 0 0 0
4 0 0 124 0 0 0 0
4 0 0 89 0 0 0 0
4 0 0 78 0 0 0 0
4 0 0 79 0 0 0 0
4 0 0 -97 0 0 0 0
4 0 0 30 0 0 0 0
4 0 0 -38 0 0 0 0
4 0 0 -43 0 0 0 0
4 0 0 36 0 0 0 0
4 0 0 -66 0 0 0 0
4 0 0 102 0 0 0 0
4 0 0 -47 0 0 0 0
4 0 0 71 0 0 0 0
4 0 0 -12 0 0 0 0
4 0 0 -64 0 0 0 0
4 0 0 2 0 0 0 0
4 0 1 -119 0 1 0 159
4 1 0 117 0 0 0 0
4 0 0 50 0 0 0 0
4 0 0 -16 0 0 0 0
4 0 0 31 0 0 0 0
4 0 0 -114 0 0 0 0
4 0 0 123 0 0 0 0
4 0 0 -58 0 0 0 0
4 0 0 10 0 0 0 0
4 0 0 -23 0 0 0 0
4 0 0 63 0 0 0 0
4 0 0 -121 0 0 0 0
4 0 0 18 0 0 0 0
4 0 0 92 0 0 0 0
4 0 0 -12 0 0 0 0
4 0 0 -125 0 0 0 0
4 0 0 -16 0 0 0 0
4 0 0 70 0 0 0 0
4 0 0 -60 0 0 0 0
4 0 0 1 0 0 0 0
4 0 0 -26 0 0 0 0
4 0 1 -64 0 1 0 -60
4 1 0 56 0 0 0 0
4 0 0 112 0 0 0 0
4 0 0 -59 0 0 0 0
4 0 0 -113 0 0 0 0
4 0 0 74 0 0 0 0
4 0 0 88 0 0 0 0
4 0 0 48 0 0 0 0
4 0 0 30 0 0 0 0
4 0 0 -56 0 0 0 0
4 0 0 20 0 0 0 0
4 0 0 127 0 0 0 0
4 0 0 5 0 0 0 0
4 0 0 75 0 0 0 0
4 0 0 -5 0 0 0 0
4 0 0 108 0 0 0 0
4 0 0 -25 0 0 0 0
4 0 0 -35 0 0 0 0
4 0 0 126 0 0 0 0
4 0 0 105 0 0 0 0
4 0 0 -109 0 0 0 0
4 0 0 81 0 0 0 0
4 0 0 -25 0 0 0 0
4 0 0 21 0 0 0 0
4 0 0 89 0 0 0 0
4 0 0 -75 0 0 0 0
4 0 0 30 0 0 0 0
4 0 0 10 0 0 0 0
4 0 0 -45 0 0 0 0
4 0 0 -51 0 0 0 0
4 0 0 -21 0 0 0 0
4 0 1 29 0 1 0 615
3 1 0 49 0 0 0 0
3 0 0 -21 0 0 0 0
3 0 0 -47 0 0 0 0
3 0 0 -98 0 0 0 0
3 0 0 -75 0 0 0 0
3 0 0 -64 0 0 0 0
3 0 0 1 0 0 0 0
3 0 0 18 0 0 0 0
3 0 0 17 0 0 0 0
3 0 0 -33 0 0 0 0
3 0 1 -97 0 1 49 0
4 1 0 -73 0 0 0 0
4 0 0 83 0 0 0 0
4 0 0 5 0 0 0 0
4 0 0 43 0 0 0 0
4 0 0 5 0 0 0 0
4 0 0 -73 0 0 0 0
4 0 0 -100 0 0 0 0
4 0 0 -113 0 0 0 0
4 0 0 46 0 0 0 0
4 0 0 89 0 0 0 0
4 0 0 119 0 0 0 0
4 0 0 34 0 0 0 0
4 0 0 -11 0 0 0 0
4 0 0 -67 0 0 0 0
4 0 0 89 0 0 0 0
4 0 0 87 0 0 0 0
4 0 0 -86 0 0 0 0
4 0 0 0 0 0 0 0
4 0 0 48 0 0 0 0
4 0 0 -52 0 0 0 0
4 0 0 -108 0 0 0 0
4 0 0 -124 0 0 0 0
4 0 0 -64 0 0 0 0
4 0 1 69 0 1 0 -154
4 1 0 62 0 0 0 0
4 0 1 43 0 1 0 105
5 1 0 24 0 0 0 0
5 0 1 122 0 1 127 0
5 1 0 -25 0 0 0 0
5 0 1 11 0 1 -14 0
5 1 0 -99 0 0 0 0
5 0 1 -101 0 1 -127 0
5 1 0 14 0 0 0 0
5 0 1 -78 0 1 -64 0
3 1 0 78 0 0 0 0
3 0 0 -55 0 0 0 0
3 0 0 -107 0 0 0 0
3 0 0 -86 0 0 0 0
3 0 0 -112 0 0 0 0
3 0 0 53 0 0 0 0
3 0 0 -22 0 0 0 0
3 0 0 82 0 0 0 0
3 0 0 -69 0 0 0 0
3 0 0 82 0 0 0 0
3 0 0 -22 0 0 0 0
3 0 0 45 0 0 0 0
3 0 0 -82 0 0 0 0
3 0 0 -76 0 0 0 0
3 0 0 -58 0 0 0 0
3 0 0 11 0 0 0 0
3 0 0 -8 0 0 0 0
3 0 0 -41 0 0 0 0
3 0 0 -18 0 0 0 0
3 0 0 68 0 0 0 0
3 0 1 94 0 1 94 0
3 1 0 -123 0 0 0 0
3 0 0 15 0 0 0 0
3 0 0 86 0 0 0 0
3 0 0 -18 0 0 0 0
3 0 0 -76 0 0 0 0
3 0 0 57 0 0 0 0
3 0 0 42 0 0 0 0
3 0 0 0 0 0 0 0
3 0 0 -9 0 0 0 0
3 0 0 127 0 0 0 0
3 0 0 -20 0 0 0 0
3 0 0 -102 0 0 0 0
3 0 0 -73 0 0 0 0
3 0 1 7 0 1 127 0
4 1 0 -109 0 0 0 0
4 0 0 -77 0 0 0 0
4 0 0 39 0 0 0 0
4 0 0 41 0 0 0 0
4 0 0 -70 0 0 0 0
4 0 0 16 0 0 0 0
4 0 1 -78 0 1 0 -238
3 1 0 -95 0 0 0 0
3 0 0 -79 0 0 0 0
3 0 0 72 0 0 0 0
3 0 0 117 0 0 0 0
3 0 0 -52 0 0 0 0
3 0 0 38 0 0 0 0
3 0 0 -13 0 0 0 0
3 0 0 -62 0 0 0 0
3 0 0 -7 0 0 0 0
3 0 0 -58 0 0 0 0
3 0 0 -108 0 0 0 0
3 0 0 -101 0 0 0 0
3 0 0 111 0 0 0 0
3 0 0 116 0 0 0 0
3 0 0 -8 0 0 0 0
3 0 0 89 0 0 0 0
3 0 0 -2 0 0 0 0
3 0 0 -17 0 0 0 0
3 0 0 -79 0 0 0 0
3 0 1 42 0 1 117 0
3 1 0 -76 0 0 0 0
3 0 0 101 0 0 0 0
3 0 0 102 0 0 0 0
3 0 0 -25 0 0 0 0
3 0 0 115 0 0 0 0
3 0 0 6 0 0 0 0
3 0 0 117 0 0 0 0
3 0 0 -31 0 0 0 0
3 0 0 103 0 0 0 0
3 0 0 -47 0 0 0 0
3 0 0 -19 0 0 0 0
3 0 0 78 0 0 0 0
3 0 0 51 0 0 0 0
3 0 0 92 0 0 0 0
3 0 0 6 0 0 0 0
3 0 0 71 0 0 0 0
3 0 0 -43 0 0 0 0
3 0 0 -61 0 0 0 0
3 0 1 122 0 1 122 0
3 1 0 48 0 0 0 0
3 0 0 13 0 0 0 0
3 0 0 -125 0 0 0 0
3 0 0 28 0 0 0 0
3 0 0 100 0 0 0 0
3 0 0 -20 0 0 0 0
3 0 0 74 0 0 0 0
3 0 0 -13 0 0 0 0
3 0 0 20 0 0 0 0
3 0 0 33 0 0 0 0
3 0 0 -116 0 0 0 0
3 0 0 56 0 0 0 0
3 0 0 -111 0 0 0 0
3 0 0 90 0 0 0 0
3 0 0 -116 0 0 0 0
3 0 1 -117 0 1 100 0
5 1 0 -115 0 0 0 0
5 0 1 -114 0 1 -127 0
4 1 0 103 0 0 0 0
4 0 0 41 0 0 0 0
4 0 0 -115 0 0 0 0
4 0 0 67 0 0 0 0
4 0 0 -74 0 0 0 0
4 0 0 87 0 0 0 0
4 0 0 12 0 0 0 0
4 0 0 -106 0 0 0 0
4 0 0 45 0 0 0 0
4 0 0 -106 0 0 0 0
4 0 0 -97 0 0 0 0
4 0 0 50 0 0 0 0
4 0 0 -68 0 0 0 0
4 0 0 -121 0 0 0 0
4 0 0 -78 0 0 0 0
4 0 0 -111 0 0 0 0
4 0 0 -20 0 0 0 0
4 0 0 82 0 0 0 0
4 0 0 15 0 0 0 0
4 0 1 -77 0 1 0 -471
3 1 0 -66 0 0 0 0
3 0 0 -49 0 0 0 0
3 0 0 -6 0 0 0 0
3 0 0 -10 0 0 0 0
3 0 0 119 0 0 0 0
3 0 0 5 0 0 0 0
3 0 0 76 0 0 0 0
3 0 0 -24 0 0 0 0
3 0 0 -102 0 0 0 0
3 0 0 121 0 0 0 0
3 0 0 -90 0 0 0 0
3 0 1 -12 0 1 121 0
3 1 0 106 0 0 0 0
3 0 0 -95 0 0 0 0
3 0 0 -2 0 0 0 0
3 0 0 -12 0 0 0 0
3 0 0 -68 0 0 0 0
3 0 0 -49 0 0 0 0
3 0 0 94 0 0 0 0
3 0 0 123 0 0 0 0
3 0 0 87 0 0 0 0
3 0 0 3 0 0 0 0
3 0 0 -30 0 0 0 0
3 0 0 -110 0 0 0 0
3 0 0 71 0 0 0 0
3 0 0 -49 0 0 0 0
3 0 0 124 0 0 0 0
3 0 0 -57 0 0 0 0
3 0 0 -104 0 0 0 0
3 0 0 29 0 0 0 0
3 0 0 69 0 0 0 0
3 0 0 117 0 0 0 0
3 0 0 105 0 0 0 0
3 0 0 87 0 0 0 0
3 0 0 42 0 0 0 0
3 0 0 -10 0 0 0 0
3 0 0 -96 0 0 0 0
3 0 1 25 0 1 124 0
5 1 0 1 0 0 0 0
5 0 1 -67 0 1 -66 0
4 1 0 -6 0 0 0 0
4 0 0 94 0 0 0 0
4 0 0 11 0 0 0 0
4 0 0 21 0 0 0 0
4 0 0 66 0 0 0 0
4 0 0 37 0 0 0 0
4 0 0 35 0 0 0 0
4 0 0 -22 0 0 0 0
4 0 0 -80 0 0 0 0
4 0 0 27 0 0 0 0
4 0 0 25 0 0 0 0
4 0 0 -29 0 0 0 0
4 0 0 -76 0 0 0 0
4 0 0 -4 0 0 0 0
4 0 0 81 0 0 0 0
4 0 0 -45 0 0 0 0
4 0 0 33 0 0 0 0
4 0 0 -20 0 0 0 0
4 0 0 86 0 0 0 0
4 0 1 109 0 1 0 343
3 1 0 58 0 0 0 0
3 0 0 72 0 0 0 0
3 0 0 -95 0 0 0 0
3 0 0 115 0 0 0 0
3 0 0 97 0 0 0 0
3 0 0 -79 0 0 0 0
3 0 0 -43 0 0 0 0
3 0 0 -67 0 0 0 0
3 0 0 8 0 0 0 0
3 0 0 7 0 0 0 0
3 0 0 -124 0 0 0 0
3 0 0 71 0 0 0 0
3 0 0 73 0 0 0 0
3 0 0 -27 0 0 0 0
3 0 0 -116 0 0 0 0
3 0 0 -45 0 0 0 0
3 0 0 -98 0 0 0 0
3 0 1 84 0 1 115 0
4 1 0 90 0 0 0 0
4 0 0 66 0 0 0 0
4 0 0 -108 0 0 0 0
4 0 0 8 0 0 0 0
4 0 0 114 0 0 0 0
4 0 0 -121 0 0 0 0
4 0 0 -84 0 0 0 0
4 0 0 -110 0 0 0 0
4 0 0 -51 0 0 0 0
4 0 0 -7 0 0 0 0
4 0 0 -44 0 0 0 0
4 0 0 42 0 0 0 0
4 0 0 89 0 0 0 0
4 0 0 -57 0 0 0 0
4 0 0 21 0 0 0 0
4 0 0 121 0 0 0 0
4 0 0 -2 0 0 0 0
4 0 0 -90 0 0 0 0
4 0 0 9 0 0 0 0
4 0 0 -53 0 0 0 0
4 0 0 -29 0 0 0 0
4 0 1 -2 0 1 0 -198
3 1 1 -114 0 1 -114 0
4 1 0 26 0 0 0 0
4 0 0 -118 0 0 0 0
4 0 0 67 0 0 0 0
4 0 0 110 0 0 0 0
4 0 0 -43 0 0 0 0
4 0 0 -109 0 0 0 0
4 0 0 -43 0 0 0 0
4 0 0 -124 0 0 0 0
4 0 0 76 0 0 0 0
4 0 0 53 0 0 0 0
4 0 0 -82 0 0 0 0
4 0 0 32 0 0 0 0
4 0 0 -115 0 0 0 0
4 0 0 108 0 0 0 0
4 0 0 -10 0 0 0 0
4 0 0 4 0 0 0 0
4 0 0 65 0 0 0 0
4 0 1 -98 0 1 0 -201
4 1 0 122 0 0 0 0
4 0 0 -44 0 0 0 0
4 0 0 -18 0 0 0 0
4 0 0 -72 0 0 0 0
4 0 0 -80 0 0 0 0
4 0 0 -17 0 0 0 0
4 0 0 76 0 0 0 0
4 0 0 36 0 0 0 0
4 0 0 13 0 0 0 0
4 0 0 -10 0 0 0 0
4 0 0 -98 0 0 0 0
4 0 0 35 0 0 0 0
4 0 0 14 0 0 0 0
4 0 0 -84 0 0 0 0
4 0 0 -34 0 0 0 0
4 0 0 -73 0 0 0 0
4 0 0 107 0 0 0 0
4 0 0 -117 0 0 0 0
4 0 0 116 0 0 0 0
4 0 0 53 0 0 0 0
4 0 0 0 0 0 0 0
4 0 0 94 0 0 0 0
4 0 0 -40 0 0 0 0
4 0 0 -109 0 0 0 0
4 0 0 -38 0 0 0 0
4 0 0 -46 0 0 0 0
4 0 0 92 0 0 0 0
4 0 0 -27 0 0 0 0
4 0 1 25 0 1 0 -124
5 1 0 116 0 0 0 0
5 0 1 9 0 1 125 0
5 1 0 -114 0 0 0 0
5 0 1 -114 0 1 -127 0
3 1 0 61 0 0 0 0
3 0 1 3 0 1 61 0
4 1 0 14 0 0 0 0
4 0 0 41 0 0 0 0
4 0 0 63 0 0 0 0
4 0 0 -62 0 0 0 0
4 0 0 -94 0 0 0 0
4 0 0 97 0 0 0 0
4 0 0 -70 0 0 0 0
4 0 0 -79 0 0 0 0
4 0 0 -50 0 0 0 0
4 0 0 -44 0 0 0 0
4 0 0 45 0 0 0 0
4 0 0 84 0 0 0 0
4 0 0 -17 0 0 0 0
4 0 0 0 0 0 0 0
4 0 0 52 0 0 0 0
4 0 0 53 0 0 0 0
4 0 0 2 0 0 0 0
4 0 0 -123 0 0 0 0
4 0 1 -96 0 1 0 -184
5 1 0 -20 0 0 0 0
5 0 1 42 0 1 22 0
3 1 0 107 0 0 0 0
3 0 0 -91 0 0 0 0
3 0 0 -77 0 0 0 0
3 0 0 105 0 0 0 0
3 0 0 -53 0 0 0 0
3 0 0 67 0 0 0 0
3 0 0 -34 0 0 0 0
3 0 0 81 0 0 0 0
3 0 0 -111 0 0 0 0
3 0 0 48 0 0 0 0
3 0 0 89 0 0 0 0
3 0 0 14 0 0 0 0
3 0 0 16 0 0 0 0
3 0 0 -56 0 0 0 0
3 0 0 -86 0 0 0 0
3 0 0 99 0 0 0 0
3 0 0 32 0 0 0 0
3 0 0 -32 0 0 0 0
3 0 0 -106 0 0 0 0
3 0 0 -16 0 0 0 0
3 0 0 99 0 0 0 0
3 0 0 81 0 0 0 0
3 0 0 -59 0 0 0 0
3 0 0 -111 0 0 0 0
3 0 0 -28 0 0 0 0
3 0 0 17 0 0 0 0
3 0 1 -23 0 1 107 0
4 1 0 59 0 0 0 0
4 0 0 17 0 0 0 0
4 0 0 68 0 0 0 0
4 0 1 -61 0 1 0 83
3 1 0 25 0 0 0 0
3 0 0 -23 0 0 0 0
3 0 0 101 0 0 0 0
3 0 0 22 0 0 0 0
3 0 0 -127 0 0 0 0
3 0 0 -107 0 0 0 0
3 0 0 91 0 0 0 0
3 0 0 95 0 0 0 0
3 0 0 -123 0 0 0 0
3 0 0 -43 0 0 0 0
3 0 0 -76 0 0 0 0
3 0 0 59 0 0 0 0
3 0 1 86 0 1 101 0
3 1 0 77 0 0 0 0
3 0 0 53 0 0 0 0
3 0 0 -49 0 0 0 0
3 0 0 -82 0 0 0 0
3 0 0 39 0 0 0 0
3 0 0 -18 0 0 0 0
3 0 0 -107 0 0 0 0
3 0 0 73 0 0 0 0
3 0 0 64 0 0 0 0
3 0 0 14 0 0 0 0
3 0 0 40 0 0 0 0
3 0 0 -29 0 0 0 0
3 0 0 -7 0 0 0 0
3 0 0 -110 0 0 0 0
3 0 0 123 0 0 0 0
3 0 0 -2 0 0 0 0
3 0 0 -23 0 0 0 0
3 0 1 15 0 1 123 0
3 1 0 103 0 0 0 0
3 0 0 -10 0 0 0 0
3 0 0 -106 0 0 0 0
3 0 0 -88 0 0 0 0
3 0 0 -10 0 0 0 0
3 0 0 74 0 0 0 0
3 0 0 75 0 0 0 0
3 0 0 88 0 0 0 0
3 0 0 -114 0 0 0 0
3 0 0 -54 0 0 0 0
3 0 0 19 0 0 0 0
3 0 1 29 0 1 103 0
5 1 0 -116 0 0 0 0
5 0 1 18 0 1 -98 0
3 1 0 120 0 0 0 0
3 0 0 67 0 0 0 0
3 0 0 -71 0 0 0 0
3 0 0 50 0 0 0 0
3 0 0 -83 0 0 0 0
3 0 0 106 0 0 0 0
3 0 0 58 0 0 0 0
3 0 0 -14 0 0 0 0
3 0 0 -106 0 0 0 0
3 0 0 -77 0 0 0 0
3 0 0 55 0 0 0 0
3 0 0 108 0 0 0 0
3 0 0 -31 0 0 0 0
3 0 0 30 0 0 0 0
3 0 0 20 0 0 0 0
3 0 0 -78 0 0 0 0
3 0 0 -127 0 0 0 0
3 0 0 -94 0 0 0 0
3 0 0 94 0 0 0 0
3 0 1 -26 0 1 120 0
4 1 0 122 0 0 0 0
4 0 0 79 0 0 0 0
4 0 0 114 0 0 0 0
4 0 0 -46 0 0 0 0
4 0 0 -49 0 0 0 0
4 0 0 -126 0 0 0 0
4 0 0 104 0 0 0 0
4 0 0 -91 0 0 0 0
4 0 0 83 0 0 0 0
4 0 0 35 0 0 0 0
4 0 0 -37 0 0 0 0
4 0 0 -87 0 0 0 0
4 0 0 46 0 0 0 0
4 0 1 105 0 1 0 252
5 1 0 -78 0 0 0 0
5 0 1 55 0 1 -23 0
4 1 0 -102 0 0 0 0
4 0 0 -48 0 0 0 0
4 0 0 0 0 0 0 0
4 0 0 21 0 0 0 0
4 0 0 22 0 0 0 0
4 0 0 95 0 0 0 0
4 0 0 -128 0 0 0 0
4 0 0 124 0 0 0 0
4 0 0 -93 0 0 0 0
4 0 0 113 0 0 0 0
4 0 0 21 0 0 0 0
4 0 0 111 0 0 0 0
4 0 0 59 0 0 0 0
4 0 0 117 0 0 0 0
4 0 0 -93 0 0 0 0
4 0 0 29 0 0 0 0
4 0 0 -21 0 0 0 0
4 0 0 86 0 0 0 0
4 0 0 109 0 0 0 0
4 0 0 52 0 0 0 0
4 0 0 98 0 0 0 0
4 0 0 -54 0 0 0 0
4 0 0 118 0 0 0 0
4 0 0 56 0 0 0 0
4 0 0 -96 0 0 0 0
4 0 0 3 0 0 0 0
4 0 1 -21 0 1 0 578
5 1 0 -93 0 0 0 0
5 0 1 124 0 1 31 0
5 1 0 7 0 0 0 0
5 0 1 -54 0 1 -47 0
5 1 0 -107 0 0 0 0
5 0 1 -82 0 1 -127 0
5 1 0 -126 0 0 0 0
5 0 1 96 0 1 -30 0
5 1 0 22 0 0 0 0
5 0 1 59 0 1 81 0
5 1 0 49 0 0 0 0
5 0 1 102 0 1 127 0
5 1 0 116 0 0 0 0
5 0 1 -11 0 1 105 0
5 1 0 -4 0 0 0 0
5 0 1 -56 0 1 -60 0
3 1 1 94 0 1 94 0
4 1 0 95 0 0 0 0
4 0 0 -104 0 0 0 0
4 0 0 -112 0 0 0 0
4 0 0 -105 0 0 0 0
4 0 0 -1 0 0 0 0
4 0 0 88 0 0 0 0
4 0 0 -82 0 0 0 0
4 0 0 -105 0 0 0 0
4 0 0 64 0 0 0 0
4 0 0 112 0 0 0 0
4 0 0 -21 0 0 0 0
4 0 0 -69 0 0 0 0
4 0 0 8 0 0 0 0
4 0 0 -119 0 0 0 0
4 0 0 -40 0 0 0 0
4 0 0 114 0 0 0 0
4 0 0 -104 0 0 0 0
4 0 0 -94 0 0 0 0
4 0 0 -119 0 0 0 0
4 0 1 0 0 1 0 -594
3 1 0 -47 0 0 0 0
3 0 0 -17 0 0 0 0
3 0 0 -6 0 0 0 0
3 0 0 -16 0 0 0 0
3 0 0 -119 0 0 0 0
3 0 0 -97 0 0 0 0
3 0 0 101 0 0 0 0
3 0 0 122 0 0 0 0
3 0 0 41 0 0 0 0
3 0 0 -51 0 0 0 0
3 0 0 -92 0 0 0 0
3 0 0 -97 0 0 0 0
3 0 0 -104 0 0 0 0
3 0 0 -100 0 0 0 0
3 0 0 -12 0 0 0 0
3 0 0 77 0 0 0 0
3 0 0 7 0 0 0 0
3 0 0 -124 0 0 0 0
3 0 0 125 0 0 0 0
3 0 0 5 0 0 0 0
3 0 0 -77 0 0 0 0
3 0 0 -52 0 0 0 0
3 0 0 -88 0 0 0 0
3 0 0 61 0 0 0 0
3 0 0 35 0 0 0 0
3 0 0 -26 0 0 0 0
3 0 0 -20 0 0 0 0
3 0 0 25 0 0 0 0
3 0 1 -2 0 1 125 0
3 1 0 53 0 0 0 0
3 0 0 -94 0 0 0 0
3 0 0 -77 0 0 0 0
3 0 0 18 0 0 0 0
3 0 0 84 0 0 0 0
3 0 0 88 0 0 0 0
3 0 0 2 0 0 0 0
3 0 0 -50 0 0 0 0
3 0 0 -72 0 0 0 0
3 0 0 62 0 0 0 0
3 0 0 75 0 0 0 0
3 0 1 -67 0 1 88 0
3 1 0 81 0 0 0 0
3 0 0 -113 0 0 0 0
3 0 0 11 0 0 0 0
3 0 1 33 0 1 81 0
3 1 0 -100 0 0 0 0
3 0 1 -112 0 1 -100 0
3 1 0 39 0 0 0 0
3 0 0 -71 0 0 0 0
3 0 0 -82 0 0 0 0
3 0 0 17 0 0 0 0
3 0 0 3 0 0 0 0
3 0 0 110 0 0 0 0
3 0 0 -99 0 0 0 0
3 0 0 -74 0 0 0 0
3 0 0 88 0 0 0 0
3 0 0 -9 0 0 0 0
3 0 0 7 0 0 0 0
3 0 0 10 0 0 0 0
3 0 0 -72 0 0 0 0
3 0 0 -59 0 0 0 0
3 0 1 -68 0 1 110 0
4 1 0 8 0 0 0 0
4 0 0 59 0 0 0 0
4 0 0 -101 0 0 0 0
4 0 0 -96 0 0 0 0
4 0 0 81 0 0 0 0
4 0 0 21 0 0 0 0
4 0 0 57 0 0 0 0
4 0 0 15 0 0 0 0
4 0 0 -125 0 0 0 0
4 0 0 -58 0 0 0 0
4 0 0 122 0 0 0 0
4 0 0 43 0 0 0 0
4 0 0 -16 0 0 0 0
4 0 0 -24 0 0 0 0
4 0 0 -90 0 0 0 0
4 0 0 89 0 0 0 0
4 0 0 49 0 0 0 0
4 0 0 -91 0 0 0 0
4 0 0 -46 0 0 0 0
4 0 0 -38 0 0 0 0
4 0 0 -9 0 0 0 0
4 0 0 -83 0 0 0 0
4 0 0 18 0 0 0 0
4 0 1 66 0 1 0 -149
3 1 0 -18 0 0 0 0
3 0 0 108 0 0 0 0
3 0 0 -25 0 0 0 0
3 0 0 111 0 0 0 0
3 0 0 -76 0 0 0 0
3 0 0 98 0 0 0 0
3 0 0 -28 0 0 0 0
3 0 0 51 0 0 0 0
3 0 0 32 0 0 0 0
3 0 0 46 0 0 0 0
3 0 0 -116 0 0 0 0
3 0 0 89 0 0 0 0
3 0 0 -74 0 0 0 0
3 0 0 33 0 0 0 0
3 0 0 71 0 0 0 0
3 0 0 88 0 0 0 0
3 0 0 63 0 0 0 0
3 0 0 -6 0 0 0 0
3 0 0 -61 0 0 0 0
3 0 0 63 0 0 0 0
3 0 0 64 0 0 0 0
3 0 0 70 0 0 0 0
3 0 1 16 0 1 111 0
5 1 0 82 0 0 0 0
5 0 1 50 0 1 127 0
5 1 0 -79 0 0 0 0
5 0 1 75 0 1 -4 0
3 1 0 64 0 0 0 0
3 0 0 -22 0 0 0 0
3 0 0 -35 0 0 0 0
3 0 0 -30 0 0 0 0
3 0 1 -104 0 1 64 0
4 1 0 -96 0 0 0 0
4 0 0 -75 0 0 0 0
4 0 0 -105 0 0 0 0
4 0 0 58 0 0 0 0
4 0 0 -50 0 0 0 0
4 0 0 -44 0 0 0 0
4 0 0 55 0 0 0 0
4 0 0 108 0 0 0 0
4 0 0 84 0 0 0 0
4 0 0 45 0 0 0 0
4 0 0 25 0 0 0 0
4 0 0 20 0 0 0 0
4 0 0 36 0 0 0 0
4 0 0 90 0 0 0 0
4 0 0 -41 0 0 0 0
4 0 0 103 0 0 0 0
4 0 0 -58 0 0 0 0
4 0 0 109 0 0 0 0
4 0 0 -57 0 0 0 0
4 0 0 81 0 0 0 0
4 0 0 52 0 0 0 0
4 0 0 34 0 0 0 0
4 0 0 -66 0 0 0 0
4 0 0 -113 0 0 0 0
4 0 1 -54 0 1 0 141
5 1 0 -36 0 0 0 0
5 0 1 -44 0 1 -80 0
5 1 0 -75 0 0 0 0
5 0 1 -96 0 1 -127 0
5 1 0 107 0 0 0 0
5 0 1 -53 0 1 54 0
4 1 0 -80 0 0 0 0
4 0 0 96 0 0 0 0
4 0 0 -11 0 0 0 0
4 0 1 -120 0 1 0 -115
4 1 0 -95 0 0 0 0
4 0 0 -7 0 0 0 0
4 0 0 -90 0 0 0 0
4 0 0 -24 0 0 0 0
4 0 0 -22 0 0 0 0
4 0 0 -27 0 0 0 0
4 0 0 54 0 0 0 0
4 0 0 62 0 0 0 0
4 0 0 -125 0 0 0 0
4 0 0 24 0 0 0 0
4 0 0 15 0 0 0 0
4 0 0 -124 0 0 0 0
4 0 0 45 0 0 0 0
4 0 0 -98 0 0 0 0
4 0 0 48 0 0 0 0
4 0 0 -44 0 0 0 0
4 0 0 82 0 0 0 0
4 0 0 -88 0 0 0 0
4 0 0 93 0 0 0 0
4 0 0 -54 0 0 0 0
4 0 0 105 0 0 0 0
4 0 0 115 0 0 0 0
4 0 0 32 0 0 0 0
4 0 0 -122 0 0 0 0
4 0 0 63 0 0 0 0
4 0 0 -117 0 0 0 0
4 0 0 -86 0 0 0 0
4 0 0 110 0 0 0 0
4 0 0 120 0 0 0 0
4 0 0 -125 0 0 0 0
4 0 1 -2 0 1 0 -282
5 1 0 -113 0 0 0 0
5 0 1 45 0 1 -68 0
3 1 0 -78 0 0 0 0
3 0 0 81 0 0 0 0
3 0 0 -63 0 0 0 0
3 0 0 116 0 0 0 0
3 0 0 27 0 0 0 0
3 0 0 69 0 0 0 0
3 0 0 -126 0 0 0 0
3 0 0 -112 0 0 0 0
3 0 0 -17 0 0 0 0
3 0 0 -43 0 0 0 0
3 0 0 -38 0 0 0 0
3 0 0 108 0 0 0 0
3 0 0 -37 0 0 0 0
3 0 0 103 0 0 0 0
3 0 0 -31 0 0 0 0
3 0 0 -123 0 0 0 0
3 0 0 -105 0 0 0 0
3 0 0 112 0 0 0 0
3 0 0 120 0 0 0 0
3 0 0 70 0 0 0 0
3 0 0 9 0 0 0 0
3 0 0 104 0 0 0 0
3 0 0 45 0 0 0 0
3 0 0 -78 0 0 0 0
3 0 1 -41 0 1 120 0
5 1 0 45 0 0 0 0
5 0 1 39 0 1 84 0
5 1 0 40 0 0 0 0
5 0 1 -117 0 1 -77 0
4 1 0 117 0 0 0 0
4 0 0 8 0 0 0 0
4 0 0 89 0 0 0 0
4 0 0 -13 0 0 0 0
4 0 0 -105 0 0 0 0
4 0 0 -112 0 0 0 0
4 0 0 39 0 0 0 0
4 0 0 67 0 0 0 0
4 0 0 120 0 0 0 0
4 0 0 -8 0 0 0 0
4 0 0 -117 0 0 0 0
4 0 0 -26 0 0 0 0
4 0 0 43 0 0 0 0
4 0 0 -29 0 0 0 0
4 0 0 -49 0 0 0 0
4 0 0 22 0 0 0 0
4 0 0 -35 0 0 0 0
4 0 0 95 0 0 0 0
4 0 0 -74 0 0 0 0
4 0 0 3 0 0 0 0
4 0 0 68 0 0 0 0
4 0 0 -17 0 0 0 0
4 0 0 -96 0 0 0 0
4 0 0 61 0 0 0 0
4 0 0 75 0 0 0 0
4 0 0 -52 0 0 0 0
4 0 0 82 0 0 0 0
4 0 0 122 0 0 0 0
4 0 0 -75 0 0 0 0
4 0 0 7 0 0 0 0
4 0 0 88 0 0 0 0
4 0 1 54 0 1 0 352
4 1 0 54 0 0 0 0
4 0 0 82 0 0 0 0
4 0 0 5 0 0 0 0
4 0 0 -125 0 0 0 0
4 0 0 -22 0 0 0 0
4 0 0 106 0 0 0 0
4 0 0 59 0 0 0 0
4 0 0 -19 0 0 0 0
4 0 0 -81 0 0 0 0
4 0 0 34 0 0 0 0
4 0 0 -122 0 0 0 0
4 0 0 64 0 0 0 0
4 0 0 86 0 0 0 0
4 0 0 -24 0 0 0 0
4 0 0 89 0 0 0 0
4 0 0 -1 0 0 0 0
4 0 0 86 0 0 0 0
4 0 0 34 0 0 0 0
4 0 0 -69 0 0 0 0
4 0 0 -120 0 0 0 0
4 0 0 -22 0 0 0 0
4 0 0 24 0 0 0 0
4 0 0 -90 0 0 0 0
4 0 0 -19 0 0 0 0
4 0 0 26 0 0 0 0
4 0 1 -85 0 1 0 -50
3 1 0 -8 0 0 0 0
3 0 0 94 0 0 0 0
3 0 0 38 0 0 0 0
3 0 0 22 0 0 0 0
3 0 0 -48 0 0 0 0
3 0 0 -5 0 0 0 0
3 0 0 124 0 0 0 0
3 0 0 -125 0 0 0 0
3 0 0 -61 0 0 0 0
3 0 0 120 0 0 0 0
3 0 1 -95 0 1 124 0
3 1 0 98 0 0 0 0
3 0 0 9 0 0 0 0
3 0 0 -27 0 0 0 0
3 0 0 -57 0 0 0 0
3 0 0 46 0 0 0 0
3 0 0 28 0 0 0 0
3 0 0 -59 0 0 0 0
3 0 0 -34 0 0 0 0
3 0 0 37 0 0 0 0
3 0 0 78 0 0 0 0
3 0 0 23 0 0 0 0
3 0 0 51 0 0 0 0
3 0 0 102 0 0 0 0
3 0 0 118 0 0 0 0
3 0 0 84 0 0 0 0
3 0 0 -38 0 0 0 0
3 0 0 104 0 0 0 0
3 0 0 -21 0 0 0 0
3 0 0 7 0 0 0 0
3 0 1 86 0 1 118 0
5 1 0 118 0 0 0 0
5 0 1 81 0 1 127 0
4 1 0 -97 0 0 0 0
4 0 0 47 0 0 0 0
4 0 0 123 0 0 0 0
4 0 0 47 0 0 0 0
4 0 0 -103 0 0 0 0
4 0 0 37 0 0 0 0
4 0 0 125 0 0 0 0
4 0 0 58 0 0 0 0
4 0 0 96 0 0 0 0
4 0 0 -94 0 0 0 0
4 0 0 -81 0 0 0 0
4 0 0 17 0 0 0 0
4 0 0 23 0 0 0 0
4 0 0 95 0 0 0 0
4 0 0 46 0 0 0 0
4 0 0 105 0 0 0 0
4 0 0 -71 0 0 0 0
4 0 0 49 0 0 0 0
4 0 0 100 0 0 0 0
4 0 0 83 0 0 0 0
4 0 0 -112 0 0 0 0
4 0 0 75 0 0 0 0
4 0 0 51 0 0 0 0
4 0 0 -125 0 0 0 0
4 0 0 53 0 0 0 0
4 0 0 -117 0 0 0 0
4 0 0 112 0 0 0 0
4 0 0 89 0 0 0 0
4 0 0 -16 0 0 0 0
4 0 0 -98 0 0 0 0
4 0 0 28 0 0 0 0
4 0 1 -29 0 1 0 516
5 1 0 10 0 0 0 0
5 0 1 97 0 1 107 0
3 1 0 79 0 0 0 0
3 0 0 -68 0 0 0 0
3 0 0 -101 0 0 0 0
3 0 0 6 0 0 0 0
3 0 0 35 0 0 0 0
3 0 0 45 0 0 0 0
3 0 0 -102 0 0 0 0
3 0 1 103 0 1 103 0
5 1 0 59 0 0 0 0
5 0 1 70 0 1 127 0
3 1 0 80 0 0 0 0
3 0 1 0 0 1 80 0
4 1 0 -14 0 0 0 0
4 0 0 22 0 0 0 0
4 0 0 -45 0 0 0 0
4 0 0 -2 0 0 0 0
4 0 0 -26 0 0 0 0
4 0 0 123 0 0 0 0
4 0 0 -4 0 0 0 0
4 0 0 -4 0 0 0 0
4 0 0 10 0 0 0 0
4 0 0 48 0 0 0 0
4 0 0 -32 0 0 0 0
4 0 0 38 0 0 0 0
4 0 0 -52 0 0 0 0
4 0 0 -96 0 0 0 0
4 0 0 68 0 0 0 0
4 0 0 -29 0 0 0 0
4 0 0 -23 0 0 0 0
4 0 1 -22 0 1 0 -40
4 1 0 120 0 0 0 0
4 0 0 26 0 0 0 0
4 0 0 -88 0 0 0 0
4 0 0 -80 0 0 0 0
4 0 0 29 0 0 0 0
4 0 0 -17 0 0 0 0
4 0 0 -114 0 0 0 0
4 0 0 -101 0 0 0 0
4 0 0 50 0 0 0 0
4 0 0 -84 0 0 0 0
4 0 1 102 0 1 0 -157
4 1 0 124 0 0 0 0
4 0 0 64 0 0 0 0
4 0 0 13 0 0 0 0
4 0 0 -15 0 0 0 0
4 0 0 62 0 0 0 0
4 0 0 -73 0 0 0 0
4 0 0 38 0 0 0 0
4 0 0 73 0 0 0 0
4 0 0 61 0 0 0 0
4 0 0 -68 0 0 0 0
4 0 0 -54 0 0 0 0
4 0 0 115 0 0 0 0
4 0 0 68 0 0 0 0
4 0 0 51 0 0 0 0
4 0 0 8 0 0 0 0
4 0 0 -52 0 0 0 0
4 0 0 -59 0 0 0 0
4 0 0 -90 0 0 0 0
4 0 0 -50 0 0 0 0
4 0 1 -81 0 1 0 135
4 1 0 -16 0 0 0 0
4 0 0 54 0 0 0 0
4 0 1 71 0 1 0 109
5 1 0 -38 0 0 0 0
5 0 1 116 0 1 78 0
5 1 0 -100 0 0 0 0
5 0 1 51 0 1 -49 0
5 1 0 75 0 0 0 0
5 0 1 1 0 1 76 0
5 1 0 22 0 0 0 0
5 0 1 59 0 1 81 0
4 1 0 -25 0 0 0 0
4 0 1 82 0 1 0 57
3 1 0 89 0 0 0 0
3 0 0 -4 0 0 0 0
3 0 0 -75 0 0 0 0
3 0 0 -87 0 0 0 0
3 0 0 44 0 0 0 0
3 0 0 84 0 0 0 0
3 0 0 28 0 0 0 0
3 0 0 -19 0 0 0 0
3 0 0 124 0 0 0 0
3 0 0 108 0 0 0 0
3 0 0 -40 0 0 0 0
3 0 0 18 0 0 0 0
3 0 0 112 0 0 0 0
3 0 0 58 0 0 0 0
3 0 0 -78 0 0 0 0
3 0 0 -128 0 0 0 0
3 0 0 46 0 0 0 0
3 0 0 49 0 0 0 0
3 0 0 107 0 0 0 0
3 0 0 -51 0 0 0 0
3 0 0 12 0 0 0 0
3 0 0 -102 0 0 0 0
3 0 0 -96 0 0 0 0
3 0 0 103 0 0 0 0
3 0 0 -36 0 0 0 0
3 0 0 124 0 0 0 0
3 0 1 26 0 1 124 0
5 1 0 3 0 0 0 0
5 0 1 -89 0 1 -86 0
3 1 0 -5 0 0 0 0
3 0 0 -46 0 0 0 0
3 0 0 107 0 0 0 0
3 0 0 -109 0 0 0 0
3 0 1 -67 0 1 107 0
5 1 0 -37 0 0 0 0
5 0 1 65 0 1 28 0
4 1 0 51 0 0 0 0
4 0 0 -12 0 0 0 0
4 0 0 -71 0 0 0 0
4 0 0 82 0 0 0 0
4 0 0 120 0 0 0 0
4 0 0 -83 0 0 0 0
4 0 0 111 0 0 0 0
4 0 0 27 0 0 0 0
4 0 0 -113 0 0 0 0
4 0 0 46 0 0 0 0
4 0 0 117 0 0 0 0
4 0 0 -68 0 0 0 0
4 0 0 25 0 0 0 0
4 0 0 -76 0 0 0 0
4 0 0 62 0 0 0 0
4 0 0 -107 0 0 0 0
4 0 0 -36 0 0 0 0
4 0 0 31 0 0 0 0
4 0 0 -35 0 0 0 0
4 0 0 46 0 0 0 0
4 0 0 116 0 0 0 0
4 0 0 -14 0 0 0 0
4 0 0 66 0 0 0 0
4 0 0 44 0 0 0 0
4 0 0 -122 0 0 0 0
4 0 0 62 0 0 0 0
4 0 0 45 0 0 0 0
4 0 1 100 0 1 0 414
3 1 0 85 0 0 0 0
3 0 0 33 0 0 0 0
3 0 0 92 0 0 0 0
3 0 0 91 0 0 0 0
3 0 0 116 0 0 0 0
3 0 0 -31 0 0 0 0
3 0 0 -47 0 0 0 0
3 0 0 117 0 0 0 0
3 0 0 -102 0 0 0 0
3 0 0 -30 0 0 0 0
3 0 0 -107 0 0 0 0
3 0 0 125 0 0 0 0
3 0 0 -128 0 0 0 0
3 0 0 -47 0 0 0 0
3 0 0 -75 0 0 0 0
3 0 0 -45 0 0 0 0
3 0 0 -20 0 0 0 0
3 0 0 -71 0 0 0 0
3 0 0 -66 0 0 0 0
3 0 0 91 0 0 0 0
3 0 0 -32 0 0 0 0
3 0 0 -118 0 0 0 0
3 0 0 -46 0 0 0 0
3 0 0 65 0 0 0 0
3 0 0 -46 0 0 0 0
3 0 0 -68 0 0 0 0
3 0 0 87 0 0 0 0
3 0 0 43 0 0 0 0
3 0 0 -13 0 0 0 0
3 0 1 106 0 1 125 0
3 1 0 -72 0 0 0 0
3 0 0 -27 0 0 0 0
3 0 0 -75 0 0 0 0
3 0 0 -75 0 0 0 0
3 0 0 -85 0 0 0 0
3 0 0 -88 0 0 0 0
3 0 0 -124 0 0 0 0
3 0 1 -36 0 1 -27 0
4 1 0 -54 0 0 0 0
4 0 0 30 0 0 0 0
4 0 0 22 0 0 0 0
4 0 0 -14 0 0 0 0
4 0 0 36 0 0 0 0
4 0 0 14 0 0 0 0
4 0 0 -62 0 0 0 0
4 0 0 125 0 0 0 0
4 0 0 -43 0 0 0 0
4 0 0 40 0 0 0 0
4 0 0 -26 0 0 0 0
4 0 0 -6 0 0 0 0
4 0 0 -64 0 0 0 0
4 0 0 73 0 0 0 0
4 0 0 114 0 0 0 0
4 0 0 66 0 0 0 0
4 0 0 -98 0 0 0 0
4 0 0 -35 0 0 0 0
4 0 0 -119 0 0 0 0
4 0 0 16 0 0 0 0
4 0 0 -78 0 0 0 0
4 0 0 -104 0 0 0 0
4 0 0 91 0 0 0 0
4 0 0 -111 0 0 0 0
4 0 0 -52 0 0 0 0
4 0 0 -20 0 0 0 0
4 0 0 28 0 0 0 0
4 0 0 -89 0 0 0 0
4 0 0 -30 0 0 0 0
4 0 1 -118 0 1 0 -468
5 1 0 -12 0 0 0 0
5 0 1 -31 0 1 -43 0
4 1 0 -22 0 0 0 0
4 0 0 12 0 0 0 0
4 0 0 -90 0 0 0 0
4 0 0 52 0 0 0 0
4 0 0 123 0 0 0 0
4 0 0 90 0 0 0 0
4 0 0 41 0 0 0 0
4 0 0 -120 0 0 0 0
4 0 0 -112 0 0 0 0
4 0 0 -70 0 0 0 0
4 0 0 112 0 0 0 0
4 0 0 97 0 0 0 0
4 0 0 -28 0 0 0 0
4 0 0 101 0 0 0 0
4 0 0 -125 0 0 0 0
4 0 0 1 0 0 0 0
4 0 0 -3 0 0 0 0
4 0 0 -107 0 0 0 0
4 0 0 -12 0 0 0 0
4 0 0 33 0 0 0 0
4 0 0 13 0 0 0 0
4 0 0 -112 0 0 0 0
4 0 0 72 0 0 0 0
4 0 0 59 0 0 0 0
4 0 0 -22 0 0 0 0
4 0 0 -4 0 0 0 0
4 0 0 -32 0 0 0 0
4 0 0 33 0 0 0 0
4 0 0 -119 0 0 0 0
4 0 0 -75 0 0 0 0
4 0 1 -103 0 1 0 -317
3 1 0 53 0 0 0 0
3 0 0 -74 0 0 0 0
3 0 0 72 0 0 0 0
3 0 0 11 0 0 0 0
3 0 0 -26 0 0 0 0
3 0 0 -33 0 0 0 0
3 0 0 96 0 0 0 0
3 0 0 103 0 0 0 0
3 0 0 106 0 0 0 0
3 0 0 -16 0 0 0 0
3 0 0 -81 0 0 0 0
3 0 0 -35 0 0 0 0
3 0 0 -65 0 0 0 0
3 0 0 46 0 0 0 0
3 0 1 -34 0 1 106 0
3 1 0 93 0 0 0 0
3 0 0 27 0 0 0 0
3 0 0 -23 0 0 0 0
3 0 0 -60 0 0 0 0
3 0 0 -73 0 0 0 0
3 0 0 -4 0 0 0 0
3 0 0 -21 0 0 0 0
3 0 0 30 0 0 0 0
3 0 0 1 0 0 0 0
3 0 0 -104 0 0 0 0
3 0 0 -74 0 0 0 0
3 0 0 -53 0 0 0 0
3 0 0 127 0 0 0 0
3 0 0 6 0 0 0 0
3 0 0 -60 0 0 0 0
3 0 0 -86 0 0 0 0
3 0 1 -71 0 1 127 0
3 1 0 -15 0 0 0 0
3 0 0 -61 0 0 0 0
3 0 0 103 0 0 0 0
3 0 0 -27 0 0 0 0
3 0 0 126 0 0 0 0
3 0 0 125 0 0 0 0
3 0 0 -76 0 0 0 0
3 0 0 57 0 0 0 0
3 0 0 89 0 0 0 0
3 0 0 -38 0 0 0 0
3 0 0 -128 0 0 0 0
3 0 0 81 0 0 0 0
3 0 0 -63 0 0 0 0
3 0 0 -61 0 0 0 0
3 0 0 71 0 0 0 0
3 0 1 60 0 1 126 0
5 1 0 8 0 0 0 0
5 0 1 12 0 1 20 0
3 1 0 55 0 0 0 0
3 0 0 -13 0 0 0 0
3 0 0 127 0 0 0 0
3 0 0 -103 0 0 0 0
3 0 0 83 0 0 0 0
3 0 0 109 0 0 0 0
3 0 0 -107 0 0 0 0
3 0 0 36 0 0 0 0
3 0 0 -25 0 0 0 0
3 0 0 33 0 0 0 0
3 0 0 -45 0 0 0 0
3 0 0 -114 0 0 0 0
3 0 0 38 0 0 0 0
3 0 1 123 0 1 127 0
3 1 0 29 0 0 0 0
3 0 0 -37 0 0 0 0
3 0 0 -13 0 0 0 0
3 0 0 -120 0 0 0 0
3 0 0 115 0 0 0 0
3 0 0 -69 0 0 0 0
3 0 0 -23 0 0 0 0
3 0 0 100 0 0 0 0
3 0 0 20 0 0 0 0
3 0 0 27 0 0 0 0
3 0 0 20 0 0 0 0
3 0 0 -125 0 0 0 0
3 0 0 51 0 0 0 0
3 0 0 10 0 0 0 0
3 0 0 -82 0 0 0 0
3 0 0 -121 0 0 0 0
3 0 0 -116 0 0 0 0
3 0 0 111 0 0 0 0
3 0 0 -104 0 0 0 0
3 0 0 -52 0 0 0 0
3 0 0 -85 0 0 0 0
3 0 0 -100 0 0 0 0
3 0 0 3 0 0 0 0
3 0 0 31 0 0 0 0
3 0 0 -91 0 0 0 0
3 0 1 -96 0 1 115 0
3 1 0 -111 0 0 0 0
3 0 0 32 0 0 0 0
3 0 0 42 0 0 0 0
3 0 0 109 0 0 0 0
3 0 0 -116 0 0 0 0
3 0 0 121 0 0 0 0
3 0 0 78 0 0 0 0
3 0 0 20 0 0 0 0
3 0 0 -115 0 0 0 0
3 0 0 -6 0 0 0 0
3 0 0 54 0 0 0 0
3 0 0 51 0 0 0 0
3 0 0 36 0 0 0 0
3 0 0 -41 0 0 0 0
3 0 1 86 0 1 121 0
3 1 0 -102 0 0 0 0
3 0 0 -114 0 0 0 0
3 0 0 9 0 0 0 0
3 0 0 -19 0 0 0 0
3 0 0 25 0 0 0 0
3 0 0 -51 0 0 0 0
3 0 0 -122 0 0 0 0
3 0 0 77 0 0 0 0
3 0 0 3 0 0 0 0
3 0 0 -2 0 0 0 0
3 0 0 -119 0 0 0 0
3 0 0 -108 0 0 0 0
3 0 0 -37 0 0 0 0
3 0 0 103 0 0 0 0
3 0 0 -52 0 0 0 0
3 0 0 -14 0 0 0 0
3 0 0 40 0 0 0 0
3 0 0 24 0 0 0 0
3 0 0 72 0 0 0 0
3 0 0 -89 0 0 0 0
3 0 0 115 0 0 0 0
3 0 0 -16 0 0 0 0
3 0 0 9 0 0 0 0
3 0 0 7 0 0 0 0
3 0 0 -111 0 0 0 0
3 0 1 59 0 1 115 0
5 1 0 -51 0 0 0 0
5 0 1 123 0 1 72 0
5 1 0 -62 0 0 0 0
5 0 1 -68 0 1 -127 0
5 1 0 -49 0 0 0 0
5 0 1 -42 0 1 -91 0
5 1 0 81 0 0 0 0
5 0 1 126 0 1 127 0
4 1 0 65 0 0 0 0
4 0 0 120 0 0 0 0
4 0 0 -71 0 0 0 0
4 0 0 -89 0 0 0 0
4 0 0 85 0 0 0 0
4 0 0 -28 0 0 0 0
4 0 0 -39 0 0 0 0
4 0 0 -22 0 0 0 0
4 0 0 12 0 0 0 0
4 0 0 62 0 0 0 0
4 0 0 98 0 0 0 0
4 0 0 97 0 0 0 0
4 0 0 81 0 0 0 0
4 0 0 -21 0 0 0 0
4 0 0 99 0 0 0 0
4 0 0 47 0 0 0 0
4 0 0 -80 0 0 0 0
4 0 1 -17 0 1 0 399
5 1 0 -5 0 0 0 0
5 0 1 -48 0 1 -53 0
5 1 0 65 0 0 0 0
5 0 1 -101 0 1 -36 0
3 1 0 -92 0 0 0 0
3 0 0 -9 0 0 0 0
3 0 1 88 0 1 88 0
5 1 0 113 0 0 0 0
5 0 1 -45 0 1 68 0
5 1 0 -103 0 0 0 0
5 0 1 -104 0 1 -127 0
4 1 0 125 0 0 0 0
4 0 0 111 0 0 0 0
4 0 0 -98 0 0 0 0
4 0 0 30 0 0 0 0
4 0 0 114 0 0 0 0
4 0 0 61 0 0 0 0
4 0 0 114 0 0 0 0
4 0 0 -63 0 0 0 0
4 0 0 -13 0 0 0 0
4 0 0 -103 0 0 0 0
4 0 0 102 0 0 0 0
4 0 0 -5 0 0 0 0
4 0 0 -1 0 0 0 0
4 0 0 -12 0 0 0 0
4 0 0 -111 0 0 0 0
4 0 0 17 0 0 0 0
4 0 0 -72 0 0 0 0
4 0 0 69 0 0 0 0
4 0 1 44 0 1 0 309
4 1 0 -56 0 0 0 0
4 0 0 68 0 0 0 0
4 0 0 105 0 0 0 0
4 0 0 -63 0 0 0 0
4 0 0 84 0 0 0 0
4 0 0 -48 0 0 0 0
4 0 0 -10 0 0 0 0
4 0 0 -109 0 0 0 0
4 0 0 63 0 0 0 0
4 0 0 108 0 0 0 0
4 0 0 104 0 0 0 0
4 0 0 -70 0 0 0 0
4 0 0 40 0 0 0 0
4 0 0 4 0 0 0 0
4 0 0 -62 0 0 0 0
4 0 0 24 0 0 0 0
4 0 0 -110 0 0 0 0
4 0 0 -28 0 0 0 0
4 0 0 21 0 0 0 0
4 0 0 5 0 0 0 0
4 0 0 -7 0 0 0 0
4 0 0 -87 0 0 0 0
4 0 1 106 0 1 0 82
3 1 0 36 0 0 0 0
3 0 0 -36 0 0 0 0
3 0 0 28 0 0 0 0
3 0 0 -75 0 0 0 0
3 0 0 -127 0 0 0 0
3 0 0 -24 0 0 0 0
3 0 0 -15 0 0 0 0
3 0 0 57 0 0 0 0
3 0 0 -37 0 0 0 0
3 0 0 62 0 0 0 0
3 0 0 42 0 0 0 0
3 0 0 -10 0 0 0 0
3 0 0 30 0 0 0 0
3 0 0 -29 0 0 0 0
3 0 0 -100 0 0 0 0
3 0 0 65 0 0 0 0
3 0 0 3 0 0 0 0
3 0 0 20 0 0 0 0
3 0 0 70 0 0 0 0
3 0 0 9 0 0 0 0
3 0 0 -85 0 0 0 0
3 0 0 -99 0 0 0 0
3 0 0 -128 0 0 0 0
3 0 0 -61 0 0 0 0
3 0 0 -12 0 0 0 0
3 0 0 -128 0 0 0 0
3 0 0 -63 0 0 0 0
3 0 0 19 0 0 0 0
3 0 0 -40 0 0 0 0
3 0 0 -46 0 0 0 0
3 0 0 121 0 0 0 0
3 0 1 -109 0 1 121 0
5 1 0 0 0 0 0 0
5 0 1 25 0 1 25 0
4 1 0 55 0 0 0 0
4 0 0 -67 0 0 0 0
4 0 0 -21 0 0 0 0
4 0 0 -16 0 0 0 0
4 0 0 -50 0 0 0 0
4 0 0 -49 0 0 0 0
4 0 0 15 0 0 0 0
4 0 0 116 0 0 0 0
4 0 0 28 0 0 0 0
4 0 0 100 0 0 0 0
4 0 0 23 0 0 0 0
4 0 0 -30 0 0 0 0
4 0 0 47 0 0 0 0
4 0 0 -23 0 0 0 0
4 0 0 -59 0 0 0 0
4 0 1 108 0 1 0 177
4 1 0 -15 0 0 0 0
4 0 0 92 0 0 0 0
4 0 0 71 0 0 0 0
4 0 0 13 0 0 0 0
4 0 0 -17 0 0 0 0
4 0 0 50 0 0 0 0
4 0 0 29 0 0 0 0
4 0 0 108 0 0 0 0
4 0 0 -61 0 0 0 0
4 0 0 93 0 0 0 0
4 0 1 64 0 1 0 427
4 1 0 -20 0 0 0 0
4 0 0 -102 0 0 0 0
4 0 0 2 0 0 0 0
4 0 0 -103 0 0 0 0
4 0 0 118 0 0 0 0
4 0 0 -104 0 0 0 0
4 0 0 83 0 0 0 0
4 0 0 -39 0 0 0 0
4 0 0 -114 0 0 0 0
4 0 0 -121 0 0 0 0
4 0 0 1 0 0 0 0
4 0 0 -38 0 0 0 0
4 0 0 -93 0 0 0 0
4 0 0 -112 0 0 0 0
4 0 0 11 0 0 0 0
4 0 0 42 0 0 0 0
4 0 0 -117 0 0 0 0
4 0 0 25 0 0 0 0
4 0 0 72 0 0 0 0
4 0 0 -76 0 0 0 0
4 0 0 66 0 0 0 0
4 0 0 80 0 0 0 0
4 0 0 41 0 0 0 0
4 0 0 -23 0 0 0 0
4 0 0 -1 0 0 0 0
4 0 0 -44 0 0 0 0
4 0 1 99 0 1 0 -467
4 1 0 103 0 0 0 0
4 0 0 -53 0 0 0 0
4 0 0 -79 0 0 0 0
4 0 0 16 0 0 0 0
4 0 0 103 0 0 0 0
4 0 0 -69 0 0 0 0
4 0 0 -59 0 0 0 0
4 0 0 27 0 0 0 0
4 0 0 -1 0 0 0 0
4 0 0 46 0 0 0 0
4 0 0 82 0 0 0 0
4 0 0 43 0 0 0 0
4 0 0 -94 0 0 0 0
4 0 0 57 0 0 0 0
4 0 0 124 0 0 0 0
4 0 0 -121 0 0 0 0
4 0 0 -71 0 0 0 0
4 0 0 -53 0 0 0 0
4 0 0 -59 0 0 0 0
4 0 0 3 0 0 0 0
4 0 1 13 0 1 0 -42
3 1 0 -46 0 0 0 0
3 0 0 50 0 0 0 0
3 0 0 46 0 0 0 0
3 0 0 -15 0 0 0 0
3 0 0 -8 0 0 0 0
3 0 0 -105 0 0 0 0
3 0 0 -29 0 0 0 0
3 0 0 122 0 0 0 0
3 0 0 62 0 0 0 0
3 0 0 -39 0 0 0 0
3 0 0 74 0 0 0 0
3 0 0 112 0 0 0 0
3 0 0 125 0 0 0 0
3 0 0 -24 0 0 0 0
3 0 0 101 0 0 0 0
3 0 1 68 0 1 125 0
5 1 0 -50 0 0 0 0
5 0 1 113 0 1 63 0
3 1 0 108 0 0 0 0
3 0 0 84 0 0 0 0
3 0 0 11 0 0 0 0
3 0 0 33 0 0 0 0
3 0 0 -84 0 0 0 0
3 0 0 -79 0 0 0 0
3 0 0 -51 0 0 0 0
3 0 1 -13 0 1 108 0
4 1 0 -98 0 0 0 0
4 0 0 107 0 0 0 0
4 0 0 -33 0 0 0 0
4 0 0 118 0 0 0 0
4 0 0 -62 0 0 0 0
4 0 0 -115 0 0 0 0
4 0 0 -7 0 0 0 0
4 0 0 -33 0 0 0 0
4 0 0 -28 0 0 0 0
4 0 0 -112 0 0 0 0
4 0 0 46 0 0 0 0
4 0 1 50 0 1 0 -167
4 1 0 40 0 0 0 0
4 0 0 43 0 0 0 0
4 0 0 37 0 0 0 0
4 0 0 -85 0 0 0 0
4 0 0 26 0 0 0 0
4 0 0 79 0 0 0 0
4 0 0 -91 0 0 0 0
4 0 0 122 0 0 0 0
4 0 0 34 0 0 0 0
4 0 0 51 0 0 0 0
4 0 0 92 0 0 0 0
4 0 0 -80 0 0 0 0
4 0 0 -67 0 0 0 0
4 0 0 -120 0 0 0 0
4 0 0 -50 0 0 0 0
4 0 0 59 0 0 0 0
4 0 0 -5 0 0 0 0
4 0 0 -116 0 0 0 0
4 0 0 -88 0 0 0 0
4 0 1 -76 0 1 0 -195
5 1 0 -49 0 0 0 0
5 0 1 -18 0 1 -67 0
4 1 0 36 0 0 0 0
4 0 0 116 0 0 0 0
4 0 0 -98 0 0 0 0
4 0 0 -8 0 0 0 0
4 0 0 11 0 0 0 0
4 0 0 41 0 0 0 0
4 0 0 83 0 0 0 0
4 0 0 39 0 0 0 0
4 0 0 -100 0 0 0 0
4 0 0 -86 0 0 0 0
4 0 0 -89 0 0 0 0
4 0 0 -108 0 0 0 0
4 0 0 32 0 0 0 0
4 0 0 -60 0 0 0 0
4 0 0 -102 0 0 0 0
4 0 0 26 0 0 0 0
4 0 0 7 0 0 0 0
4 0 0 -14 0 0 0 0
4 0 1 37 0 1 0 -237
5 1 0 -73 0 0 0 0
5 0 1 83 0 1 10 0
3 1 0 101 0 0 0 0
3 0 0 65 0 0 0 0
3 0 0 -49 0 0 0 0
3 0 0 -87 0 0 0 0
3 0 0 7 0 0 0 0
3 0 0 64 0 0 0 0
3 0 0 39 0 0 0 0
3 0 0 40 0 0 0 0
3 0 1 22 0 1 101 0
5 1 0 98 0 0 0 0
5 0 1 -16 0 1 82 0
4 1 0 -120 0 0 0 0
4 0 0 88 0 0 0 0
4 0 0 -54 0 0 0 0
4 0 0 33 0 0 0 0
4 0 0 -91 0 0 0 0
4 0 0 -61 0 0 0 0
4 0 0 -10 0 0 0 0
4 0 0 -63 0 0 0 0
4 0 0 119 0 0 0 0
4 0 0 31 0 0 0 0
4 0 0 -105 0 0 0 0
4 0 0 99 0 0 0 0
4 0 1 97 0 1 0 -37
5 1 0 -90 0 0 0 0
5 0 1 39 0 1 -51 0
5 1 0 92 0 0 0 0
5 0 1 -28 0 1 64 0
3 1 0 106 0 0 0 0
3 0 0 85 0 0 0 0
3 0 0 39 0 0 0 0
3 0 0 -14 0 0 0 0
3 0 0 -106 0 0 0 0
3 0 0 -118 0 0 0 0
3 0 0 12 0 0 0 0
3 0 0 77 0 0 0 0
3 0 0 -55 0 0 0 0
3 0 0 -16 0 0 0 0
3 0 0 -11 0 0 0 0
3 0 0 84 0 0 0 0
3 0 0 -39 0 0 0 0
3 0 0 -54 0 0 0 0
3 0 0 -103 0 0 0 0
3 0 1 -5 0 1 106 0
3 1 1 -6 0 1 -6 0
5 1 0 -98 0 0 0 0
5 0 1 118 0 1 20 0
3 1 0 -30 0 0 0 0
3 0 0 -2 0 0 0 0
3 0 1 -50 0 1 -2 0
3 1 0 80 0 0 0 0
3 0 0 81 0 0 0 0
3 0 0 -87 0 0 0 0
3 0 0 61 0 0 0 0
3 0 0 -83 0 0 0 0
3 0 0 33 0 0 0 0
3 0 0 70 0 0 0 0
3 0 0 -66 0 0 0 0
3 0 0 38 0 0 0 0
3 0 0 -102 0 0 0 0
3 0 0 -90 0 0 0 0
3 0 0 -104 0 0 0 0
3 0 0 22 0 0 0 0
3 0 0 24 0 0 0 0
3 0 0 -110 0 0 0 0
3 0 0 -42 0 0 0 0
3 0 0 -73 0 0 0 0
3 0 0 63 0 0 0 0
3 0 0 52 0 0 0 0
3 0 0 17 0 0 0 0
3 0 0 -41 0 0 0 0
3 0 1 104 0 1 104 0
5 1 0 -18 0 0 0 0
5 0 1 66 0 1 48 0
3 1 0 -81 0 0 0 0
3 0 0 -66 0 0 0 0
3 0 0 84 0 0 0 0
3 0 0 -47 0 0 0 0
3 0 0 126 0 0 0 0
3 0 0 104 0 0 0 0
3 0 0 -37 0 0 0 0
3 0 0 -128 0 0 0 0
3 0 0 -80 0 0 0 0
3 0 0 -120 0 0 0 0
3 0 0 118 0 0 0 0
3 0 0 -50 0 0 0 0
3 0 0 -23 0 0 0 0
3 0 0 40 0 0 0 0
3 0 0 -102 0 0 0 0
3 0 1 -85 0 1 126 0
5 1 0 6 0 0 0 0
5 0 1 -62 0 1 -56 0
3 1 0 41 0 0 0 0
3 0 0 89 0 0 0 0
3 0 0 -68 0 0 0 0
3 0 0 72 0 0 0 0
3 0 0 -126 0 0 0 0
3 0 0 17 0 0 0 0
3 0 0 25 0 0 0 0
3 0 0 84 0 0 0 0
3 0 0 34 0 0 0 0
3 0 0 125 0 0 0 0
3 0 0 29 0 0 0 0
3 0 0 -101 0 0 0 0
3 0 0 -120 0 0 0 0
3 0 0 124 0 0 0 0
3 0 0 -63 0 0 0 0
3 0 0 -66 0 0 0 0
3 0 1 -112 0 1 125 0
3 1 0 -12 0 0 0 0
3 0 0 -67 0 0 0 0
3 0 0 -14 0 0 0 0
3 0 0 -31 0 0 0 0
3 0 0 23 0 0 0 0
3 0 0 93 0 0 0 0
3 0 0 22 0 0 0 0
3 0 0 108 0 0 0 0
3 0 0 116 0 0 0 0
3 0 0 86 0 0 0 0
3 0 0 -19 0 0 0 0
3 0 0 -24 0 0 0 0
3 0 0 -126 0 0 0 0
3 0 0 -18 0 0 0 0
3 0 0 59 0 0 0 0
3 0 0 -43 0 0 0 0
3 0 1 29 0 1 116 0
3 1 0 94 0 0 0 0
3 0 0 81 0 0 0 0
3 0 1 45 0 1 94 0
3 1 0 22 0 0 0 0
3 0 0 -84 0 0 0 0
3 0 0 -62 0 0 0 0
3 0 0 -98 0 0 0 0
3 0 0 41 0 0 0 0
3 0 0 -103 0 0 0 0
3 0 0 -62 0 0 0 0
3 0 0 -94 0 0 0 0
3 0 1 -72 0 1 41 0
3 1 0 -68 0 0 0 0
3 0 0 -53 0 0 0 0
3 0 0 65 0 0 0 0
3 0 1 28 0 1 65 0
3 1 0 -76 0 0 0 0
3 0 0 -31 0 0 0 0
3 0 0 -122 0 0 0 0
3 0 0 -9 0 0 0 0
3 0 0 -44 0 0 0 0
3 0 0 -124 0 0 0 0
3 0 0 96 0 0 0 0
3 0 0 7 0 0 0 0
3 0 0 20 0 0 0 0
3 0 0 -36 0 0 0 0
3 0 0 73 0 0 0 0
3 0 0 33 0 0 0 0
3 0 0 -75 0 0 0 0
3 0 0 -43 0 0 0 0
3 0 0 -67 0 0 0 0
3 0 0 -54 0 0 0 0
3 0 0 114 0 0 0 0
3 0 0 -49 0 0 0 0
3 0 0 -123 0 0 0 0
3 0 0 -111 0 0 0 0
3 0 0 24 0 0 0 0
3 0 0 -17 0 0 0 0
3 0 0 -68 0 0 0 0
3 0 0 5 0 0 0 0
3 0 0 4 0 0 0 0
3 0 0 102 0 0 0 0
3 0 0 120 0 0 0 0
3 0 0 -15 0 0 0 0
3 0 1 10 0 1 120 0
5 1 0 27 0 0 0 0
5 0 1 15 0 1 42 0
4 1 0 26 0 0 0 0
4 0 0 99 0 0 0 0
4 0 0 -16 0 0 0 0
4 0 0 86 0 0 0 0
4 0 0 -74 0 0 0 0
4 0 0 86 0 0 0 0
4 0 0 72 0 0 0 0
4 0 0 -26 0 0 0 0
4 0 0 -66 0 0 0 0
4 0 0 58 0 0 0 0
4 0 0 -4 0 0 0 0
4 0 0 -118 0 0 0 0
4 0 0 -93 0 0 0 0
4 0 0 -118 0 0 0 0
4 0 0 80 0 0 0 0
4 0 0 54 0 0 0 0
4 0 0 -26 0 0 0 0
4 0 0 -24 0 0 0 0
4 0 0 40 0 0 0 0
4 0 0 95 0 0 0 0
4 0 0 -73 0 0 0 0
4 0 0 -105 0 0 0 0
4 0 0 123 0 0 0 0
4 0 0 93 0 0 0 0
4 0 0 28 0 0 0 0
4 0 0 11 0 0 0 0
4 0 0 71 0 0 0 0
4 0 0 14 0 0 0 0
4 0 0 68 0 0 0 0
4 0 1 -49 0 1 0 312
5 1 0 -95 0 0 0 0
5 0 1 -123 0 1 -127 0
3 1 0 -107 0 0 0 0
3 0 0 34 0 0 0 0
3 0 0 58 0 0 0 0
3 0 0 111 0 0 0 0
3 0 0 95 0 0 0 0
3 0 0 -25 0 0 0 0
3 0 0 77 0 0 0 0
3 0 0 -97 0 0 0 0
3 0 0 54 0 0 0 0
3 0 0 68 0 0 0 0
3 0 0 106 0 0 0 0
3 0 1 78 0 1 111 0
5 1 0 -63 0 0 0 0
5 0 1 85 0 1 22 0
5 1 0 23 0 0 0 0
5 0 1 -99 0 1 -76 0
5 1 0 -83 0 0 0 0
5 0 1 -54 0 1 -127 0
3 1 0 3 0 0 0 0
3 0 0 -57 0 0 0 0
3 0 0 -87 0 0 0 0
3 0 0 31 0 0 0 0
3 0 0 94 0 0 0 0
3 0 0 27 0 0 0 0
3 0 0 94 0 0 0 0
3 0 0 -127 0 0 0 0
3 0 0 126 0 0 0 0
3 0 0 -24 0 0 0 0
3 0 0 17 0 0 0 0
3 0 0 -25 0 0 0 0
3 0 0 -122 0 0 0 0
3 0 0 29 0 0 0 0
3 0 0 -79 0 0 0 0
3 0 0 80 0 0 0 0
3 0 0 57 0 0 0 0
3 0 0 67 0 0 0 0
3 0 0 59 0 0 0 0
3 0 0 67 0 0 0 0
3 0 0 -21 0 0 0 0
3 0 0 32 0 0 0 0
3 0 0 -124 0 0 0 0
3 0 0 -98 0 0 0 0
3 0 0 -76 0 0 0 0
3 0 1 85 0 1 126 0
3 1 0 44 0 0 0 0
3 0 0 -16 0 0 0 0
3 0 0 46 0 0 0 0
3 0 0 43 0 0 0 0
3 0 0 50 0 0 0 0
3 0 0 61 0 0 0 0
3 0 0 -53 0 0 0 0
3 0 0 32 0 0 0 0
3 0 0 45 0 0 0 0
3 0 0 -85 0 0 0 0
3 0 0 2 0 0 0 0
3 0 0 47 0 0 0 0
3 0 0 12 0 0 0 0
3 0 0 16 0 0 0 0
3 0 0 -51 0 0 0 0
3 0 0 83 0 0 0 0
3 0 0 74 0 0 0 0
3 0 0 -15 0 0 0 0
3 0 0 -75 0 0 0 0
3 0 0 -11 0 0 0 0
3 0 0 9 0 0 0 0
3 0 0 101 0 0 0 0
3 0 0 -62 0 0 0 0
3 0 0 17 0 0 0 0
3 0 0 -58 0 0 0 0
3 0 0 13 0 0 0 0
3 0 1 -104 0 1 101 0
3 1 0 57 0 0 0 0
3 0 0 42 0 0 0 0
3 0 0 -69 0 0 0 0
3 0 0 103 0 0 0 0
3 0 0 -98 0 0 0 0
3 0 0 12 0 0 0 0
3 0 0 -50 0 0 0 0
3 0 0 121 0 0 0 0
3 0 0 -18 0 0 0 0
3 0 0 -12 0 0 0 0
3 0 0 42 0 0 0 0
3 0 0 -82 0 0 0 0
3 0 0 -74 0 0 0 0
3 0 0 6 0 0 0 0
3 0 0 123 0 0 0 0
3 0 1 111 0 1 123 0
4 1 0 58 0 0 0 0
4 0 0 -34 0 0 0 0
4 0 0 -82 0 0 0 0
4 0 0 -68 0 0 0 0
4 0 0 -64 0 0 0 0
4 0 0 78 0 0 0 0
4 0 0 11 0 0 0 0
4 0 0 -85 0 0 0 0
4 0 0 20 0 0 0 0
4 0 0 -43 0 0 0 0
4 0 0 114 0 0 0 0
4 0 0 84 0 0 0 0
4 0 0 -3 0 0 0 0
4 0 0 63 0 0 0 0
4 0 0 12 0 0 0 0
4 0 0 10 0 0 0 0
4 0 0 40 0 0 0 0
4 0 0 -39 0 0 0 0
4 0 0 4 0 0 0 0
4 0 0 -17 0 0 0 0
4 0 0 -78 0 0 0 0
4 0 0 21 0 0 0 0
4 0 0 69 0 0 0 0
4 0 0 76 0 0 0 0
4 0 0 45 0 0 0 0
4 0 0 110 0 0 0 0
4 0 1 -80 0 1 0 222
5 1 0 -110 0 0 0 0
5 0 1 110 0 1 0 0
5 1 0 -65 0 0 0 0
5 0 1 -85 0 1 -127 0
4 1 0 56 0 0 0 0
4 0 0 8 0 0 0 0
4 0 0 -110 0 0 0 0
4 0 0 -59 0 0 0 0
4 0 0 -125 0 0 0 0
4 0 0 60 0 0 0 0
4 0 0 99 0 0 0 0
4 0 0 18 0 0 0 0
4 0 0 31 0 0 0 0
4 0 0 40 0 0 0 0
4 0 0 -37 0 0 0 0
4 0 0 -121 0 0 0 0
4 0 1 23 0 1 0 -117
3 1 0 97 0 0 0 0
3 0 1 99 0 1 99 0
3 1 0 114 0 0 0 0
3 0 0 -86 0 0 0 0
3 0 0 -110 0 0 0 0
3 0 0 110 0 0 0 0
3 0 0 95 0 0 0 0
3 0 0 -13 0 0 0 0
3 0 0 13 0 0 0 0
3 0 0 -63 0 0 0 0
3 0 0 116 0 0 0 0
3 0 0 100 0 0 0 0
3 0 0 -84 0 0 0 0
3 0 0 52 0 0 0 0
3 0 0 84 0 0 0 0
3 0 0 30 0 0 0 0
3 0 0 126 0 0 0 0
3 0 0 114 0 0 0 0
3 0 0 102 0 0 0 0
3 0 0 32 0 0 0 0
3 0 0 30 0 0 0 0
3 0 0 -86 0 0 0 0
3 0 0 -70 0 0 0 0
3 0 0 -74 0 0 0 0
3 0 0 -90 0 0 0 0
3 0 0 -2 0 0 0 0
3 0 0 89 0 0 0 0
3 0 0 97 0 0 0 0
3 0 0 -94 0 0 0 0
3 0 1 110 0 1 126 0
5 1 0 -122 0 0 0 0
5 0 1 109 0 1 -13 0
5 1 0 -82 0 0 0 0
5 0 1 -91 0 1 -127 0
5 1 0 -22 0 0 0 0
5 0 1 88 0 1 66 0
5 1 0 47 0 0 0 0
5 0 1 -43 0 1 4 0
3 1 0 -48 0 0 0 0
3 0 0 -4 0 0 0 0
3 0 0 118 0 0 0 0
3 0 0 72 0 0 0 0
3 0 0 -42 0 0 0 0
3 0 0 -79 0 0 0 0
3 0 0 59 0 0 0 0
3 0 0 -47 0 0 0 0
3 0 0 105 0 0 0 0
3 0 0 -79 0 0 0 0
3 0 0 -51 0 0 0 0
3 0 0 42 0 0 0 0
3 0 0 -109 0 0 0 0
3 0 0 -70 0 0 0 0
3 0 0 25 0 0 0 0
3 0 0 31 0 0 0 0
3 0 0 12 0 0 0 0
3 0 0 -39 0 0 0 0
3 0 0 -22 0 0 0 0
3 0 0 73 0 0 0 0
3 0 0 113 0 0 0 0
3 0 1 -118 0 1 118 0
4 1 0 -71 0 0 0 0
4 0 0 24 0 0 0 0
4 0 0 61 0 0 0 0
4 0 0 67 0 0 0 0
4 0 0 19 0 0 0 0
4 0 0 23 0 0 0 0
4 0 0 -88 0 0 0 0
4 0 0 101 0 0 0 0
4 0 0 -13 0 0 0 0
4 0 0 20 0 0 0 0
4 0 0 114 0 0 0 0
4 0 0 -118 0 0 0 0
4 0 0 -6 0 0 0 0
4 0 0 -119 0 0 0 0
4 0 0 -72 0 0 0 0
4 0 0 -117 0 0 0 0
4 0 0 43 0 0 0 0
4 0 0 88 0 0 0 0
4 0 0 -55 0 0 0 0
4 0 0 24 0 0 0 0
4 0 0 -108 0 0 0 0
4 0 0 -76 0 0 0 0
4 0 0 -78 0 0 0 0
4 0 0 29 0 0 0 0
4 0 0 111 0 0 0 0
4 0 1 29 0 1 0 -168
5 1 0 -92 0 0 0 0
5 0 1 -18 0 1 -110 0
4 1 0 4 0 0 0 0
4 0 0 86 0 0 0 0
4 0 0 87 0 0 0 0
4 0 0 31 0 0 0 0
4 0 0 119 0 0 0 0
4 0 0 95 0 0 0 0
4 0 0 -7 0 0 0 0
4 0 0 -37 0 0 0 0
4 0 0 104 0 0 0 0
4 0 0 18 0 0 0 0
4 0 0 -60 0 0 0 0
4 0 0 -79 0 0 0 0
4 0 0 -35 0 0 0 0
4 0 0 -62 0 0 0 0
4 0 0 0 0 0 0 0
4 0 0 16 0 0 0 0
4 0 0 13 0 0 0 0
4 0 0 -74 0 0 0 0
4 0 0 34 0 0 0 0
4 0 0 -71 0 0 0 0
4 0 0 -126 0 0 0 0
4 0 0 -28 0 0 0 0
4 0 0 -95 0 0 0 0
4 0 1 34 0 1 0 -33
5 1 0 127 0 0 0 0
5 0 1 -116 0 1 11 0
4 1 0 90 0 0 0 0
4 0 0 -67 0 0 0 0
4 0 0 -41 0 0 0 0
4 0 0 3 0 0 0 0
4 0 0 -29 0 0 0 0
4 0 0 -10 0 0 0 0
4 0 0 32 0 0 0 0
4 0 0 -36 0 0 0 0
4 0 0 -109 0 0 0 0
4 0 0 -102 0 0 0 0
4 0 0 -128 0 0 0 0
4 0 0 -28 0 0 0 0
4 0 0 -80 0 0 0 0
4 0 0 -103 0 0 0 0
4 0 0 125 0 0 0 0
4 0 0 -82 0 0 0 0
4 0 0 28 0 0 0 0
4 0 0 -28 0 0 0 0
4 0 0 54 0 0 0 0
4 0 0 90 0 0 0 0
4 0 0 -47 0 0 0 0
4 0 0 -5 0 0 0 0
4 0 0 -43 0 0 0 0
4 0 0 104 0 0 0 0
4 0 0 68 0 0 0 0
4 0 0 -25 0 0 0 0
4 0 0 -101 0 0 0 0
4 0 0 90 0 0 0 0
4 0 0 124 0 0 0 0
4 0 0 -52 0 0 0 0
4 0 0 80 0 0 0 0
4 0 1 -89 0 1 0 -317
3 1 0 33 0 0 0 0
3 0 0 -46 0 0 0 0
3 0 0 82 0 0 0 0
3 0 0 56 0 0 0 0
3 0 0 88 0 0 0 0
3 0 0 85 0 0 0 0
3 0 0 20 0 0 0 0
3 0 0 -23 0 0 0 0
3 0 0 79 0 0 0 0
3 0 0 80 0 0 0 0
3 0 1 85 0 1 88 0
5 1 0 53 0 0 0 0
5 0 1 113 0 1 127 0
3 1 0 -85 0 0 0 0
3 0 0 -123 0 0 0 0
3 0 0 115 0 0 0 0
3 0 0 -110 0 0 0 0
3 0 0 38 0 0 0 0
3 0 0 44 0 0 0 0
3 0 0 38 0 0 0 0
3 0 0 119 0 0 0 0
3 0 0 16 0 0 0 0
3 0 0 -92 0 0 0 0
3 0 0 -97 0 0 0 0
3 0 0 -94 0 0 0 0
3 0 0 23 0 0 0 0
3 0 0 -34 0 0 0 0
3 0 0 11 0 0 0 0
3 0 0 -4 0 0 0 0
3 0 0 -84 0 0 0 0
3 0 0 -80 0 0 0 0
3 0 0 -31 0 0 0 0
3 0 0 -111 0 0 0 0
3 0 0 27 0 0 0 0
3 0 0 95 0 0 0 0
3 0 0 3 0 0 0 0
3 0 0 -85 0 0 0 0
3 0 0 -112 0 0 0 0
3 0 0 -119 0 0 0 0
3 0 0 -62 0 0 0 0
3 0 0 -9 0 0 0 0
3 0 0 -85 0 0 0 0
3 0 1 89 0 1 119 0
3 1 0 -89 0 0 0 0
3 0 0 -23 0 0 0 0
3 0 0 -11 0 0 0 0
3 0 0 114 0 0 0 0
3 0 0 -82 0 0 0 0
3 0 0 -14 0 0 0 0
3 0 0 109 0 0 0 0
3 0 0 -48 0 0 0 0
3 0 0 106 0 0 0 0
3 0 0 63 0 0 0 0
3 0 0 -1 0 0 0 0
3 0 0 -57 0 0 0 0
3 0 0 -71 0 0 0 0
3 0 0 28 0 0 0 0
3 0 0 120 0 0 0 0
3 0 0 -98 0 0 0 0
3 0 0 78 0 0 0 0
3 0 0 -17 0 0 0 0
3 0 0 93 0 0 0 0
3 0 0 104 0 0 0 0
3 0 0 -64 0 0 0 0
3 0 0 69 0 0 0 0
3 0 1 -108 0 1 120 0
5 1 0 74 0 0 0 0
5 0 1 -127 0 1 -53 0
5 1 0 -64 0 0 0 0
5 0 1 9 0 1 -55 0
5 1 0 -34 0 0 0 0
5 0 1 -120 0 1 -127 0
3 1 0 -74 0 0 0 0
3 0 0 -16 0 0 0 0
3 0 0 -44 0 0 0 0
3 0 0 70 0 0 0 0
3 0 0 62 0 0 0 0
3 0 1 -23 0 1 70 0
3 1 0 -27 0 0 0 0
3 0 0 -55 0 0 0 0
3 0 0 -9 0 0 0 0
3 0 0 112 0 0 0 0
3 0 0 82 0 0 0 0
3 0 0 25 0 0 0 0
3 0 0 52 0 0 0 0
3 0 0 -48 0 0 0 0
3 0 0 13 0 0 0 0
3 0 0 24 0 0 0 0
3 0 0 75 0 0 0 0
3 0 0 63 0 0 0 0
3 0 0 -6 0 0 0 0
3 0 0 -4 0 0 0 0
3 0 0 -27 0 0 0 0
3 0 0 83 0 0 0 0
3 0 0 -58 0 0 0 0
3 0 0 79 0 0 0 0
3 0 0 16 0 0 0 0
3 0 0 -23 0 0 0 0
3 0 0 -42 0 0 0 0
3 0 0 -107 0 0 0 0
3 0 0 34 0 0 0 0
3 0 0 46 0 0 0 0
3 0 0 -111 0 0 0 0
3 0 0 20 0 0 0 0
3 0 1 -32 0 1 112 0
4 1 0 -105 0 0 0 0
4 0 0 -44 0 0 0 0
4 0 0 -21 0 0 0 0
4 0 0 61 0 0 0 0
4 0 0 107 0 0 0 0
4 0 0 88 0 0 0 0
4 0 0 -12 0 0 0 0
4 0 0 -63 0 0 0 0
4 0 1 -36 0 1 0 -25
5 1 0 -4 0 0 0 0
5 0 1 7 0 1 3 0
5 1 0 81 0 0 0 0
5 0 1 -91 0 1 -10 0
5 1 0 -122 0 0 0 0
5 0 1 26 0 1 -96 0
3 1 0 -61 0 0 0 0
3 0 0 -97 0 0 0 0
3 0 0 -25 0 0 0 0
3 0 0 67 0 0 0 0
3 0 0 -20 0 0 0 0
3 0 0 116 0 0 0 0
3 0 0 -127 0 0 0 0
3 0 0 78 0 0 0 0
3 0 0 -65 0 0 0 0
3 0 0 5 0 0 0 0
3 0 0 109 0 0 0 0
3 0 0 -103 0 0 0 0
3 0 0 33 0 0 0 0
3 0 0 119 0 0 0 0
3 0 0 -101 0 0 0 0
3 0 0 120 0 0 0 0
3 0 0 -58 0 0 0 0
3 0 0 -59 0 0 0 0
3 0 0 52 0 0 0 0
3 0 0 105 0 0 0 0
3 0 0 39 0 0 0 0
3 0 0 -97 0 0 0 0
3 0 0 -86 0 0 0 0
3 0 0 -27 0 0 0 0
3 0 0 -128 0 0 0 0
3 0 1 -86 0 1 120 0
4 1 0 -22 0 0 0 0
4 0 0 -69 0 0 0 0
4 0 0 44 0 0 0 0
4 0 0 -8 0 0 0 0
4 0 0 43 0 0 0 0
4 0 0 116 0 0 0 0
4 0 0 72 0 0 0 0
4 0 0 -30 0 0 0 0
4 0 0 -10 0 0 0 0
4 0 0 72 0 0 0 0
4 0 0 -92 0 0 0 0
4 0 0 120 0 0 0 0
4 0 0 120 0 0 0 0
4 0 0 -120 0 0 0 0
4 0 0 96 0 0 0 0
4 0 0 -28 0 0 0 0
4 0 0 -128 0 0 0 0
4 0 1 -28 0 1 0 148
3 1 0 -43 0 0 0 0
3 0 0 -82 0 0 0 0
3 0 0 120 0 0 0 0
3 0 0 73 0 0 0 0
3 0 0 72 0 0 0 0
3 0 0 -40 0 0 0 0
3 0 0 -114 0 0 0 0
3 0 0 -97 0 0 0 0
3 0 0 -89 0 0 0 0
3 0 0 -78 0 0 0 0
3 0 0 125 0 0 0 0
3 0 0 -80 0 0 0 0
3 0 0 -92 0 0 0 0
3 0 0 -24 0 0 0 0
3 0 0 72 0 0 0 0
3 0 0 36 0 0 0 0
3 0 0 12 0 0 0 0
3 0 0 -100 0 0 0 0
3 0 0 115 0 0 0 0
3 0 1 39 0 1 125 0
5 1 0 -102 0 0 0 0
5 0 1 41 0 1 -61 0
4 1 0 -118 0 0 0 0
4 0 0 10 0 0 0 0
4 0 0 -98 0 0 0 0
4 0 0 -111 0 0 0 0
4 0 0 78 0 0 0 0
4 0 0 50 0 0 0 0
4 0 0 -126 0 0 0 0
4 0 0 113 0 0 0 0
4 0 0 51 0 0 0 0
4 0 0 -33 0 0 0 0
4 0 0 -3 0 0 0 0
4 0 0 -34 0 0 0 0
4 0 0 -44 0 0 0 0
4 0 0 12 0 0 0 0
4 0 0 96 0 0 0 0
4 0 0 107 0 0 0 0
4 0 1 -58 0 1 0 -108
3 1 0 -33 0 0 0 0
3 0 0 -65 0 0 0 0
3 0 0 -15 0 0 0 0
3 0 0 -57 0 0 0 0
3 0 0 -86 0 0 0 0
3 0 0 10 0 0 0 0
3 0 0 102 0 0 0 0
3 0 0 112 0 0 0 0
3 0 0 48 0 0 0 0
3 0 0 -124 0 0 0 0
3 0 0 -55 0 0 0 0
3 0 0 -28 0 0 0 0
3 0 0 51 0 0 0 0
3 0 0 -2 0 0 0 0
3 0 0 -106 0 0 0 0
3 0 0 -119 0 0 0 0
3 0 0 3 0 0 0 0
3 0 1 -33 0 1 112 0
5 1 0 -118 0 0 0 0
5 0 1 -15 0 1 -127 0
4 1 0 -74 0 0 0 0
4 0 0 64 0 0 0 0
4 0 0 10 0 0 0 0
4 0 0 37 0 0 0 0
4 0 0 77 0 0 0 0
4 0 0 46 0 0 0 0
4 0 0 64 0 0 0 0
4 0 0 52 0 0 0 0
4 0 0 34 0 0 0 0
4 0 0 -30 0 0 0 0
4 0 0 27 0 0 0 0
4 0 0 122 0 0 0 0
4 0 0 -28 0 0 0 0
4 0 0 -104 0 0 0 0
4 0 0 -106 0 0 0 0
4 0 0 14 0 0 0 0
4 0 0 54 0 0 0 0
4 0 0 -48 0 0 0 0
4 0 0 114 0 0 0 0
4 0 0 27 0 0 0 0
4 0 0 68 0 0 0 0
4 0 0 -3 0 0 0 0
4 0 1 -116 0 1 0 301
3 1 0 -40 0 0 0 0
3 0 0 79 0 0 0 0
3 0 0 27 0 0 0 0
3 0 0 7 0 0 0 0
3 0 0 -119 0 0 0 0
3 0 0 49 0 0 0 0
3 0 0 -73 0 0 0 0
3 0 0 59 0 0 0 0
3 0 0 47 0 0 0 0
3 0 0 39 0 0 0 0
3 0 0 -14 0 0 0 0
3 0 0 -7 0 0 0 0
3 0 0 1 0 0 0 0
3 0 0 -119 0 0 0 0
3 0 0 -43 0 0 0 0
3 0 0 33 0 0 0 0
3 0 0 -22 0 0 0 0
3 0 1 7 0 1 79 0
4 1 0 72 0 0 0 0
4 0 0 48 0 0 0 0
4 0 0 65 0 0 0 0
4 0 0 36 0 0 0 0
4 0 0 41 0 0 0 0
4 0 0 95 0 0 0 0
4 0 0 79 0 0 0 0
4 0 0 21 0 0 0 0
4 0 0 -9 0 0 0 0
4 0 0 -74 0 0 0 0
4 0 0 14 0 0 0 0
4 0 0 -85 0 0 0 0
4 0 0 46 0 0 0 0
4 0 0 107 0 0 0 0
4 0 0 -53 0 0 0 0
4 0 1 121 0 1 0 524
5 1 0 89 0 0 0 0
5 0 1 -106 0 1 -17 0
4 1 0 -45 0 0 0 0
4 0 0 -68 0 0 0 0
4 0 0 9 0 0 0 0
4 0 0 38 0 0 0 0
4 0 0 -120 0 0 0 0
4 0 0 46 0 0 0 0
4 0 0 -128 0 0 0 0
4 0 0 -50 0 0 0 0
4 0 0 56 0 0 0 0
4 0 0 118 0 0 0 0
4 0 0 -76 0 0 0 0
4 0 0 -4 0 0 0 0
4 0 0 70 0 0 0 0
4 0 1 -10 0 1 0 -164
4 1 0 -126 0 0 0 0
4 0 0 48 0 0 0 0
4 0 0 9 0 0 0 0
4 0 1 35 0 1 0 -34
3 1 1 70 0 1 70 0
3 1 0 119 0 0 0 0
3 0 0 21 0 0 0 0
3 0 0 -64 0 0 0 0
3 0 0 69 0 0 0 0
3 0 0 -115 0 0 0 0
3 0 0 -17 0 0 0 0
3 0 0 -12 0 0 0 0
3 0 0 88 0 0 0 0
3 0 0 -95 0 0 0 0
3 0 0 -81 0 0 0 0
3 0 0 31 0 0 0 0
3 0 0 -92 0 0 0 0
3 0 0 44 0 0 0 0
3 0 0 -61 0 0 0 0
3 0 0 91 0 0 0 0
3 0 0 -70 0 0 0 0
3 0 0 -71 0 0 0 0
3 0 0 -20 0 0 0 0
3 0 0 -76 0 0 0 0
3 0 0 -39 0 0 0 0
3 0 0 -30 0 0 0 0
3 0 0 -26 0 0 0 0
3 0 0 60 0 0 0 0
3 0 0 -88 0 0 0 0
3 0 0 -1 0 0 0 0
3 0 0 12 0 0 0 0
3 0 0 -28 0 0 0 0
3 0 0 -30 0 0 0 0
3 0 0 12 0 0 0 0
3 0 1 -88 0 1 119 0
3 1 0 -7 0 0 0 0
3 0 0 -92 0 0 0 0
3 0 0 49 0 0 0 0
3 0 0 -128 0 0 0 0
3 0 0 28 0 0 0 0
3 0 0 -40 0 0 0 0
3 0 0 -21 0 0 0 0
3 0 0 -119 0 0 0 0
3 0 0 111 0 0 0 0
3 0 0 48 0 0 0 0
3 0 0 -13 0 0 0 0
3 0 0 77 0 0 0 0
3 0 0 -57 0 0 0 0
3 0 0 59 0 0 0 0
3 0 0 -46 0 0 0 0
3 0 0 125 0 0 0 0
3 0 0 -90 0 0 0 0
3 0 0 -22 0 0 0 0
3 0 0 127 0 0 0 0
3 0 0 57 0 0 0 0
3 0 0 113 0 0 0 0
3 0 0 85 0 0 0 0
3 0 0 2 0 0 0 0
3 0 0 -39 0 0 0 0
3 0 0 -127 0 0 0 0
3 0 0 122 0 0 0 0
3 0 0 7 0 0 0 0
3 0 0 -108 0 0 0 0
3 0 0 -92 0 0 0 0
3 0 0 -112 0 0 0 0
3 0 1 48 0 1 127 0
5 1 0 108 0 0 0 0
5 0 1 -4 0 1 104 0
4 1 0 -65 0 0 0 0
4 0 0 -25 0 0 0 0
4 0 0 -103 0 0 0 0
4 0 0 61 0 0 0 0
4 0 0 71 0 0 0 0
4 0 0 5 0 0 0 0
4 0 0 48 0 0 0 0
4 0 0 45 0 0 0 0
4 0 0 -57 0 0 0 0
4 0 0 40 0 0 0 0
4 0 0 -52 0 0 0 0
4 0 0 -66 0 0 0 0
4 0 0 54 0 0 0 0
4 0 0 -82 0 0 0 0
4 0 0 10 0 0 0 0
4 0 0 51 0 0 0 0
4 0 0 76 0 0 0 0
4 0 0 -75 0 0 0 0
4 0 0 32 0 0 0 0
4 0 0 -56 0 0 0 0
4 0 0 71 0 0 0 0
4 0 0 16 0 0 0 0
4 0 0 1 0 0 0 0
4 0 0 55 0 0 0 0
4 0 0 -45 0 0 0 0
4 0 0 -100 0 0 0 0
4 0 0 -72 0 0 0 0
4 0 0 -29 0 0 0 0
4 0 0 114 0 0 0 0
4 0 0 -81 0 0 0 0
4 0 0 32 0 0 0 0
4 0 1 -15 0 1 0 -141
4 1 0 -42 0 0 0 0
4 0 0 91 0 0 0 0
4 0 0 -24 0 0 0 0
4 0 0 104 0 0 0 0
4 0 0 -33 0 0 0 0
4 0 0 120 0 0 0 0
4 0 0 -62 0 0 0 0
4 0 0 114 0 0 0 0
4 0 0 118 0 0 0 0
4 0 0 56 0 0 0 0
4 0 0 -112 0 0 0 0
4 0 0 -21 0 0 0 0
4 0 0 -44 0 0 0 0
4 0 0 -95 0 0 0 0
4 0 0 32 0 0 0 0
4 0 0 65 0 0 0 0
4 0 0 126 0 0 0 0
4 0 0 75 0 0 0 0
4 0 0 78 0 0 0 0
4 0 0 -110 0 0 0 0
4 0 0 34 0 0 0 0
4 0 0 -55 0 0 0 0
4 0 0 -47 0 0 0 0
4 0 0 6 0 0 0 0
4 0 0 -45 0 0 0 0
4 0 0 -42 0 0 0 0
4 0 0 108 0 0 0 0
4 0 0 -77 0 0 0 0
4 0 1 51 0 1 0 369
5 1 0 84 0 0 0 0
5 0 1 100 0 1 127 0
5 1 0 -70 0 0 0 0
5 0 1 10 0 1 -60 0
5 1 0 29 0 0 0 0
5 0 1 -24 0 1 5 0
4 1 0 99 0 0 0 0
4 0 0 -73 0 0 0 0
4 0 0 75 0 0 0 0
4 0 0 64 0 0 0 0
4 0 0 21 0 0 0 0
4 0 0 42 0 0 0 0
4 0 0 98 0 0 0 0
4 0 0 35 0 0 0 0
4 0 1 69 0 1 0 430
4 1 0 -64 0 0 0 0
4 0 0 126 0 0 0 0
4 0 0 119 0 0 0 0
4 0 0 98 0 0 0 0
4 0 0 -38 0 0 0 0
4 0 0 -19 0 0 0 0
4 0 1 -40 0 1 0 182
5 1 0 -99 0 0 0 0
5 0 1 123 0 1 24 0
5 1 0 86 0 0 0 0
5 0 1 53 0 1 127 0
5 1 0 -38 0 0 0 0
5 0 1 -95 0 1 -127 0
5 1 0 5 0 0 0 0
5 0 1 -81 0 1 -76 0
5 1 0 38 0 0 0 0
5 0 1 15 0 1 53 0
4 1 0 -14 0 0 0 0
4 0 0 80 0 0 0 0
4 0 0 112 0 0 0 0
4 0 0 -36 0 0 0 0
4 0 0 -106 0 0 0 0
4 0 0 8 0 0 0 0
4 0 0 21 0 0 0 0
4 0 0 -80 0 0 0 0
4 0 0 -118 0 0 0 0
4 0 0 123 0 0 0 0
4 0 0 13 0 0 0 0
4 0 0 90 0 0 0 0
4 0 0 -108 0 0 0 0
4 0 0 0 0 0 0 0
4 0 1 116 0 1 0 101
3 1 0 118 0 0 0 0
3 0 0 44 0 0 0 0
3 0 0 115 0 0 0 0
3 0 0 88 0 0 0 0
3 0 0 13 0 0 0 0
3 0 0 -109 0 0 0 0
3 0 0 -92 0 0 0 0
3 0 0 -84 0 0 0 0
3 0 0 -12 0 0 0 0
3 0 0 -32 0 0 0 0
3 0 0 -18 0 0 0 0
3 0 0 12 0 0 0 0
3 0 0 33 0 0 0 0
3 0 0 -39 0 0 0 0
3 0 0 79 0 0 0 0
3 0 0 -12 0 0 0 0
3 0 0 -4 0 0 0 0
3 0 0 -83 0 0 0 0
3 0 0 -117 0 0 0 0
3 0 0 59 0 0 0 0
3 0 0 -122 0 0 0 0
3 0 0 -36 0 0 0 0
3 0 0 29 0 0 0 0
3 0 0 77 0 0 0 0
3 0 0 115 0 0 0 0
3 0 0 -98 0 0 0 0
3 0 0 -54 0 0 0 0
3 0 0 58 0 0 0 0
3 0 0 -65 0 0 0 0
3 0 0 28 0 0 0 0
3 0 1 -54 0 1 118 0
4 1 0 121 0 0 0 0
4 0 0 112 0 0 0 0
4 0 0 37 0 0 0 0
4 0 0 -42 0 0 0 0
4 0 0 -1 0 0 0 0
4 0 0 48 0 0 0 0
4 0 0 34 0 0 0 0
4 0 0 -41 0 0 0 0
4 0 0 80 0 0 0 0
4 0 0 67 0 0 0 0
4 0 0 42 0 0 0 0
4 0 0 39 0 0 0 0
4 0 0 80 0 0 0 0
4 0 0 -55 0 0 0 0
4 0 0 98 0 0 0 0
4 0 0 -88 0 0 0 0
4 0 0 27 0 0 0 0
4 0 0 68 0 0 0 0
4 0 0 -28 0 0 0 0
4 0 0 -116 0 0 0 0
4 0 0 96 0 0 0 0
4 0 0 -15 0 0 0 0
4 0 0 28 0 0 0 0
4 0 0 -123 0 0 0 0
4 0 0 -124 0 0 0 0
4 0 0 21 0 0 0 0
4 0 1 -128 0 1 0 237
3 1 0 41 0 0 0 0
3 0 0 57 0 0 0 0
3 0 0 51 0 0 0 0
3 0 0 -85 0 0 0 0
3 0 0 15 0 0 0 0
3 0 0 -117 0 0 0 0
3 0 0 -59 0 0 0 0
3 0 0 -98 0 0 0 0
3 0 0 -93 0 0 0 0
3 0 0 42 0 0 0 0
3 0 0 -89 0 0 0 0
3 0 0 9 0 0 0 0
3 0 0 -54 0 0 0 0
3 0 0 48 0 0 0 0
3 0 0 -3 0 0 0 0
3 0 1 -125 0 1 57 0
4 1 0 91 0 0 0 0
4 0 0 75 0 0 0 0
4 0 0 68 0 0 0 0
4 0 0 108 0 0 0 0
4 0 0 -69 0 0 0 0
4 0 0 -126 0 0 0 0
4 0 0 98 0 0 0 0
4 0 0 5 0 0 0 0
4 0 0 -70 0 0 0 0
4 0 0 55 0 0 0 0
4 0 0 -91 0 0 0 0
4 0 0 123 0 0 0 0
4 0 0 43 0 0 0 0
4 0 0 74 0 0 0 0
4 0 0 65 0 0 0 0
4 0 0 -77 0 0 0 0
4 0 0 -128 0 0 0 0
4 0 0 -37 0 0 0 0
4 0 0 82 0 0 0 0
4 0 0 79 0 0 0 0
4 0 0 48 0 0 0 0
4 0 1 -111 0 1 0 305
3 1 0 53 0 0 0 0
3 0 0 -37 0 0 0 0
3 0 0 106 0 0 0 0
3 0 0 20 0 0 0 0
3 0 0 119 0 0 0 0
3 0 0 32 0 0 0 0
3 0 0 24 0 0 0 0
3 0 0 -77 0 0 0 0
3 0 0 58 0 0 0 0
3 0 0 -40 0 0 0 0
3 0 1 124 0 1 124 0
3 1 0 93 0 0 0 0
3 0 0 9 0 0 0 0
3 0 0 61 0 0 0 0
3 0 0 -29 0 0 0 0
3 0 0 -125 0 0 0 0
3 0 0 62 0 0 0 0
3 0 0 -2 0 0 0 0
3 0 0 -69 0 0 0 0
3 0 0 -23 0 0 0 0
3 0 0 68 0 0 0 0
3 0 0 29 0 0 0 0
3 0 0 -41 0 0 0 0
3 0 0 -113 0 0 0 0
3 0 0 86 0 0 0 0
3 0 0 62 0 0 0 0
3 0 0 106 0 0 0 0
3 0 0 -37 0 0 0 0
3 0 0 80 0 0 0 0
3 0 0 23 0 0 0 0
3 0 0 -29 0 0 0 0
3 0 0 9 0 0 0 0
3 0 0 48 0 0 0 0
3 0 0 32 0 0 0 0
3 0 0 64 0 0 0 0
3 0 0 86 0 0 0 0
3 0 0 -71 0 0 0 0
3 0 0 65 0 0 0 0
3 0 0 -23 0 0 0 0
3 0 0 -110 0 0 0 0
3 0 1 -22 0 1 106 0
4 1 0 -12 0 0 0 0
4 0 0 -1 0 0 0 0
4 0 0 123 0 0 0 0
4 0 0 116 0 0 0 0
4 0 0 -1 0 0 0 0
4 0 0 -72 0 0 0 0
4 0 0 -60 0 0 0 0
4 0 0 -52 0 0 0 0
4 0 0 10 0 0 0 0
4 0 0 34 0 0 0 0
4 0 0 -63 0 0 0 0
4 0 0 -107 0 0 0 0
4 0 0 64 0 0 0 0
4 0 0 -44 0 0 0 0
4 0 0 64 0 0 0 0
4 0 0 109 0 0 0 0
4 0 0 -108 0 0 0 0
4 0 0 3 0 0 0 0
4 0 0 111 0 0 0 0
4 0 0 60 0 0 0 0
4 0 0 28 0 0 0 0
4 0 1 71 0 1 0 273
5 1 0 -17 0 0 0 0
5 0 1 6 0 1 -11 0
3 1 0 112 0 0 0 0
3 0 0 27 0 0 0 0
3 0 0 -1 0 0 0 0
3 0 0 -119 0 0 0 0
3 0 0 85 0 0 0 0
3 0 0 22 0 0 0 0
3 0 0 101 0 0 0 0
3 0 0 119 0 0 0 0
3 0 0 69 0 0 0 0
3 0 0 41 0 0 0 0
3 0 0 51 0 0 0 0
3 0 0 -63 0 0 0 0
3 0 0 48 0 0 0 0
3 0 0 29 0 0 0 0
3 0 0 107 0 0 0 0
3 0 0 -55 0 0 0 0
3 0 0 -24 0 0 0 0
3 0 0 29 0 0 0 0
3 0 0 -85 0 0 0 0
3 0 0 106 0 0 0 0
3 0 0 -57 0 0 0 0
3 0 0 0 0 0 0 0
3 0 0 -69 0 0 0 0
3 0 0 -44 0 0 0 0
3 0 0 56 0 0 0 0
3 0 0 116 0 0 0 0
3 0 1 -108 0 1 119 0
5 1 0 109 0 0 0 0
5 0 1 26 0 1 127 0
3 1 0 -26 0 0 0 0
3 0 0 9 0 0 0 0
3 0 0 -124 0 0 0 0
3 0 0 51 0 0 0 0
3 0 0 -128 0 0 0 0
3 0 0 35 0 0 0 0
3 0 0 40 0 0 0 0
3 0 0 -78 0 0 0 0
3 0 0 -30 0 0 0 0
3 0 0 -82 0 0 0 0
3 0 0 67 0 0 0 0
3 0 0 -107 0 0 0 0
3 0 0 70 0 0 0 0
3 0 0 19 0 0 0 0
3 0 0 -3 0 0 0 0
3 0 0 -64 0 0 0 0
3 0 0 -78 0 0 0 0
3 0 0 49 0 0 0 0
3 0 0 -21 0 0 0 0
3 0 0 -32 0 0 0 0
3 0 0 83 0 0 0 0
3 0 0 -46 0 0 0 0
3 0 0 95 0 0 0 0
3 0 0 -119 0 0 0 0
3 0 0 12 0 0 0 0
3 0 0 0 0 0 0 0
3 0 1 -85 0 1 95 0
3 1 0 23 0 0 0 0
3 0 0 13 0 0 0 0
3 0 0 59 0 0 0 0
3 0 0 -108 0 0 0 0
3 0 0 86 0 0 0 0
3 0 0 -112 0 0 0 0
3 0 0 -107 0 0 0 0
3 0 0 -28 0 0 0 0
3 0 0 -128 0 0 0 0
3 0 0 -54 0 0 0 0
3 0 0 -84 0 0 0 0
3 0 0 -25 0 0 0 0
3 0 0 74 0 0 0 0
3 0 0 80 0 0 0 0
3 0 0 33 0 0 0 0
3 0 0 -73 0 0 0 0
3 0 0 -77 0 0 0 0
3 0 0 -5 0 0 0 0
3 0 0 33 0 0 0 0
3 0 0 -86 0 0 0 0
3 0 0 -37 0 0 0 0
3 0 0 -37 0 0 0 0
3 0 0 -8 0 0 0 0
3 0 0 120 0 0 0 0
3 0 0 -81 0 0 0 0
3 0 0 93 0 0 0 0
3 0 0 -10 0 0 0 0
3 0 0 43 0 0 0 0
3 0 1 10 0 1 120 0
5 1 0 -30 0 0 0 0
5 0 1 -14 0 1 -44 0
3 1 1 81 0 1 81 0
3 1 0 22 0 0 0 0
3 0 0 -99 0 0 0 0
3 0 0 -104 0 0 0 0
3 0 0 62 0 0 0 0
3 0 0 -35 0 0 0 0
3 0 0 -78 0 0 0 0
3 0 0 -2 0 0 0 0
3 0 0 55 0 0 0 0
3 0 0 -111 0 0 0 0
3 0 0 41 0 0 0 0
3 0 0 -8 0 0 0 0
3 0 0 -14 0 0 0 0
3 0 0 34 0 0 0 0
3 0 0 -83 0 0 0 0
3 0 0 -87 0 0 0 0
3 0 0 -100 0 0 0 0
3 0 0 -78 0 0 0 0
3 0 0 36 0 0 0 0
3 0 0 127 0 0 0 0
3 0 0 71 0 0 0 0
3 0 0 78 0 0 0 0
3 0 0 126 0 0 0 0
3 0 1 47 0 1 127 0
4 1 0 -61 0 0 0 0
4 0 0 101 0 0 0 0
4 0 1 -81 0 1 0 -41
5 1 0 -40 0 0 0 0
5 0 1 -93 0 1 -127 0
4 1 0 -112 0 0 0 0
4 0 0 99 0 0 0 0
4 0 0 80 0 0 0 0
4 0 0 -40 0 0 0 0
4 0 0 54 0 0 0 0
4 0 0 110 0 0 0 0
4 0 0 110 0 0 0 0
4 0 0 -6 0 0 0 0
4 0 0 53 0 0 0 0
4 0 0 -122 0 0 0 0
4 0 0 -16 0 0 0 0
4 0 0 -90 0 0 0 0
4 0 0 -2 0 0 0 0
4 0 0 -83 0 0 0 0
4 0 0 -37 0 0 0 0
4 0 0 85 0 0 0 0
4 0 0 97 0 0 0 0
4 0 0 -5 0 0 0 0
4 0 0 26 0 0 0 0
4 0 0 -73 0 0 0 0
4 0 0 -126 0 0 0 0
4 0 1 124 0 1 0 126
5 1 0 -113 0 0 0 0
5 0 1 -123 0 1 -127 0
3 1 0 117 0 0 0 0
3 0 0 -60 0 0 0 0
3 0 0 -29 0 0 0 0
3 0 1 94 0 1 117 0
3 1 0 -24 0 0 0 0
3 0 0 -44 0 0 0 0
3 0 1 -117 0 1 -24 0
3 1 0 -50 0 0 0 0
3 0 0 -126 0 0 0 0
3 0 0 -27 0 0 0 0
3 0 0 77 0 0 0 0
3 0 1 116 0 1 116 0
5 1 0 32 0 0 0 0
5 0 1 -125 0 1 -93 0
5 1 0 -9 0 0 0 0
5 0 1 6 0 1 -3 0
4 1 0 -117 0 0 0 0
4 0 0 96 0 0 0 0
4 0 0 -39 0 0 0 0
4 0 0 120 0 0 0 0
4 0 0 -27 0 0 0 0
4 0 0 -91 0 0 0 0
4 0 0 -29 0 0 0 0
4 0 0 109 0 0 0 0
4 0 0 -113 0 0 0 0
4 0 0 38 0 0 0 0
4 0 0 69 0 0 0 0
4 0 0 -68 0 0 0 0
4 0 0 75 0 0 0 0
4 0 0 -35 0 0 0 0
4 0 0 69 0 0 0 0
4 0 0 88 0 0 0 0
4 0 0 31 0 0 0 0
4 0 1 -38 0 1 0 138
4 1 0 -67 0 0 0 0
4 0 0 84 0 0 0 0
4 0 0 -84 0 0 0 0
4 0 0 51 0 0 0 0
4 0 0 -124 0 0 0 0
4 0 0 118 0 0 0 0
4 0 0 23 0 0 0 0
4 0 0 71 0 0 0 0
4 0 0 98 0 0 0 0
4 0 0 125 0 0 0 0
4 0 0 54 0 0 0 0
4 0 0 116 0 0 0 0
4 0 0 -3 0 0 0 0
4 0 0 -115 0 0 0 0
4 0 0 57 0 0 0 0
4 0 0 -11 0 0 0 0
4 0 0 -2 0 0 0 0
4 0 1 29 0 1 0 420
4 1 0 95 0 0 0 0
4 0 0 14 0 0 0 0
4 0 0 16 0 0 0 0
4 0 0 -64 0 0 0 0
4 0 0 -116 0 0 0 0
4 0 0 -5 0 0 0 0
4 0 0 -59 0 0 0 0
4 0 0 126 0 0 0 0
4 0 0 -24 0 0 0 0
4 0 0 125 0 0 0 0
4 0 0 127 0 0 0 0
4 0 0 -100 0 0 0 0
4 0 0 113 0 0 0 0
4 0 0 -106 0 0 0 0
4 0 0 -119 0 0 0 0
4 0 0 -77 0 0 0 0
4 0 0 -12 0 0 0 0
4 0 0 -89 0 0 0 0
4 0 0 -5 0 0 0 0
4 0 0 -51 0 0 0 0
4 0 0 89 0 0 0 0
4 0 0 27 0 0 0 0
4 0 0 -56 0 0 0 0
4 0 0 -19 0 0 0 0
4 0 0 4 0 0 0 0
4 0 0 107 0 0 0 0
4 0 0 22 0 0 0 0
4 0 1 15 0 1 0 -22
3 1 0 -13 0 0 0 0
3 0 0 85 0 0 0 0
3 0 0 -23 0 0 0 0
3 0 0 -3 0 0 0 0
3 0 0 -108 0 0 0 0
3 0 0 -59 0 0 0 0
3 0 0 12 0 0 0 0
3 0 0 56 0 0 0 0
3 0 0 -15 0 0 0 0
3 0 0 7 0 0 0 0
3 0 0 -16 0 0 0 0
3 0 0 -119 0 0 0 0
3 0 0 -90 0 0 0 0
3 0 0 124 0 0 0 0
3 0 0 9 0 0 0 0
3 0 0 -17 0 0 0 0
3 0 1 -113 0 1 124 0
4 1 0 86 0 0 0 0
4 0 0 97 0 0 0 0
4 0 0 63 0 0 0 0
4 0 0 91 0 0 0 0
4 0 0 5 0 0 0 0
4 0 0 15 0 0 0 0
4 0 0 20 0 0 0 0
4 0 0 45 0 0 0 0
4 0 0 20 0 0 0 0
4 0 0 -127 0 0 0 0
4 0 0 -127 0 0 0 0
4 0 0 59 0 0 0 0
4 0 0 -65 0 0 0 0
4 0 0 64 0 0 0 0
4 0 0 53 0 0 0 0
4 0 0 127 0 0 0 0
4 0 0 117 0 0 0 0
4 0 0 59 0 0 0 0
4 0 0 -49 0 0 0 0
4 0 0 -48 0 0 0 0
4 0 0 -119 0 0 0 0
4 0 0 74 0 0 0 0
4 0 0 -3 0 0 0 0
4 0 0 -74 0 0 0 0
4 0 1 -57 0 1 0 326
3 1 0 12 0 0 0 0
3 0 0 110 0 0 0 0
3 0 0 4 0 0 0 0
3 0 0 -13 0 0 0 0
3 0 0 26 0 0 0 0
3 0 0 -97 0 0 0 0
3 0 0 -55 0 0 0 0
3 0 0 -11 0 0 0 0
3 0 0 52 0 0 0 0
3 0 0 43 0 0 0 0
3 0 0 -26 0 0 0 0
3 0 0 119 0 0 0 0
3 0 0 -69 0 0 0 0
3 0 0 126 0 0 0 0
3 0 0 1 0 0 0 0
3 0 0 -25 0 0 0 0
3 0 0 73 0 0 0 0
3 0 0 81 0 0 0 0
3 0 0 -106 0 0 0 0
3 0 1 94 0 1 126 0
3 1 0 -92 0 0 0 0
3 0 0 109 0 0 0 0
3 0 0 -22 0 0 0 0
3 0 0 39 0 0 0 0
3 0 0 -117 0 0 0 0
3 0 0 -56 0 0 0 0
3 0 0 98 0 0 0 0
3 0 0 107 0 0 0 0
3 0 0 87 0 0 0 0
3 0 0 -110 0 0 0 0
3 0 0 -62 0 0 0 0
3 0 0 -52 0 0 0 0
3 0 0 -15 0 0 0 0
3 0 0 123 0 0 0 0
3 0 0 -91 0 0 0 0
3 0 0 -105 0 0 0 0
3 0 0 -93 0 0 0 0
3 0 0 -114 0 0 0 0
3 0 0 -127 0 0 0 0
3 0 0 38 0 0 0 0
3 0 0 -95 0 0 0 0
3 0 0 57 0 0 0 0
3 0 0 -105 0 0 0 0
3 0 0 -18 0 0 0 0
3 0 1 112 0 1 123 0
5 1 0 -109 0 0 0 0
5 0 1 21 0 1 -88 0
3 1 0 29 0 0 0 0
3 0 0 -113 0 0 0 0
3 0 0 -15 0 0 0 0
3 0 0 120 0 0 0 0
3 0 0 -37 0 0 0 0
3 0 0 -7 0 0 0 0
3 0 0 48 0 0 0 0
3 0 0 -101 0 0 0 0
3 0 0 -97 0 0 0 0
3 0 0 103 0 0 0 0
3 0 0 34 0 0 0 0
3 0 0 64 0 0 0 0
3 0 0 -105 0 0 0 0
3 0 0 -106 0 0 0 0
3 0 0 -120 0 0 0 0
3 0 0 -34 0 0 0 0
3 0 0 -92 0 0 0 0
3 0 0 -5 0 0 0 0
3 0 0 121 0 0 0 0
3 0 1 -6 0 1 121 0
3 1 0 98 0 0 0 0
3 0 0 -123 0 0 0 0
3 0 0 -64 0 0 0 0
3 0 0 -106 0 0 0 0
3 0 0 -42 0 0 0 0
3 0 0 103 0 0 0 0
3 0 0 -7 0 0 0 0
3 0 0 114 0 0 0 0
3 0 0 -80 0 0 0 0
3 0 0 35 0 0 0 0
3 0 0 92 0 0 0 0
3 0 0 99 0 0 0 0
3 0 0 -6 0 0 0 0
3 0 0 -2 0 0 0 0
3 0 1 -94 0 1 114 0
4 1 0 119 0 0 0 0
4 0 0 72 0 0 0 0
4 0 0 -36 0 0 0 0
4 0 0 19 0 0 0 0
4 0 0 21 0 0 0 0
4 0 0 6 0 0 0 0
4 0 0 -126 0 0 0 0
4 0 0 -20 0 0 0 0
4 0 0 -13 0 0 0 0
4 0 0 -10 0 0 0 0
4 0 0 111 0 0 0 0
4 0 0 -125 0 0 0 0
4 0 0 -83 0 0 0 0
4 0 0 75 0 0 0 0
4 0 0 37 0 0 0 0
4 0 0 -94 0 0 0 0
4 0 0 126 0 0 0 0
4 0 0 -123 0 0 0 0
4 0 0 59 0 0 0 0
4 0 0 102 0 0 0 0
4 0 0 125 0 0 0 0
4 0 0 -103 0 0 0 0
4 0 0 12 0 0 0 0
4 0 0 11 0 0 0 0
4 0 1 -25 0 1 0 137
3 1 0 1 0 0 0 0
3 0 0 -83 0 0 0 0
3 0 0 -74 0 0 0 0
3 0 0 80 0 0 0 0
3 0 0 65 0 0 0 0
3 0 0 -96 0 0 0 0
3 0 0 50 0 0 0 0
3 0 0 7 0 0 0 0
3 0 0 7 0 0 0 0
3 0 0 91 0 0 0 0
3 0 0 100 0 0 0 0
3 0 0 101 0 0 0 0
3 0 0 81 0 0 0 0
3 0 0 81 0 0 0 0
3 0 0 85 0 0 0 0
3 0 0 1 0 0 0 0
3 0 1 -76 0 1 101 0
3 1 0 -119 0 0 0 0
3 0 0 34 0 0 0 0
3 0 0 -35 0 0 0 0
3 0 0 76 0 0 0 0
3 0 0 25 0 0 0 0
3 0 0 -110 0 0 0 0
3 0 0 37 0 0 0 0
3 0 0 -122 0 0 0 0
3 0 0 -113 0 0 0 0
3 0 0 -122 0 0 0 0
3 0 0 -2 0 0 0 0
3 0 0 59 0 0 0 0
3 0 0 -25 0 0 0 0
3 0 0 -90 0 0 0 0
3 0 0 -23 0 0 0 0
3 0 0 -107 0 0 0 0
3 0 0 -18 0 0 0 0
3 0 0 -33 0 0 0 0
3 0 0 49 0 0 0 0
3 0 0 14 0 0 0 0
3 0 0 86 0 0 0 0
3 0 0 -76 0 0 0 0
3 0 0 124 0 0 0 0
3 0 0 -51 0 0 0 0
3 0 0 89 0 0 0 0
3 0 0 -125 0 0 0 0
3 0 1 55 0 1 124 0
3 1 0 42 0 0 0 0
3 0 0 -125 0 0 0 0
3 0 0 -128 0 0 0 0
3 0 0 8 0 0 0 0
3 0 0 -21 0 0 0 0
3 0 0 -38 0 0 0 0
3 0 0 73 0 0 0 0
3 0 0 114 0 0 0 0
3 0 0 123 0 0 0 0
3 0 0 -25 0 0 0 0
3 0 0 -14 0 0 0 0
3 0 0 60 0 0 0 0
3 0 0 119 0 0 0 0
3 0 0 57 0 0 0 0
3 0 0 92 0 0 0 0
3 0 0 23 0 0 0 0
3 0 0 95 0 0 0 0
3 0 0 0 0 0 0 0
3 0 0 17 0 0 0 0
3 0 0 122 0 0 0 0
3 0 0 -80 0 0 0 0
3 0 0 -104 0 0 0 0
3 0 0 -126 0 0 0 0
3 0 0 9 0 0 0 0
3 0 0 71 0 0 0 0
3 0 0 73 0 0 0 0
3 0 0 -30 0 0 0 0
3 0 0 -99 0 0 0 0
3 0 0 64 0 0 0 0
3 0 0 -117 0 0 0 0
3 0 1 38 0 1 123 0
4 1 0 57 0 0 0 0
4 0 0 41 0 0 0 0
4 0 0 -97 0 0 0 0
4 0 0 -111 0 0 0 0
4 0 0 -15 0 0 0 0
4 0 0 97 0 0 0 0
4 0 0 81 0 0 0 0
4 0 0 126 0 0 0 0
4 0 0 13 0 0 0 0
4 0 0 16 0 0 0 0
4 0 0 -84 0 0 0 0
4 0 0 -119 0 0 0 0
4 0 0 2 0 0 0 0
4 0 0 -82 0 0 0 0
4 0 0 -74 0 0 0 0
4 0 1 -7 0 1 0 -156
5 1 0 92 0 0 0 0
5 0 1 64 0 1 127 0
5 1 0 -45 0 0 0 0
5 0 1 -69 0 1 -114 0
3 1 0 83 0 0 0 0
3 0 0 -68 0 0 0 0
3 0 0 52 0 0 0 0
3 0 0 -104 0 0 0 0
3 0 0 -81 0 0 0 0
3 0 0 -50 0 0 0 0
3 0 0 -65 0 0 0 0
3 0 0 -73 0 0 0 0
3 0 0 68 0 0 0 0
3 0 0 120 0 0 0 0
3 0 0 69 0 0 0 0
3 0 0 -39 0 0 0 0
3 0 0 35 0 0 0 0
3 0 0 125 0 0 0 0
3 0 0 -116 0 0 0 0
3 0 0 -30 0 0 0 0
3 0 0 30 0 0 0 0
3 0 0 40 0 0 0 0
3 0 0 -6 0 0 0 0
3 0 0 -42 0 0 0 0
3 0 0 69 0 0 0 0
3 0 0 23 0 0 0 0
3 0 0 9 0 0 0 0
3 0 0 -75 0 0 0 0
3 0 0 71 0 0 0 0
3 0 0 48 0 0 0 0
3 0 0 -87 0 0 0 0
3 0 0 7 0 0 0 0
3 0 0 63 0 0 0 0
3 0 0 -22 0 0 0 0
3 0 0 92 0 0 0 0
3 0 1 49 0 1 125 0
3 1 1 116 0 1 116 0
5 1 0 62 0 0 0 0
5 0 1 88 0 1 127 0
3 1 0 -91 0 0 0 0
3 0 0 21 0 0 0 0
3 0 0 -71 0 0 0 0
3 0 0 1 0 0 0 0
3 0 0 93 0 0 0 0
3 0 0 -102 0 0 0 0
3 0 0 1 0 0 0 0
3 0 0 -74 0 0 0 0
3 0 0 64 0 0 0 0
3 0 0 -21 0 0 0 0
3 0 0 63 0 0 0 0
3 0 0 -21 0 0 0 0
3 0 0 -51 0 0 0 0
3 0 0 106 0 0 0 0
3 0 0 -93 0 0 0 0
3 0 1 64 0 1 106 0
5 1 0 73 0 0 0 0
5 0 1 -96 0 1 -23 0
5 1 0 -81 0 0 0 0
5 0 1 5 0 1 -76 0
3 1 0 -21 0 0 0 0
3 0 0 -39 0 0 0 0
3 0 0 32 0 0 0 0
3 0 0 -48 0 0 0 0
3 0 0 -126 0 0 0 0
3 0 0 25 0 0 0 0
3 0 0 95 0 0 0 0
3 0 0 84 0 0 0 0
3 0 0 -105 0 0 0 0
3 0 0 -30 0 0 0 0
3 0 0 -91 0 0 0 0
3 0 0 125 0 0 0 0
3 0 0 -37 0 0 0 0
3 0 0 -11 0 0 0 0
3 0 0 107 0 0 0 0
3 0 0 108 0 0 0 0
3 0 0 -122 0 0 0 0
3 0 0 73 0 0 0 0
3 0 0 -71 0 0 0 0
3 0 0 6 0 0 0 0
3 0 0 -19 0 0 0 0
3 0 0 69 0 0 0 0
3 0 0 -32 0 0 0 0
3 0 0 -83 0 0 0 0
3 0 0 -77 0 0 0 0
3 0 0 -67 0 0 0 0
3 0 0 78 0 0 0 0
3 0 0 -22 0 0 0 0
3 0 1 31 0 1 125 0
3 1 0 57 0 0 0 0
3 0 0 -16 0 0 0 0
3 0 0 -113 0 0 0 0
3 0 0 71 0 0 0 0
3 0 0 -109 0 0 0 0
3 0 0 -58 0 0 0 0
3 0 0 -75 0 0 0 0
3 0 1 -58 0 1 71 0
5 1 0 -108 0 0 0 0
5 0 1 -13 0 1 -121 0
4 1 0 -44 0 0 0 0
4 0 0 9 0 0 0 0
4 0 0 -87 0 0 0 0
4 0 0 85 0 0 0 0
4 0 0 36 0 0 0 0
4 0 0 20 0 0 0 0
4 0 0 32 0 0 0 0
4 0 0 -70 0 0 0 0
4 0 0 -6 0 0 0 0
4 0 0 -31 0 0 0 0
4 0 0 79 0 0 0 0
4 0 0 81 0 0 0 0
4 0 0 -56 0 0 0 0
4 0 1 -89 0 1 0 -41
5 1 0 -66 0 0 0 0
5 0 1 -70 0 1 -127 0
4 1 0 19 0 0 0 0
4 0 0 81 0 0 0 0
4 0 0 -103 0 0 0 0
4 0 0 -97 0 0 0 0
4 0 0 73 0 0 0 0
4 0 0 72 0 0 0 0
4 0 0 15 0 0 0 0
4 0 0 -115 0 0 0 0
4 0 0 78 0 0 0 0
4 0 0 -76 0 0 0 0
4 0 0 -125 0 0 0 0
4 0 0 -71 0 0 0 0
4 0 0 -118 0 0 0 0
4 0 0 18 0 0 0 0
4 0 0 -106 0 0 0 0
4 0 0 -119 0 0 0 0
4 0 0 68 0 0 0 0
4 0 0 -55 0 0 0 0
4 0 0 121 0 0 0 0
4 0 0 -80 0 0 0 0
4 0 0 -82 0 0 0 0
4 0 0 -103 0 0 0 0
4 0 0 81 0 0 0 0
4 0 0 -23 0 0 0 0
4 0 0 -2 0 0 0 0
4 0 0 -8 0 0 0 0
4 0 0 -128 0 0 0 0
4 0 1 -91 0 1 0 -876
3 1 0 -21 0 0 0 0
3 0 0 97 0 0 0 0
3 0 0 62 0 0 0 0
3 0 0 45 0 0 0 0
3 0 0 50 0 0 0 0
3 0 0 -123 0 0 0 0
3 0 0 94 0 0 0 0
3 0 0 71 0 0 0 0
3 0 0 66 0 0 0 0
3 0 0 119 0 0 0 0
3 0 0 85 0 0 0 0
3 0 0 39 0 0 0 0
3 0 0 -51 0 0 0 0
3 0 1 -125 0 1 119 0
3 1 0 77 0 0 0 0
3 0 0 75 0 0 0 0
3 0 0 -62 0 0 0 0
3 0 0 122 0 0 0 0
3 0 0 8 0 0 0 0
3 0 0 -106 0 0 0 0
3 0 0 85 0 0 0 0
3 0 0 38 0 0 0 0
3 0 0 -32 0 0 0 0
3 0 0 -120 0 0 0 0
3 0 0 84 0 0 0 0
3 0 0 37 0 0 0 0
3 0 0 -37 0 0 0 0
3 0 1 -69 0 1 122 0
5 1 0 -66 0 0 0 0
5 0 1 63 0 1 -3 0
4 1 0 35 0 0 0 0
4 0 0 34 0 0 0 0
4 0 0 -35 0 0 0 0
4 0 0 -29 0 0 0 0
4 0 0 -1 0 0 0 0
4 0 0 64 0 0 0 0
4 0 0 -73 0 0 0 0
4 0 0 69 0 0 0 0
4 0 0 -2 0 0 0 0
4 0 0 25 0 0 0 0
4 0 0 -124 0 0 0 0
4 0 0 -35 0 0 0 0
4 0 0 26 0 0 0 0
4 0 0 57 0 0 0 0
4 0 0 37 0 0 0 0
4 0 0 44 0 0 0 0
4 0 0 81 0 0 0 0
4 0 0 98 0 0 0 0
4 0 0 -35 0 0 0 0
4 0 0 50 0 0 0 0
4 0 0 -85 0 0 0 0
4 0 0 -2 0 0 0 0
4 0 0 59 0 0 0 0
4 0 0 57 0 0 0 0
4 0 0 -26 0 0 0 0
4 0 1 -109 0 1 0 180
4 1 0 63 0 0 0 0
4 0 0 0 0 0 0 0
4 0 0 -116 0 0 0 0
4 0 0 -85 0 0 0 0
4 0 0 13 0 0 0 0
4 0 0 -59 0 0 0 0
4 0 1 97 0 1 0 -87
4 1 0 -91 0 0 0 0
4 0 0 -89 0 0 0 0
4 0 0 -57 0 0 0 0
4 0 0 -67 0 0 0 0
4 0 0 -95 0 0 0 0
4 0 0 -3 0 0 0 0
4 0 0 -100 0 0 0 0
4 0 0 -62 0 0 0 0
4 0 0 44 0 0 0 0
4 0 0 -79 0 0 0 0
4 0 0 -90 0 0 0 0
4 0 0 -57 0 0 0 0
4 0 0 -39 0 0 0 0
4 0 0 51 0 0 0 0
4 0 0 -60 0 0 0 0
4 0 0 5 0 0 0 0
4 0 0 114 0 0 0 0
4 0 0 14 0 0 0 0
4 0 1 -3 0 1 0 -664
5 1 0 94 0 0 0 0
5 0 1 10 0 1 104 0
3 1 0 -19 0 0 0 0
3 0 0 50 0 0 0 0
3 0 0 -28 0 0 0 0
3 0 0 67 0 0 0 0
3 0 0 124 0 0 0 0
3 0 0 39 0 0 0 0
3 0 0 2 0 0 0 0
3 0 0 -122 0 0 0 0
3 0 0 -54 0 0 0 0
3 0 0 7 0 0 0 0
3 0 0 -11 0 0 0 0
3 0 0 27 0 0 0 0
3 0 0 25 0 0 0 0
3 0 0 -57 0 0 0 0
3 0 0 -2 0 0 0 0
3 0 0 38 0 0 0 0
3 0 0 -51 0 0 0 0
3 0 0 -84 0 0 0 0
3 0 1 -74 0 1 124 0
4 1 0 -85 0 0 0 0
4 0 0 -9 0 0 0 0
4 0 0 22 0 0 0 0
4 0 0 -46 0 0 0 0
4 0 0 -108 0 0 0 0
4 0 0 13 0 0 0 0
4 0 0 -121 0 0 0 0
4 0 0 -115 0 0 0 0
4 0 0 -88 0 0 0 0
4 0 0 29 0 0 0 0
4 0 0 4 0 0 0 0
4 0 0 34 0 0 0 0
4 0 0 90 0 0 0 0
4 0 0 86 0 0 0 0
4 0 0 -59 0 0 0 0
4 0 0 -70 0 0 0 0
4 0 0 84 0 0 0 0
4 0 0 102 0 0 0 0
4 0 0 55 0 0 0 0
4 0 0 26 0 0 0 0
4 0 0 115 0 0 0 0
4 0 1 -76 0 1 0 -117
4 1 0 -71 0 0 0 0
4 0 0 95 0 0 0 0
4 0 0 -75 0 0 0 0
4 0 0 28 0 0 0 0
4 0 0 100 0 0 0 0
4 0 0 7 0 0 0 0
4 0 0 -43 0 0 0 0
4 0 0 72 0 0 0 0
4 0 0 -61 0 0 0 0
4 0 0 80 0 0 0 0
4 0 0 -31 0 0 0 0
4 0 0 -58 0 0 0 0
4 0 0 -46 0 0 0 0
4 0 0 -81 0 0 0 0
4 0 0 -11 0 0 0 0
4 0 0 -29 0 0 0 0
4 0 0 59 0 0 0 0
4 0 0 24 0 0 0 0
4 0 0 23 0 0 0 0
4 0 0 107 0 0 0 0
4 0 0 123 0 0 0 0
4 0 0 -107 0 0 0 0
4 0 0 47 0 0 0 0
4 0 0 14 0 0 0 0
4 0 0 22 0 0 0 0
4 0 0 92 0 0 0 0
4 0 0 127 0 0 0 0
4 0 1 -118 0 1 0 289
4 1 0 -119 0 0 0 0
4 0 0 -29 0 0 0 0
4 0 0 -88 0 0 0 0
4 0 0 -5 0 0 0 0
4 0 0 18 0 0 0 0
4 0 0 -13 0 0 0 0
4 0 0 -117 0 0 0 0
4 0 0 84 0 0 0 0
4 0 0 -85 0 0 0 0
4 0 0 -14 0 0 0 0
4 0 0 -86 0 0 0 0
4 0 0 6 0 0 0 0
4 0 0 -78 0 0 0 0
4 0 0 67 0 0 0 0
4 0 0 65 0 0 0 0
4 0 0 -66 0 0 0 0
4 0 0 100 0 0 0 0
4 0 0 -84 0 0 0 0
4 0 0 -121 0 0 0 0
4 0 0 9 0 0 0 0
4 0 0 -45 0 0 0 0
4 0 0 55 0 0 0 0
4 0 0 126 0 0 0 0
4 0 0 -8 0 0 0 0
4 0 0 -20 0 0 0 0
4 0 0 21 0 0 0 0
4 0 0 52 0 0 0 0
4 0 1 -30 0 1 0 -405
3 1 0 126 0 0 0 0
3 0 0 -20 0 0 0 0
3 0 0 124 0 0 0 0
3 0 0 -34 0 0 0 0
3 0 0 -50 0 0 0 0
3 0 0 39 0 0 0 0
3 0 0 12 0 0 0 0
3 0 0 -121 0 0 0 0
3 0 0 -49 0 0 0 0
3 0 1 5 0 1 126 0
5 1 0 -108 0 0 0 0
5 0 1 34 0 1 -74 0
4 1 0 89 0 0 0 0
4 0 0 -6 0 0 0 0
4 0 0 101 0 0 0 0
4 0 0 -99 0 0 0 0
4 0 0 60 0 0 0 0
4 0 0 -74 0 0 0 0
4 0 0 90 0 0 0 0
4 0 0 14 0 0 0 0
4 0 0 -95 0 0 0 0
4 0 0 127 0 0 0 0
4 0 0 51 0 0 0 0
4 0 0 -32 0 0 0 0
4 0 0 -84 0 0 0 0
4 0 0 -34 0 0 0 0
4 0 0 -93 0 0 0 0
4 0 1 -113 0 1 0 -98
4 1 0 46 0 0 0 0
4 0 0 37 0 0 0 0
4 0 0 -70 0 0 0 0
4 0 0 -48 0 0 0 0
4 0 0 41 0 0 0 0
4 0 0 25 0 0 0 0
4 0 0 -71 0 0 0 0
4 0 1 -59 0 1 0 -99
4 1 0 -33 0 0 0 0
4 0 0 -54 0 0 0 0
4 0 0 -107 0 0 0 0
4 0 0 45 0 0 0 0
4 0 0 28 0 0 0 0
4 0 0 -26 0 0 0 0
4 0 0 -1 0 0 0 0
4 0 0 18 0 0 0 0
4 0 0 96 0 0 0 0
4 0 0 -126 0 0 0 0
4 0 0 1 0 0 0 0
4 0 0 -66 0 0 0 0
4 0 0 -122 0 0 0 0
4 0 0 -22 0 0 0 0
4 0 0 -34 0 0 0 0
4 0 0 80 0 0 0 0
4 0 0 -116 0 0 0 0
4 0 0 -62 0 0 0 0
4 0 0 103 0 0 0 0
4 0 0 79 0 0 0 0
4 0 0 98 0 0 0 0
4 0 0 107 0 0 0 0
4 0 0 35 0 0 0 0
4 0 0 96 0 0 0 0
4 0 0 119 0 0 0 0
4 0 0 -83 0 0 0 0
4 0 1 10 0 1 0 63
3 1 0 -28 0 0 0 0
3 0 0 -88 0 0 0 0
3 0 0 -86 0 0 0 0
3 0 0 51 0 0 0 0
3 0 0 -85 0 0 0 0
3 0 0 68 0 0 0 0
3 0 0 73 0 0 0 0
3 0 0 85 0 0 0 0
3 0 0 -32 0 0 0 0
3 0 0 47 0 0 0 0
3 0 0 124 0 0 0 0
3 0 0 -107 0 0 0 0
3 0 0 33 0 0 0 0
3 0 0 -60 0 0 0 0
3 0 0 28 0 0 0 0
3 0 0 22 0 0 0 0
3 0 0 -124 0 0 0 0
3 0 0 -62 0 0 0 0
3 0 0 -100 0 0 0 0
3 0 0 -43 0 0 0 0
3 0 0 12 0 0 0 0
3 0 0 37 0 0 0 0
3 0 0 78 0 0 0 0
3 0 0 0 0 0 0 0
3 0 0 78 0 0 0 0
3 0 0 -11 0 0 0 0
3 0 0 -28 0 0 0 0
3 0 1 41 0 1 124 0
4 1 0 -38 0 0 0 0
4 0 0 -113 0 0 0 0
4 0 0 10 0 0 0 0
4 0 0 -53 0 0 0 0
4 0 0 11 0 0 0 0
4 0 0 -14 0 0 0 0
4 0 0 79 0 0 0 0
4 0 0 -66 0 0 0 0
4 0 0 87 0 0 0 0
4 0 0 107 0 0 0 0
4 0 0 97 0 0 0 0
4 0 0 80 0 0 0 0
4 0 0 83 0 0 0 0
4 0 0 -83 0 0 0 0
4 0 0 -124 0 0 0 0
4 0 0 -20 0 0 0 0
4 0 0 30 0 0 0 0
4 0 0 -126 0 0 0 0
4 0 0 -11 0 0 0 0
4 0 0 -61 0 0 0 0
4 0 1 -36 0 1 0 -161
4 1 0 -26 0 0 0 0
4 0 0 89 0 0 0 0
4 0 0 -108 0 0 0 0
4 0 0 -37 0 0 0 0
4 0 0 -120 0 0 0 0
4 0 0 -112 0 0 0 0
4 0 0 -60 0 0 0 0
4 0 0 13 0 0 0 0
4 0 0 14 0 0 0 0
4 0 0 9 0 0 0 0
4 0 1 81 0 1 0 -257
3 1 0 -86 0 0 0 0
3 0 0 -117 0 0 0 0
3 0 0 25 0 0 0 0
3 0 0 -17 0 0 0 0
3 0 1 -119 0 1 25 0
5 1 0 -44 0 0 0 0
5 0 1 52 0 1 8 0
5 1 0 -111 0 0 0 0
5 0 1 108 0 1 -3 0
5 1 0 -45 0 0 0 0
5 0 1 -69 0 1 -114 0
5 1 0 11 0 0 0 0
5 0 1 -109 0 1 -98 0
4 1 0 117 0 0 0 0
4 0 0 96 0 0 0 0
4 0 0 109 0 0 0 0
4 0 0 -7 0 0 0 0
4 0 0 -73 0 0 0 0
4 0 0 -104 0 0 0 0
4 0 0 -109 0 0 0 0
4 0 0 -100 0 0 0 0
4 0 0 89 0 0 0 0
4 0 0 81 0 0 0 0
4 0 0 117 0 0 0 0
4 0 0 -23 0 0 0 0
4 0 0 -116 0 0 0 0
4 0 0 37 0 0 0 0
4 0 0 -126 0 0 0 0
4 0 0 95 0 0 0 0
4 0 0 -22 0 0 0 0
4 0 0 125 0 0 0 0
4 0 0 -82 0 0 0 0
4 0 0 -75 0 0 0 0
4 0 0 14 0 0 0 0
4 0 0 80 0 0 0 0
4 0 0 -63 0 0 0 0
4 0 0 17 0 0 0 0
4 0 0 -31 0 0 0 0
4 0 0 -113 0 0 0 0
4 0 0 -36 0 0 0 0
4 0 0 93 0 0 0 0
4 0 0 -16 0 0 0 0
4 0 0 63 0 0 0 0
4 0 1 -100 0 1 0 -63
5 1 0 -91 0 0 0 0
5 0 1 -26 0 1 -117 0
4 1 0 -77 0 0 0 0
4 0 0 68 0 0 0 0
4 0 0 25 0 0 0 0
4 0 0 -98 0 0 0 0
4 0 0 11 0 0 0 0
4 0 0 -11 0 0 0 0
4 0 0 -56 0 0 0 0
4 0 0 66 0 0 0 0
4 0 0 -40 0 0 0 0
4 0 0 36 0 0 0 0
4 0 0 -16 0 0 0 0
4 0 0 -97 0 0 0 0
4 0 0 59 0 0 0 0
4 0 0 77 0 0 0 0
4 0 0 83 0 0 0 0
4 0 0 -114 0 0 0 0
4 0 0 -7 0 0 0 0
4 0 0 -91 0 0 0 0
4 0 0 62 0 0 0 0
4 0 0 -45 0 0 0 0
4 0 0 122 0 0 0 0
4 0 0 -78 0 0 0 0
4 0 0 -78 0 0 0 0
4 0 0 118 0 0 0 0
4 0 0 57 0 0 0 0
4 0 1 112 0 1 0 88
5 1 0 -122 0 0 0 0
5 0 1 -86 0 1 -127 0
5 1 0 -82 0 0 0 0
5 0 1 106 0 1 24 0
4 1 0 127 0 0 0 0
4 0 0 -61 0 0 0 0
4 0 0 90 0 0 0 0
4 0 0 24 0 0 0 0
4 0 0 -97 0 0 0 0
4 0 0 110 0 0 0 0
4 0 0 -44 0 0 0 0
4 0 0 -32 0 0 0 0
4 0 0 120 0 0 0 0
4 0 0 -92 0 0 0 0
4 0 0 -61 0 0 0 0
4 0 0 69 0 0 0 0
4 0 0 -73 0 0 0 0
4 0 1 -14 0 1 0 66
4 1 0 25 0 0 0 0
4 0 0 26 0 0 0 0
4 0 0 -66 0 0 0 0
4 0 0 -92 0 0 0 0
4 0 0 96 0 0 0 0
4 0 0 89 0 0 0 0
4 0 0 66 0 0 0 0
4 0 0 -31 0 0 0 0
4 0 0 -57 0 0 0 0
4 0 0 51 0 0 0 0
4 0 0 -90 0 0 0 0
4 0 0 -119 0 0 0 0
4 0 0 5 0 0 0 0
4 0 0 -12 0 0 0 0
4 0 0 33 0 0 0 0
4 0 0 -85 0 0 0 0
4 0 0 -54 0 0 0 0
4 0 0 -16 0 0 0 0
4 0 0 80 0 0 0 0
4 0 0 -101 0 0 0 0
4 0 0 16 0 0 0 0
4 0 0 -125 0 0 0 0
4 0 0 -91 0 0 0 0
4 0 0 89 0 0 0 0
4 0 0 -94 0 0 0 0
4 0 0 66 0 0 0 0
4 0 0 -106 0 0 0 0
4 0 0 -94 0 0 0 0
4 0 0 -70 0 0 0 0
4 0 0 -30 0 0 0 0
4 0 0 -96 0 0 0 0
4 0 1 84 0 1 0 -703
5 1 0 29 0 0 0 0
5 0 1 21 0 1 50 0
5 1 0 20 0 0 0 0
5 0 1 67 0 1 87 0
3 1 0 34 0 0 0 0
3 0 0 71 0 0 0 0
3 0 0 -126 0 0 0 0
3 0 0 123 0 0 0 0
3 0 0 26 0 0 0 0
3 0 0 63 0 0 0 0
3 0 0 113 0 0 0 0
3 0 0 -100 0 0 0 0
3 0 0 0 0 0 0 0
3 0 0 -127 0 0 0 0
3 0 0 23 0 0 0 0
3 0 0 16 0 0 0 0
3 0 0 -1 0 0 0 0
3 0 0 -38 0 0 0 0
3 0 0 24 0 0 0 0
3 0 0 -16 0 0 0 0
3 0 0 -80 0 0 0 0
3 0 0 -31 0 0 0 0
3 0 0 -9 0 0 0 0
3 0 0 101 0 0 0 0
3 0 0 84 0 0 0 0
3 0 0 -69 0 0 0 0
3 0 0 -125 0 0 0 0
3 0 0 -62 0 0 0 0
3 0 0 -41 0 0 0 0
3 0 1 -79 0 1 123 0
3 1 0 -28 0 0 0 0
3 0 0 97 0 0 0 0
3 0 0 116 0 0 0 0
3 0 0 -28 0 0 0 0
3 0 0 -9 0 0 0 0
3 0 0 -95 0 0 0 0
3 0 0 27 0 0 0 0
3 0 0 -60 0 0 0 0
3 0 0 -100 0 0 0 0
3 0 0 89 0 0 0 0
3 0 0 12 0 0 0 0
3 0 0 21 0 0 0 0
3 0 0 10 0 0 0 0
3 0 0 113 0 0 0 0
3 0 0 75 0 0 0 0
3 0 0 2 0 0 0 0
3 0 0 44 0 0 0 0
3 0 0 65 0 0 0 0
3 0 0 -90 0 0 0 0
3 0 0 -79 0 0 0 0
3 0 0 114 0 0 0 0
3 0 0 -94 0 0 0 0
3 0 0 -63 0 0 0 0
3 0 0 43 0 0 0 0
3 0 1 59 0 1 116 0
3 1 0 13 0 0 0 0
3 0 0 76 0 0 0 0
3 0 0 -36 0 0 0 0
3 0 0 29 0 0 0 0
3 0 0 27 0 0 0 0
3 0 0 -99 0 0 0 0
3 0 0 28 0 0 0 0
3 0 0 -51 0 0 0 0
3 0 0 115 0 0 0 0
3 0 0 -30 0 0 0 0
3 0 0 94 0 0 0 0
3 0 0 -107 0 0 0 0
3 0 0 -22 0 0 0 0
3 0 0 20 0 0 0 0
3 0 0 13 0 0 0 0
3 0 0 -92 0 0 0 0
3 0 0 103 0 0 0 0
3 0 0 -46 0 0 0 0
3 0 0 13 0 0 0 0
3 0 0 -86 0 0 0 0
3 0 0 36 0 0 0 0
3 0 0 -99 0 0 0 0
3 0 0 -44 0 0 0 0
3 0 0 -38 0 0 0 0
3 0 0 90 0 0 0 0
3 0 0 47 0 0 0 0
3 0 1 43 0 1 115 0
3 1 0 -53 0 0 0 0
3 0 0 59 0 0 0 0
3 0 0 52 0 0 0 0
3 0 0 90 0 0 0 0
3 0 1 -116 0 1 90 0
4 1 0 51 0 0 0 0
4 0 0 47 0 0 0 0
4 0 0 -54 0 0 0 0
4 0 0 107 0 0 0 0
4 0 1 -73 0 1 0 78
5 1 0 79 0 0 0 0
5 0 1 52 0 1 127 0
5 1 0 47 0 0 0 0
5 0 1 32 0 1 79 0
5 1 0 87 0 0 0 0
5 0 1 -13 0 1 74 0
3 1 0 65 0 0 0 0
3 0 0 118 0 0 0 0
3 0 0 30 0 0 0 0
3 0 0 120 0 0 0 0
3 0 0 -20 0 0 0 0
3 0 0 88 0 0 0 0
3 0 0 33 0 0 0 0
3 0 0 -116 0 0 0 0
3 0 0 121 0 0 0 0
3 0 0 81 0 0 0 0
3 0 0 -53 0 0 0 0
3 0 0 22 0 0 0 0
3 0 0 32 0 0 0 0
3 0 0 -19 0 0 0 0
3 0 0 -72 0 0 0 0
3 0 0 -28 0 0 0 0
3 0 0 -63 0 0 0 0
3 0 0 83 0 0 0 0
3 0 0 -108 0 0 0 0
3 0 0 123 0 0 0 0
3 0 0 45 0 0 0 0
3 0 0 9 0 0 0 0
3 0 0 41 0 0 0 0
3 0 0 119 0 0 0 0
3 0 0 -74 0 0 0 0
3 0 0 -127 0 0 0 0
3 0 0 -113 0 0 0 0
3 0 0 62 0 0 0 0
3 0 1 14 0 1 123 0
4 1 0 70 0 0 0 0
4 0 0 -16 0 0 0 0
4 0 0 -94 0 0 0 0
4 0 0 -78 0 0 0 0
4 0 0 11 0 0 0 0
4 0 0 -120 0 0 0 0
4 0 0 74 0 0 0 0
4 0 0 21 0 0 0 0
4 0 0 63 0 0 0 0
4 0 0 79 0 0 0 0
4 0 0 -34 0 0 0 0
4 0 0 56 0 0 0 0
4 0 0 64 0 0 0 0
4 0 0 -65 0 0 0 0
4 0 1 89 0 1 0 120
4 1 0 43 0 0 0 0
4 0 0 -80 0 0 0 0
4 0 0 -37 0 0 0 0
4 0 0 99 0 0 0 0
4 0 0 -6 0 0 0 0
4 0 0 -31 0 0 0 0
4 0 0 -78 0 0 0 0
4 0 0 101 0 0 0 0
4 0 0 -44 0 0 0 0
4 0 0 -127 0 0 0 0
4 0 0 -34 0 0 0 0
4 0 0 54 0 0 0 0
4 0 0 -100 0 0 0 0
4 0 0 28 0 0 0 0
4 0 0 -8 0 0 0 0
4 0 0 -46 0 0 0 0
4 0 1 -86 0 1 0 -352
5 1 0 61 0 0 0 0
5 0 1 -44 0 1 17 0
4 1 0 38 0 0 0 0
4 0 0 -113 0 0 0 0
4 0 0 -108 0 0 0 0
4 0 0 37 0 0 0 0
4 0 0 -70 0 0 0 0
4 0 1 -76 0 1 0 -292
4 1 0 66 0 0 0 0
4 0 0 50 0 0 0 0
4 0 0 13 0 0 0 0
4 0 0 -110 0 0 0 0
4 0 0 -5 0 0 0 0
4 0 0 10 0 0 0 0
4 0 0 -28 0 0 0 0
4 0 0 -128 0 0 0 0
4 0 0 125 0 0 0 0
4 0 0 -126 0 0 0 0
4 0 0 -114 0 0 0 0
4 0 0 -126 0 0 0 0
4 0 0 -90 0 0 0 0
4 0 0 -38 0 0 0 0
4 0 0 57 0 0 0 0
4 0 0 107 0 0 0 0
4 0 0 125 0 0 0 0
4 0 0 -80 0 0 0 0
4 0 0 78 0 0 0 0
4 0 0 -47 0 0 0 0
4 0 0 108 0 0 0 0
4 0 0 -33 0 0 0 0
4 0 0 60 0 0 0 0
4 0 0 110 0 0 0 0
4 0 0 -45 0 0 0 0
4 0 0 -95 0 0 0 0
4 0 0 108 0 0 0 0
4 0 0 -114 0 0 0 0
4 0 0 110 0 0 0 0
4 0 0 68 0 0 0 0
4 0 1 -88 0 1 0 -72
3 1 0 -86 0 0 0 0
3 0 0 -71 0 0 0 0
3 0 0 -50 0 0 0 0
3 0 0 97 0 0 0 0
3 0 0 -48 0 0 0 0
3 0 0 -111 0 0 0 0
3 0 0 -65 0 0 0 0
3 0 0 -106 0 0 0 0
3 0 0 93 0 0 0 0
3 0 0 63 0 0 0 0
3 0 0 47 0 0 0 0
3 0 0 -66 0 0 0 0
3 0 0 62 0 0 0 0
3 0 0 84 0 0 0 0
3 0 0 126 0 0 0 0
3 0 0 -76 0 0 0 0
3 0 0 -98 0 0 0 0
3 0 0 -30 0 0 0 0
3 0 0 -65 0 0 0 0
3 0 0 -38 0 0 0 0
3 0 0 106 0 0 0 0
3 0 0 -123 0 0 0 0
3 0 0 124 0 0 0 0
3 0 0 85 0 0 0 0
3 0 0 -59 0 0 0 0
3 0 0 -120 0 0 0 0
3 0 0 -57 0 0 0 0
3 0 0 78 0 0 0 0
3 0 0 -72 0 0 0 0
3 0 1 -65 0 1 126 0
5 1 0 9 0 0 0 0
5 0 1 -69 0 1 -60 0
5 1 0 -64 0 0 0 0
5 0 1 25 0 1 -39 0
3 1 0 -86 0 0 0 0
3 0 0 -108 0 0 0 0
3 0 0 39 0 0 0 0
3 0 0 -31 0 0 0 0
3 0 0 58 0 0 0 0
3 0 0 -70 0 0 0 0
3 0 0 33 0 0 0 0
3 0 1 -63 0 1 58 0
4 1 0 -103 0 0 0 0
4 0 0 122 0 0 0 0
4 0 0 -77 0 0 0 0
4 0 0 -61 0 0 0 0
4 0 0 39 0 0 0 0
4 0 0 116 0 0 0 0
4 0 0 -50 0 0 0 0
4 0 0 -37 0 0 0 0
4 0 0 121 0 0 0 0
4 0 0 49 0 0 0 0
4 0 0 -59 0 0 0 0
4 0 0 -106 0 0 0 0
4 0 0 -41 0 0 0 0
4 0 0 14 0 0 0 0
4 0 1 49 0 1 0 -24
4 1 0 8 0 0 0 0
4 0 0 83 0 0 0 0
4 0 0 19 0 0 0 0
4 0 0 34 0 0 0 0
4 0 0 -120 0 0 0 0
4 0 0 115 0 0 0 0
4 0 0 22 0 0 0 0
4 0 0 -51 0 0 0 0
4 0 0 4 0 0 0 0
4 0 0 -29 0 0 0 0
4 0 0 -120 0 0 0 0
4 0 0 122 0 0 0 0
4 0 0 29 0 0 0 0
4 0 0 115 0 0 0 0
4 0 0 -124 0 0 0 0
4 0 1 -77 0 1 0 30
4 1 0 -6 0 0 0 0
4 0 0 71 0 0 0 0
4 0 0 -29 0 0 0 0
4 0 0 69 0 0 0 0
4 0 0 -79 0 0 0 0
4 0 0 -38 0 0 0 0
4 0 0 2 0 0 0 0
4 0 0 -77 0 0 0 0
4 0 0 16 0 0 0 0
4 0 0 -42 0 0 0 0
4 0 0 -60 0 0 0 0
4 0 0 105 0 0 0 0
4 0 0 83 0 0 0 0
4 0 0 68 0 0 0 0
4 0 0 84 0 0 0 0
4 0 1 -10 0 1 0 157
5 1 0 88 0 0 0 0
5 0 1 85 0 1 127 0
3 1 0 91 0 0 0 0
3 0 0 35 0 0 0 0
3 0 0 29 0 0 0 0
3 0 0 127 0 0 0 0
3 0 0 84 0 0 0 0
3 0 1 82 0 1 127 0
4 1 0 113 0 0 0 0
4 0 0 75 0 0 0 0
4 0 0 -1 0 0 0 0
4 0 0 -112 0 0 0 0
4 0 0 -69 0 0 0 0
4 0 0 16 0 0 0 0
4 0 0 36 0 0 0 0
4 0 0 -101 0 0 0 0
4 0 0 32 0 0 0 0
4 0 0 27 0 0 0 0
4 0 0 39 0 0 0 0
4 0 0 122 0 0 0 0
4 0 0 -89 0 0 0 0
4 0 0 -64 0 0 0 0
4 0 0 -111 0 0 0 0
4 0 0 -75 0 0 0 0
4 0 0 73 0 0 0 0
4 0 0 -1 0 0 0 0
4 0 0 -127 0 0 0 0
4 0 0 23 0 0 0 0
4 0 0 -10 0 0 0 0
4 0 0 31 0 0 0 0
4 0 0 -77 0 0 0 0
4 0 0 69 0 0 0 0
4 0 0 86 0 0 0 0
4 0 1 13 0 1 0 -82
3 1 1 -13 0 1 -13 0
4 1 0 -92 0 0 0 0
4 0 1 8 0 1 0 -84
3 1 0 -24 0 0 0 0
3 0 0 -7 0 0 0 0
3 0 0 18 0 0 0 0
3 0 0 -96 0 0 0 0
3 0 0 -86 0 0 0 0
3 0 0 -15 0 0 0 0
3 0 0 109 0 0 0 0
3 0 0 -94 0 0 0 0
3 0 0 -117 0 0 0 0
3 0 0 123 0 0 0 0
3 0 0 -62 0 0 0 0
3 0 0 53 0 0 0 0
3 0 0 89 0 0 0 0
3 0 0 67 0 0 0 0
3 0 1 42 0 1 123 0
4 1 0 -125 0 0 0 0
4 0 0 -28 0 0 0 0
4 0 0 94 0 0 0 0
4 0 0 -17 0 0 0 0
4 0 0 -91 0 0 0 0
4 0 0 14 0 0 0 0
4 0 0 -69 0 0 0 0
4 0 0 26 0 0 0 0
4 0 1 111 0 1 0 -85
5 1 0 -29 0 0 0 0
5 0 1 53 0 1 24 0
3 1 0 -1 0 0 0 0
3 0 0 -76 0 0 0 0
3 0 0 80 0 0 0 0
3 0 0 -101 0 0 0 0
3 0 0 -96 0 0 0 0
3 0 0 35 0 0 0 0
3 0 0 43 0 0 0 0
3 0 0 29 0 0 0 0
3 0 0 -44 0 0 0 0
3 0 0 -63 0 0 0 0
3 0 0 -114 0 0 0 0
3 0 0 -5 0 0 0 0
3 0 0 -82 0 0 0 0
3 0 0 22 0 0 0 0
3 0 0 -110 0 0 0 0
3 0 0 -11 0 0 0 0
3 0 0 -40 0 0 0 0
3 0 0 95 0 0 0 0
3 0 0 85 0 0 0 0
3 0 0 42 0 0 0 0
3 0 0 -68 0 0 0 0
3 0 0 114 0 0 0 0
3 0 0 -90 0 0 0 0
3 0 0 65 0 0 0 0
3 0 1 113 0 1 114 0
5 1 0 27 0 0 0 0
5 0 1 -115 0 1 -88 0
3 1 0 114 0 0 0 0
3 0 0 82 0 0 0 0
3 0 0 6 0 0 0 0
3 0 0 -17 0 0 0 0
3 0 0 84 0 0 0 0
3 0 0 31 0 0 0 0
3 0 0 -41 0 0 0 0
3 0 0 -85 0 0 0 0
3 0 0 -78 0 0 0 0
3 0 0 105 0 0 0 0
3 0 1 -120 0 1 114 0
4 1 0 -64 0 0 0 0
4 0 0 69 0 0 0 0
4 0 0 -51 0 0 0 0
4 0 0 -9 0 0 0 0
4 0 0 -71 0 0 0 0
4 0 0 70 0 0 0 0
4 0 0 -52 0 0 0 0
4 0 0 -29 0 0 0 0
4 0 0 -45 0 0 0 0
4 0 0 121 0 0 0 0
4 0 1 63 0 1 0 2
5 1 0 32 0 0 0 0
5 0 1 -101 0 1 -69 0
3 1 0 -115 0 0 0 0
3 0 0 80 0 0 0 0
3 0 0 9 0 0 0 0
3 0 0 2 0 0 0 0
3 0 0 39 0 0 0 0
3 0 0 -83 0 0 0 0
3 0 0 -22 0 0 0 0
3 0 0 52 0 0 0 0
3 0 0 -94 0 0 0 0
3 0 0 49 0 0 0 0
3 0 0 -112 0 0 0 0
3 0 0 -1 0 0 0 0
3 0 0 79 0 0 0 0
3 0 0 -82 0 0 0 0
3 0 0 -95 0 0 0 0
3 0 0 -89 0 0 0 0
3 0 0 28 0 0 0 0
3 0 0 -110 0 0 0 0
3 0 0 70 0 0 0 0
3 0 0 -114 0 0 0 0
3 0 0 74 0 0 0 0
3 0 0 82 0 0 0 0
3 0 0 -78 0 0 0 0
3 0 0 49 0 0 0 0
3 0 1 -19 0 1 82 0
5 1 0 90 0 0 0 0
5 0 1 78 0 1 127 0
4 1 0 -110 0 0 0 0
4 0 0 -93 0 0 0 0
4 0 0 -32 0 0 0 0
4 0 0 -58 0 0 0 0
4 0 0 9 0 0 0 0
4 0 0 96 0 0 0 0
4 0 0 -11 0 0 0 0
4 0 0 -34 0 0 0 0
4 0 0 73 0 0 0 0
4 0 0 116 0 0 0 0
4 0 0 -67 0 0 0 0
4 0 1 10 0 1 0 -101
4 1 0 -93 0 0 0 0
4 0 0 66 0 0 0 0
4 0 0 62 0 0 0 0
4 0 0 -80 0 0 0 0
4 0 0 -78 0 0 0 0
4 0 0 -54 0 0 0 0
4 0 0 21 0 0 0 0
4 0 0 -16 0 0 0 0
4 0 0 98 0 0 0 0
4 0 0 -30 0 0 0 0
4 0 0 -24 0 0 0 0
4 0 0 127 0 0 0 0
4 0 0 -32 0 0 0 0
4 0 0 -25 0 0 0 0
4 0 0 -28 0 0 0 0
4 0 0 8 0 0 0 0
4 0 0 93 0 0 0 0
4 0 0 1 0 0 0 0
4 0 0 -7 0 0 0 0
4 0 0 2 0 0 0 0
4 0 0 117 0 0 0 0
4 0 0 -58 0 0 0 0
4 0 0 121 0 0 0 0
4 0 0 -2 0 0 0 0
4 0 0 -114 0 0 0 0
4 0 0 41 0 0 0 0
4 0 1 -90 0 1 0 26
5 1 0 114 0 0 0 0
5 0 1 -4 0 1 110 0
4 1 0 111 0 0 0 0
4 0 0 -112 0 0 0 0
4 0 0 -111 0 0 0 0
4 0 0 97 0 0 0 0
4 0 0 -15 0 0 0 0
4 0 0 -14 0 0 0 0
4 0 0 -9 0 0 0 0
4 0 0 79 0 0 0 0
4 0 0 -126 0 0 0 0
4 0 0 -5 0 0 0 0
4 0 0 113 0 0 0 0
4 0 1 -18 0 1 0 -10
5 1 0 72 0 0 0 0
5 0 1 11 0 1 83 0
5 1 0 3 0 0 0 0
5 0 1 52 0 1 55 0
5 1 0 -29 0 0 0 0
5 0 1 36 0 1 7 0
5 1 0 81 0 0 0 0
5 0 1 -37 0 1 44 0
5 1 0 -2 0 0 0 0
5 0 1 101 0 1 99 0
3 1 0 126 0 0 0 0
3 0 0 -2 0 0 0 0
3 0 1 -68 0 1 126 0
3 1 0 -63 0 0 0 0
3 0 0 24 0 0 0 0
3 0 0 -70 0 0 0 0
3 0 0 -97 0 0 0 0
3 0 0 41 0 0 0 0
3 0 0 -108 0 0 0 0
3 0 0 15 0 0 0 0
3 0 0 -58 0 0 0 0
3 0 0 -94 0 0 0 0
3 0 0 32 0 0 0 0
3 0 0 66 0 0 0 0
3 0 0 110 0 0 0 0
3 0 0 19 0 0 0 0
3 0 0 -91 0 0 0 0
3 0 0 -76 0 0 0 0
3 0 0 114 0 0 0 0
3 0 0 55 0 0 0 0
3 0 0 -19 0 0 0 0
3 0 0 -118 0 0 0 0
3 0 0 -78 0 0 0 0
3 0 0 65 0 0 0 0
3 0 0 -31 0 0 0 0
3 0 0 42 0 0 0 0
3 0 0 91 0 0 0 0
3 0 0 105 0 0 0 0
3 0 0 46 0 0 0 0
3 0 0 8 0 0 0 0
3 0 0 75 0 0 0 0
3 0 0 119 0 0 0 0
3 0 1 -88 0 1 119 0
4 1 0 -30 0 0 0 0
4 0 0 -31 0 0 0 0
4 0 0 -63 0 0 0 0
4 0 0 -50 0 0 0 0
4 0 0 59 0 0 0 0
4 0 0 121 0 0 0 0
4 0 0 55 0 0 0 0
4 0 0 104 0 0 0 0
4 0 0 1 0 0 0 0
4 0 0 25 0 0 0 0
4 0 0 -104 0 0 0 0
4 0 0 98 0 0 0 0
4 0 0 39 0 0 0 0
4 0 0 52 0 0 0 0
4 0 0 -4 0 0 0 0
4 0 0 55 0 0 0 0
4 0 1 -120 0 1 0 207
5 1 0 -93 0 0 0 0
5 0 1 -72 0 1 -127 0
3 1 0 90 0 0 0 0
3 0 0 -41 0 0 0 0
3 0 0 -30 0 0 0 0
3 0 0 -87 0 0 0 0
3 0 0 71 0 0 0 0
3 0 0 38 0 0 0 0
3 0 0 4 0 0 0 0
3 0 0 49 0 0 0 0
3 0 0 -35 0 0 0 0
3 0 0 69 0 0 0 0
3 0 0 -128 0 0 0 0
3 0 0 -52 0 0 0 0
3 0 0 -80 0 0 0 0
3 0 0 -106 0 0 0 0
3 0 0 112 0 0 0 0
3 0 0 -118 0 0 0 0
3 0 0 -12 0 0 0 0
3 0 0 -13 0 0 0 0
3 0 0 108 0 0 0 0
3 0 0 47 0 0 0 0
3 0 0 53 0 0 0 0
3 0 0 94 0 0 0 0
3 0 1 48 0 1 112 0
4 1 0 -94 0 0 0 0
4 0 0 15 0 0 0 0
4 0 0 30 0 0 0 0
4 0 0 -61 0 0 0 0
4 0 0 -127 0 0 0 0
4 0 0 -24 0 0 0 0
4 0 0 46 0 0 0 0
4 0 0 17 0 0 0 0
4 0 0 107 0 0 0 0
4 0 0 -58 0 0 0 0
4 0 0 -46 0 0 0 0
4 0 0 -65 0 0 0 0
4 0 0 -84 0 0 0 0
4 0 0 -50 0 0 0 0
4 0 1 69 0 1 0 -325
4 1 0 -107 0 0 0 0
4 0 0 106 0 0 0 0
4 0 0 25 0 0 0 0
4 0 0 66 0 0 0 0
4 0 0 -73 0 0 0 0
4 0 0 -37 0 0 0 0
4 0 0 -24 0 0 0 0
4 0 0 53 0 0 0 0
4 0 0 78 0 0 0 0
4 0 0 -63 0 0 0 0
4 0 0 18 0 0 0 0
4 0 0 63 0 0 0 0
4 0 0 86 0 0 0 0
4 0 0 91 0 0 0 0
4 0 0 5 0 0 0 0
4 0 0 45 0 0 0 0
4 0 0 -120 0 0 0 0
4 0 0 81 0 0 0 0
4 0 0 -111 0 0 0 0
4 0 0 19 0 0 0 0
4 0 0 104 0 0 0 0
4 0 0 84 0 0 0 0
4 0 0 -8 0 0 0 0
4 0 0 -61 0 0 0 0
4 0 0 -69 0 0 0 0
4 0 1 -3 0 1 0 248
4 1 0 4 0 0 0 0
4 0 0 115 0 0 0 0
4 0 0 -31 0 0 0 0
4 0 0 8 0 0 0 0
4 0 0 30 0 0 0 0
4 0 0 -22 0 0 0 0
4 0 0 -13 0 0 0 0
4 0 0 57 0 0 0 0
4 0 1 -8 0 1 0 140
3 1 0 31 0 0 0 0
3 0 0 123 0 0 0 0
3 0 0 23 0 0 0 0
3 0 0 75 0 0 0 0
3 0 0 86 0 0 0 0
3 0 0 53 0 0 0 0
3 0 0 -65 0 0 0 0
3 0 0 -128 0 0 0 0
3 0 0 -63 0 0 0 0
3 0 0 48 0 0 0 0
3 0 0 -80 0 0 0 0
3 0 0 -81 0 0 0 0
3 0 0 -17 0 0 0 0
3 0 0 9 0 0 0 0
3 0 0 93 0 0 0 0
3 0 0 122 0 0 0 0
3 0 0 -109 0 0 0 0
3 0 0 81 0 0 0 0
3 0 0 -121 0 0 0 0
3 0 1 62 0 1 123 0
3 1 0 17 0 0 0 0
3 0 0 -30 0 0 0 0
3 0 0 42 0 0 0 0
3 0 0 109 0 0 0 0
3 0 0 75 0 0 0 0
3 0 0 125 0 0 0 0
3 0 0 -121 0 0 0 0
3 0 0 2 0 0 0 0
3 0 0 59 0 0 0 0
3 0 0 -65 0 0 0 0
3 0 0 116 0 0 0 0
3 0 0 38 0 0 0 0
3 0 0 20 0 0 0 0
3 0 0 -26 0 0 0 0
3 0 0 -15 0 0 0 0
3 0 0 -96 0 0 0 0
3 0 0 -31 0 0 0 0
3 0 0 44 0 0 0 0
3 0 0 4 0 0 0 0
3 0 0 -124 0 0 0 0
3 0 0 -16 0 0 0 0
3 0 0 114 0 0 0 0
3 0 0 83 0 0 0 0
3 0 0 95 0 0 0 0
3 0 0 44 0 0 0 0
3 0 0 -60 0 0 0 0
3 0 0 125 0 0 0 0
3 0 0 -57 0 0 0 0
3 0 0 -90 0 0 0 0
3 0 1 1 0 1 125 0
5 1 0 -77 0 0 0 0
5 0 1 61 0 1 -16 0
4 1 0 16 0 0 0 0
4 0 0 -85 0 0 0 0
4 0 0 82 0 0 0 0
4 0 0 -84 0 0 0 0
4 0 0 80 0 0 0 0
4 0 0 -9 0 0 0 0
4 0 0 1 0 0 0 0
4 0 0 -45 0 0 0 0
4 0 0 -59 0 0 0 0
4 0 0 -8 0 0 0 0
4 0 0 -33 0 0 0 0
4 0 0 -80 0 0 0 0
4 0 0 -9 0 0 0 0
4 0 0 17 0 0 0 0
4 0 0 3 0 0 0 0
4 0 0 -109 0 0 0 0
4 0 0 -77 0 0 0 0
4 0 0 81 0 0 0 0
4 0 0 17 0 0 0 0
4 0 0 38 0 0 0 0
4 0 1 -75 0 1 0 -338
3 1 0 -90 0 0 0 0
3 0 0 -44 0 0 0 0
3 0 0 -118 0 0 0 0
3 0 0 119 0 0 0 0
3 0 0 -16 0 0 0 0
3 0 0 -34 0 0 0 0
3 0 0 91 0 0 0 0
3 0 0 88 0 0 0 0
3 0 0 18 0 0 0 0
3 0 0 71 0 0 0 0
3 0 0 95 0 0 0 0
3 0 0 121 0 0 0 0
3 0 0 -86 0 0 0 0
3 0 0 -58 0 0 0 0
3 0 0 17 0 0 0 0
3 0 0 -94 0 0 0 0
3 0 0 -69 0 0 0 0
3 0 0 102 0 0 0 0
3 0 0 97 0 0 0 0
3 0 0 17 0 0 0 0
3 0 0 107 0 0 0 0
3 0 0 38 0 0 0 0
3 0 0 -8 0 0 0 0
3 0 0 1 0 0 0 0
3 0 0 -41 0 0 0 0
3 0 1 115 0 1 121 0
3 1 0 -76 0 0 0 0
3 0 0 -43 0 0 0 0
3 0 0 -12 0 0 0 0
3 0 0 -118 0 0 0 0
3 0 0 126 0 0 0 0
3 0 0 114 0 0 0 0
3 0 0 61 0 0 0 0
3 0 0 51 0 0 0 0
3 0 0 107 0 0 0 0
3 0 0 35 0 0 0 0
3 0 0 14 0 0 0 0
3 0 0 -15 0 0 0 0
3 0 0 -107 0 0 0 0
3 0 0 41 0 0 0 0
3 0 0 -81 0 0 0 0
3 0 0 -45 0 0 0 0
3 0 0 98 0 0 0 0
3 0 0 33 0 0 0 0
3 0 0 -59 0 0 0 0
3 0 0 95 0 0 0 0
3 0 0 104 0 0 0 0
3 0 0 -87 0 0 0 0
3 0 0 -64 0 0 0 0
3 0 0 113 0 0 0 0
3 0 0 -53 0 0 0 0
3 0 0 -93 0 0 0 0
3 0 0 91 0 0 0 0
3 0 1 14 0 1 126 0
4 1 0 40 0 0 0 0
4 0 0 84 0 0 0 0
4 0 0 -107 0 0 0 0
4 0 1 16 0 1 0 33
5 1 0 18 0 0 0 0
5 0 1 42 0 1 60 0
5 1 0 77 0 0 0 0
5 0 1 -57 0 1 20 0
5 1 0 57 0 0 0 0
5 0 1 61 0 1 118 0
5 1 0 -125 0 0 0 0
5 0 1 17 0 1 -108 0
3 1 0 -55 0 0 0 0
3 0 0 18 0 0 0 0
3 0 0 101 0 0 0 0
3 0 0 97 0 0 0 0
3 0 0 126 0 0 0 0
3 0 0 25 0 0 0 0
3 0 0 -122 0 0 0 0
3 0 0 124 0 0 0 0
3 0 0 -66 0 0 0 0
3 0 0 -61 0 0 0 0
3 0 0 -40 0 0 0 0
3 0 0 -69 0 0 0 0
3 0 0 -103 0 0 0 0
3 0 0 -1 0 0 0 0
3 0 0 82 0 0 0 0
3 0 0 -109 0 0 0 0
3 0 1 -27 0 1 126 0
4 1 0 -89 0 0 0 0
4 0 0 -19 0 0 0 0
4 0 0 19 0 0 0 0
4 0 0 -22 0 0 0 0
4 0 0 79 0 0 0 0
4 0 0 -56 0 0 0 0
4 0 0 -86 0 0 0 0
4 0 0 -67 0 0 0 0
4 0 0 93 0 0 0 0
4 0 0 -7 0 0 0 0
4 0 0 31 0 0 0 0
4 0 0 -123 0 0 0 0
4 0 1 -78 0 1 0 -325
4 1 0 52 0 0 0 0
4 0 0 82 0 0 0 0
4 0 0 -99 0 0 0 0
4 0 0 -106 0 0 0 0
4 0 0 -31 0 0 0 0
4 0 0 -67 0 0 0 0
4 0 0 -105 0 0 0 0
4 0 0 -52 0 0 0 0
4 0 0 56 0 0 0 0
4 0 0 45 0 0 0 0
4 0 0 -29 0 0 0 0
4 0 0 -114 0 0 0 0
4 0 0 -21 0 0 0 0
4 0 0 10 0 0 0 0
4 0 0 -54 0 0 0 0
4 0 0 -76 0 0 0 0
4 0 0 -52 0 0 0 0
4 0 0 53 0 0 0 0
4 0 0 -68 0 0 0 0
4 0 0 -113 0 0 0 0
4 0 0 -123 0 0 0 0
4 0 0 -88 0 0 0 0
4 0 0 12 0 0 0 0
4 0 0 11 0 0 0 0
4 0 0 95 0 0 0 0
4 0 0 116 0 0 0 0
4 0 0 32 0 0 0 0
4 0 0 -55 0 0 0 0
4 0 0 63 0 0 0 0
4 0 0 -76 0 0 0 0
4 0 0 -20 0 0 0 0
4 0 1 -22 0 1 0 -744
5 1 0 35 0 0 0 0
5 0 1 -80 0 1 -45 0
3 1 0 -56 0 0 0 0
3 0 0 -53 0 0 0 0
3 0 0 19 0 0 0 0
3 0 0 -98 0 0 0 0
3 0 0 -31 0 0 0 0
3 0 0 -19 0 0 0 0
3 0 0 -40 0 0 0 0
3 0 0 67 0 0 0 0
3 0 0 6 0 0 0 0
3 0 0 24 0 0 0 0
3 0 0 -16 0 0 0 0
3 0 0 -111 0 0 0 0
3 0 0 -50 0 0 0 0
3 0 0 -60 0 0 0 0
3 0 0 -27 0 0 0 0
3 0 0 65 0 0 0 0
3 0 0 -115 0 0 0 0
3 0 0 106 0 0 0 0
3 0 1 -81 0 1 106 0
4 1 0 -106 0 0 0 0
4 0 0 61 0 0 0 0
4 0 0 84 0 0 0 0
4 0 0 -5 0 0 0 0
4 0 0 -66 0 0 0 0
4 0 0 -79 0 0 0 0
4 0 0 110 0 0 0 0
4 0 1 -62 0 1 0 -63
3 1 0 105 0 0 0 0
3 0 0 11 0 0 0 0
3 0 0 -97 0 0 0 0
3 0 0 41 0 0 0 0
3 0 0 79 0 0 0 0
3 0 0 43 0 0 0 0
3 0 0 -32 0 0 0 0
3 0 0 53 0 0 0 0
3 0 0 49 0 0 0 0
3 0 0 82 0 0 0 0
3 0 0 114 0 0 0 0
3 0 0 -22 0 0 0 0
3 0 0 105 0 0 0 0
3 0 0 60 0 0 0 0
3 0 0 76 0 0 0 0
3 0 0 75 0 0 0 0
3 0 0 -32 0 0 0 0
3 0 0 -54 0 0 0 0
3 0 0 74 0 0 0 0
3 0 0 -16 0 0 0 0
3 0 0 -7 0 0 0 0
3 0 0 -28 0 0 0 0
3 0 0 29 0 0 0 0
3 0 0 -121 0 0 0 0
3 0 0 -98 0 0 0 0
3 0 0 91 0 0 0 0
3 0 0 111 0 0 0 0
3 0 1 -76 0 1 114 0
5 1 0 -40 0 0 0 0
5 0 1 87 0 1 47 0
3 1 0 -21 0 0 0 0
3 0 0 -32 0 0 0 0
3 0 0 -13 0 0 0 0
3 0 0 -83 0 0 0 0
3 0 0 12 0 0 0 0
3 0 0 -120 0 0 0 0
3 0 0 -89 0 0 0 0
3 0 0 -98 0 0 0 0
3 0 0 -58 0 0 0 0
3 0 0 31 0 0 0 0
3 0 0 75 0 0 0 0
3 0 0 -77 0 0 0 0
3 0 0 93 0 0 0 0
3 0 0 -10 0 0 0 0
3 0 0 111 0 0 0 0
3 0 0 -105 0 0 0 0
3 0 0 -40 0 0 0 0
3 0 0 26 0 0 0 0
3 0 1 -33 0 1 111 0
4 1 0 -113 0 0 0 0
4 0 0 63 0 0 0 0
4 0 0 103 0 0 0 0
4 0 0 -113 0 0 0 0
4 0 0 -70 0 0 0 0
4 0 0 -98 0 0 0 0
4 0 0 40 0 0 0 0
4 0 0 -80 0 0 0 0
4 0 0 63 0 0 0 0
4 0 0 127 0 0 0 0
4 0 0 71 0 0 0 0
4 0 0 71 0 0 0 0
4 0 0 2 0 0 0 0
4 0 0 11 0 0 0 0
4 0 0 67 0 0 0 0
4 0 1 -27 0 1 0 117
5 1 0 -125 0 0 0 0
5 0 1 -1 0 1 -126 0
3 1 0 8 0 0 0 0
3 0 0 25 0 0 0 0
3 0 0 14 0 0 0 0
3 0 0 -60 0 0 0 0
3 0 0 69 0 0 0 0
3 0 0 -93 0 0 0 0
3 0 0 -98 0 0 0 0
3 0 0 63 0 0 0 0
3 0 0 113 0 0 0 0
3 0 0 21 0 0 0 0
3 0 0 -16 0 0 0 0
3 0 0 -75 0 0 0 0
3 0 0 102 0 0 0 0
3 0 0 -42 0 0 0 0
3 0 0 -54 0 0 0 0
3 0 0 -45 0 0 0 0
3 0 0 50 0 0 0 0
3 0 0 44 0 0 0 0
3 0 0 -116 0 0 0 0
3 0 0 125 0 0 0 0
3 0 0 117 0 0 0 0
3 0 0 -31 0 0 0 0
3 0 0 -90 0 0 0 0
3 0 0 -37 0 0 0 0
3 0 0 -16 0 0 0 0
3 0 1 86 0 1 125 0
5 1 0 51 0 0 0 0
5 0 1 -89 0 1 -38 0
4 1 0 76 0 0 0 0
4 0 1 -45 0 1 0 31
3 1 0 74 0 0 0 0
3 0 0 -99 0 0 0 0
3 0 0 -116 0 0 0 0
3 0 0 -42 0 0 0 0
3 0 1 119 0 1 119 0
4 1 0 118 0 0 0 0
4 0 0 -68 0 0 0 0
4 0 0 -120 0 0 0 0
4 0 0 -116 0 0 0 0
4 0 0 -28 0 0 0 0
4 0 0 49 0 0 0 0
4 0 0 -100 0 0 0 0
4 0 0 -36 0 0 0 0
4 0 0 102 0 0 0 0
4 0 0 -91 0 0 0 0
4 0 0 36 0 0 0 0
4 0 0 35 0 0 0 0
4 0 0 55 0 0 0 0
4 0 0 47 0 0 0 0
4 0 0 11 0 0 0 0
4 0 0 60 0 0 0 0
4 0 0 97 0 0 0 0
4 0 0 -24 0 0 0 0
4 0 1 95 0 1 0 122
3 1 0 59 0 0 0 0
3 0 0 85 0 0 0 0
3 0 0 -80 0 0 0 0
3 0 0 -28 0 0 0 0
3 0 0 -62 0 0 0 0
3 0 0 118 0 0 0 0
3 0 0 102 0 0 0 0
3 0 0 26 0 0 0 0
3 0 0 53 0 0 0 0
3 0 0 -39 0 0 0 0
3 0 0 -110 0 0 0 0
3 0 0 -10 0 0 0 0
3 0 0 18 0 0 0 0
3 0 0 44 0 0 0 0
3 0 0 -87 0 0 0 0
3 0 0 105 0 0 0 0
3 0 0 -59 0 0 0 0
3 0 0 91 0 0 0 0
3 0 0 -82 0 0 0 0
3 0 0 -30 0 0 0 0
3 0 0 -94 0 0 0 0
3 0 1 -40 0 1 118 0
3 1 0 72 0 0 0 0
3 0 0 -22 0 0 0 0
3 0 0 -86 0 0 0 0
3 0 0 39 0 0 0 0
3 0 0 -65 0 0 0 0
3 0 0 -124 0 0 0 0
3 0 0 -45 0 0 0 0
3 0 0 -50 0 0 0 0
3 0 0 -121 0 0 0 0
3 0 0 -63 0 0 0 0
3 0 0 -50 0 0 0 0
3 0 0 -33 0 0 0 0
3 0 0 21 0 0 0 0
3 0 0 -33 0 0 0 0
3 0 0 -18 0 0 0 0
3 0 0 -108 0 0 0 0
3 0 0 -37 0 0 0 0
3 0 1 39 0 1 72 0
4 1 0 -38 0 0 0 0
4 0 0 34 0 0 0 0
4 0 0 21 0 0 0 0
4 0 0 -54 0 0 0 0
4 0 0 72 0 0 0 0
4 0 0 105 0 0 0 0
4 0 0 -68 0 0 0 0
4 0 0 -38 0 0 0 0
4 0 0 4 0 0 0 0
4 0 0 -48 0 0 0 0
4 0 0 60 0 0 0 0
4 0 0 97 0 0 0 0
4 0 0 28 0 0 0 0
4 0 0 -6 0 0 0 0
4 0 0 -106 0 0 0 0
4 0 0 101 0 0 0 0
4 0 0 71 0 0 0 0
4 0 0 -124 0 0 0 0
4 0 0 29 0 0 0 0
4 0 0 -32 0 0 0 0
4 0 0 -82 0 0 0 0
4 0 0 -3 0 0 0 0
4 0 0 51 0 0 0 0
4 0 0 -9 0 0 0 0
4 0 0 -35 0 0 0 0
4 0 0 6 0 0 0 0
4 0 1 -82 0 1 0 -46
4 1 0 -86 0 0 0 0
4 0 0 -79 0 0 0 0
4 0 0 -90 0 0 0 0
4 0 0 -93 0 0 0 0
4 0 0 -18 0 0 0 0
4 0 0 76 0 0 0 0
4 0 0 -1 0 0 0 0
4 0 0 56 0 0 0 0
4 0 0 -74 0 0 0 0
4 0 0 -87 0 0 0 0
4 0 1 41 0 1 0 -355
5 1 0 -43 0 0 0 0
5 0 1 25 0 1 -18 0
4 1 0 -11 0 0 0 0
4 0 0 110 0 0 0 0
4 0 0 -106 0 0 0 0
4 0 0 -93 0 0 0 0
4 0 0 -89 0 0 0 0
4 0 0 -113 0 0 0 0
4 0 0 97 0 0 0 0
4 0 0 48 0 0 0 0
4 0 0 -67 0 0 0 0
4 0 0 17 0 0 0 0
4 0 0 -70 0 0 0 0
4 0 0 -90 0 0 0 0
4 0 0 -54 0 0 0 0
4 0 0 -32 0 0 0 0
4 0 0 -14 0 0 0 0
4 0 0 -108 0 0 0 0
4 0 0 121 0 0 0 0
4 0 0 -68 0 0 0 0
4 0 0 -26 0 0 0 0
4 0 0 -26 0 0 0 0
4 0 0 104 0 0 0 0
4 0 0 -3 0 0 0 0
4 0 0 -54 0 0 0 0
4 0 0 -17 0 0 0 0
4 0 1 -2 0 1 0 -546
3 1 0 -22 0 0 0 0
3 0 0 -88 0 0 0 0
3 0 0 -8 0 0 0 0
3 0 0 -48 0 0 0 0
3 0 0 111 0 0 0 0
3 0 0 -69 0 0 0 0
3 0 0 29 0 0 0 0
3 0 0 107 0 0 0 0
3 0 0 54 0 0 0 0
3 0 0 -53 0 0 0 0
3 0 0 -35 0 0 0 0
3 0 1 -43 0 1 111 0
4 1 0 23 0 0 0 0
4 0 0 27 0 0 0 0
4 0 0 -12 0 0 0 0
4 0 0 -53 0 0 0 0
4 0 0 -36 0 0 0 0
4 0 0 -119 0 0 0 0
4 0 0 -99 0 0 0 0
4 0 0 103 0 0 0 0
4 0 0 -41 0 0 0 0
4 0 0 124 0 0 0 0
4 0 0 -64 0 0 0 0
4 0 0 -65 0 0 0 0
4 0 0 41 0 0 0 0
4 0 0 61 0 0 0 0
4 0 0 95 0 0 0 0
4 0 0 -31 0 0 0 0
4 0 1 -86 0 1 0 -132
4 1 0 -47 0 0 0 0
4 0 0 124 0 0 0 0
4 0 0 -92 0 0 0 0
4 0 0 110 0 0 0 0
4 0 0 110 0 0 0 0
4 0 0 23 0 0 0 0
4 0 0 -112 0 0 0 0
4 0 0 74 0 0 0 0
4 0 0 54 0 0 0 0
4 0 0 -114 0 0 0 0
4 0 0 14 0 0 0 0
4 0 0 -15 0 0 0 0
4 0 1 -25 0 1 0 104
5 1 0 46 0 0 0 0
5 0 1 -106 0 1 -60 0
3 1 0 68 0 0 0 0
3 0 0 102 0 0 0 0
3 0 0 -66 0 0 0 0
3 0 0 -89 0 0 0 0
3 0 0 66 0 0 0 0
3 0 0 27 0 0 0 0
3 0 0 5 0 0 0 0
3 0 0 125 0 0 0 0
3 0 0 94 0 0 0 0
3 0 1 123 0 1 125 0
5 1 0 20 0 0 0 0
5 0 1 65 0 1 85 0
5 1 0 101 0 0 0 0
5 0 1 -83 0 1 18 0
5 1 0 -69 0 0 0 0
5 0 1 -6 0 1 -75 0
3 1 0 34 0 0 0 0
3 0 0 -42 0 0 0 0
3 0 0 -66 0 0 0 0
3 0 0 92 0 0 0 0
3 0 0 -92 0 0 0 0
3 0 0 116 0 0 0 0
3 0 1 -49 0 1 116 0
4 1 0 -102 0 0 0 0
4 0 0 -9 0 0 0 0
4 0 0 -36 0 0 0 0
4 0 0 -88 0 0 0 0
4 0 0 81 0 0 0 0
4 0 0 -38 0 0 0 0
4 0 0 -43 0 0 0 0
4 0 0 41 0 0 0 0
4 0 0 12 0 0 0 0
4 0 0 53 0 0 0 0
4 0 0 93 0 0 0 0
4 0 1 -9 0 1 0 -45
4 1 0 88 0 0 0 0
4 0 0 -81 0 0 0 0
4 0 0 -3 0 0 0 0
4 0 0 -38 0 0 0 0
4 0 0 -25 0 0 0 0
4 0 0 33 0 0 0 0
4 0 0 21 0 0 0 0
4 0 0 -118 0 0 0 0
4 0 0 82 0 0 0 0
4 0 0 -22 0 0 0 0
4 0 0 19 0 0 0 0
4 0 1 38 0 1 0 -6
5 1 0 25 0 0 0 0
5 0 1 -7 0 1 18 0
3 1 0 -118 0 0 0 0
3 0 0 -87 0 0 0 0
3 0 0 91 0 0 0 0
3 0 0 -99 0 0 0 0
3 0 0 12 0 0 0 0
3 0 0 39 0 0 0 0
3 0 0 -110 0 0 0 0
3 0 0 -118 0 0 0 0
3 0 0 116 0 0 0 0
3 0 0 73 0 0 0 0
3 0 0 77 0 0 0 0
3 0 0 -16 0 0 0 0
3 0 0 81 0 0 0 0
3 0 0 61 0 0 0 0
3 0 0 -56 0 0 0 0
3 0 1 84 0 1 116 0
4 1 0 59 0 0 0 0
4 0 0 -92 0 0 0 0
4 0 0 63 0 0 0 0
4 0 0 -46 0 0 0 0
4 0 0 -91 0 0 0 0
4 0 0 57 0 0 0 0
4 0 0 -11 0 0 0 0
4 0 0 66 0 0 0 0
4 0 0 -105 0 0 0 0
4 0 0 -74 0 0 0 0
4 0 0 -17 0 0 0 0
4 0 0 -54 0 0 0 0
4 0 0 64 0 0 0 0
4 0 0 -45 0 0 0 0
4 0 0 -19 0 0 0 0
4 0 0 -72 0 0 0 0
4 0 0 123 0 0 0 0
4 0 0 -6 0 0 0 0
4 0 0 -32 0 0 0 0
4 0 0 72 0 0 0 0
4 0 0 -35 0 0 0 0
4 0 0 -125 0 0 0 0
4 0 0 65 0 0 0 0
4 0 1 -100 0 1 0 -355
5 1 0 34 0 0 0 0
5 0 1 -121 0 1 -87 0
3 1 0 -39 0 0 0 0
3 0 0 109 0 0 0 0
3 0 0 -118 0 0 0 0
3 0 0 -33 0 0 0 0
3 0 0 4 0 0 0 0
3 0 0 114 0 0 0 0
3 0 0 9 0 0 0 0
3 0 0 -20 0 0 0 0
3 0 0 52 0 0 0 0
3 0 0 85 0 0 0 0
3 0 0 -92 0 0 0 0
3 0 0 -83 0 0 0 0
3 0 0 -86 0 0 0 0
3 0 0 90 0 0 0 0
3 0 0 62 0 0 0 0
3 0 0 -12 0 0 0 0
3 0 0 -99 0 0 0 0
3 0 0 -94 0 0 0 0
3 0 0 98 0 0 0 0
3 0 0 70 0 0 0 0
3 0 0 112 0 0 0 0
3 0 0 27 0 0 0 0
3 0 0 24 0 0 0 0
3 0 0 -38 0 0 0 0
3 0 0 -63 0 0 0 0
3 0 0 -111 0 0 0 0
3 0 0 -52 0 0 0 0
3 0 0 -47 0 0 0 0
3 0 0 23 0 0 0 0
3 0 0 -106 0 0 0 0
3 0 1 39 0 1 114 0
5 1 0 -27 0 0 0 0
5 0 1 73 0 1 46 0
4 1 0 -110 0 0 0 0
4 0 0 -45 0 0 0 0
4 0 0 93 0 0 0 0
4 0 0 -94 0 0 0 0
4 0 0 41 0 0 0 0
4 0 0 114 0 0 0 0
4 0 0 46 0 0 0 0
4 0 0 -46 0 0 0 0
4 0 0 -55 0 0 0 0
4 0 0 -126 0 0 0 0
4 0 1 121 0 1 0 -61
3 1 0 -128 0 0 0 0
3 0 0 34 0 0 0 0
3 0 0 -28 0 0 0 0
3 0 0 127 0 0 0 0
3 0 0 17 0 0 0 0
3 0 0 -30 0 0 0 0
3 0 0 -96 0 0 0 0
3 0 0 -22 0 0 0 0
3 0 0 7 0 0 0 0
3 0 0 -22 0 0 0 0
3 0 0 -64 0 0 0 0
3 0 0 -127 0 0 0 0
3 0 0 5 0 0 0 0
3 0 0 -80 0 0 0 0
3 0 0 117 0 0 0 0
3 0 1 93 0 1 127 0
5 1 0 23 0 0 0 0
5 0 1 -44 0 1 -21 0
5 1 0 30 0 0 0 0
5 0 1 48 0 1 78 0
3 1 0 5 0 0 0 0
3 0 1 13 0 1 13 0
3 1 0 75 0 0 0 0
3 0 0 -125 0 0 0 0
3 0 0 72 0 0 0 0
3 0 0 -87 0 0 0 0
3 0 0 -42 0 0 0 0
3 0 0 -2 0 0 0 0
3 0 0 -11 0 0 0 0
3 0 0 -49 0 0 0 0
3 0 0 33 0 0 0 0
3 0 0 67 0 0 0 0
3 0 0 -10 0 0 0 0
3 0 0 78 0 0 0 0
3 0 0 91 0 0 0 0
3 0 0 35 0 0 0 0
3 0 0 52 0 0 0 0
3 0 0 -2 0 0 0 0
3 0 0 17 0 0 0 0
3 0 0 21 0 0 0 0
3 0 0 62 0 0 0 0
3 0 1 -45 0 1 91 0
3 1 0 73 0 0 0 0
3 0 0 103 0 0 0 0
3 0 0 -15 0 0 0 0
3 0 0 -8 0 0 0 0
3 0 1 45 0 1 103 0
5 1 0 -97 0 0 0 0
5 0 1 -89 0 1 -127 0
4 1 0 57 0 0 0 0
4 0 0 -9 0 0 0 0
4 0 0 79 0 0 0 0
4 0 0 -3 0 0 0 0
4 0 0 -5 0 0 0 0
4 0 0 127 0 0 0 0
4 0 0 -107 0 0 0 0
4 0 0 91 0 0 0 0
4 0 0 -99 0 0 0 0
4 0 0 46 0 0 0 0
4 0 0 -97 0 0 0 0
4 0 1 62 0 1 0 142
5 1 0 -102 0 0 0 0
5 0 1 -59 0 1 -127 0
5 1 0 36 0 0 0 0
5 0 1 88 0 1 124 0
3 1 1 21 0 1 21 0
4 1 0 -22 0 0 0 0
4 0 0 -100 0 0 0 0
4 0 0 63 0 0 0 0
4 0 0 72 0 0 0 0
4 0 0 67 0 0 0 0
4 0 0 -77 0 0 0 0
4 0 0 -69 0 0 0 0
4 0 0 88 0 0 0 0
4 0 0 -81 0 0 0 0
4 0 0 -11 0 0 0 0
4 0 0 -54 0 0 0 0
4 0 0 67 0 0 0 0
4 0 0 -17 0 0 0 0
4 0 0 -119 0 0 0 0
4 0 0 8 0 0 0 0
4 0 0 -90 0 0 0 0
4 0 0 -58 0 0 0 0
4 0 0 16 0 0 0 0
4 0 0 9 0 0 0 0
4 0 0 -45 0 0 0 0
4 0 0 -110 0 0 0 0
4 0 0 -89 0 0 0 0
4 0 0 66 0 0 0 0
4 0 0 -3 0 0 0 0
4 0 0 -93 0 0 0 0
4 0 0 -21 0 0 0 0
4 0 0 68 0 0 0 0
4 0 0 99 0 0 0 0
4 0 0 -118 0 0 0 0
4 0 1 -113 0 1 0 -667
5 1 0 -30 0 0 0 0
5 0 1 -60 0 1 -90 0
3 1 0 -75 0 0 0 0
3 0 0 2 0 0 0 0
3 0 0 -77 0 0 0 0
3 0 0 108 0 0 0 0
3 0 1 93 0 1 108 0
4 1 0 67 0 0 0 0
4 0 0 40 0 0 0 0
4 0 0 -111 0 0 0 0
4 0 0 92 0 0 0 0
4 0 0 -126 0 0 0 0
4 0 0 89 0 0 0 0
4 0 0 -123 0 0 0 0
4 0 0 -101 0 0 0 0
4 0 0 -124 0 0 0 0
4 0 0 -11 0 0 0 0
4 0 0 18 0 0 0 0
4 0 0 -20 0 0 0 0
4 0 0 -120 0 0 0 0
4 0 1 30 0 1 0 -400
3 1 0 89 0 0 0 0
3 0 0 -3 0 0 0 0
3 0 0 27 0 0 0 0
3 0 0 60 0 0 0 0
3 0 0 125 0 0 0 0
3 0 0 74 0 0 0 0
3 0 0 56 0 0 0 0
3 0 0 -122 0 0 0 0
3 0 0 -114 0 0 0 0
3 0 0 -92 0 0 0 0
3 0 0 9 0 0 0 0
3 0 0 16 0 0 0 0
3 0 0 94 0 0 0 0
3 0 0 -46 0 0 0 0
3 0 1 100 0 1 125 0
4 1 0 25 0 0 0 0
4 0 0 7 0 0 0 0
4 0 0 -117 0 0 0 0
4 0 0 7 0 0 0 0
4 0 0 59 0 0 0 0
4 0 0 -36 0 0 0 0
4 0 0 41 0 0 0 0
4 0 0 43 0 0 0 0
4 0 0 108 0 0 0 0
4 0 0 53 0 0 0 0
4 0 0 100 0 0 0 0
4 0 0 93 0 0 0 0
4 0 0 -35 0 0 0 0
4 0 0 122 0 0 0 0
4 0 0 49 0 0 0 0
4 0 0 23 0 0 0 0
4 0 0 -33 0 0 0 0
4 0 0 -31 0 0 0 0
4 0 0 119 0 0 0 0
4 0 0 -40 0 0 0 0
4 0 0 86 0 0 0 0
4 0 0 -120 0 0 0 0
4 0 0 -126 0 0 0 0
4 0 0 114 0 0 0 0
4 0 0 -47 0 0 0 0
4 0 1 -4 0 1 0 460
5 1 0 -66 0 0 0 0
5 0 1 -12 0 1 -78 0
4 1 0 -61 0 0 0 0
4 0 0 80 0 0 0 0
4 0 0 -95 0 0 0 0
4 0 0 -119 0 0 0 0
4 0 0 56 0 0 0 0
4 0 0 2 0 0 0 0
4 0 0 41 0 0 0 0
4 0 0 -46 0 0 0 0
4 0 0 89 0 0 0 0
4 0 0 40 0 0 0 0
4 0 0 -1 0 0 0 0
4 0 0 -85 0 0 0 0
4 0 0 97 0 0 0 0
4 0 0 -113 0 0 0 0
4 0 0 -79 0 0 0 0
4 0 0 60 0 0 0 0
4 0 0 -106 0 0 0 0
4 0 0 34 0 0 0 0
4 0 0 78 0 0 0 0
4 0 0 -75 0 0 0 0
4 0 0 -43 0 0 0 0
4 0 0 -82 0 0 0 0
4 0 0 86 0 0 0 0
4 0 0 90 0 0 0 0
4 0 0 -72 0 0 0 0
4 0 1 89 0 1 0 -135
4 1 0 74 0 0 0 0
4 0 0 -89 0 0 0 0
4 0 0 89 0 0 0 0
4 0 0 38 0 0 0 0
4 0 0 86 0 0 0 0
4 0 0 -53 0 0 0 0
4 0 0 34 0 0 0 0
4 0 0 -13 0 0 0 0
4 0 0 68 0 0 0 0
4 0 0 78 0 0 0 0
4 0 0 -26 0 0 0 0
4 0 1 -80 0 1 0 206
3 1 0 -127 0 0 0 0
3 0 0 122 0 0 0 0
3 0 0 65 0 0 0 0
3 0 0 86 0 0 0 0
3 0 0 72 0 0 0 0
3 0 0 121 0 0 0 0
3 0 0 94 0 0 0 0
3 0 0 -63 0 0 0 0
3 0 0 103 0 0 0 0
3 0 0 38 0 0 0 0
3 0 0 8 0 0 0 0
3 0 0 -45 0 0 0 0
3 0 0 -10 0 0 0 0
3 0 0 -38 0 0 0 0
3 0 0 -90 0 0 0 0
3 0 0 67 0 0 0 0
3 0 0 -36 0 0 0 0
3 0 0 114 0 0 0 0
3 0 0 -40 0 0 0 0
3 0 0 -24 0 0 0 0
3 0 1 28 0 1 122 0
5 1 0 42 0 0 0 0
5 0 1 -28 0 1 14 0
3 1 0 -104 0 0 0 0
3 0 0 -45 0 0 0 0
3 0 0 -25 0 0 0 0
3 0 0 -71 0 0 0 0
3 0 0 -93 0 0 0 0
3 0 0 22 0 0 0 0
3 0 0 48 0 0 0 0
3 0 0 111 0 0 0 0
3 0 0 -40 0 0 0 0
3 0 0 -87 0 0 0 0
3 0 1 97 0 1 111 0
5 1 0 -75 0 0 0 0
5 0 1 -19 0 1 -94 0
4 1 0 -63 0 0 0 0
4 0 0 66 0 0 0 0
4 0 0 -75 0 0 0 0
4 0 0 -33 0 0 0 0
4 0 0 -12 0 0 0 0
4 0 0 122 0 0 0 0
4 0 0 95 0 0 0 0
4 0 0 71 0 0 0 0
4 0 0 -113 0 0 0 0
4 0 0 0 0 0 0 0
4 0 0 -48 0 0 0 0
4 0 0 81 0 0 0 0
4 0 0 118 0 0 0 0
4 0 0 -38 0 0 0 0
4 0 0 -70 0 0 0 0
4 0 0 1 0 0 0 0
4 0 0 96 0 0 0 0
4 0 0 89 0 0 0 0
4 0 0 27 0 0 0 0
4 0 0 -57 0 0 0 0
4 0 0 22 0 0 0 0
4 0 0 77 0 0 0 0
4 0 0 69 0 0 0 0
4 0 0 -113 0 0 0 0
4 0 1 17 0 1 0 329
5 1 0 -118 0 0 0 0
5 0 1 24 0 1 -94 0
5 1 0 -63 0 0 0 0
5 0 1 -68 0 1 -127 0
3 1 0 -82 0 0 0 0
3 0 0 58 0 0 0 0
3 0 0 -106 0 0 0 0
3 0 0 -47 0 0 0 0
3 0 0 -16 0 0 0 0
3 0 0 -8 0 0 0 0
3 0 0 92 0 0 0 0
3 0 0 35 0 0 0 0
3 0 0 4 0 0 0 0
3 0 0 -110 0 0 0 0
3 0 0 -4 0 0 0 0
3 0 0 30 0 0 0 0
3 0 0 -95 0 0 0 0
3 0 0 -3 0 0 0 0
3 0 0 35 0 0 0 0
3 0 0 -33 0 0 0 0
3 0 0 78 0 0 0 0
3 0 0 33 0 0 0 0
3 0 0 -91 0 0 0 0
3 0 0 4 0 0 0 0
3 0 0 25 0 0 0 0
3 0 0 36 0 0 0 0
3 0 0 -83 0 0 0 0
3 0 0 38 0 0 0 0
3 0 0 -113 0 0 0 0
3 0 0 21 0 0 0 0
3 0 0 111 0 0 0 0
3 0 0 111 0 0 0 0
3 0 0 -79 0 0 0 0
3 0 1 102 0 1 111 0
4 1 0 -120 0 0 0 0
4 0 0 -57 0 0 0 0
4 0 0 82 0 0 0 0
4 0 1 -38 0 1 0 -133
3 1 1 -6 0 1 -6 0
4 1 0 -125 0 0 0 0
4 0 0 49 0 0 0 0
4 0 0 66 0 0 0 0
4 0 0 -56 0 0 0 0
4 0 0 116 0 0 0 0
4 0 0 -97 0 0 0 0
4 0 0 -19 0 0 0 0
4 0 0 66 0 0 0 0
4 0 0 12 0 0 0 0
4 0 0 -36 0 0 0 0
4 0 0 90 0 0 0 0
4 0 0 117 0 0 0 0
4 0 0 -112 0 0 0 0
4 0 0 109 0 0 0 0
4 0 0 124 0 0 0 0
4 0 0 -82 0 0 0 0
4 0 0 -116 0 0 0 0
4 0 0 51 0 0 0 0
4 0 0 -46 0 0 0 0
4 0 0 42 0 0 0 0
4 0 0 41 0 0 0 0
4 0 0 109 0 0 0 0
4 0 0 60 0 0 0 0
4 0 0 -63 0 0 0 0
4 0 0 76 0 0 0 0
4 0 0 84 0 0 0 0
4 0 1 -53 0 1 0 407
3 1 0 35 0 0 0 0
3 0 0 -99 0 0 0 0
3 0 0 116 0 0 0 0
3 0 0 103 0 0 0 0
3 0 0 -56 0 0 0 0
3 0 0 -76 0 0 0 0
3 0 0 -50 0 0 0 0
3 0 0 79 0 0 0 0
3 0 0 -69 0 0 0 0
3 0 0 51 0 0 0 0
3 0 0 -15 0 0 0 0
3 0 0 -122 0 0 0 0
3 0 0 62 0 0 0 0
3 0 0 -116 0 0 0 0
3 0 0 -75 0 0 0 0
3 0 0 59 0 0 0 0
3 0 0 52 0 0 0 0
3 0 0 -105 0 0 0 0
3 0 0 88 0 0 0 0
3 0 0 11 0 0 0 0
3 0 0 58 0 0 0 0
3 0 0 93 0 0 0 0
3 0 0 -78 0 0 0 0
3 0 0 -80 0 0 0 0
3 0 0 -47 0 0 0 0
3 0 0 49 0 0 0 0
3 0 1 49 0 1 116 0
4 1 0 92 0 0 0 0
4 0 0 -69 0 0 0 0
4 0 0 -91 0 0 0 0
4 0 0 26 0 0 0 0
4 0 0 -41 0 0 0 0
4 0 0 71 0 0 0 0
4 0 0 -51 0 0 0 0
4 0 1 83 0 1 0 20
3 1 0 -39 0 0 0 0
3 0 0 -66 0 0 0 0
3 0 0 27 0 0 0 0
3 0 0 -112 0 0 0 0
3 0 0 79 0 0 0 0
3 0 0 91 0 0 0 0
3 0 0 -72 0 0 0 0
3 0 0 -11 0 0 0 0
3 0 0 -47 0 0 0 0
3 0 0 50 0 0 0 0
3 0 0 -86 0 0 0 0
3 0 0 -56 0 0 0 0
3 0 0 -8 0 0 0 0
3 0 0 124 0 0 0 0
3 0 0 42 0 0 0 0
3 0 0 99 0 0 0 0
3 0 0 17 0 0 0 0
3 0 0 103 0 0 0 0
3 0 1 19 0 1 124 0
4 1 0 -121 0 0 0 0
4 0 1 -84 0 1 0 -205
4 1 0 19 0 0 0 0
4 0 0 94 0 0 0 0
4 0 0 -81 0 0 0 0
4 0 0 58 0 0 0 0
4 0 0 -5 0 0 0 0
4 0 0 -14 0 0 0 0
4 0 0 77 0 0 0 0
4 0 0 18 0 0 0 0
4 0 0 93 0 0 0 0
4 0 0 49 0 0 0 0
4 0 0 44 0 0 0 0
4 0 0 -98 0 0 0 0
4 0 0 100 0 0 0 0
4 0 0 99 0 0 0 0
4 0 0 -35 0 0 0 0
4 0 0 36 0 0 0 0
4 0 0 -1 0 0 0 0
4 0 1 6 0 1 0 459
4 1 0 53 0 0 0 0
4 0 0 1 0 0 0 0
4 0 0 6 0 0 0 0
4 0 0 113 0 0 0 0
4 0 0 117 0 0 0 0
4 0 0 45 0 0 0 0
4 0 0 86 0 0 0 0
4 0 0 -74 0 0 0 0
4 0 0 -120 0 0 0 0
4 0 0 -119 0 0 0 0
4 0 0 31 0 0 0 0
4 0 0 -11 0 0 0 0
4 0 0 -17 0 0 0 0
4 0 0 -54 0 0 0 0
4 0 0 -37 0 0 0 0
4 0 0 -80 0 0 0 0
4 0 0 120 0 0 0 0
4 0 0 47 0 0 0 0
4 0 0 82 0 0 0 0
4 0 0 60 0 0 0 0
4 0 0 53 0 0 0 0
4 0 0 62 0 0 0 0
4 0 0 114 0 0 0 0
4 0 0 107 0 0 0 0
4 0 0 27 0 0 0 0
4 0 1 60 0 1 0 672
3 1 0 -116 0 0 0 0
3 0 0 -108 0 0 0 0
3 0 0 38 0 0 0 0
3 0 0 -17 0 0 0 0
3 0 0 -61 0 0 0 0
3 0 0 83 0 0 0 0
3 0 0 73 0 0 0 0
3 0 0 -50 0 0 0 0
3 0 0 74 0 0 0 0
3 0 0 27 0 0 0 0
3 0 0 -50 0 0 0 0
3 0 0 -58 0 0 0 0
3 0 0 -32 0 0 0 0
3 0 0 -52 0 0 0 0
3 0 0 -29 0 0 0 0
3 0 0 76 0 0 0 0
3 0 0 -121 0 0 0 0
3 0 0 -74 0 0 0 0
3 0 0 12 0 0 0 0
3 0 0 114 0 0 0 0
3 0 0 81 0 0 0 0
3 0 0 19 0 0 0 0
3 0 0 -6 0 0 0 0
3 0 0 -47 0 0 0 0
3 0 0 -55 0 0 0 0
3 0 0 -107 0 0 0 0
3 0 1 63 0 1 114 0
4 1 0 2 0 0 0 0
4 0 0 -95 0 0 0 0
4 0 0 -122 0 0 0 0
4 0 0 32 0 0 0 0
4 0 0 -71 0 0 0 0
4 0 0 -111 0 0 0 0
4 0 0 -99 0 0 0 0
4 0 0 -20 0 0 0 0
4 0 0 -63 0 0 0 0
4 0 0 -14 0 0 0 0
4 0 0 77 0 0 0 0
4 0 0 -86 0 0 0 0
4 0 0 10 0 0 0 0
4 0 0 -54 0 0 0 0
4 0 0 80 0 0 0 0
4 0 0 -109 0 0 0 0
4 0 0 -20 0 0 0 0
4 0 0 -42 0 0 0 0
4 0 0 116 0 0 0 0
4 0 1 -128 0 1 0 -717
3 1 0 43 0 0 0 0
3 0 0 95 0 0 0 0
3 0 0 41 0 0 0 0
3 0 0 105 0 0 0 0
3 0 0 38 0 0 0 0
3 0 0 42 0 0 0 0
3 0 0 -122 0 0 0 0
3 0 0 -31 0 0 0 0
3 0 0 -7 0 0 0 0
3 0 0 68 0 0 0 0
3 0 0 -41 0 0 0 0
3 0 0 -62 0 0 0 0
3 0 0 74 0 0 0 0
3 0 0 -110 0 0 0 0
3 0 0 -104 0 0 0 0
3 0 0 79 0 0 0 0
3 0 0 1 0 0 0 0
3 0 0 108 0 0 0 0
3 0 0 -7 0 0 0 0
3 0 0 -103 0 0 0 0
3 0 0 82 0 0 0 0
3 0 1 82 0 1 108 0
4 1 0 70 0 0 0 0
4 0 0 -20 0 0 0 0
4 0 0 80 0 0 0 0
4 0 1 86 0 1 0 216
5 1 0 126 0 0 0 0
5 0 1 -122 0 1 4 0
4 1 0 -62 0 0 0 0
4 0 0 -88 0 0 0 0
4 0 0 -91 0 0 0 0
4 0 0 -93 0 0 0 0
4 0 0 54 0 0 0 0
4 0 0 -93 0 0 0 0
4 0 0 -107 0 0 0 0
4 0 0 -88 0 0 0 0
4 0 0 -34 0 0 0 0
4 0 0 31 0 0 0 0
4 0 0 -55 0 0 0 0
4 0 0 114 0 0 0 0
4 0 0 -5 0 0 0 0
4 0 0 -23 0 0 0 0
4 0 1 -12 0 1 0 -552
4 1 0 -90 0 0 0 0
4 0 0 1 0 0 0 0
4 0 0 126 0 0 0 0
4 0 0 -71 0 0 0 0
4 0 0 -66 0 0 0 0
4 0 0 -65 0 0 0 0
4 0 0 72 0 0 0 0
4 0 0 -2 0 0 0 0
4 0 0 30 0 0 0 0
4 0 0 -34 0 0 0 0
4 0 0 14 0 0 0 0
4 0 0 114 0 0 0 0
4 0 0 91 0 0 0 0
4 0 0 -21 0 0 0 0
4 0 0 125 0 0 0 0
4 0 0 97 0 0 0 0
4 0 0 67 0 0 0 0
4 0 0 -127 0 0 0 0
4 0 0 -54 0 0 0 0
4 0 0 58 0 0 0 0
4 0 0 15 0 0 0 0
4 0 0 -77 0 0 0 0
4 0 0 -15 0 0 0 0
4 0 1 -119 0 1 0 69
4 1 0 28 0 0 0 0
4 0 0 -40 0 0 0 0
4 0 0 -28 0 0 0 0
4 0 0 55 0 0 0 0
4 0 0 16 0 0 0 0
4 0 0 -109 0 0 0 0
4 0 0 -86 0 0 0 0
4 0 0 105 0 0 0 0
4 0 0 -99 0 0 0 0
4 0 0 -121 0 0 0 0
4 0 0 -84 0 0 0 0
4 0 1 -122 0 1 0 -485
3 1 0 -115 0 0 0 0
3 0 0 54 0 0 0 0
3 0 0 -41 0 0 0 0
3 0 0 -126 0 0 0 0
3 0 0 -68 0 0 0 0
3 0 0 62 0 0 0 0
3 0 0 -68 0 0 0 0
3 0 0 -62 0 0 0 0
3 0 1 43 0 1 62 0
5 1 0 -68 0 0 0 0
5 0 1 99 0 1 31 0
3 1 0 24 0 0 0 0
3 0 1 123 0 1 123 0
4 1 0 -108 0 0 0 0
4 0 0 89 0 0 0 0
4 0 0 56 0 0 0 0
4 0 1 81 0 1 0 118
5 1 0 -83 0 0 0 0
5 0 1 -106 0 1 -127 0
3 1 0 124 0 0 0 0
3 0 0 -39 0 0 0 0
3 0 0 -71 0 0 0 0
3 0 0 -77 0 0 0 0
3 0 0 96 0 0 0 0
3 0 0 -55 0 0 0 0
3 0 0 -117 0 0 0 0
3 0 0 -50 0 0 0 0
3 0 0 -27 0 0 0 0
3 0 0 1 0 0 0 0
3 0 0 31 0 0 0 0
3 0 0 -15 0 0 0 0
3 0 0 114 0 0 0 0
3 0 1 37 0 1 124 0
4 1 0 -92 0 0 0 0
4 0 0 71 0 0 0 0
4 0 0 -123 0 0 0 0
4 0 0 123 0 0 0 0
4 0 0 -9 0 0 0 0
4 0 0 -98 0 0 0 0
4 0 0 -108 0 0 0 0
4 0 0 74 0 0 0 0
4 0 0 -81 0 0 0 0
4 0 1 124 0 1 0 -119
5 1 0 -41 0 0 0 0
5 0 1 111 0 1 70 0
5 1 0 19 0 0 0 0
5 0 1 120 0 1 127 0
4 1 0 34 0 0 0 0
4 0 0 -23 0 0 0 0
4 0 0 -107 0 0 0 0
4 0 0 -118 0 0 0 0
4 0 0 -21 0 0 0 0
4 0 0 41 0 0 0 0
4 0 0 32 0 0 0 0
4 0 0 -12 0 0 0 0
4 0 0 110 0 0 0 0
4 0 0 45 0 0 0 0
4 0 0 41 0 0 0 0
4 0 0 -48 0 0 0 0
4 0 0 -51 0 0 0 0
4 0 0 -51 0 0 0 0
4 0 0 43 0 0 0 0
4 0 0 -18 0 0 0 0
4 0 0 65 0 0 0 0
4 0 0 51 0 0 0 0
4 0 0 90 0 0 0 0
4 0 0 59 0 0 0 0
4 0 0 61 0 0 0 0
4 0 0 43 0 0 0 0
4 0 0 -128 0 0 0 0
4 0 1 -123 0 1 0 15
3 1 0 68 0 0 0 0
3 0 0 -45 0 0 0 0
3 0 0 -5 0 0 0 0
3 0 0 -8 0 0 0 0
3 0 0 23 0 0 0 0
3 0 0 -24 0 0 0 0
3 0 0 -68 0 0 0 0
3 0 0 -123 0 0 0 0
3 0 0 114 0 0 0 0
3 0 0 109 0 0 0 0
3 0 0 7 0 0 0 0
3 0 0 74 0 0 0 0
3 0 0 6 0 0 0 0
3 0 0 81 0 0 0 0
3 0 0 95 0 0 0 0
3 0 0 90 0 0 0 0
3 0 0 51 0 0 0 0
3 0 0 -81 0 0 0 0
3 0 0 -105 0 0 0 0
3 0 0 7 0 0 0 0
3 0 0 7 0 0 0 0
3 0 0 -81 0 0 0 0
3 0 0 88 0 0 0 0
3 0 0 105 0 0 0 0
3 0 1 50 0 1 114 0
5 1 0 10 0 0 0 0
5 0 1 12 0 1 22 0
5 1 0 -52 0 0 0 0
5 0 1 16 0 1 -36 0
4 1 0 -94 0 0 0 0
4 0 0 113 0 0 0 0
4 0 0 -86 0 0 0 0
4 0 0 31 0 0 0 0
4 0 0 126 0 0 0 0
4 0 0 -44 0 0 0 0
4 0 0 -43 0 0 0 0
4 0 0 33 0 0 0 0
4 0 0 22 0 0 0 0
4 0 0 43 0 0 0 0
4 0 0 31 0 0 0 0
4 0 0 -31 0 0 0 0
4 0 0 -12 0 0 0 0
4 0 0 77 0 0 0 0
4 0 0 -51 0 0 0 0
4 0 1 -9 0 1 0 106
3 1 1 -93 0 1 -93 0
5 1 0 32 0 0 0 0
5 0 1 -107 0 1 -75 0
3 1 0 124 0 0 0 0
3 0 0 6 0 0 0 0
3 0 0 -105 0 0 0 0
3 0 0 -64 0 0 0 0
3 0 0 84 0 0 0 0
3 0 0 -62 0 0 0 0
3 0 0 -86 0 0 0 0
3 0 0 27 0 0 0 0
3 0 0 4 0 0 0 0
3 0 0 119 0 0 0 0
3 0 0 -25 0 0 0 0
3 0 1 -85 0 1 124 0
5 1 0 -98 0 0 0 0
5 0 1 57 0 1 -41 0
4 1 0 9 0 0 0 0
4 0 0 -53 0 0 0 0
4 0 0 -25 0 0 0 0
4 0 0 81 0 0 0 0
4 0 0 -3 0 0 0 0
4 0 0 -21 0 0 0 0
4 0 1 -74 0 1 0 -86
5 1 0 -9 0 0 0 0
5 0 1 22 0 1 13 0
3 1 0 -92 0 0 0 0
3 0 0 74 0 0 0 0
3 0 0 86 0 0 0 0
3 0 0 -83 0 0 0 0
3 0 0 59 0 0 0 0
3 0 0 -95 0 0 0 0
3 0 0 72 0 0 0 0
3 0 0 -116 0 0 0 0
3 0 0 -45 0 0 0 0
3 0 0 -63 0 0 0 0
3 0 0 -87 0 0 0 0
3 0 0 -117 0 0 0 0
3 0 0 65 0 0 0 0
3 0 1 126 0 1 126 0
5 1 0 -21 0 0 0 0
5 0 1 99 0 1 78 0
5 1 0 -46 0 0 0 0
5 0 1 22 0 1 -24 0
3 1 0 -81 0 0 0 0
3 0 0 71 0 0 0 0
3 0 0 113 0 0 0 0
3 0 0 40 0 0 0 0
3 0 0 64 0 0 0 0
3 0 0 -67 0 0 0 0
3 0 0 26 0 0 0 0
3 0 0 57 0 0 0 0
3 0 0 -119 0 0 0 0
3 0 0 -48 0 0 0 0
3 0 0 -65 0 0 0 0
3 0 0 -119 0 0 0 0
3 0 1 7 0 1 113 0
5 1 0 14 0 0 0 0
5 0 1 110 0 1 124 0
4 1 0 -6 0 0 0 0
4 0 0 -77 0 0 0 0
4 0 0 111 0 0 0 0
4 0 0 112 0 0 0 0
4 0 0 123 0 0 0 0
4 0 0 -9 0 0 0 0
4 0 0 -126 0 0 0 0
4 0 1 -3 0 1 0 125
4 1 0 -13 0 0 0 0
4 0 0 42 0 0 0 0
4 0 0 76 0 0 0 0
4 0 0 -65 0 0 0 0
4 0 0 -26 0 0 0 0
4 0 0 -42 0 0 0 0
4 0 0 80 0 0 0 0
4 0 0 -95 0 0 0 0
4 0 0 81 0 0 0 0
4 0 0 104 0 0 0 0
4 0 0 -114 0 0 0 0
4 0 0 -57 0 0 0 0
4 0 0 -125 0 0 0 0
4 0 0 -34 0 0 0 0
4 0 0 -69 0 0 0 0
4 0 0 105 0 0 0 0
4 0 0 34 0 0 0 0
4 0 0 99 0 0 0 0
4 0 0 3 0 0 0 0
4 0 0 -117 0 0 0 0
4 0 0 -13 0 0 0 0
4 0 1 83 0 1 0 -63
4 1 0 0 0 0 0 0
4 0 0 111 0 0 0 0
4 0 0 -4 0 0 0 0
4 0 0 95 0 0 0 0
4 0 0 94 0 0 0 0
4 0 0 6 0 0 0 0
4 0 0 67 0 0 0 0
4 0 0 41 0 0 0 0
4 0 0 -30 0 0 0 0
4 0 0 -76 0 0 0 0
4 0 0 -10 0 0 0 0
4 0 0 110 0 0 0 0
4 0 0 -51 0 0 0 0
4 0 0 -107 0 0 0 0
4 0 0 -13 0 0 0 0
4 0 0 -5 0 0 0 0
4 0 0 87 0 0 0 0
4 0 0 -19 0 0 0 0
4 0 1 84 0 1 0 380
3 1 1 84 0 1 84 0
4 1 0 -44 0 0 0 0
4 0 0 92 0 0 0 0
4 0 0 -55 0 0 0 0
4 0 0 -33 0 0 0 0
4 0 0 -38 0 0 0 0
4 0 0 -86 0 0 0 0
4 0 0 -73 0 0 0 0
4 0 0 -103 0 0 0 0
4 0 0 9 0 0 0 0
4 0 0 -31 0 0 0 0
4 0 0 -99 0 0 0 0
4 0 0 21 0 0 0 0
4 0 0 -105 0 0 0 0
4 0 0 11 0 0 0 0
4 0 0 -119 0 0 0 0
4 0 0 21 0 0 0 0
4 0 0 -35 0 0 0 0
4 0 0 31 0 0 0 0
4 0 0 94 0 0 0 0
4 0 0 6 0 0 0 0
4 0 0 -125 0 0 0 0
4 0 0 19 0 0 0 0
4 0 0 -10 0 0 0 0
4 0 0 108 0 0 0 0
4 0 0 -44 0 0 0 0
4 0 0 108 0 0 0 0
4 0 0 -109 0 0 0 0
4 0 0 67 0 0 0 0
4 0 0 121 0 0 0 0
4 0 0 -72 0 0 0 0
4 0 1 15 0 1 0 -458
4 1 0 112 0 0 0 0
4 0 0 26 0 0 0 0
4 0 1 -114 0 1 0 24
3 1 0 -23 0 0 0 0
3 0 0 107 0 0 0 0
3 0 0 -30 0 0 0 0
3 0 0 -63 0 0 0 0
3 0 0 30 0 0 0 0
3 0 0 80 0 0 0 0
3 0 0 -101 0 0 0 0
3 0 1 -39 0 1 107 0
4 1 0 -106 0 0 0 0
4 0 0 122 0 0 0 0
4 0 0 88 0 0 0 0
4 0 0 25 0 0 0 0
4 0 0 -115 0 0 0 0
4 0 0 3 0 0 0 0
4 0 0 -2 0 0 0 0
4 0 0 58 0 0 0 0
4 0 0 -37 0 0 0 0
4 0 0 70 0 0 0 0
4 0 0 -39 0 0 0 0
4 0 0 97 0 0 0 0
4 0 0 46 0 0 0 0
4 0 0 58 0 0 0 0
4 0 0 57 0 0 0 0
4 0 0 56 0 0 0 0
4 0 0 58 0 0 0 0
4 0 0 37 0 0 0 0
4 0 0 -51 0 0 0 0
4 0 0 -96 0 0 0 0
4 0 0 -128 0 0 0 0
4 0 0 73 0 0 0 0
4 0 0 -116 0 0 0 0
4 0 0 97 0 0 0 0
4 0 0 -9 0 0 0 0
4 0 0 95 0 0 0 0
4 0 0 68 0 0 0 0
4 0 0 21 0 0 0 0
4 0 0 74 0 0 0 0
4 0 0 -4 0 0 0 0
4 0 0 37 0 0 0 0
4 0 1 111 0 1 0 648
3 1 0 27 0 0 0 0
3 0 0 -79 0 0 0 0
3 0 0 -122 0 0 0 0
3 0 0 97 0 0 0 0
3 0 0 73 0 0 0 0
3 0 0 35 0 0 0 0
3 0 0 8 0 0 0 0
3 0 0 -118 0 0 0 0
3 0 0 76 0 0 0 0
3 0 0 -67 0 0 0 0
3 0 0 72 0 0 0 0
3 0 0 54 0 0 0 0
3 0 0 -127 0 0 0 0
3 0 0 98 0 0 0 0
3 0 0 41 0 0 0 0
3 0 0 -87 0 0 0 0
3 0 0 -125 0 0 0 0
3 0 0 10 0 0 0 0
3 0 0 -88 0 0 0 0
3 0 0 120 0 0 0 0
3 0 0 -115 0 0 0 0
3 0 0 -16 0 0 0 0
3 0 0 -9 0 0 0 0
3 0 0 57 0 0 0 0
3 0 0 97 0 0 0 0
3 0 0 -101 0 0 0 0
3 0 0 -122 0 0 0 0
3 0 0 -103 0 0 0 0
3 0 0 6 0 0 0 0
3 0 1 65 0 1 120 0
4 1 0 -21 0 0 0 0
4 0 0 28 0 0 0 0
4 0 0 -119 0 0 0 0
4 0 0 -16 0 0 0 0
4 0 0 -48 0 0 0 0
4 0 0 109 0 0 0 0
4 0 0 53 0 0 0 0
4 0 0 118 0 0 0 0
4 0 0 -23 0 0 0 0
4 0 0 76 0 0 0 0
4 0 0 44 0 0 0 0
4 0 0 -80 0 0 0 0
4 0 0 -22 0 0 0 0
4 0 0 -97 0 0 0 0
4 0 0 -99 0 0 0 0
4 0 0 102 0 0 0 0
4 0 0 -11 0 0 0 0
4 0 0 -77 0 0 0 0
4 0 0 43 0 0 0 0
4 0 0 -43 0 0 0 0
4 0 0 -56 0 0 0 0
4 0 0 122 0 0 0 0
4 0 0 1 0 0 0 0
4 0 0 56 0 0 0 0
4 0 0 -122 0 0 0 0
4 0 1 -70 0 1 0 -152
3 1 0 94 0 0 0 0
3 0 0 111 0 0 0 0
3 0 0 98 0 0 0 0
3 0 0 -105 0 0 0 0
3 0 0 68 0 0 0 0
3 0 0 -66 0 0 0 0
3 0 0 101 0 0 0 0
3 0 0 -94 0 0 0 0
3 0 0 39 0 0 0 0
3 0 0 81 0 0 0 0
3 0 0 -59 0 0 0 0
3 0 0 -37 0 0 0 0
3 0 0 -41 0 0 0 0
3 0 0 48 0 0 0 0
3 0 0 94 0 0 0 0
3 0 0 -23 0 0 0 0
3 0 0 -80 0 0 0 0
3 0 0 81 0 0 0 0
3 0 0 26 0 0 0 0
3 0 0 87 0 0 0 0
3 0 0 -21 0 0 0 0
3 0 0 -114 0 0 0 0
3 0 0 -6 0 0 0 0
3 0 0 -80 0 0 0 0
3 0 0 -115 0 0 0 0
3 0 0 53 0 0 0 0
3 0 0 108 0 0 0 0
3 0 0 -32 0 0 0 0
3 0 0 39 0 0 0 0
3 0 1 -123 0 1 111 0
4 1 0 -53 0 0 0 0
4 0 0 18 0 0 0 0
4 0 0 -97 0 0 0 0
4 0 0 -24 0 0 0 0
4 0 0 14 0 0 0 0
4 0 0 -102 0 0 0 0
4 0 0 16 0 0 0 0
4 0 0 4 0 0 0 0
4 0 1 -89 0 1 0 -313
5 1 0 68 0 0 0 0
5 0 1 -106 0 1 -38 0
4 1 0 127 0 0 0 0
4 0 0 60 0 0 0 0
4 0 0 14 0 0 0 0
4 0 0 -76 0 0 0 0
4 0 0 -45 0 0 0 0
4 0 0 29 0 0 0 0
4 0 0 -124 0 0 0 0
4 0 0 -48 0 0 0 0
4 0 0 75 0 0 0 0
4 0 0 -7 0 0 0 0
4 0 0 89 0 0 0 0
4 0 0 -43 0 0 0 0
4 0 0 85 0 0 0 0
4 0 0 -51 0 0 0 0
4 0 0 -68 0 0 0 0
4 0 0 98 0 0 0 0
4 0 0 52 0 0 0 0
4 0 0 27 0 0 0 0
4 0 0 -41 0 0 0 0
4 0 0 -121 0 0 0 0
4 0 0 -97 0 0 0 0
4 0 0 78 0 0 0 0
4 0 0 80 0 0 0 0
4 0 0 39 0 0 0 0
4 0 0 4 0 0 0 0
4 0 0 97 0 0 0 0
4 0 1 55 0 1 0 288
5 1 0 -98 0 0 0 0
5 0 1 -40 0 1 -127 0
4 1 0 -28 0 0 0 0
4 0 0 60 0 0 0 0
4 0 0 -126 0 0 0 0
4 0 0 62 0 0 0 0
4 0 0 48 0 0 0 0
4 0 0 -27 0 0 0 0
4 0 0 -2 0 0 0 0
4 0 0 48 0 0 0 0
4 0 0 -52 0 0 0 0
4 0 0 66 0 0 0 0
4 0 0 -83 0 0 0 0
4 0 0 77 0 0 0 0
4 0 1 120 0 1 0 163
3 1 0 126 0 0 0 0
3 0 0 81 0 0 0 0
3 0 0 13 0 0 0 0
3 0 0 -108 0 0 0 0
3 0 0 -38 0 0 0 0
3 0 0 83 0 0 0 0
3 0 0 -72 0 0 0 0
3 0 0 84 0 0 0 0
3 0 0 -15 0 0 0 0
3 0 0 -38 0 0 0 0
3 0 0 74 0 0 0 0
3 0 0 59 0 0 0 0
3 0 0 126 0 0 0 0
3 0 0 -114 0 0 0 0
3 0 0 -44 0 0 0 0
3 0 0 121 0 0 0 0
3 0 0 52 0 0 0 0
3 0 0 -91 0 0 0 0
3 0 0 37 0 0 0 0
3 0 0 -15 0 0 0 0
3 0 0 -109 0 0 0 0
3 0 0 21 0 0 0 0
3 0 0 -108 0 0 0 0
3 0 0 92 0 0 0 0
3 0 0 6 0 0 0 0
3 0 1 56 0 1 126 0
5 1 0 -111 0 0 0 0
5 0 1 67 0 1 -44 0
4 1 0 -109 0 0 0 0
4 0 0 70 0 0 0 0
4 0 0 -81 0 0 0 0
4 0 0 78 0 0 0 0
4 0 0 103 0 0 0 0
4 0 1 -20 0 1 0 41
5 1 0 -35 0 0 0 0
5 0 1 44 0 1 9 0
3 1 0 100 0 0 0 0
3 0 0 68 0 0 0 0
3 0 0 -28 0 0 0 0
3 0 0 -110 0 0 0 0
3 0 0 -8 0 0 0 0
3 0 0 -100 0 0 0 0
3 0 0 21 0 0 0 0
3 0 0 18 0 0 0 0
3 0 0 66 0 0 0 0
3 0 0 108 0 0 0 0
3 0 0 42 0 0 0 0
3 0 0 83 0 0 0 0
3 0 0 67 0 0 0 0
3 0 0 -70 0 0 0 0
3 0 0 82 0 0 0 0
3 0 0 104 0 0 0 0
3 0 0 21 0 0 0 0
3 0 0 112 0 0 0 0
3 0 0 -21 0 0 0 0
3 0 0 -125 0 0 0 0
3 0 0 12 0 0 0 0
3 0 0 79 0 0 0 0
3 0 0 -21 0 0 0 0
3 0 0 91 0 0 0 0
3 0 0 -95 0 0 0 0
3 0 1 32 0 1 112 0
4 1 0 -123 0 0 0 0
4 0 0 72 0 0 0 0
4 0 0 103 0 0 0 0
4 0 0 -9 0 0 0 0
4 0 0 -123 0 0 0 0
4 0 0 -43 0 0 0 0
4 0 0 -5 0 0 0 0
4 0 0 -21 0 0 0 0
4 0 0 122 0 0 0 0
4 0 0 22 0 0 0 0
4 0 0 113 0 0 0 0
4 0 0 -4 0 0 0 0
4 0 0 -80 0 0 0 0
4 0 0 -30 0 0 0 0
4 0 0 -11 0 0 0 0
4 0 0 62 0 0 0 0
4 0 0 -18 0 0 0 0
4 0 0 106 0 0 0 0
4 0 0 58 0 0 0 0
4 0 0 31 0 0 0 0
4 0 0 -64 0 0 0 0
4 0 0 -82 0 0 0 0
4 0 0 26 0 0 0 0
4 0 0 6 0 0 0 0
4 0 0 19 0 0 0 0
4 0 0 76 0 0 0 0
4 0 0 -72 0 0 0 0
4 0 0 119 0 0 0 0
4 0 0 110 0 0 0 0
4 0 0 88 0 0 0 0
4 0 1 59 0 1 0 507
5 1 0 18 0 0 0 0
5 0 1 4 0 1 22 0
3 1 0 5 0 0 0 0
3 0 0 -66 0 0 0 0
3 0 0 5 0 0 0 0
3 0 0 -106 0 0 0 0
3 0 0 12 0 0 0 0
3 0 0 -77 0 0 0 0
3 0 0 -93 0 0 0 0
3 0 0 -13 0 0 0 0
3 0 0 102 0 0 0 0
3 0 0 -61 0 0 0 0
3 0 0 68 0 0 0 0
3 0 0 -25 0 0 0 0
3 0 0 63 0 0 0 0
3 0 0 111 0 0 0 0
3 0 0 5 0 0 0 0
3 0 0 49 0 0 0 0
3 0 0 -60 0 0 0 0
3 0 0 121 0 0 0 0
3 0 0 -43 0 0 0 0
3 0 0 19 0 0 0 0
3 0 0 -51 0 0 0 0
3 0 0 -117 0 0 0 0
3 0 0 14 0 0 0 0
3 0 0 65 0 0 0 0
3 0 0 -62 0 0 0 0
3 0 1 -109 0 1 121 0
5 1 0 -28 0 0 0 0
5 0 1 -27 0 1 -55 0
5 1 0 -123 0 0 0 0
5 0 1 -78 0 1 -127 0
4 1 0 71 0 0 0 0
4 0 0 68 0 0 0 0
4 0 0 36 0 0 0 0
4 0 0 11 0 0 0 0
4 0 0 -14 0 0 0 0
4 0 0 123 0 0 0 0
4 0 0 37 0 0 0 0
4 0 0 25 0 0 0 0
4 0 0 33 0 0 0 0
4 0 0 -35 0 0 0 0
4 0 0 -121 0 0 0 0
4 0 0 -126 0 0 0 0
4 0 0 2 0 0 0 0
4 0 0 -42 0 0 0 0
4 0 0 -111 0 0 0 0
4 0 0 -68 0 0 0 0
4 0 0 66 0 0 0 0
4 0 0 -38 0 0 0 0
4 0 0 -43 0 0 0 0
4 0 0 121 0 0 0 0
4 0 0 -70 0 0 0 0
4 0 0 19 0 0 0 0
4 0 1 -31 0 1 0 -87
4 1 0 55 0 0 0 0
4 0 0 -22 0 0 0 0
4 0 0 -62 0 0 0 0
4 0 0 -10 0 0 0 0
4 0 0 -98 0 0 0 0
4 0 0 -16 0 0 0 0
4 0 0 66 0 0 0 0
4 0 0 -99 0 0 0 0
4 0 1 6 0 1 0 -180
5 1 0 -13 0 0 0 0
5 0 1 -4 0 1 -17 0
4 1 0 117 0 0 0 0
4 0 0 115 0 0 0 0
4 0 0 -74 0 0 0 0
4 0 0 29 0 0 0 0
4 0 0 -78 0 0 0 0
4 0 0 0 0 0 0 0
4 0 0 -105 0 0 0 0
4 0 0 -69 0 0 0 0
4 0 0 -97 0 0 0 0
4 0 0 -104 0 0 0 0
4 0 0 -95 0 0 0 0
4 0 0 109 0 0 0 0
4 0 0 39 0 0 0 0
4 0 0 117 0 0 0 0
4 0 0 47 0 0 0 0
4 0 0 113 0 0 0 0
4 0 0 20 0 0 0 0
4 0 0 98 0 0 0 0
4 0 0 39 0 0 0 0
4 0 0 -120 0 0 0 0
4 0 0 85 0 0 0 0
4 0 0 74 0 0 0 0
4 0 0 -104 0 0 0 0
4 0 1 -59 0 1 0 97
5 1 0 73 0 0 0 0
5 0 1 -5 0 1 68 0
5 1 0 22 0 0 0 0
5 0 1 -75 0 1 -53 0
4 1 0 -31 0 0 0 0
4 0 0 119 0 0 0 0
4 0 0 55 0 0 0 0
4 0 0 50 0 0 0 0
4 0 0 122 0 0 0 0
4 0 0 84 0 0 0 0
4 0 0 -34 0 0 0 0
4 0 0 -78 0 0 0 0
4 0 0 80 0 0 0 0
4 0 0 112 0 0 0 0
4 0 0 -96 0 0 0 0
4 0 0 -26 0 0 0 0
4 0 0 3 0 0 0 0
4 0 0 81 0 0 0 0
4 0 0 -21 0 0 0 0
4 0 0 -68 0 0 0 0
4 0 1 95 0 1 0 447
5 1 0 38 0 0 0 0
5 0 1 -70 0 1 -32 0
4 1 0 2 0 0 0 0
4 0 0 -119 0 0 0 0
4 0 0 27 0 0 0 0
4 0 0 80 0 0 0 0
4 0 0 69 0 0 0 0
4 0 0 48 0 0 0 0
4 0 0 31 0 0 0 0
4 0 0 -127 0 0 0 0
4 0 0 -9 0 0 0 0
4 0 0 5 0 0 0 0
4 0 0 76 0 0 0 0
4 0 0 -18 0 0 0 0
4 0 0 -93 0 0 0 0
4 0 0 55 0 0 0 0
4 0 1 -128 0 1 0 -101
3 1 0 38 0 0 0 0
3 0 0 -127 0 0 0 0
3 0 0 -87 0 0 0 0
3 0 0 -99 0 0 0 0
3 0 0 11 0 0 0 0
3 0 0 68 0 0 0 0
3 0 0 96 0 0 0 0
3 0 0 66 0 0 0 0
3 0 0 96 0 0 0 0
3 0 0 -49 0 0 0 0
3 0 0 -69 0 0 0 0
3 0 0 -121 0 0 0 0
3 0 0 85 0 0 0 0
3 0 0 44 0 0 0 0
3 0 0 -21 0 0 0 0
3 0 0 8 0 0 0 0
3 0 0 56 0 0 0 0
3 0 0 36 0 0 0 0
3 0 0 98 0 0 0 0
3 0 0 -36 0 0 0 0
3 0 0 -103 0 0 0 0
3 0 0 105 0 0 0 0
3 0 0 24 0 0 0 0
3 0 0 -14 0 0 0 0
3 0 0 37 0 0 0 0
3 0 0 -21 0 0 0 0
3 0 0 117 0 0 0 0
3 0 0 36 0 0 0 0
3 0 1 119 0 1 119 0
3 1 0 123 0 0 0 0
3 0 0 52 0 0 0 0
3 0 0 0 0 0 0 0
3 0 0 26 0 0 0 0
3 0 0 99 0 0 0 0
3 0 0 37 0 0 0 0
3 0 0 -75 0 0 0 0
3 0 0 -81 0 0 0 0
3 0 0 -59 0 0 0 0
3 0 0 1 0 0 0 0
3 0 0 113 0 0 0 0
3 0 0 11 0 0 0 0
3 0 0 -83 0 0 0 0
3 0 0 -90 0 0 0 0
3 0 0 -36 0 0 0 0
3 0 0 -27 0 0 0 0
3 0 0 41 0 0 0 0
3 0 0 -37 0 0 0 0
3 0 0 -18 0 0 0 0
3 0 0 3 0 0 0 0
3 0 0 67 0 0 0 0
3 0 1 -30 0 1 123 0
5 1 0 -104 0 0 0 0
5 0 1 61 0 1 -43 0
5 1 0 111 0 0 0 0
5 0 1 -61 0 1 50 0
4 1 0 37 0 0 0 0
4 0 0 -40 0 0 0 0
4 0 1 -56 0 1 0 -59
5 1 0 9 0 0 0 0
5 0 1 39 0 1 48 0
4 1 0 -2 0 0 0 0
4 0 0 83 0 0 0 0
4 0 0 -117 0 0 0 0
4 0 0 -35 0 0 0 0
4 0 0 -47 0 0 0 0
4 0 0 0 0 0 0 0
4 0 0 -71 0 0 0 0
4 0 0 -120 0 0 0 0
4 0 0 14 0 0 0 0
4 0 0 65 0 0 0 0
4 0 0 -115 0 0 0 0
4 0 0 -124 0 0 0 0
4 0 1 -111 0 1 0 -580
3 1 0 -28 0 0 0 0
3 0 0 -97 0 0 0 0
3 0 0 3 0 0 0 0
3 0 0 120 0 0 0 0
3 0 0 83 0 0 0 0
3 0 0 -119 0 0 0 0
3 0 0 -72 0 0 0 0
3 0 0 54 0 0 0 0
3 0 0 -1 0 0 0 0
3 0 0 -48 0 0 0 0
3 0 0 -8 0 0 0 0
3 0 0 -89 0 0 0 0
3 0 0 -96 0 0 0 0
3 0 0 101 0 0 0 0
3 0 1 61 0 1 120 0
3 1 0 -47 0 0 0 0
3 0 0 88 0 0 0 0
3 0 0 -49 0 0 0 0
3 0 0 -25 0 0 0 0
3 0 0 -32 0 0 0 0
3 0 0 118 0 0 0 0
3 0 0 30 0 0 0 0
3 0 0 127 0 0 0 0
3 0 0 -120 0 0 0 0
3 0 0 126 0 0 0 0
3 0 0 70 0 0 0 0
3 0 0 22 0 0 0 0
3 0 0 86 0 0 0 0
3 0 0 -28 0 0 0 0
3 0 0 20 0 0 0 0
3 0 0 -88 0 0 0 0
3 0 0 70 0 0 0 0
3 0 0 26 0 0 0 0
3 0 0 -119 0 0 0 0
3 0 0 -102 0 0 0 0
3 0 0 -76 0 0 0 0
3 0 0 -120 0 0 0 0
3 0 0 -79 0 0 0 0
3 0 1 -53 0 1 127 0
5 1 0 -122 0 0 0 0
5 0 1 -52 0 1 -127 0
3 1 0 -14 0 0 0 0
3 0 0 -55 0 0 0 0
3 0 0 105 0 0 0 0
3 0 1 -99 0 1 105 0
4 1 0 109 0 0 0 0
4 0 0 -2 0 0 0 0
4 0 0 53 0 0 0 0
4 0 0 69 0 0 0 0
4 0 0 39 0 0 0 0
4 0 0 116 0 0 0 0
4 0 0 -91 0 0 0 0
4 0 0 -6 0 0 0 0
4 0 0 -90 0 0 0 0
4 0 0 105 0 0 0 0
4 0 0 -107 0 0 0 0
4 0 0 -31 0 0 0 0
4 0 0 5 0 0 0 0
4 0 0 -78 0 0 0 0
4 0 0 73 0 0 0 0
4 0 0 51 0 0 0 0
4 0 0 79 0 0 0 0
4 0 0 21 0 0 0 0
4 0 0 63 0 0 0 0
4 0 1 -75 0 1 0 303
5 1 0 117 0 0 0 0
5 0 1 16 0 1 127 0
5 1 0 7 0 0 0 0
5 0 1 105 0 1 112 0
5 1 0 -119 0 0 0 0
5 0 1 33 0 1 -86 0
3 1 0 126 0 0 0 0
3 0 0 -125 0 0 0 0
3 0 0 86 0 0 0 0
3 0 0 -23 0 0 0 0
3 0 0 -11 0 0 0 0
3 0 0 13 0 0 0 0
3 0 0 55 0 0 0 0
3 0 0 -106 0 0 0 0
3 0 0 39 0 0 0 0
3 0 0 -67 0 0 0 0
3 0 0 -114 0 0 0 0
3 0 0 55 0 0 0 0
3 0 0 -43 0 0 0 0
3 0 0 -19 0 0 0 0
3 0 1 39 0 1 126 0
4 1 0 -2 0 0 0 0
4 0 0 -2 0 0 0 0
4 0 1 127 0 1 0 123
3 1 0 14 0 0 0 0
3 0 0 39 0 0 0 0
3 0 0 1 0 0 0 0
3 0 0 -3 0 0 0 0
3 0 0 -111 0 0 0 0
3 0 0 106 0 0 0 0
3 0 0 41 0 0 0 0
3 0 0 86 0 0 0 0
3 0 0 109 0 0 0 0
3 0 0 -44 0 0 0 0
3 0 0 120 0 0 0 0
3 0 0 -75 0 0 0 0
3 0 0 -6 0 0 0 0
3 0 0 43 0 0 0 0
3 0 0 42 0 0 0 0
3 0 0 62 0 0 0 0
3 0 0 87 0 0 0 0
3 0 0 45 0 0 0 0
3 0 0 -94 0 0 0 0
3 0 0 25 0 0 0 0
3 0 0 -58 0 0 0 0
3 0 0 59 0 0 0 0
3 0 0 -8 0 0 0 0
3 0 0 125 0 0 0 0
3 0 0 -57 0 0 0 0
3 0 0 15 0 0 0 0
3 0 0 -86 0 0 0 0
3 0 0 -54 0 0 0 0
3 0 0 38 0 0 0 0
3 0 1 -81 0 1 125 0
4 1 0 -121 0 0 0 0
4 0 0 109 0 0 0 0
4 0 1 -90 0 1 0 -102
3 1 0 -110 0 0 0 0
3 0 0 83 0 0 0 0
3 0 0 8 0 0 0 0
3 0 0 -113 0 0 0 0
3 0 0 113 0 0 0 0
3 0 0 -11 0 0 0 0
3 0 0 -86 0 0 0 0
3 0 0 -121 0 0 0 0
3 0 0 -30 0 0 0 0
3 0 0 44 0 0 0 0
3 0 0 63 0 0 0 0
3 0 0 -46 0 0 0 0
3 0 0 -54 0 0 0 0
3 0 0 67 0 0 0 0
3 0 0 -110 0 0 0 0
3 0 0 101 0 0 0 0
3 0 0 -68 0 0 0 0
3 0 0 106 0 0 0 0
3 0 0 38 0 0 0 0
3 0 0 -98 0 0 0 0
3 0 0 -41 0 0 0 0
3 0 0 16 0 0 0 0
3 0 1 -42 0 1 113 0
5 1 0 -79 0 0 0 0
5 0 1 -65 0 1 -127 0
5 1 0 -24 0 0 0 0
5 0 1 -90 0 1 -114 0
3 1 0 110 0 0 0 0
3 0 0 -105 0 0 0 0
3 0 0 -42 0 0 0 0
3 0 0 62 0 0 0 0
3 0 0 82 0 0 0 0
3 0 0 -72 0 0 0 0
3 0 0 -65 0 0 0 0
3 0 0 86 0 0 0 0
3 0 0 60 0 0 0 0
3 0 0 111 0 0 0 0
3 0 0 39 0 0 0 0
3 0 0 -78 0 0 0 0
3 0 0 55 0 0 0 0
3 0 0 -112 0 0 0 0
3 0 0 105 0 0 0 0
3 0 0 61 0 0 0 0
3 0 0 23 0 0 0 0
3 0 0 -59 0 0 0 0
3 0 0 18 0 0 0 0
3 0 0 -68 0 0 0 0
3 0 0 83 0 0 0 0
3 0 1 -75 0 1 111 0
5 1 0 4 0 0 0 0
5 0 1 -104 0 1 -100 0
5 1 0 87 0 0 0 0
5 0 1 -83 0 1 4 0
3 1 0 -36 0 0 0 0
3 0 0 -1 0 0 0 0
3 0 0 80 0 0 0 0
3 0 0 25 0 0 0 0
3 0 0 28 0 0 0 0
3 0 0 -127 0 0 0 0
3 0 0 105 0 0 0 0
3 0 0 -97 0 0 0 0
3 0 0 -27 0 0 0 0
3 0 0 105 0 0 0 0
3 0 0 108 0 0 0 0
3 0 0 -113 0 0 0 0
3 0 1 -83 0 1 108 0
3 1 0 84 0 0 0 0
3 0 0 15 0 0 0 0
3 0 0 -47 0 0 0 0
3 0 0 -100 0 0 0 0
3 0 0 32 0 0 0 0
3 0 0 36 0 0 0 0
3 0 0 27 0 0 0 0
3 0 0 -49 0 0 0 0
3 0 0 21 0 0 0 0
3 0 0 -44 0 0 0 0
3 0 0 48 0 0 0 0
3 0 0 -48 0 0 0 0
3 0 0 -12 0 0 0 0
3 0 0 122 0 0 0 0
3 0 0 -113 0 0 0 0
3 0 0 102 0 0 0 0
3 0 0 -43 0 0 0 0
3 0 0 1 0 0 0 0
3 0 0 78 0 0 0 0
3 0 0 -113 0 0 0 0
3 0 0 81 0 0 0 0
3 0 0 -91 0 0 0 0
3 0 0 -42 0 0 0 0
3 0 1 72 0 1 122 0
3 1 0 -27 0 0 0 0
3 0 0 84 0 0 0 0
3 0 0 6 0 0 0 0
3 0 0 -54 0 0 0 0
3 0 0 14 0 0 0 0
3 0 0 127 0 0 0 0
3 0 0 -38 0 0 0 0
3 0 1 76 0 1 127 0
3 1 0 76 0 0 0 0
3 0 0 -27 0 0 0 0
3 0 0 -115 0 0 0 0
3 0 0 -96 0 0 0 0
3 0 0 110 0 0 0 0
3 0 0 58 0 0 0 0
3 0 0 -21 0 0 0 0
3 0 0 75 0 0 0 0
3 0 0 94 0 0 0 0
3 0 0 -112 0 0 0 0
3 0 0 -81 0 0 0 0
3 0 0 63 0 0 0 0
3 0 0 -25 0 0 0 0
3 0 0 -19 0 0 0 0
3 0 0 62 0 0 0 0
3 0 0 111 0 0 0 0
3 0 0 -14 0 0 0 0
3 0 0 124 0 0 0 0
3 0 1 -91 0 1 124 0
3 1 0 59 0 0 0 0
3 0 0 69 0 0 0 0
3 0 0 96 0 0 0 0
3 0 0 -5 0 0 0 0
3 0 0 -52 0 0 0 0
3 0 0 -78 0 0 0 0
3 0 0 69 0 0 0 0
3 0 0 91 0 0 0 0
3 0 0 31 0 0 0 0
3 0 0 53 0 0 0 0
3 0 0 98 0 0 0 0
3 0 0 -11 0 0 0 0
3 0 0 10 0 0 0 0
3 0 0 58 0 0 0 0
3 0 0 59 0 0 0 0
3 0 0 -23 0 0 0 0
3 0 0 -88 0 0 0 0
3 0 0 54 0 0 0 0
3 0 0 -63 0 0 0 0
3 0 0 -91 0 0 0 0
3 0 0 3 0 0 0 0
3 0 0 -25 0 0 0 0
3 0 0 -75 0 0 0 0
3 0 1 -101 0 1 98 0
4 1 0 87 0 0 0 0
4 0 0 -40 0 0 0 0
4 0 0 -44 0 0 0 0
4 0 0 10 0 0 0 0
4 0 0 -117 0 0 0 0
4 0 0 -4 0 0 0 0
4 0 0 115 0 0 0 0
4 0 0 -123 0 0 0 0
4 0 0 79 0 0 0 0
4 0 0 -84 0 0 0 0
4 0 0 -8 0 0 0 0
4 0 0 -16 0 0 0 0
4 0 0 70 0 0 0 0
4 0 0 109 0 0 0 0
4 0 0 -2 0 0 0 0
4 0 0 -42 0 0 0 0
4 0 0 54 0 0 0 0
4 0 0 -50 0 0 0 0
4 0 0 -56 0 0 0 0
4 0 0 42 0 0 0 0
4 0 0 -41 0 0 0 0
4 0 0 68 0 0 0 0
4 0 1 48 0 1 0 55
4 1 0 74 0 0 0 0
4 0 0 -48 0 0 0 0
4 0 0 97 0 0 0 0
4 0 0 71 0 0 0 0
4 0 0 -63 0 0 0 0
4 0 0 106 0 0 0 0
4 0 0 44 0 0 0 0
4 0 0 -33 0 0 0 0
4 0 0 -104 0 0 0 0
4 0 0 -109 0 0 0 0
4 0 0 101 0 0 0 0
4 0 0 5 0 0 0 0
4 0 0 -8 0 0 0 0
4 0 0 -65 0 0 0 0
4 0 0 -123 0 0 0 0
4 0 0 115 0 0 0 0
4 0 0 125 0 0 0 0
4 0 0 -12 0 0 0 0
4 0 0 -6 0 0 0 0
4 0 0 -62 0 0 0 0
4 0 1 -31 0 1 0 74
5 1 0 -55 0 0 0 0
5 0 1 54 0 1 -1 0
5 1 0 51 0 0 0 0
5 0 1 15 0 1 66 0
3 1 0 -103 0 0 0 0
3 0 0 105 0 0 0 0
3 0 0 82 0 0 0 0
3 0 0 -8 0 0 0 0
3 0 0 -84 0 0 0 0
3 0 0 49 0 0 0 0
3 0 0 35 0 0 0 0
3 0 0 -1 0 0 0 0
3 0 0 -30 0 0 0 0
3 0 0 106 0 0 0 0
3 0 0 -86 0 0 0 0
3 0 0 -75 0 0 0 0
3 0 0 -100 0 0 0 0
3 0 0 -43 0 0 0 0
3 0 0 35 0 0 0 0
3 0 0 119 0 0 0 0
3 0 0 92 0 0 0 0
3 0 0 108 0 0 0 0
3 0 0 -56 0 0 0 0
3 0 0 -93 0 0 0 0
3 0 0 25 0 0 0 0
3 0 0 13 0 0 0 0
3 0 0 97 0 0 0 0
3 0 0 -51 0 0 0 0
3 0 1 -59 0 1 119 0
5 1 0 26 0 0 0 0
5 0 1 97 0 1 123 0
4 1 0 70 0 0 0 0
4 0 0 116 0 0 0 0
4 0 0 34 0 0 0 0
4 0 0 101 0 0 0 0
4 0 0 102 0 0 0 0
4 0 0 -40 0 0 0 0
4 0 0 100 0 0 0 0
4 0 0 85 0 0 0 0
4 0 0 -73 0 0 0 0
4 0 0 80 0 0 0 0
4 0 0 -57 0 0 0 0
4 0 0 -117 0 0 0 0
4 0 0 -28 0 0 0 0
4 0 0 -24 0 0 0 0
4 0 0 -56 0 0 0 0
4 0 0 -2 0 0 0 0
4 0 0 107 0 0 0 0
4 0 0 62 0 0 0 0
4 0 1 -34 0 1 0 426
3 1 0 68 0 0 0 0
3 0 0 37 0 0 0 0
3 0 0 -32 0 0 0 0
3 0 0 80 0 0 0 0
3 0 0 -80 0 0 0 0
3 0 0 -30 0 0 0 0
3 0 0 60 0 0 0 0
3 0 0 1 0 0 0 0
3 0 0 68 0 0 0 0
3 0 0 -127 0 0 0 0
3 0 0 -24 0 0 0 0
3 0 0 -104 0 0 0 0
3 0 0 115 0 0 0 0
3 0 0 44 0 0 0 0
3 0 0 29 0 0 0 0
3 0 0 49 0 0 0 0
3 0 0 -51 0 0 0 0
3 0 0 93 0 0 0 0
3 0 0 11 0 0 0 0
3 0 0 82 0 0 0 0
3 0 0 -44 0 0 0 0
3 0 0 -35 0 0 0 0
3 0 0 81 0 0 0 0
3 0 0 -100 0 0 0 0
3 0 0 110 0 0 0 0
3 0 0 -11 0 0 0 0
3 0 1 30 0 1 115 0
5 1 0 89 0 0 0 0
5 0 1 44 0 1 127 0
4 1 0 -23 0 0 0 0
4 0 0 -72 0 0 0 0
4 0 0 76 0 0 0 0
4 0 0 -26 0 0 0 0
4 0 0 -92 0 0 0 0
4 0 0 89 0 0 0 0
4 0 0 15 0 0 0 0
4 0 0 -16 0 0 0 0
4 0 1 24 0 1 0 -25
5 1 0 88 0 0 0 0
5 0 1 123 0 1 127 0
5 1 0 3 0 0 0 0
5 0 1 -30 0 1 -27 0
3 1 0 112 0 0 0 0
3 0 1 88 0 1 112 0
3 1 0 -46 0 0 0 0
3 0 0 -56 0 0 0 0
3 0 0 95 0 0 0 0
3 0 0 80 0 0 0 0
3 0 0 -125 0 0 0 0
3 0 0 -124 0 0 0 0
3 0 0 18 0 0 0 0
3 0 0 43 0 0 0 0
3 0 0 33 0 0 0 0
3 0 0 33 0 0 0 0
3 0 0 -81 0 0 0 0
3 0 0 -3 0 0 0 0
3 0 0 4 0 0 0 0
3 0 0 50 0 0 0 0
3 0 0 2 0 0 0 0
3 0 0 -47 0 0 0 0
3 0 0 -42 0 0 0 0
3 0 0 -12 0 0 0 0
3 0 0 -54 0 0 0 0
3 0 0 20 0 0 0 0
3 0 0 127 0 0 0 0
3 0 0 82 0 0 0 0
3 0 0 100 0 0 0 0
3 0 0 -50 0 0 0 0
3 0 0 -102 0 0 0 0
3 0 0 61 0 0 0 0
3 0 0 -104 0 0 0 0
3 0 0 43 0 0 0 0
3 0 1 -77 0 1 127 0
3 1 0 -49 0 0 0 0
3 0 1 25 0 1 25 0
5 1 0 -113 0 0 0 0
5 0 1 -64 0 1 -127 0
5 1 0 26 0 0 0 0
5 0 1 -126 0 1 -100 0
5 1 0 -96 0 0 0 0
5 0 1 39 0 1 -57 0
3 1 0 -123 0 0 0 0
3 0 0 120 0 0 0 0
3 0 0 -39 0 0 0 0
3 0 0 -57 0 0 0 0
3 0 0 23 0 0 0 0
3 0 0 24 0 0 0 0
3 0 0 -32 0 0 0 0
3 0 0 49 0 0 0 0
3 0 0 -80 0 0 0 0
3 0 0 49 0 0 0 0
3 0 1 -108 0 1 120 0
4 1 0 -118 0 0 0 0
4 0 0 40 0 0 0 0
4 0 0 23 0 0 0 0
4 0 0 3 0 0 0 0
4 0 0 117 0 0 0 0
4 0 1 -38 0 1 0 27
3 1 0 101 0 0 0 0
3 0 0 -74 0 0 0 0
3 0 0 -90 0 0 0 0
3 0 0 108 0 0 0 0
3 0 0 52 0 0 0 0
3 0 0 20 0 0 0 0
3 0 0 -58 0 0 0 0
3 0 0 26 0 0 0 0
3 0 0 45 0 0 0 0
3 0 0 -85 0 0 0 0
3 0 0 26 0 0 0 0
3 0 0 55 0 0 0 0
3 0 0 44 0 0 0 0
3 0 0 68 0 0 0 0
3 0 0 -102 0 0 0 0
3 0 0 -43 0 0 0 0
3 0 1 -45 0 1 108 0
5 1 0 -31 0 0 0 0
5 0 1 -116 0 1 -127 0
4 1 0 86 0 0 0 0
4 0 0 42 0 0 0 0
4 0 0 -21 0 0 0 0
4 0 1 93 0 1 0 200
4 1 0 -44 0 0 0 0
4 0 0 108 0 0 0 0
4 0 0 -4 0 0 0 0
4 0 0 33 0 0 0 0
4 0 0 85 0 0 0 0
4 0 0 -104 0 0 0 0
4 0 0 -128 0 0 0 0
4 0 0 -12 0 0 0 0
4 0 0 82 0 0 0 0
4 0 0 113 0 0 0 0
4 0 0 -2 0 0 0 0
4 0 0 45 0 0 0 0
4 0 0 -4 0 0 0 0
4 0 1 40 0 1 0 208
5 1 0 68 0 0 0 0
5 0 1 91 0 1 127 0
4 1 0 64 0 0 0 0
4 0 0 31 0 0 0 0
4 0 0 -49 0 0 0 0
4 0 0 -69 0 0 0 0
4 0 0 89 0 0 0 0
4 0 0 -120 0 0 0 0
4 0 0 72 0 0 0 0
4 0 0 29 0 0 0 0
4 0 0 -79 0 0 0 0
4 0 0 -94 0 0 0 0
4 0 0 -6 0 0 0 0
4 0 0 -45 0 0 0 0
4 0 0 40 0 0 0 0
4 0 0 61 0 0 0 0
4 0 0 -128 0 0 0 0
4 0 0 95 0 0 0 0
4 0 0 104 0 0 0 0
4 0 0 -71 0 0 0 0
4 0 0 -46 0 0 0 0
4 0 1 105 0 1 0 -17
3 1 0 -5 0 0 0 0
3 0 0 -45 0 0 0 0
3 0 0 121 0 0 0 0
3 0 0 61 0 0 0 0
3 0 0 -87 0 0 0 0
3 0 0 14 0 0 0 0
3 0 0 -35 0 0 0 0
3 0 0 114 0 0 0 0
3 0 0 -75 0 0 0 0
3 0 0 -69 0 0 0 0
3 0 0 99 0 0 0 0
3 0 0 -56 0 0 0 0
3 0 0 63 0 0 0 0
3 0 0 32 0 0 0 0
3 0 1 68 0 1 121 0
3 1 0 52 0 0 0 0
3 0 0 114 0 0 0 0
3 0 0 -4 0 0 0 0
3 0 0 80 0 0 0 0
3 0 0 99 0 0 0 0
3 0 0 -105 0 0 0 0
3 0 0 -111 0 0 0 0
3 0 0 -37 0 0 0 0
3 0 1 86 0 1 114 0
3 1 0 -44 0 0 0 0
3 0 0 79 0 0 0 0
3 0 0 -96 0 0 0 0
3 0 0 13 0 0 0 0
3 0 0 -12 0 0 0 0
3 0 0 -54 0 0 0 0
3 0 0 -21 0 0 0 0
3 0 0 105 0 0 0 0
3 0 0 -35 0 0 0 0
3 0 0 126 0 0 0 0
3 0 0 -14 0 0 0 0
3 0 0 -108 0 0 0 0
3 0 0 -22 0 0 0 0
3 0 0 -111 0 0 0 0
3 0 0 11 0 0 0 0
3 0 0 -108 0 0 0 0
3 0 0 -103 0 0 0 0
3 0 0 58 0 0 0 0
3 0 0 -29 0 0 0 0
3 0 0 100 0 0 0 0
3 0 0 -21 0 0 0 0
3 0 0 -71 0 0 0 0
3 0 0 52 0 0 0 0
3 0 0 16 0 0 0 0
3 0 0 -25 0 0 0 0
3 0 0 -7 0 0 0 0
3 0 1 -42 0 1 126 0
3 1 0 53 0 0 0 0
3 0 0 107 0 0 0 0
3 0 0 30 0 0 0 0
3 0 0 21 0 0 0 0
3 0 0 -53 0 0 0 0
3 0 0 -98 0 0 0 0
3 0 0 -124 0 0 0 0
3 0 0 -96 0 0 0 0
3 0 0 88 0 0 0 0
3 0 0 62 0 0 0 0
3 0 0 104 0 0 0 0
3 0 0 -100 0 0 0 0
3 0 0 87 0 0 0 0
3 0 0 21 0 0 0 0
3 0 0 75 0 0 0 0
3 0 0 -41 0 0 0 0
3 0 0 -32 0 0 0 0
3 0 0 102 0 0 0 0
3 0 0 -111 0 0 0 0
3 0 0 -75 0 0 0 0
3 0 0 -62 0 0 0 0
3 0 0 16 0 0 0 0
3 0 0 125 0 0 0 0
3 0 0 50 0 0 0 0
3 0 0 100 0 0 0 0
3 0 0 27 0 0 0 0
3 0 1 -92 0 1 125 0
5 1 0 -71 0 0 0 0
5 0 1 19 0 1 -52 0
5 1 0 18 0 0 0 0
5 0 1 11 0 1 29 0
4 1 0 41 0 0 0 0
4 0 0 10 0 0 0 0
4 0 0 73 0 0 0 0
4 0 0 -58 0 0 0 0
4 0 0 80 0 0 0 0
4 0 0 106 0 0 0 0
4 0 0 73 0 0 0 0
4 0 0 19 0 0 0 0
4 0 0 -3 0 0 0 0
4 0 0 31 0 0 0 0
4 0 0 -28 0 0 0 0
4 0 0 -110 0 0 0 0
4 0 0 -44 0 0 0 0
4 0 0 -119 0 0 0 0
4 0 0 55 0 0 0 0
4 0 0 66 0 0 0 0
4 0 0 -51 0 0 0 0
4 0 0 -18 0 0 0 0
4 0 0 76 0 0 0 0
4 0 0 -32 0 0 0 0
4 0 0 -121 0 0 0 0
4 0 0 -74 0 0 0 0
4 0 0 -79 0 0 0 0
4 0 0 -28 0 0 0 0
4 0 1 -67 0 1 0 -202
3 1 0 6 0 0 0 0
3 0 0 -57 0 0 0 0
3 0 0 -57 0 0 0 0
3 0 0 -62 0 0 0 0
3 0 0 -10 0 0 0 0
3 0 0 54 0 0 0 0
3 0 0 112 0 0 0 0
3 0 0 101 0 0 0 0
3 0 0 52 0 0 0 0
3 0 0 103 0 0 0 0
3 0 0 62 0 0 0 0
3 0 0 -57 0 0 0 0
3 0 0 17 0 0 0 0
3 0 0 -8 0 0 0 0
3 0 0 62 0 0 0 0
3 0 0 -122 0 0 0 0
3 0 0 113 0 0 0 0
3 0 0 -18 0 0 0 0
3 0 0 -40 0 0 0 0
3 0 0 78 0 0 0 0
3 0 0 -78 0 0 0 0
3 0 0 -109 0 0 0 0
3 0 0 -90 0 0 0 0
3 0 0 -76 0 0 0 0
3 0 0 18 0 0 0 0
3 0 0 46 0 0 0 0
3 0 1 50 0 1 113 0
5 1 0 -107 0 0 0 0
5 0 1 -23 0 1 -127 0
3 1 0 125 0 0 0 0
3 0 0 9 0 0 0 0
3 0 0 -22 0 0 0 0
3 0 0 63 0 0 0 0
3 0 0 -66 0 0 0 0
3 0 0 95 0 0 0 0
3 0 0 -111 0 0 0 0
3 0 0 -71 0 0 0 0
3 0 0 100 0 0 0 0
3 0 0 125 0 0 0 0
3 0 1 -42 0 1 125 0
4 1 0 9 0 0 0 0
4 0 0 22 0 0 0 0
4 0 0 -120 0 0 0 0
4 0 0 -44 0 0 0 0
4 0 0 42 0 0 0 0
4 0 1 43 0 1 0 -48
4 1 0 -27 0 0 0 0
4 0 0 101 0 0 0 0
4 0 0 -28 0 0 0 0
4 0 0 127 0 0 0 0
4 0 0 -92 0 0 0 0
4 0 0 -91 0 0 0 0
4 0 0 15 0 0 0 0
4 0 0 -3 0 0 0 0
4 0 0 118 0 0 0 0
4 0 0 49 0 0 0 0
4 0 0 -1 0 0 0 0
4 0 0 -81 0 0 0 0
4 0 0 38 0 0 0 0
4 0 0 118 0 0 0 0
4 0 0 -58 0 0 0 0
4 0 0 43 0 0 0 0
4 0 0 -31 0 0 0 0
4 0 0 125 0 0 0 0
4 0 0 -57 0 0 0 0
4 0 0 45 0 0 0 0
4 0 0 -19 0 0 0 0
4 0 0 -72 0 0 0 0
4 0 0 -19 0 0 0 0
4 0 0 65 0 0 0 0
4 0 0 105 0 0 0 0
4 0 0 -54 0 0 0 0
4 0 0 113 0 0 0 0
4 0 0 5 0 0 0 0
4 0 0 -123 0 0 0 0
4 0 0 -114 0 0 0 0
4 0 0 -23 0 0 0 0
4 0 1 -56 0 1 0 118
3 1 0 -10 0 0 0 0
3 0 0 -31 0 0 0 0
3 0 0 99 0 0 0 0
3 0 0 20 0 0 0 0
3 0 0 114 0 0 0 0
3 0 0 86 0 0 0 0
3 0 0 -6 0 0 0 0
3 0 0 28 0 0 0 0
3 0 0 -7 0 0 0 0
3 0 0 64 0 0 0 0
3 0 0 -86 0 0 0 0
3 0 0 -47 0 0 0 0
3 0 0 -93 0 0 0 0
3 0 0 70 0 0 0 0
3 0 0 47 0 0 0 0
3 0 0 -87 0 0 0 0
3 0 0 -124 0 0 0 0
3 0 0 -113 0 0 0 0
3 0 0 -57 0 0 0 0
3 0 0 66 0 0 0 0
3 0 1 19 0 1 114 0
4 1 0 101 0 0 0 0
4 0 0 -73 0 0 0 0
4 0 0 -82 0 0 0 0
4 0 0 -45 0 0 0 0
4 0 0 -69 0 0 0 0
4 0 0 55 0 0 0 0
4 0 0 -4 0 0 0 0
4 0 0 28 0 0 0 0
4 0 0 52 0 0 0 0
4 0 0 -29 0 0 0 0
4 0 0 -109 0 0 0 0
4 0 0 71 0 0 0 0
4 0 1 -42 0 1 0 -146
4 1 0 -45 0 0 0 0
4 0 0 85 0 0 0 0
4 0 0 6 0 0 0 0
4 0 0 -85 0 0 0 0
4 0 0 22 0 0 0 0
4 0 0 -63 0 0 0 0
4 0 0 -62 0 0 0 0
4 0 0 -42 0 0 0 0
4 0 0 69 0 0 0 0
4 0 0 -106 0 0 0 0
4 0 0 87 0 0 0 0
4 0 0 30 0 0 0 0
4 0 0 -80 0 0 0 0
4 0 0 78 0 0 0 0
4 0 0 33 0 0 0 0
4 0 0 -115 0 0 0 0
4 0 0 19 0 0 0 0
4 0 0 -35 0 0 0 0
4 0 0 -111 0 0 0 0
4 0 0 -121 0 0 0 0
4 0 0 50 0 0 0 0
4 0 0 21 0 0 0 0
4 0 0 125 0 0 0 0
4 0 0 118 0 0 0 0
4 0 0 -117 0 0 0 0
4 0 0 -88 0 0 0 0
4 0 0 21 0 0 0 0
4 0 0 -102 0 0 0 0
4 0 0 15 0 0 0 0
4 0 1 122 0 1 0 -271
4 1 0 -2 0 0 0 0
4 0 0 -122 0 0 0 0
4 0 0 127 0 0 0 0
4 0 0 -104 0 0 0 0
4 0 0 47 0 0 0 0
4 0 0 99 0 0 0 0
4 0 0 -49 0 0 0 0
4 0 0 -68 0 0 0 0
4 0 0 -76 0 0 0 0
4 0 0 -37 0 0 0 0
4 0 1 84 0 1 0 -101
3 1 0 81 0 0 0 0
3 0 0 81 0 0 0 0
3 0 0 -2 0 0 0 0
3 0 1 -43 0 1 81 0
4 1 0 -86 0 0 0 0
4 0 0 -97 0 0 0 0
4 0 0 -62 0 0 0 0
4 0 0 -55 0 0 0 0
4 0 0 21 0 0 0 0
4 0 0 -11 0 0 0 0
4 0 0 -33 0 0 0 0
4 0 0 0 0 0 0 0
4 0 0 -32 0 0 0 0
4 0 0 -126 0 0 0 0
4 0 0 -127 0 0 0 0
4 0 1 91 0 1 0 -517
3 1 0 -24 0 0 0 0
3 0 0 -23 0 0 0 0
3 0 0 -98 0 0 0 0
3 0 0 -117 0 0 0 0
3 0 0 16 0 0 0 0
3 0 0 -65 0 0 0 0
3 0 0 38 0 0 0 0
3 0 0 54 0 0 0 0
3 0 0 -81 0 0 0 0
3 0 0 -26 0 0 0 0
3 0 0 38 0 0 0 0
3 0 0 -3 0 0 0 0
3 0 0 1 0 0 0 0
3 0 0 12 0 0 0 0
3 0 0 32 0 0 0 0
3 0 0 110 0 0 0 0
3 0 0 -123 0 0 0 0
3 0 0 21 0 0 0 0
3 0 0 60 0 0 0 0
3 0 0 51 0 0 0 0
3 0 0 -4 0 0 0 0
3 0 1 -104 0 1 110 0
4 1 0 -64 0 0 0 0
4 0 0 22 0 0 0 0
4 0 0 117 0 0 0 0
4 0 1 -123 0 1 0 -48
4 1 0 -69 0 0 0 0
4 0 0 -8 0 0 0 0
4 0 0 124 0 0 0 0
4 0 0 -103 0 0 0 0
4 0 1 -104 0 1 0 -160
5 1 0 -31 0 0 0 0
5 0 1 116 0 1 85 0
3 1 0 86 0 0 0 0
3 0 0 121 0 0 0 0
3 0 0 64 0 0 0 0
3 0 0 -65 0 0 0 0
3 0 0 101 0 0 0 0
3 0 0 -56 0 0 0 0
3 0 0 -75 0 0 0 0
3 0 0 -113 0 0 0 0
3 0 0 11 0 0 0 0
3 0 0 -115 0 0 0 0
3 0 0 123 0 0 0 0
3 0 0 -79 0 0 0 0
3 0 0 55 0 0 0 0
3 0 0 -78 0 0 0 0
3 0 0 -64 0 0 0 0
3 0 0 -99 0 0 0 0
3 0 0 -23 0 0 0 0
3 0 0 -110 0 0 0 0
3 0 0 -38 0 0 0 0
3 0 0 -93 0 0 0 0
3 0 1 112 0 1 123 0
5 1 0 45 0 0 0 0
5 0 1 53 0 1 98 0
4 1 0 -34 0 0 0 0
4 0 0 38 0 0 0 0
4 0 0 -24 0 0 0 0
4 0 0 -21 0 0 0 0
4 0 0 97 0 0 0 0
4 0 0 98 0 0 0 0
4 0 0 -24 0 0 0 0
4 0 0 -121 0 0 0 0
4 0 0 -126 0 0 0 0
4 0 0 -115 0 0 0 0
4 0 0 -6 0 0 0 0
4 0 0 66 0 0 0 0
4 0 0 -118 0 0 0 0
4 0 0 -64 0 0 0 0
4 0 0 -112 0 0 0 0
4 0 0 -34 0 0 0 0
4 0 0 20 0 0 0 0
4 0 0 58 0 0 0 0
4 0 0 -9 0 0 0 0
4 0 0 -99 0 0 0 0
4 0 0 119 0 0 0 0
4 0 0 44 0 0 0 0
4 0 0 108 0 0 0 0
4 0 0 -7 0 0 0 0
4 0 0 41 0 0 0 0
4 0 0 33 0 0 0 0
4 0 0 10 0 0 0 0
4 0 0 56 0 0 0 0
4 0 0 -55 0 0 0 0
4 0 1 -78 0 1 0 -259
3 1 0 -104 0 0 0 0
3 0 0 40 0 0 0 0
3 0 0 -67 0 0 0 0
3 0 0 -23 0 0 0 0
3 0 0 -63 0 0 0 0
3 0 0 -35 0 0 0 0
3 0 0 -80 0 0 0 0
3 0 0 -69 0 0 0 0
3 0 0 54 0 0 0 0
3 0 0 17 0 0 0 0
3 0 0 -58 0 0 0 0
3 0 0 13 0 0 0 0
3 0 0 1 0 0 0 0
3 0 0 -112 0 0 0 0
3 0 0 48 0 0 0 0
3 0 0 66 0 0 0 0
3 0 0 109 0 0 0 0
3 0 0 32 0 0 0 0
3 0 0 -50 0 0 0 0
3 0 0 -39 0 0 0 0
3 0 0 -56 0 0 0 0
3 0 0 88 0 0 0 0
3 0 0 -28 0 0 0 0
3 0 0 -3 0 0 0 0
3 0 0 -83 0 0 0 0
3 0 0 -58 0 0 0 0
3 0 0 114 0 0 0 0
3 0 0 10 0 0 0 0
3 0 1 -82 0 1 114 0
3 1 0 -51 0 0 0 0
3 0 1 31 0 1 31 0
4 1 0 -34 0 0 0 0
4 0 0 63 0 0 0 0
4 0 0 -102 0 0 0 0
4 0 0 -8 0 0 0 0
4 0 0 95 0 0 0 0
4 0 0 124 0 0 0 0
4 0 0 -113 0 0 0 0
4 0 0 -124 0 0 0 0
4 0 0 -73 0 0 0 0
4 0 0 -14 0 0 0 0
4 0 0 -102 0 0 0 0
4 0 0 -119 0 0 0 0
4 0 0 56 0 0 0 0
4 0 0 -18 0 0 0 0
4 0 0 -101 0 0 0 0
4 0 1 113 0 1 0 -357
3 1 0 3 0 0 0 0
3 0 0 -60 0 0 0 0
3 0 0 42 0 0 0 0
3 0 0 27 0 0 0 0
3 0 0 -15 0 0 0 0
3 0 0 97 0 0 0 0
3 0 0 -125 0 0 0 0
3 0 0 -124 0 0 0 0
3 0 0 3 0 0 0 0
3 0 0 101 0 0 0 0
3 0 0 42 0 0 0 0
3 0 0 64 0 0 0 0
3 0 0 84 0 0 0 0
3 0 0 39 0 0 0 0
3 0 0 0 0 0 0 0
3 0 1 -112 0 1 101 0
3 1 0 46 0 0 0 0
3 0 1 119 0 1 119 0
5 1 0 -15 0 0 0 0
5 0 1 -80 0 1 -95 0
5 1 0 -65 0 0 0 0
5 0 1 -103 0 1 -127 0
3 1 0 2 0 0 0 0
3 0 0 90 0 0 0 0
3 0 0 -121 0 0 0 0
3 0 0 -71 0 0 0 0
3 0 0 126 0 0 0 0
3 0 0 15 0 0 0 0
3 0 0 29 0 0 0 0
3 0 0 -16 0 0 0 0
3 0 1 -68 0 1 126 0
5 1 0 98 0 0 0 0
5 0 1 66 0 1 127 0
3 1 0 -127 0 0 0 0
3 0 0 -47 0 0 0 0
3 0 0 -73 0 0 0 0
3 0 0 -82 0 0 0 0
3 0 0 23 0 0 0 0
3 0 0 111 0 0 0 0
3 0 0 79 0 0 0 0
3 0 0 -123 0 0 0 0
3 0 1 -60 0 1 111 0
3 1 0 119 0 0 0 0
3 0 0 91 0 0 0 0
3 0 0 90 0 0 0 0
3 0 0 0 0 0 0 0
3 0 0 -8 0 0 0 0
3 0 0 -116 0 0 0 0
3 0 0 76 0 0 0 0
3 0 0 65 0 0 0 0
3 0 0 -55 0 0 0 0
3 0 0 44 0 0 0 0
3 0 0 -69 0 0 0 0
3 0 0 -2 0 0 0 0
3 0 0 -89 0 0 0 0
3 0 1 -22 0 1 119 0
4 1 0 -59 0 0 0 0
4 0 0 -37 0 0 0 0
4 0 0 -69 0 0 0 0
4 0 0 -87 0 0 0 0
4 0 0 118 0 0 0 0
4 0 0 -101 0 0 0 0
4 0 0 41 0 0 0 0
4 0 0 -91 0 0 0 0
4 0 0 121 0 0 0 0
4 0 0 -81 0 0 0 0
4 0 0 79 0 0 0 0
4 0 0 -73 0 0 0 0
4 0 0 -15 0 0 0 0
4 0 0 -77 0 0 0 0
4 0 0 52 0 0 0 0
4 0 0 16 0 0 0 0
4 0 0 87 0 0 0 0
4 0 0 27 0 0 0 0
4 0 0 7 0 0 0 0
4 0 0 -63 0 0 0 0
4 0 0 -107 0 0 0 0
4 0 0 81 0 0 0 0
4 0 0 38 0 0 0 0
4 0 0 -71 0 0 0 0
4 0 0 39 0 0 0 0
4 0 0 41 0 0 0 0
4 0 0 77 0 0 0 0
4 0 1 -26 0 1 0 -133
3 1 0 52 0 0 0 0
3 0 0 -45 0 0 0 0
3 0 0 -110 0 0 0 0
3 0 0 33 0 0 0 0
3 0 0 -96 0 0 0 0
3 0 0 85 0 0 0 0
3 0 0 -124 0 0 0 0
3 0 0 74 0 0 0 0
3 0 0 -64 0 0 0 0
3 0 0 -79 0 0 0 0
3 0 0 122 0 0 0 0
3 0 1 -17 0 1 122 0
5 1 0 -34 0 0 0 0
5 0 1 -54 0 1 -88 0
3 1 0 66 0 0 0 0
3 0 0 -112 0 0 0 0
3 0 0 -115 0 0 0 0
3 0 0 65 0 0 0 0
3 0 0 -103 0 0 0 0
3 0 0 -8 0 0 0 0
3 0 0 12 0 0 0 0
3 0 0 2 0 0 0 0
3 0 0 109 0 0 0 0
3 0 0 18 0 0 0 0
3 0 0 -70 0 0 0 0
3 0 0 -21 0 0 0 0
3 0 0 81 0 0 0 0
3 0 0 -67 0 0 0 0
3 0 0 104 0 0 0 0
3 0 0 44 0 0 0 0
3 0 0 -43 0 0 0 0
3 0 0 100 0 0 0 0
3 0 0 12 0 0 0 0
3 0 0 -95 0 0 0 0
3 0 0 34 0 0 0 0
3 0 0 112 0 0 0 0
3 0 0 -3 0 0 0 0
3 0 0 -87 0 0 0 0
3 0 0 15 0 0 0 0
3 0 0 -30 0 0 0 0
3 0 0 -82 0 0 0 0
3 0 0 116 0 0 0 0
3 0 0 -114 0 0 0 0
3 0 0 -108 0 0 0 0
3 0 1 27 0 1 116 0
3 1 0 64 0 0 0 0
3 0 0 21 0 0 0 0
3 0 0 123 0 0 0 0
3 0 0 -68 0 0 0 0
3 0 0 16 0 0 0 0
3 0 0 -38 0 0 0 0
3 0 0 32 0 0 0 0
3 0 1 -97 0 1 123 0
3 1 0 124 0 0 0 0
3 0 1 -19 0 1 124 0
5 1 0 90 0 0 0 0
5 0 1 -43 0 1 47 0
4 1 0 -117 0 0 0 0
4 0 0 -4 0 0 0 0
4 0 0 -8 0 0 0 0
4 0 0 121 0 0 0 0
4 0 0 118 0 0 0 0
4 0 0 40 0 0 0 0
4 0 0 -34 0 0 0 0
4 0 0 38 0 0 0 0
4 0 0 -6 0 0 0 0
4 0 0 118 0 0 0 0
4 0 0 -100 0 0 0 0
4 0 0 43 0 0 0 0
4 0 0 -101 0 0 0 0
4 0 0 -114 0 0 0 0
4 0 0 41 0 0 0 0
4 0 1 -120 0 1 0 -85
5 1 0 -1 0 0 0 0
5 0 1 43 0 1 42 0
5 1 0 11 0 0 0 0
5 0 1 104 0 1 115 0
5 1 0 -19 0 0 0 0
5 0 1 2 0 1 -17 0
5 1 0 -52 0 0 0 0
5 0 1 66 0 1 14 0
5 1 0 -123 0 0 0 0
5 0 1 -109 0 1 -127 0
5 1 0 -106 0 0 0 0
5 0 1 27 0 1 -79 0
4 1 0 11 0 0 0 0
4 0 1 -116 0 1 0 -105
3 1 0 -107 0 0 0 0
3 0 0 40 0 0 0 0
3 0 0 -116 0 0 0 0
3 0 0 6 0 0 0 0
3 0 0 124 0 0 0 0
3 0 0 81 0 0 0 0
3 0 0 4 0 0 0 0
3 0 0 -114 0 0 0 0
3 0 0 120 0 0 0 0
3 0 0 15 0 0 0 0
3 0 0 94 0 0 0 0
3 0 0 125 0 0 0 0
3 0 0 125 0 0 0 0
3 0 0 79 0 0 0 0
3 0 1 81 0 1 125 0
5 1 0 102 0 0 0 0
5 0 1 12 0 1 114 0
3 1 0 114 0 0 0 0
3 0 0 54 0 0 0 0
3 0 0 54 0 0 0 0
3 0 0 -39 0 0 0 0
3 0 0 50 0 0 0 0
3 0 0 -13 0 0 0 0
3 0 0 -100 0 0 0 0
3 0 0 -68 0 0 0 0
3 0 0 -115 0 0 0 0
3 0 0 48 0 0 0 0
3 0 0 -51 0 0 0 0
3 0 0 56 0 0 0 0
3 0 0 22 0 0 0 0
3 0 0 70 0 0 0 0
3 0 0 107 0 0 0 0
3 0 0 101 0 0 0 0
3 0 0 120 0 0 0 0
3 0 0 -115 0 0 0 0
3 0 0 -66 0 0 0 0
3 0 1 87 0 1 120 0
3 1 0 28 0 0 0 0
3 0 0 42 0 0 0 0
3 0 0 85 0 0 0 0
3 0 0 -100 0 0 0 0
3 0 0 -103 0 0 0 0
3 0 0 26 0 0 0 0
3 0 0 -52 0 0 0 0
3 0 0 14 0 0 0 0
3 0 0 122 0 0 0 0
3 0 0 44 0 0 0 0
3 0 0 -24 0 0 0 0
3 0 0 -12 0 0 0 0
3 0 0 -106 0 0 0 0
3 0 0 -122 0 0 0 0
3 0 0 53 0 0 0 0
3 0 0 -55 0 0 0 0
3 0 0 103 0 0 0 0
3 0 0 85 0 0 0 0
3 0 0 -17 0 0 0 0
3 0 0 -49 0 0 0 0
3 0 0 76 0 0 0 0
3 0 0 89 0 0 0 0
3 0 0 -126 0 0 0 0
3 0 1 -12 0 1 122 0
4 1 0 -13 0 0 0 0
4 0 1 -4 0 1 0 -17
5 1 0 86 0 0 0 0
5 0 1 -43 0 1 43 0
5 1 0 -2 0 0 0 0
5 0 1 -96 0 1 -98 0
5 1 0 119 0 0 0 0
5 0 1 25 0 1 127 0
5 1 0 -87 0 0 0 0
5 0 1 10 0 1 -77 0
4 1 0 123 0 0 0 0
4 0 0 38 0 0 0 0
4 0 0 20 0 0 0 0
4 0 0 92 0 0 0 0
4 0 0 49 0 0 0 0
4 0 0 -64 0 0 0 0
4 0 0 108 0 0 0 0
4 0 0 39 0 0 0 0
4 0 0 41 0 0 0 0
4 0 0 -71 0 0 0 0
4 0 0 127 0 0 0 0
4 0 0 -64 0 0 0 0
4 0 0 -54 0 0 0 0
4 0 0 23 0 0 0 0
4 0 0 27 0 0 0 0
4 0 0 76 0 0 0 0
4 0 0 -41 0 0 0 0
4 0 0 -26 0 0 0 0
4 0 0 -24 0 0 0 0
4 0 0 86 0 0 0 0
4 0 0 40 0 0 0 0
4 0 0 -51 0 0 0 0
4 0 0 -109 0 0 0 0
4 0 0 -122 0 0 0 0
4 0 0 -114 0 0 0 0
4 0 0 -125 0 0 0 0
4 0 0 68 0 0 0 0
4 0 0 95 0 0 0 0
4 0 0 -6 0 0 0 0
4 0 0 100 0 0 0 0
4 0 1 -81 0 1 0 200
3 1 0 -44 0 0 0 0
3 0 0 96 0 0 0 0
3 0 0 61 0 0 0 0
3 0 0 19 0 0 0 0
3 0 0 107 0 0 0 0
3 0 0 2 0 0 0 0
3 0 0 88 0 0 0 0
3 0 0 -123 0 0 0 0
3 0 0 -83 0 0 0 0
3 0 0 34 0 0 0 0
3 0 0 112 0 0 0 0
3 0 0 -50 0 0 0 0
3 0 0 80 0 0 0 0
3 0 0 121 0 0 0 0
3 0 0 -66 0 0 0 0
3 0 0 -66 0 0 0 0
3 0 0 -21 0 0 0 0
3 0 0 -67 0 0 0 0
3 0 0 -120 0 0 0 0
3 0 0 -71 0 0 0 0
3 0 0 -50 0 0 0 0
3 0 0 -75 0 0 0 0
3 0 0 -109 0 0 0 0
3 0 0 -5 0 0 0 0
3 0 0 -69 0 0 0 0
3 0 0 -71 0 0 0 0
3 0 1 -84 0 1 121 0
3 1 0 -31 0 0 0 0
3 0 0 31 0 0 0 0
3 0 0 125 0 0 0 0
3 0 0 -39 0 0 0 0
3 0 0 8 0 0 0 0
3 0 1 -33 0 1 125 0
3 1 0 41 0 0 0 0
3 0 1 -26 0 1 41 0
4 1 0 -95 0 0 0 0
4 0 0 115 0 0 0 0
4 0 0 105 0 0 0 0
4 0 0 58 0 0 0 0
4 0 0 -111 0 0 0 0
4 0 0 -29 0 0 0 0
4 0 0 -92 0 0 0 0
4 0 0 -20 0 0 0 0
4 0 0 116 0 0 0 0
4 0 0 -48 0 0 0 0
4 0 0 -70 0 0 0 0
4 0 0 101 0 0 0 0
4 0 0 -116 0 0 0 0
4 0 0 -122 0 0 0 0
4 0 0 -71 0 0 0 0
4 0 0 -23 0 0 0 0
4 0 0 -81 0 0 0 0
4 0 0 74 0 0 0 0
4 0 0 -113 0 0 0 0
4 0 0 -56 0 0 0 0
4 0 0 62 0 0 0 0
4 0 0 21 0 0 0 0
4 0 1 -3 0 1 0 -398
3 1 0 37 0 0 0 0
3 0 0 -11 0 0 0 0
3 0 0 -23 0 0 0 0
3 0 0 5 0 0 0 0
3 0 0 72 0 0 0 0
3 0 0 51 0 0 0 0
3 0 0 -14 0 0 0 0
3 0 1 -14 0 1 72 0
3 1 0 22 0 0 0 0
3 0 0 103 0 0 0 0
3 0 0 55 0 0 0 0
3 0 0 61 0 0 0 0
3 0 0 103 0 0 0 0
3 0 0 -10 0 0 0 0
3 0 0 58 0 0 0 0
3 0 0 44 0 0 0 0
3 0 0 64 0 0 0 0
3 0 1 -121 0 1 103 0
5 1 0 -89 0 0 0 0
5 0 1 56 0 1 -33 0
4 1 0 57 0 0 0 0
4 0 0 112 0 0 0 0
4 0 0 17 0 0 0 0
4 0 0 -82 0 0 0 0
4 0 0 -74 0 0 0 0
4 0 0 55 0 0 0 0
4 0 0 -37 0 0 0 0
4 0 0 -100 0 0 0 0
4 0 0 55 0 0 0 0
4 0 0 86 0 0 0 0
4 0 0 51 0 0 0 0
4 0 0 -59 0 0 0 0
4 0 0 -3 0 0 0 0
4 0 0 -118 0 0 0 0
4 0 0 117 0 0 0 0
4 0 0 -61 0 0 0 0
4 0 0 93 0 0 0 0
4 0 0 -6 0 0 0 0
4 0 0 11 0 0 0 0
4 0 0 -50 0 0 0 0
4 0 0 -104 0 0 0 0
4 0 0 114 0 0 0 0
4 0 0 115 0 0 0 0
4 0 0 -103 0 0 0 0
4 0 0 77 0 0 0 0
4 0 0 -54 0 0 0 0
4 0 0 90 0 0 0 0
4 0 0 -68 0 0 0 0
4 0 0 -101 0 0 0 0
4 0 1 -123 0 1 0 -93
3 1 0 -61 0 0 0 0
3 0 0 41 0 0 0 0
3 0 0 14 0 0 0 0
3 0 0 103 0 0 0 0
3 0 0 -54 0 0 0 0
3 0 0 21 0 0 0 0
3 0 0 41 0 0 0 0
3 0 0 45 0 0 0 0
3 0 0 -20 0 0 0 0
3 0 0 12 0 0 0 0
3 0 0 50 0 0 0 0
3 0 0 -82 0 0 0 0
3 0 1 -110 0 1 103 0
4 1 0 107 0 0 0 0
4 0 0 -27 0 0 0 0
4 0 0 -90 0 0 0 0
4 0 0 116 0 0 0 0
4 0 0 -66 0 0 0 0
4 0 0 6 0 0 0 0
4 0 0 110 0 0 0 0
4 0 0 -2 0 0 0 0
4 0 0 89 0 0 0 0
4 0 0 58 0 0 0 0
4 0 0 78 0 0 0 0
4 0 0 13 0 0 0 0
4 0 0 -107 0 0 0 0
4 0 0 -66 0 0 0 0
4 0 0 40 0 0 0 0
4 0 0 -64 0 0 0 0
4 0 0 -39 0 0 0 0
4 0 0 -99 0 0 0 0
4 0 0 -89 0 0 0 0
4 0 0 -8 0 0 0 0
4 0 0 -11 0 0 0 0
4 0 0 112 0 0 0 0
4 0 0 121 0 0 0 0
4 0 0 -77 0 0 0 0
4 0 0 53 0 0 0 0
4 0 0 -78 0 0 0 0
4 0 0 41 0 0 0 0
4 0 0 -26 0 0 0 0
4 0 0 102 0 0 0 0
4 0 0 -82 0 0 0 0
4 0 1 -82 0 1 0 33
3 1 0 -54 0 0 0 0
3 0 0 112 0 0 0 0
3 0 0 23 0 0 0 0
3 0 0 -83 0 0 0 0
3 0 0 103 0 0 0 0
3 0 0 -61 0 0 0 0
3 0 0 5 0 0 0 0
3 0 0 -61 0 0 0 0
3 0 0 -31 0 0 0 0
3 0 0 -91 0 0 0 0
3 0 0 -107 0 0 0 0
3 0 0 -109 0 0 0 0
3 0 0 30 0 0 0 0
3 0 0 14 0 0 0 0
3 0 0 118 0 0 0 0
3 0 0 -8 0 0 0 0
3 0 0 104 0 0 0 0
3 0 0 -25 0 0 0 0
3 0 0 58 0 0 0 0
3 0 0 66 0 0 0 0
3 0 0 -19 0 0 0 0
3 0 0 90 0 0 0 0
3 0 0 -58 0 0 0 0
3 0 0 -91 0 0 0 0
3 0 0 -10 0 0 0 0
3 0 0 89 0 0 0 0
3 0 0 27 0 0 0 0
3 0 0 -23 0 0 0 0
3 0 0 21 0 0 0 0
3 0 0 -53 0 0 0 0
3 0 1 -48 0 1 118 0
4 1 0 -74 0 0 0 0
4 0 0 -55 0 0 0 0
4 0 0 60 0 0 0 0
4 0 0 87 0 0 0 0
4 0 0 -71 0 0 0 0
4 0 0 -23 0 0 0 0
4 0 0 57 0 0 0 0
4 0 0 65 0 0 0 0
4 0 0 -33 0 0 0 0
4 0 0 -33 0 0 0 0
4 0 0 76 0 0 0 0
4 0 0 3 0 0 0 0
4 0 0 -52 0 0 0 0
4 0 0 -106 0 0 0 0
4 0 0 56 0 0 0 0
4 0 0 -116 0 0 0 0
4 0 0 5 0 0 0 0
4 0 0 113 0 0 0 0
4 0 0 36 0 0 0 0
4 0 0 -41 0 0 0 0
4 0 0 -20 0 0 0 0
4 0 0 -94 0 0 0 0
4 0 1 -97 0 1 0 -257
3 1 0 127 0 0 0 0
3 0 1 54 0 1 127 0
4 1 0 -95 0 0 0 0
4 0 0 -83 0 0 0 0
4 0 0 -75 0 0 0 0
4 0 0 -8 0 0 0 0
4 0 0 -79 0 0 0 0
4 0 0 -7 0 0 0 0
4 0 0 80 0 0 0 0
4 0 0 -19 0 0 0 0
4 0 0 -31 0 0 0 0
4 0 0 108 0 0 0 0
4 0 0 -31 0 0 0 0
4 0 0 -124 0 0 0 0
4 0 0 -11 0 0 0 0
4 0 0 -36 0 0 0 0
4 0 0 -122 0 0 0 0
4 0 0 67 0 0 0 0
4 0 0 -45 0 0 0 0
4 0 0 -101 0 0 0 0
4 0 0 53 0 0 0 0
4 0 0 92 0 0 0 0
4 0 0 -93 0 0 0 0
4 0 0 57 0 0 0 0
4 0 0 89 0 0 0 0
4 0 0 -121 0 0 0 0
4 0 0 81 0 0 0 0
4 0 0 80 0 0 0 0
4 0 0 51 0 0 0 0
4 0 0 37 0 0 0 0
4 0 0 43 0 0 0 0
4 0 0 89 0 0 0 0
4 0 1 62 0 1 0 -92
4 1 0 46 0 0 0 0
4 0 0 -65 0 0 0 0
4 0 0 -66 0 0 0 0
4 0 0 87 0 0 0 0
4 0 0 -86 0 0 0 0
4 0 0 -7 0 0 0 0
4 0 0 -65 0 0 0 0
4 0 0 28 0 0 0 0
4 0 0 -89 0 0 0 0
4 0 0 1 0 0 0 0
4 0 0 13 0 0 0 0
4 0 0 -31 0 0 0 0
4 0 0 104 0 0 0 0
4 0 0 -58 0 0 0 0
4 0 0 15 0 0 0 0
4 0 0 -123 0 0 0 0
4 0 0 116 0 0 0 0
4 0 0 28 0 0 0 0
4 0 0 -80 0 0 0 0
4 0 0 -75 0 0 0 0
4 0 0 26 0 0 0 0
4 0 0 -81 0 0 0 0
4 0 0 -30 0 0 0 0
4 0 0 4 0 0 0 0
4 0 0 -4 0 0 0 0
4 0 0 37 0 0 0 0
4 0 0 21 0 0 0 0
4 0 1 -24 0 1 0 -358
5 1 0 50 0 0 0 0
5 0 1 79 0 1 127 0
3 1 0 112 0 0 0 0
3 0 0 57 0 0 0 0
3 0 0 -62 0 0 0 0
3 0 0 84 0 0 0 0
3 0 0 -73 0 0 0 0
3 0 0 70 0 0 0 0
3 0 0 82 0 0 0 0
3 0 0 -75 0 0 0 0
3 0 0 -97 0 0 0 0
3 0 0 -5 0 0 0 0
3 0 0 96 0 0 0 0
3 0 0 38 0 0 0 0
3 0 0 18 0 0 0 0
3 0 0 79 0 0 0 0
3 0 0 119 0 0 0 0
3 0 0 -113 0 0 0 0
3 0 0 -120 0 0 0 0
3 0 0 -112 0 0 0 0
3 0 0 -7 0 0 0 0
3 0 0 61 0 0 0 0
3 0 0 40 0 0 0 0
3 0 0 -4 0 0 0 0
3 0 0 -50 0 0 0 0
3 0 0 111 0 0 0 0
3 0 0 113 0 0 0 0
3 0 0 -127 0 0 0 0
3 0 0 13 0 0 0 0
3 0 0 -101 0 0 0 0
3 0 1 -116 0 1 119 0
4 1 0 -88 0 0 0 0
4 0 0 92 0 0 0 0
4 0 0 85 0 0 0 0
4 0 0 40 0 0 0 0
4 0 0 79 0 0 0 0
4 0 0 -25 0 0 0 0
4 0 0 -3 0 0 0 0
4 0 0 7 0 0 0 0
4 0 1 -86 0 1 0 101
5 1 0 96 0 0 0 0
5 0 1 -56 0 1 40 0
4 1 0 -61 0 0 0 0
4 0 0 -38 0 0 0 0
4 0 0 -43 0 0 0 0
4 0 0 0 0 0 0 0
4 0 0 8 0 0 0 0
4 0 0 38 0 0 0 0
4 0 0 77 0 0 0 0
4 0 0 28 0 0 0 0
4 0 0 -35 0 0 0 0
4 0 0 -74 0 0 0 0
4 0 1 46 0 1 0 -54
4 1 0 -61 0 0 0 0
4 0 0 108 0 0 0 0
4 0 0 112 0 0 0 0
4 0 0 -1 0 0 0 0
4 0 0 18 0 0 0 0
4 0 0 -95 0 0 0 0
4 0 0 -97 0 0 0 0
4 0 0 34 0 0 0 0
4 0 0 35 0 0 0 0
4 0 0 -10 0 0 0 0
4 0 0 -114 0 0 0 0
4 0 0 -35 0 0 0 0
4 0 1 115 0 1 0 9
5 1 0 37 0 0 0 0
5 0 1 -44 0 1 -7 0
5 1 0 12 0 0 0 0
5 0 1 -12 0 1 0 0
3 1 0 -84 0 0 0 0
3 0 0 20 0 0 0 0
3 0 0 -74 0 0 0 0
3 0 0 21 0 0 0 0
3 0 0 -76 0 0 0 0
3 0 0 -50 0 0 0 0
3 0 0 -124 0 0 0 0
3 0 0 123 0 0 0 0
3 0 0 -47 0 0 0 0
3 0 0 121 0 0 0 0
3 0 0 102 0 0 0 0
3 0 0 -2 0 0 0 0
3 0 0 -42 0 0 0 0
3 0 0 -6 0 0 0 0
3 0 0 -39 0 0 0 0
3 0 0 78 0 0 0 0
3 0 0 -118 0 0 0 0
3 0 0 -59 0 0 0 0
3 0 0 -2 0 0 0 0
3 0 0 107 0 0 0 0
3 0 0 68 0 0 0 0
3 0 0 60 0 0 0 0
3 0 1 125 0 1 125 0
3 1 0 -76 0 0 0 0
3 0 0 -21 0 0 0 0
3 0 0 110 0 0 0 0
3 0 0 -69 0 0 0 0
3 0 0 -119 0 0 0 0
3 0 0 104 0 0 0 0
3 0 0 -128 0 0 0 0
3 0 0 -53 0 0 0 0
3 0 0 124 0 0 0 0
3 0 0 -24 0 0 0 0
3 0 0 -92 0 0 0 0
3 0 0 -61 0 0 0 0
3 0 0 91 0 0 0 0
3 0 0 -119 0 0 0 0
3 0 0 -40 0 0 0 0
3 0 0 80 0 0 0 0
3 0 0 54 0 0 0 0
3 0 0 63 0 0 0 0
3 0 0 47 0 0 0 0
3 0 0 -99 0 0 0 0
3 0 0 -1 0 0 0 0
3 0 1 10 0 1 124 0
3 1 0 -47 0 0 0 0
3 0 0 23 0 0 0 0
3 0 0 23 0 0 0 0
3 0 0 97 0 0 0 0
3 0 0 -116 0 0 0 0
3 0 0 -115 0 0 0 0
3 0 0 47 0 0 0 0
3 0 0 81 0 0 0 0
3 0 0 -98 0 0 0 0
3 0 0 -30 0 0 0 0
3 0 0 45 0 0 0 0
3 0 0 -16 0 0 0 0
3 0 0 37 0 0 0 0
3 0 0 10 0 0 0 0
3 0 0 -92 0 0 0 0
3 0 0 -81 0 0 0 0
3 0 0 -54 0 0 0 0
3 0 0 38 0 0 0 0
3 0 0 -43 0 0 0 0
3 0 1 49 0 1 97 0
5 1 0 -93 0 0 0 0
5 0 1 -123 0 1 -127 0
4 1 0 37 0 0 0 0
4 0 0 -59 0 0 0 0
4 0 0 -88 0 0 0 0
4 0 0 32 0 0 0 0
4 0 0 -76 0 0 0 0
4 0 0 30 0 0 0 0
4 0 0 -108 0 0 0 0
4 0 0 -84 0 0 0 0
4 0 0 121 0 0 0 0
4 0 0 -113 0 0 0 0
4 0 0 56 0 0 0 0
4 0 0 -77 0 0 0 0
4 0 0 15 0 0 0 0
4 0 0 76 0 0 0 0
4 0 0 58 0 0 0 0
4 0 0 -48 0 0 0 0
4 0 0 -76 0 0 0 0
4 0 0 -52 0 0 0 0
4 0 0 22 0 0 0 0
4 0 0 9 0 0 0 0
4 0 0 -119 0 0 0 0
4 0 1 57 0 1 0 -387
5 1 0 -43 0 0 0 0
5 0 1 -2 0 1 -45 0
5 1 0 48 0 0 0 0
5 0 1 104 0 1 127 0
4 1 0 -13 0 0 0 0
4 0 0 106 0 0 0 0
4 0 0 -31 0 0 0 0
4 0 0 60 0 0 0 0
4 0 0 -115 0 0 0 0
4 0 0 -92 0 0 0 0
4 0 0 -70 0 0 0 0
4 0 0 -96 0 0 0 0
4 0 0 66 0 0 0 0
4 0 0 -10 0 0 0 0
4 0 0 124 0 0 0 0
4 0 1 -82 0 1 0 -153
4 1 0 -11 0 0 0 0
4 0 0 -128 0 0 0 0
4 0 0 74 0 0 0 0
4 0 0 -40 0 0 0 0
4 0 0 61 0 0 0 0
4 0 0 43 0 0 0 0
4 0 0 -31 0 0 0 0
4 0 0 27 0 0 0 0
4 0 0 -109 0 0 0 0
4 0 0 -85 0 0 0 0
4 0 0 35 0 0 0 0
4 0 0 118 0 0 0 0
4 0 0 -107 0 0 0 0
4 0 0 -43 0 0 0 0
4 0 0 3 0 0 0 0
4 0 0 -93 0 0 0 0
4 0 0 68 0 0 0 0
4 0 0 115 0 0 0 0
4 0 0 -52 0 0 0 0
4 0 0 9 0 0 0 0
4 0 0 69 0 0 0 0
4 0 0 -54 0 0 0 0
4 0 0 -104 0 0 0 0
4 0 0 -36 0 0 0 0
4 0 0 13 0 0 0 0
4 0 0 -63 0 0 0 0
4 0 0 76 0 0 0 0
4 0 0 -122 0 0 0 0
4 0 0 -5 0 0 0 0
4 0 0 99 0 0 0 0
4 0 0 -86 0 0 0 0
4 0 1 -97 0 1 0 -456
5 1 0 -74 0 0 0 0
5 0 1 23 0 1 -51 0
3 1 0 -44 0 0 0 0
3 0 0 -31 0 0 0 0
3 0 0 -116 0 0 0 0
3 0 0 114 0 0 0 0
3 0 0 108 0 0 0 0
3 0 0 63 0 0 0 0
3 0 0 48 0 0 0 0
3 0 0 112 0 0 0 0
3 0 0 -95 0 0 0 0
3 0 0 94 0 0 0 0
3 0 0 124 0 0 0 0
3 0 0 100 0 0 0 0
3 0 0 111 0 0 0 0
3 0 0 78 0 0 0 0
3 0 0 -57 0 0 0 0
3 0 0 72 0 0 0 0
3 0 0 92 0 0 0 0
3 0 0 -111 0 0 0 0
3 0 0 71 0 0 0 0
3 0 0 10 0 0 0 0
3 0 0 -110 0 0 0 0
3 0 0 23 0 0 0 0
3 0 0 -24 0 0 0 0
3 0 1 -99 0 1 124 0
5 1 0 -48 0 0 0 0
5 0 1 -50 0 1 -98 0
4 1 0 -30 0 0 0 0
4 0 0 -2 0 0 0 0
4 0 0 -53 0 0 0 0
4 0 0 8 0 0 0 0
4 0 0 87 0 0 0 0
4 0 0 -96 0 0 0 0
4 0 0 -94 0 0 0 0
4 0 0 78 0 0 0 0
4 0 0 -34 0 0 0 0
4 0 0 99 0 0 0 0
4 0 0 7 0 0 0 0
4 0 0 -110 0 0 0 0
4 0 0 35 0 0 0 0
4 0 0 -123 0 0 0 0
4 0 0 111 0 0 0 0
4 0 0 -97 0 0 0 0
4 0 0 -123 0 0 0 0
4 0 0 49 0 0 0 0
4 0 0 61 0 0 0 0
4 0 0 -101 0 0 0 0
4 0 0 0 0 0 0 0
4 0 1 -61 0 1 0 -389
4 1 0 11 0 0 0 0
4 0 0 7 0 0 0 0
4 0 0 37 0 0 0 0
4 0 0 66 0 0 0 0
4 0 0 97 0 0 0 0
4 0 0 -55 0 0 0 0
4 0 1 40 0 1 0 203
3 1 0 27 0 0 0 0
3 0 0 -101 0 0 0 0
3 0 0 -28 0 0 0 0
3 0 0 10 0 0 0 0
3 0 0 80 0 0 0 0
3 0 0 6 0 0 0 0
3 0 0 -112 0 0 0 0
3 0 0 40 0 0 0 0
3 0 0 -14 0 0 0 0
3 0 1 107 0 1 107 0
3 1 0 -65 0 0 0 0
3 0 0 42 0 0 0 0
3 0 0 -21 0 0 0 0
3 0 0 -54 0 0 0 0
3 0 0 -94 0 0 0 0
3 0 0 46 0 0 0 0
3 0 0 -105 0 0 0 0
3 0 0 15 0 0 0 0
3 0 0 -112 0 0 0 0
3 0 0 -94 0 0 0 0
3 0 0 -125 0 0 0 0
3 0 0 -26 0 0 0 0
3 0 0 -25 0 0 0 0
3 0 0 -75 0 0 0 0
3 0 0 -64 0 0 0 0
3 0 0 -87 0 0 0 0
3 0 0 -98 0 0 0 0
3 0 0 114 0 0 0 0
3 0 0 -123 0 0 0 0
3 0 0 -74 0 0 0 0
3 0 0 85 0 0 0 0
3 0 0 109 0 0 0 0
3 0 0 98 0 0 0 0
3 0 0 -86 0 0 0 0
3 0 0 76 0 0 0 0
3 0 0 -9 0 0 0 0
3 0 0 98 0 0 0 0
3 0 0 -106 0 0 0 0
3 0 1 111 0 1 114 0
4 1 0 97 0 0 0 0
4 0 0 -101 0 0 0 0
4 0 0 58 0 0 0 0
4 0 0 115 0 0 0 0
4 0 0 117 0 0 0 0
4 0 0 -12 0 0 0 0
4 0 0 -20 0 0 0 0
4 0 0 -86 0 0 0 0
4 0 0 24 0 0 0 0
4 0 0 10 0 0 0 0
4 0 0 -108 0 0 0 0
4 0 0 47 0 0 0 0
4 0 0 -84 0 0 0 0
4 0 0 43 0 0 0 0
4 0 0 123 0 0 0 0
4 0 0 -47 0 0 0 0
4 0 0 -45 0 0 0 0
4 0 0 -11 0 0 0 0
4 0 0 -105 0 0 0 0
4 0 1 75 0 1 0 90
5 1 0 123 0 0 0 0
5 0 1 -81 0 1 42 0
4 1 0 -32 0 0 0 0
4 0 0 -16 0 0 0 0
4 0 0 -87 0 0 0 0
4 0 0 -27 0 0 0 0
4 0 0 -23 0 0 0 0
4 0 0 -55 0 0 0 0
4 0 0 -62 0 0 0 0
4 0 0 -49 0 0 0 0
4 0 0 -62 0 0 0 0
4 0 0 -21 0 0 0 0
4 0 0 71 0 0 0 0
4 0 0 91 0 0 0 0
4 0 0 24 0 0 0 0
4 0 0 -3 0 0 0 0
4 0 0 -98 0 0 0 0
4 0 0 120 0 0 0 0
4 0 0 -59 0 0 0 0
4 0 0 50 0 0 0 0
4 0 0 -77 0 0 0 0
4 0 0 86 0 0 0 0
4 0 0 -76 0 0 0 0
4 0 0 -90 0 0 0 0
4 0 1 38 0 1 0 -357
5 1 0 -64 0 0 0 0
5 0 1 5 0 1 -59 0
3 1 0 -109 0 0 0 0
3 0 0 -109 0 0 0 0
3 0 0 29 0 0 0 0
3 0 0 82 0 0 0 0
3 0 0 48 0 0 0 0
3 0 0 -80 0 0 0 0
3 0 1 -117 0 1 82 0
3 1 0 -102 0 0 0 0
3 0 0 4 0 0 0 0
3 0 0 48 0 0 0 0
3 0 0 61 0 0 0 0
3 0 0 1 0 0 0 0
3 0 0 -76 0 0 0 0
3 0 0 -91 0 0 0 0
3 0 1 -13 0 1 61 0
4 1 0 -102 0 0 0 0
4 0 0 72 0 0 0 0
4 0 0 -60 0 0 0 0
4 0 0 -76 0 0 0 0
4 0 0 29 0 0 0 0
4 0 0 -102 0 0 0 0
4 0 0 -67 0 0 0 0
4 0 0 -10 0 0 0 0
4 0 0 -60 0 0 0 0
4 0 0 -99 0 0 0 0
4 0 0 98 0 0 0 0
4 0 0 -94 0 0 0 0
4 0 0 45 0 0 0 0
4 0 0 -67 0 0 0 0
4 0 0 50 0 0 0 0
4 0 0 35 0 0 0 0
4 0 1 -100 0 1 0 -508
4 1 0 12 0 0 0 0
4 0 0 70 0 0 0 0
4 0 0 4 0 0 0 0
4 0 0 95 0 0 0 0
4 0 1 -77 0 1 0 104
5 1 0 99 0 0 0 0
5 0 1 15 0 1 114 0
4 1 0 39 0 0 0 0
4 0 0 57 0 0 0 0
4 0 0 69 0 0 0 0
4 0 0 -18 0 0 0 0
4 0 0 -56 0 0 0 0
4 0 0 92 0 0 0 0
4 0 0 105 0 0 0 0
4 0 0 120 0 0 0 0
4 0 0 111 0 0 0 0
4 0 0 124 0 0 0 0
4 0 0 42 0 0 0 0
4 0 0 -97 0 0 0 0
4 0 0 -34 0 0 0 0
4 0 0 -63 0 0 0 0
4 0 0 -56 0 0 0 0
4 0 0 -98 0 0 0 0
4 0 0 96 0 0 0 0
4 0 0 57 0 0 0 0
4 0 0 86 0 0 0 0
4 0 0 -18 0 0 0 0
4 0 0 -6 0 0 0 0
4 0 0 28 0 0 0 0
4 0 1 35 0 1 0 615
4 1 0 122 0 0 0 0
4 0 0 16 0 0 0 0
4 0 0 36 0 0 0 0
4 0 0 -40 0 0 0 0
4 0 0 -77 0 0 0 0
4 0 0 5 0 0 0 0
4 0 0 -69 0 0 0 0
4 0 0 -111 0 0 0 0
4 0 0 -60 0 0 0 0
4 0 1 3 0 1 0 -175
5 1 0 62 0 0 0 0
5 0 1 16 0 1 78 0
3 1 0 -114 0 0 0 0
3 0 0 -35 0 0 0 0
3 0 0 -111 0 0 0 0
3 0 1 -74 0 1 -35 0
3 1 0 63 0 0 0 0
3 0 0 -107 0 0 0 0
3 0 0 -124 0 0 0 0
3 0 0 14 0 0 0 0
3 0 0 8 0 0 0 0
3 0 0 70 0 0 0 0
3 0 0 -104 0 0 0 0
3 0 0 -45 0 0 0 0
3 0 0 67 0 0 0 0
3 0 0 13 0 0 0 0
3 0 0 -88 0 0 0 0
3 0 0 6 0 0 0 0
3 0 0 -91 0 0 0 0
3 0 0 111 0 0 0 0
3 0 0 -43 0 0 0 0
3 0 0 -5 0 0 0 0
3 0 0 118 0 0 0 0
3 0 0 5 0 0 0 0
3 0 0 120 0 0 0 0
3 0 0 109 0 0 0 0
3 0 0 -69 0 0 0 0
3 0 0 79 0 0 0 0
3 0 0 -35 0 0 0 0
3 0 0 38 0 0 0 0
3 0 0 71 0 0 0 0
3 0 0 -26 0 0 0 0
3 0 0 55 0 0 0 0
3 0 0 62 0 0 0 0
3 0 1 -108 0 1 120 0
4 1 0 9 0 0 0 0
4 0 0 -97 0 0 0 0
4 0 0 -78 0 0 0 0
4 0 0 -98 0 0 0 0
4 0 0 6 0 0 0 0
4 0 0 -86 0 0 0 0
4 0 0 19 0 0 0 0
4 0 0 85 0 0 0 0
4 0 0 74 0 0 0 0
4 0 0 -73 0 0 0 0
4 0 0 -125 0 0 0 0
4 0 0 -117 0 0 0 0
4 0 1 120 0 1 0 -361
3 1 0 -48 0 0 0 0
3 0 0 -20 0 0 0 0
3 0 0 -106 0 0 0 0
3 0 0 -85 0 0 0 0
3 0 0 112 0 0 0 0
3 0 0 -9 0 0 0 0
3 0 0 74 0 0 0 0
3 0 0 59 0 0 0 0
3 0 0 14 0 0 0 0
3 0 0 21 0 0 0 0
3 0 0 -111 0 0 0 0
3 0 0 111 0 0 0 0
3 0 0 -37 0 0 0 0
3 0 0 62 0 0 0 0
3 0 0 -81 0 0 0 0
3 0 0 -30 0 0 0 0
3 0 0 -48 0 0 0 0
3 0 0 56 0 0 0 0
3 0 0 -67 0 0 0 0
3 0 0 127 0 0 0 0
3 0 0 122 0 0 0 0
3 0 0 -80 0 0 0 0
3 0 0 -95 0 0 0 0
3 0 0 50 0 0 0 0
3 0 0 6 0 0 0 0
3 0 1 -65 0 1 127 0
3 1 0 24 0 0 0 0
3 0 0 -7 0 0 0 0
3 0 0 -107 0 0 0 0
3 0 0 78 0 0 0 0
3 0 0 -66 0 0 0 0
3 0 0 63 0 0 0 0
3 0 0 -55 0 0 0 0
3 0 0 -40 0 0 0 0
3 0 0 48 0 0 0 0
3 0 0 53 0 0 0 0
3 0 1 87 0 1 87 0
4 1 1 -43 0 1 0 -43
4 1 0 -108 0 0 0 0
4 0 0 29 0 0 0 0
4 0 0 -37 0 0 0 0
4 0 0 -41 0 0 0 0
4 0 0 -56 0 0 0 0
4 0 0 -123 0 0 0 0
4 0 0 -14 0 0 0 0
4 0 0 -22 0 0 0 0
4 0 0 -93 0 0 0 0
4 0 0 -87 0 0 0 0
4 0 0 107 0 0 0 0
4 0 0 115 0 0 0 0
4 0 1 -74 0 1 0 -404
5 1 0 40 0 0 0 0
5 0 1 -106 0 1 -66 0
5 1 0 -31 0 0 0 0
5 0 1 -18 0 1 -49 0
5 1 0 59 0 0 0 0
5 0 1 -80 0 1 -21 0
5 1 0 -90 0 0 0 0
5 0 1 -78 0 1 -127 0
5 1 0 57 0 0 0 0
5 0 1 -29 0 1 28 0
5 1 0 74 0 0 0 0
5 0 1 -74 0 1 0 0
3 1 0 104 0 0 0 0
3 0 0 65 0 0 0 0
3 0 0 53 0 0 0 0
3 0 0 68 0 0 0 0
3 0 0 -83 0 0 0 0
3 0 0 -32 0 0 0 0
3 0 0 -97 0 0 0 0
3 0 0 32 0 0 0 0
3 0 0 -85 0 0 0 0
3 0 0 -77 0 0 0 0
3 0 0 37 0 0 0 0
3 0 0 55 0 0 0 0
3 0 0 2 0 0 0 0
3 0 0 -39 0 0 0 0
3 0 0 -95 0 0 0 0
3 0 0 58 0 0 0 0
3 0 0 -109 0 0 0 0
3 0 0 90 0 0 0 0
3 0 0 -7 0 0 0 0
3 0 0 90 0 0 0 0
3 0 0 -38 0 0 0 0
3 0 0 49 0 0 0 0
3 0 0 2 0 0 0 0
3 0 0 -37 0 0 0 0
3 0 0 -46 0 0 0 0
3 0 0 -1 0 0 0 0
3 0 0 -116 0 0 0 0
3 0 0 -16 0 0 0 0
3 0 0 -11 0 0 0 0
3 0 1 -27 0 1 104 0
4 1 0 51 0 0 0 0
4 0 0 74 0 0 0 0
4 0 0 80 0 0 0 0
4 0 0 -119 0 0 0 0
4 0 0 -72 0 0 0 0
4 0 0 -92 0 0 0 0
4 0 0 3 0 0 0 0
4 0 0 14 0 0 0 0
4 0 1 -116 0 1 0 -177
3 1 0 22 0 0 0 0
3 0 0 100 0 0 0 0
3 0 0 -124 0 0 0 0
3 0 0 -80 0 0 0 0
3 0 0 -58 0 0 0 0
3 0 0 -93 0 0 0 0
3 0 0 -22 0 0 0 0
3 0 0 -88 0 0 0 0
3 0 0 -109 0 0 0 0
3 0 0 -99 0 0 0 0
3 0 0 -73 0 0 0 0
3 0 0 -108 0 0 0 0
3 0 0 -11 0 0 0 0
3 0 0 -106 0 0 0 0
3 0 0 104 0 0 0 0
3 0 0 -92 0 0 0 0
3 0 0 99 0 0 0 0
3 0 0 2 0 0 0 0
3 0 0 -74 0 0 0 0
3 0 0 14 0 0 0 0
3 0 0 -48 0 0 0 0
3 0 0 -59 0 0 0 0
3 0 0 62 0 0 0 0
3 0 0 70 0 0 0 0
3 0 0 -112 0 0 0 0
3 0 0 -126 0 0 0 0
3 0 0 57 0 0 0 0
3 0 0 -19 0 0 0 0
3 0 0 121 0 0 0 0
3 0 1 109 0 1 121 0
4 1 0 -75 0 0 0 0
4 0 0 -51 0 0 0 0
4 0 0 -84 0 0 0 0
4 0 0 31 0 0 0 0
4 0 0 25 0 0 0 0
4 0 0 92 0 0 0 0
4 0 0 110 0 0 0 0
4 0 0 122 0 0 0 0
4 0 0 -29 0 0 0 0
4 0 0 25 0 0 0 0
4 0 0 68 0 0 0 0
4 0 0 56 0 0 0 0
4 0 1 -67 0 1 0 223
3 1 0 90 0 0 0 0
3 0 0 85 0 0 0 0
3 0 0 21 0 0 0 0
3 0 0 11 0 0 0 0
3 0 0 14 0 0 0 0
3 0 0 -10 0 0 0 0
3 0 0 -126 0 0 0 0
3 0 0 28 0 0 0 0
3 0 0 -30 0 0 0 0
3 0 0 32 0 0 0 0
3 0 0 45 0 0 0 0
3 0 0 126 0 0 0 0
3 0 0 0 0 0 0 0
3 0 0 -31 0 0 0 0
3 0 0 -14 0 0 0 0
3 0 0 -39 0 0 0 0
3 0 0 86 0 0 0 0
3 0 0 31 0 0 0 0
3 0 0 -106 0 0 0 0
3 0 0 -82 0 0 0 0
3 0 0 -119 0 0 0 0
3 0 0 -15 0 0 0 0
3 0 0 56 0 0 0 0
3 0 0 87 0 0 0 0
3 0 0 -27 0 0 0 0
3 0 0 -91 0 0 0 0
3 0 0 66 0 0 0 0
3 0 0 -37 0 0 0 0
3 0 0 -64 0 0 0 0
3 0 1 -25 0 1 126 0
4 1 0 120 0 0 0 0
4 0 0 95 0 0 0 0
4 0 0 -25 0 0 0 0
4 0 0 -87 0 0 0 0
4 0 0 -103 0 0 0 0
4 0 0 34 0 0 0 0
4 0 0 38 0 0 0 0
4 0 0 -121 0 0 0 0
4 0 0 115 0 0 0 0
4 0 0 72 0 0 0 0
4 0 0 17 0 0 0 0
4 0 0 -3 0 0 0 0
4 0 0 114 0 0 0 0
4 0 0 -48 0 0 0 0
4 0 0 -15 0 0 0 0
4 0 0 58 0 0 0 0
4 0 0 -36 0 0 0 0
4 0 0 -83 0 0 0 0
4 0 0 39 0 0 0 0
4 0 0 46 0 0 0 0
4 0 0 68 0 0 0 0
4 0 0 85 0 0 0 0
4 0 0 107 0 0 0 0
4 0 0 57 0 0 0 0
4 0 0 -115 0 0 0 0
4 0 0 -83 0 0 0 0
4 0 1 -93 0 1 0 253
4 1 0 -27 0 0 0 0
4 0 0 117 0 0 0 0
4 0 0 120 0 0 0 0
4 0 0 23 0 0 0 0
4 0 0 -23 0 0 0 0
4 0 0 94 0 0 0 0
4 0 0 -91 0 0 0 0
4 0 0 -17 0 0 0 0
4 0 0 106 0 0 0 0
4 0 0 -110 0 0 0 0
4 0 0 -14 0 0 0 0
4 0 0 -66 0 0 0 0
4 0 0 57 0 0 0 0
4 0 0 39 0 0 0 0
4 0 0 13 0 0 0 0
4 0 0 79 0 0 0 0
4 0 0 37 0 0 0 0
4 0 1 -26 0 1 0 311
4 1 0 -82 0 0 0 0
4 0 0 -26 0 0 0 0
4 0 0 -21 0 0 0 0
4 0 0 108 0 0 0 0
4 0 0 -9 0 0 0 0
4 0 0 -1 0 0 0 0
4 0 0 -45 0 0 0 0
4 0 0 92 0 0 0 0
4 0 0 -87 0 0 0 0
4 0 1 -13 0 1 0 -84
3 1 0 -81 0 0 0 0
3 0 0 -7 0 0 0 0
3 0 0 44 0 0 0 0
3 0 0 13 0 0 0 0
3 0 0 -113 0 0 0 0
3 0 0 -60 0 0 0 0
3 0 0 -119 0 0 0 0
3 0 0 -35 0 0 0 0
3 0 0 -91 0 0 0 0
3 0 0 -99 0 0 0 0
3 0 0 -8 0 0 0 0
3 0 0 54 0 0 0 0
3 0 0 105 0 0 0 0
3 0 0 80 0 0 0 0
3 0 0 122 0 0 0 0
3 0 0 15 0 0 0 0
3 0 0 -33 0 0 0 0
3 0 0 28 0 0 0 0
3 0 0 112 0 0 0 0
3 0 0 96 0 0 0 0
3 0 0 124 0 0 0 0
3 0 0 -30 0 0 0 0
3 0 0 31 0 0 0 0
3 0 0 -46 0 0 0 0
3 0 0 -21 0 0 0 0
3 0 0 -37 0 0 0 0
3 0 0 14 0 0 0 0
3 0 0 -65 0 0 0 0
3 0 0 95 0 0 0 0
3 0 1 52 0 1 124 0
5 1 0 100 0 0 0 0
5 0 1 -7 0 1 93 0
4 1 0 80 0 0 0 0
4 0 0 15 0 0 0 0
4 0 0 -38 0 0 0 0
4 0 0 73 0 0 0 0
4 0 0 -97 0 0 0 0
4 0 0 -120 0 0 0 0
4 0 1 6 0 1 0 -81
5 1 0 -42 0 0 0 0
5 0 1 -82 0 1 -124 0
5 1 0 -48 0 0 0 0
5 0 1 21 0 1 -27 0
5 1 0 -11 0 0 0 0
5 0 1 98 0 1 87 0
5 1 0 93 0 0 0 0
5 0 1 63 0 1 127 0
4 1 0 84 0 0 0 0
4 0 0 77 0 0 0 0
4 0 0 -86 0 0 0 0
4 0 0 -37 0 0 0 0
4 0 0 -49 0 0 0 0
4 0 0 -1 0 0 0 0
4 0 0 -71 0 0 0 0
4 0 0 31 0 0 0 0
4 0 0 -1 0 0 0 0
4 0 0 -95 0 0 0 0
4 0 0 114 0 0 0 0
4 0 0 125 0 0 0 0
4 0 0 -123 0 0 0 0
4 0 0 22 0 0 0 0
4 0 0 -45 0 0 0 0
4 0 0 -119 0 0 0 0
4 0 0 125 0 0 0 0
4 0 0 -74 0 0 0 0
4 0 0 -52 0 0 0 0
4 0 0 77 0 0 0 0
4 0 0 24 0 0 0 0
4 0 1 -12 0 1 0 -86
5 1 0 -5 0 0 0 0
5 0 1 -33 0 1 -38 0
5 1 0 -25 0 0 0 0
5 0 1 -48 0 1 -73 0
5 1 0 -117 0 0 0 0
5 0 1 -117 0 1 -127 0
3 1 0 -67 0 0 0 0
3 0 0 -33 0 0 0 0
3 0 0 10 0 0 0 0
3 0 0 -126 0 0 0 0
3 0 0 6 0 0 0 0
3 0 0 -112 0 0 0 0
3 0 0 87 0 0 0 0
3 0 0 84 0 0 0 0
3 0 0 -127 0 0 0 0
3 0 0 -96 0 0 0 0
3 0 0 89 0 0 0 0
3 0 0 12 0 0 0 0
3 0 0 -27 0 0 0 0
3 0 0 -3 0 0 0 0
3 0 0 29 0 0 0 0
3 0 0 -71 0 0 0 0
3 0 0 -91 0 0 0 0
3 0 0 60 0 0 0 0
3 0 0 78 0 0 0 0
3 0 0 -102 0 0 0 0
3 0 0 49 0 0 0 0
3 0 0 -10 0 0 0 0
3 0 0 18 0 0 0 0
3 0 1 67 0 1 89 0
3 1 0 34 0 0 0 0
3 0 0 -63 0 0 0 0
3 0 0 -79 0 0 0 0
3 0 0 -115 0 0 0 0
3 0 0 64 0 0 0 0
3 0 0 -64 0 0 0 0
3 0 0 20 0 0 0 0
3 0 0 -127 0 0 0 0
3 0 0 60 0 0 0 0
3 0 0 27 0 0 0 0
3 0 0 105 0 0 0 0
3 0 0 -34 0 0 0 0
3 0 0 -66 0 0 0 0
3 0 0 12 0 0 0 0
3 0 0 -55 0 0 0 0
3 0 0 118 0 0 0 0
3 0 0 24 0 0 0 0
3 0 0 -116 0 0 0 0
3 0 0 -71 0 0 0 0
3 0 0 -7 0 0 0 0
3 0 0 92 0 0 0 0
3 0 0 81 0 0 0 0
3 0 0 -101 0 0 0 0
3 0 0 69 0 0 0 0
3 0 0 50 0 0 0 0
3 0 0 -96 0 0 0 0
3 0 0 52 0 0 0 0
3 0 0 -20 0 0 0 0
3 0 0 52 0 0 0 0
3 0 1 -49 0 1 118 0
4 1 0 -20 0 0 0 0
4 0 0 -117 0 0 0 0
4 0 0 111 0 0 0 0
4 0 0 5 0 0 0 0
4 0 0 114 0 0 0 0
4 0 0 -3 0 0 0 0
4 0 0 26 0 0 0 0
4 0 0 16 0 0 0 0
4 0 0 -40 0 0 0 0
4 0 0 -101 0 0 0 0
4 0 0 -47 0 0 0 0
4 0 0 -42 0 0 0 0
4 0 0 -46 0 0 0 0
4 0 0 44 0 0 0 0
4 0 0 -11 0 0 0 0
4 0 0 31 0 0 0 0
4 0 0 -105 0 0 0 0
4 0 0 102 0 0 0 0
4 0 0 -56 0 0 0 0
4 0 0 47 0 0 0 0
4 0 0 -104 0 0 0 0
4 0 0 -52 0 0 0 0
4 0 0 88 0 0 0 0
4 0 0 -25 0 0 0 0
4 0 0 104 0 0 0 0
4 0 0 82 0 0 0 0
4 0 0 -31 0 0 0 0
4 0 0 60 0 0 0 0
4 0 0 32 0 0 0 0
4 0 0 21 0 0 0 0
4 0 1 73 0 1 0 156
5 1 0 96 0 0 0 0
5 0 1 26 0 1 122 0
3 1 0 34 0 0 0 0
3 0 0 -99 0 0 0 0
3 0 0 -57 0 0 0 0
3 0 0 -39 0 0 0 0
3 0 0 -80 0 0 0 0
3 0 0 79 0 0 0 0
3 0 0 115 0 0 0 0
3 0 0 -7 0 0 0 0
3 0 0 -122 0 0 0 0
3 0 0 84 0 0 0 0
3 0 0 -91 0 0 0 0
3 0 0 120 0 0 0 0
3 0 0 28 0 0 0 0
3 0 0 -36 0 0 0 0
3 0 0 -88 0 0 0 0
3 0 0 110 0 0 0 0
3 0 0 48 0 0 0 0
3 0 0 82 0 0 0 0
3 0 0 54 0 0 0 0
3 0 0 47 0 0 0 0
3 0 0 -76 0 0 0 0
3 0 0 -114 0 0 0 0
3 0 0 101 0 0 0 0
3 0 0 100 0 0 0 0
3 0 0 -106 0 0 0 0
3 0 0 -82 0 0 0 0
3 0 0 -123 0 0 0 0
3 0 1 -59 0 1 120 0
5 1 0 88 0 0 0 0
5 0 1 24 0 1 112 0
3 1 0 8 0 0 0 0
3 0 0 16 0 0 0 0
3 0 0 -54 0 0 0 0
3 0 0 15 0 0 0 0
3 0 0 127 0 0 0 0
3 0 0 123 0 0 0 0
3 0 0 98 0 0 0 0
3 0 0 64 0 0 0 0
3 0 0 55 0 0 0 0
3 0 0 46 0 0 0 0
3 0 0 53 0 0 0 0
3 0 0 -48 0 0 0 0
3 0 0 73 0 0 0 0
3 0 0 -90 0 0 0 0
3 0 0 112 0 0 0 0
3 0 0 34 0 0 0 0
3 0 0 117 0 0 0 0
3 0 0 -95 0 0 0 0
3 0 0 -93 0 0 0 0
3 0 0 -7 0 0 0 0
3 0 0 -93 0 0 0 0
3 0 0 54 0 0 0 0
3 0 0 15 0 0 0 0
3 0 0 -41 0 0 0 0
3 0 1 -28 0 1 127 0
5 1 0 56 0 0 0 0
5 0 1 96 0 1 127 0
5 1 0 48 0 0 0 0
5 0 1 -23 0 1 25 0
3 1 0 -121 0 0 0 0
3 0 0 -29 0 0 0 0
3 0 0 38 0 0 0 0
3 0 0 -44 0 0 0 0
3 0 0 -97 0 0 0 0
3 0 0 -81 0 0 0 0
3 0 0 74 0 0 0 0
3 0 0 -106 0 0 0 0
3 0 0 56 0 0 0 0
3 0 0 -88 0 0 0 0
3 0 0 -47 0 0 0 0
3 0 0 -86 0 0 0 0
3 0 0 18 0 0 0 0
3 0 0 96 0 0 0 0
3 0 0 -122 0 0 0 0
3 0 0 -74 0 0 0 0
3 0 0 -43 0 0 0 0
3 0 0 -128 0 0 0 0
3 0 0 -20 0 0 0 0
3 0 0 25 0 0 0 0
3 0 0 -79 0 0 0 0
3 0 0 39 0 0 0 0
3 0 0 -42 0 0 0 0
3 0 0 51 0 0 0 0
3 0 1 -5 0 1 96 0
3 1 0 65 0 0 0 0
3 0 0 -78 0 0 0 0
3 0 0 -70 0 0 0 0
3 0 0 64 0 0 0 0
3 0 0 -73 0 0 0 0
3 0 0 -97 0 0 0 0
3 0 0 106 0 0 0 0
3 0 0 -87 0 0 0 0
3 0 0 54 0 0 0 0
3 0 0 -11 0 0 0 0
3 0 0 95 0 0 0 0
3 0 0 10 0 0 0 0
3 0 0 -105 0 0 0 0
3 0 0 -119 0 0 0 0
3 0 0 -59 0 0 0 0
3 0 0 66 0 0 0 0
3 0 0 -18 0 0 0 0
3 0 0 98 0 0 0 0
3 0 0 -52 0 0 0 0
3 0 0 37 0 0 0 0
3 0 0 19 0 0 0 0
3 0 0 27 0 0 0 0
3 0 0 -105 0 0 0 0
3 0 0 -120 0 0 0 0
3 0 0 -89 0 0 0 0
3 0 1 -11 0 1 106 0
5 1 0 4 0 0 0 0
5 0 1 -102 0 1 -98 0
4 1 0 43 0 0 0 0
4 0 0 -73 0 0 0 0
4 0 0 45 0 0 0 0
4 0 1 14 0 1 0 29
4 1 0 -117 0 0 0 0
4 0 0 2 0 0 0 0
4 0 0 42 0 0 0 0
4 0 0 39 0 0 0 0
4 0 0 46 0 0 0 0
4 0 0 -84 0 0 0 0
4 0 0 -61 0 0 0 0
4 0 0 -51 0 0 0 0
4 0 0 15 0 0 0 0
4 0 0 32 0 0 0 0
4 0 0 -61 0 0 0 0
4 0 0 87 0 0 0 0
4 0 0 33 0 0 0 0
4 0 0 -76 0 0 0 0
4 0 0 107 0 0 0 0
4 0 0 64 0 0 0 0
4 0 0 -50 0 0 0 0
4 0 0 61 0 0 0 0
4 0 0 -28 0 0 0 0
4 0 0 124 0 0 0 0
4 0 0 72 0 0 0 0
4 0 0 -22 0 0 0 0
4 0 0 -42 0 0 0 0
4 0 0 40 0 0 0 0
4 0 0 124 0 0 0 0
4 0 0 30 0 0 0 0
4 0 0 -83 0 0 0 0
4 0 0 -33 0 0 0 0
4 0 0 -6 0 0 0 0
4 0 1 35 0 1 0 239
3 1 1 -7 0 1 -7 0
5 1 0 -99 0 0 0 0
5 0 1 55 0 1 -44 0
5 1 0 83 0 0 0 0
5 0 1 19 0 1 102 0
5 1 0 -102 0 0 0 0
5 0 1 -125 0 1 -127 0
5 1 0 -44 0 0 0 0
5 0 1 -7 0 1 -51 0
5 1 0 -123 0 0 0 0
5 0 1 23 0 1 -100 0
3 1 0 126 0 0 0 0
3 0 0 -65 0 0 0 0
3 0 0 43 0 0 0 0
3 0 0 -91 0 0 0 0
3 0 0 14 0 0 0 0
3 0 0 -10 0 0 0 0
3 0 0 -99 0 0 0 0
3 0 0 -110 0 0 0 0
3 0 0 -38 0 0 0 0
3 0 0 -96 0 0 0 0
3 0 1 -24 0 1 126 0
4 1 0 -47 0 0 0 0
4 0 0 -77 0 0 0 0
4 0 0 -64 0 0 0 0
4 0 0 -73 0 0 0 0
4 0 0 -116 0 0 0 0
4 0 0 16 0 0 0 0
4 0 0 24 0 0 0 0
4 0 0 -17 0 0 0 0
4 0 0 -26 0 0 0 0
4 0 0 -65 0 0 0 0
4 0 1 -64 0 1 0 -509
4 1 0 -68 0 0 0 0
4 0 0 81 0 0 0 0
4 0 0 -94 0 0 0 0
4 0 0 -47 0 0 0 0
4 0 0 -44 0 0 0 0
4 0 1 -91 0 1 0 -263
5 1 0 -64 0 0 0 0
5 0 1 -89 0 1 -127 0
3 1 0 50 0 0 0 0
3 0 0 -27 0 0 0 0
3 0 0 -113 0 0 0 0
3 0 0 35 0 0 0 0
3 0 0 95 0 0 0 0
3 0 0 14 0 0 0 0
3 0 0 23 0 0 0 0
3 0 0 126 0 0 0 0
3 0 0 107 0 0 0 0
3 0 0 103 0 0 0 0
3 0 0 70 0 0 0 0
3 0 0 -94 0 0 0 0
3 0 0 -86 0 0 0 0
3 0 0 -57 0 0 0 0
3 0 0 -70 0 0 0 0
3 0 0 -8 0 0 0 0
3 0 0 -101 0 0 0 0
3 0 0 -71 0 0 0 0
3 0 1 -82 0 1 126 0
4 1 0 -75 0 0 0 0
4 0 0 52 0 0 0 0
4 0 0 116 0 0 0 0
4 0 0 67 0 0 0 0
4 0 0 114 0 0 0 0
4 0 0 -22 0 0 0 0
4 0 0 -110 0 0 0 0
4 0 0 73 0 0 0 0
4 0 0 103 0 0 0 0
4 0 0 -20 0 0 0 0
4 0 0 26 0 0 0 0
4 0 0 124 0 0 0 0
4 0 0 109 0 0 0 0
4 0 0 60 0 0 0 0
4 0 0 -111 0 0 0 0
4 0 0 71 0 0 0 0
4 0 0 -15 0 0 0 0
4 0 0 -119 0 0 0 0
4 0 0 15 0 0 0 0
4 0 0 -42 0 0 0 0
4 0 0 65 0 0 0 0
4 0 0 88 0 0 0 0
4 0 0 54 0 0 0 0
4 0 1 18 0 1 0 641
3 1 0 14 0 0 0 0
3 0 0 -15 0 0 0 0
3 0 0 82 0 0 0 0
3 0 0 59 0 0 0 0
3 0 0 52 0 0 0 0
3 0 0 109 0 0 0 0
3 0 0 112 0 0 0 0
3 0 0 -2 0 0 0 0
3 0 0 127 0 0 0 0
3 0 0 -40 0 0 0 0
3 0 0 89 0 0 0 0
3 0 0 21 0 0 0 0
3 0 0 -90 0 0 0 0
3 0 0 106 0 0 0 0
3 0 0 41 0 0 0 0
3 0 0 -51 0 0 0 0
3 0 0 -72 0 0 0 0
3 0 0 13 0 0 0 0
3 0 1 -50 0 1 127 0
5 1 0 74 0 0 0 0
5 0 1 -56 0 1 18 0
3 1 0 -2 0 0 0 0
3 0 0 102 0 0 0 0
3 0 0 102 0 0 0 0
3 0 0 2 0 0 0 0
3 0 0 -75 0 0 0 0
3 0 0 22 0 0 0 0
3 0 0 43 0 0 0 0
3 0 0 -113 0 0 0 0
3 0 0 -124 0 0 0 0
3 0 0 -113 0 0 0 0
3 0 0 114 0 0 0 0
3 0 0 44 0 0 0 0
3 0 0 -101 0 0 0 0
3 0 0 77 0 0 0 0
3 0 0 -121 0 0 0 0
3 0 0 -105 0 0 0 0
3 0 0 -101 0 0 0 0
3 0 0 -91 0 0 0 0
3 0 0 -81 0 0 0 0
3 0 0 18 0 0 0 0
3 0 0 47 0 0 0 0
3 0 1 -103 0 1 114 0
4 1 0 32 0 0 0 0
4 0 0 -6 0 0 0 0
4 0 0 71 0 0 0 0
4 0 1 -49 0 1 0 48
4 1 0 9 0 0 0 0
4 0 0 -95 0 0 0 0
4 0 0 53 0 0 0 0
4 0 1 98 0 1 0 65
5 1 0 -109 0 0 0 0
5 0 1 53 0 1 -56 0
5 1 0 -11 0 0 0 0
5 0 1 100 0 1 89 0
3 1 0 -3 0 0 0 0
3 0 0 87 0 0 0 0
3 0 0 76 0 0 0 0
3 0 0 14 0 0 0 0
3 0 0 -65 0 0 0 0
3 0 0 39 0 0 0 0
3 0 0 105 0 0 0 0
3 0 0 62 0 0 0 0
3 0 0 102 0 0 0 0
3 0 0 -7 0 0 0 0
3 0 0 -113 0 0 0 0
3 0 0 95 0 0 0 0
3 0 0 6 0 0 0 0
3 0 0 105 0 0 0 0
3 0 0 57 0 0 0 0
3 0 0 77 0 0 0 0
3 0 0 2 0 0 0 0
3 0 0 -5 0 0 0 0
3 0 0 117 0 0 0 0
3 0 0 -124 0 0 0 0
3 0 0 9 0 0 0 0
3 0 1 32 0 1 117 0
3 1 0 34 0 0 0 0
3 0 0 -50 0 0 0 0
3 0 0 86 0 0 0 0
3 0 0 32 0 0 0 0
3 0 0 -32 0 0 0 0
3 0 0 -95 0 0 0 0
3 0 0 98 0 0 0 0
3 0 0 126 0 0 0 0
3 0 0 83 0 0 0 0
3 0 0 116 0 0 0 0
3 0 0 -103 0 0 0 0
3 0 1 11 0 1 126 0
5 1 0 40 0 0 0 0
5 0 1 16 0 1 56 0
3 1 1 -110 0 1 -110 0
4 1 0 26 0 0 0 0
4 0 0 -63 0 0 0 0
4 0 0 -50 0 0 0 0
4 0 0 118 0 0 0 0
4 0 0 52 0 0 0 0
4 0 0 -18 0 0 0 0
4 0 0 -116 0 0 0 0
4 0 0 -61 0 0 0 0
4 0 0 117 0 0 0 0
4 0 0 -128 0 0 0 0
4 0 1 -128 0 1 0 -251
3 1 0 93 0 0 0 0
3 0 0 -95 0 0 0 0
3 0 1 40 0 1 93 0
5 1 0 -28 0 0 0 0
5 0 1 -111 0 1 -127 0
4 1 0 -60 0 0 0 0
4 0 0 -112 0 0 0 0
4 0 0 80 0 0 0 0
4 0 0 91 0 0 0 0
4 0 0 -17 0 0 0 0
4 0 0 -117 0 0 0 0
4 0 0 -52 0 0 0 0
4 0 0 103 0 0 0 0
4 0 0 -6 0 0 0 0
4 0 1 12 0 1 0 -78
3 1 0 54 0 0 0 0
3 0 0 26 0 0 0 0
3 0 0 -3 0 0 0 0
3 0 0 41 0 0 0 0
3 0 0 127 0 0 0 0
3 0 0 -38 0 0 0 0
3 0 0 -82 0 0 0 0
3 0 0 -107 0 0 0 0
3 0 0 30 0 0 0 0
3 0 0 -17 0 0 0 0
3 0 0 106 0 0 0 0
3 0 0 97 0 0 0 0
3 0 0 -62 0 0 0 0
3 0 0 -116 0 0 0 0
3 0 0 28 0 0 0 0
3 0 0 -38 0 0 0 0
3 0 0 -69 0 0 0 0
3 0 0 85 0 0 0 0
3 0 0 102 0 0 0 0
3 0 0 94 0 0 0 0
3 0 0 -93 0 0 0 0
3 0 1 -65 0 1 127 0
4 1 0 -96 0 0 0 0
4 0 0 -25 0 0 0 0
4 0 0 22 0 0 0 0
4 0 0 -48 0 0 0 0
4 0 0 -106 0 0 0 0
4 0 0 0 0 0 0 0
4 0 0 -62 0 0 0 0
4 0 0 103 0 0 0 0
4 0 1 -25 0 1 0 -237
5 1 0 -65 0 0 0 0
5 0 1 35 0 1 -30 0
5 1 0 28 0 0 0 0
5 0 1 -109 0 1 -81 0
4 1 1 42 0 1 0 42
3 1 0 35 0 0 0 0
3 0 0 -31 0 0 0 0
3 0 0 126 0 0 0 0
3 0 0 26 0 0 0 0
3 0 0 78 0 0 0 0
3 0 0 65 0 0 0 0
3 0 0 101 0 0 0 0
3 0 0 -82 0 0 0 0
3 0 0 -103 0 0 0 0
3 0 0 5 0 0 0 0
3 0 0 -124 0 0 0 0
3 0 0 102 0 0 0 0
3 0 0 -5 0 0 0 0
3 0 0 104 0 0 0 0
3 0 0 -6 0 0 0 0
3 0 0 60 0 0 0 0
3 0 0 29 0 0 0 0
3 0 1 126 0 1 126 0
5 1 0 -71 0 0 0 0
5 0 1 59 0 1 -12 0
5 1 0 -107 0 0 0 0
5 0 1 -113 0 1 -127 0
3 1 0 -21 0 0 0 0
3 0 0 -102 0 0 0 0
3 0 0 -28 0 0 0 0
3 0 0 87 0 0 0 0
3 0 0 126 0 0 0 0
3 0 0 -104 0 0 0 0
3 0 0 -87 0 0 0 0
3 0 0 -121 0 0 0 0
3 0 0 27 0 0 0 0
3 0 0 -55 0 0 0 0
3 0 0 -61 0 0 0 0
3 0 0 58 0 0 0 0
3 0 0 -87 0 0 0 0
3 0 0 -73 0 0 0 0
3 0 0 40 0 0 0 0
3 0 0 48 0 0 0 0
3 0 0 -90 0 0 0 0
3 0 0 -89 0 0 0 0
3 0 0 -21 0 0 0 0
3 0 0 -3 0 0 0 0
3 0 0 94 0 0 0 0
3 0 1 -55 0 1 126 0
3 1 0 -123 0 0 0 0
3 0 0 98 0 0 0 0
3 0 0 -84 0 0 0 0
3 0 0 88 0 0 0 0
3 0 0 -120 0 0 0 0
3 0 0 80 0 0 0 0
3 0 0 -35 0 0 0 0
3 0 0 -12 0 0 0 0
3 0 0 39 0 0 0 0
3 0 0 -107 0 0 0 0
3 0 0 62 0 0 0 0
3 0 0 -76 0 0 0 0
3 0 0 -76 0 0 0 0
3 0 0 -19 0 0 0 0
3 0 0 45 0 0 0 0
3 0 0 123 0 0 0 0
3 0 0 40 0 0 0 0
3 0 0 -127 0 0 0 0
3 0 1 -54 0 1 123 0
3 1 0 58 0 0 0 0
3 0 0 4 0 0 0 0
3 0 0 -72 0 0 0 0
3 0 0 61 0 0 0 0
3 0 0 -123 0 0 0 0
3 0 0 104 0 0 0 0
3 0 0 7 0 0 0 0
3 0 0 -89 0 0 0 0
3 0 0 17 0 0 0 0
3 0 0 -65 0 0 0 0
3 0 0 56 0 0 0 0
3 0 0 105 0 0 0 0
3 0 0 -122 0 0 0 0
3 0 0 -89 0 0 0 0
3 0 0 90 0 0 0 0
3 0 0 -42 0 0 0 0
3 0 0 -121 0 0 0 0
3 0 0 42 0 0 0 0
3 0 0 106 0 0 0 0
3 0 1 116 0 1 116 0
5 1 0 124 0 0 0 0
5 0 1 44 0 1 127 0
5 1 0 89 0 0 0 0
5 0 1 -63 0 1 26 0
3 1 0 -60 0 0 0 0
3 0 0 62 0 0 0 0
3 0 1 -93 0 1 62 0
4 1 0 31 0 0 0 0
4 0 0 -33 0 0 0 0
4 0 0 -73 0 0 0 0
4 0 0 39 0 0 0 0
4 0 0 -45 0 0 0 0
4 0 0 -52 0 0 0 0
4 0 0 124 0 0 0 0
4 0 0 -51 0 0 0 0
4 0 0 7 0 0 0 0
4 0 0 107 0 0 0 0
4 0 0 17 0 0 0 0
4 0 0 104 0 0 0 0
4 0 1 87 0 1 0 262
5 1 0 -82 0 0 0 0
5 0 1 -20 0 1 -102 0
5 1 0 65 0 0 0 0
5 0 1 80 0 1 127 0
4 1 0 -83 0 0 0 0
4 0 0 -81 0 0 0 0
4 0 0 -38 0 0 0 0
4 0 0 -114 0 0 0 0
4 0 0 71 0 0 0 0
4 0 0 2 0 0 0 0
4 0 0 -8 0 0 0 0
4 0 0 36 0 0 0 0
4 0 0 115 0 0 0 0
4 0 0 -42 0 0 0 0
4 0 0 -121 0 0 0 0
4 0 0 37 0 0 0 0
4 0 1 43 0 1 0 -183
3 1 0 82 0 0 0 0
3 0 1 -115 0 1 82 0
3 1 0 -18 0 0 0 0
3 0 0 -97 0 0 0 0
3 0 0 65 0 0 0 0
3 0 0 114 0 0 0 0
3 0 0 17 0 0 0 0
3 0 0 -102 0 0 0 0
3 0 0 -71 0 0 0 0
3 0 0 126 0 0 0 0
3 0 0 -108 0 0 0 0
3 0 0 -42 0 0 0 0
3 0 0 -65 0 0 0 0
3 0 0 107 0 0 0 0
3 0 0 31 0 0 0 0
3 0 1 -108 0 1 126 0
5 1 0 -30 0 0 0 0
5 0 1 57 0 1 27 0
4 1 0 66 0 0 0 0
4 0 0 13 0 0 0 0
4 0 0 66 0 0 0 0
4 0 0 110 0 0 0 0
4 0 0 -2 0 0 0 0
4 0 0 112 0 0 0 0
4 0 0 -3 0 0 0 0
4 0 0 18 0 0 0 0
4 0 0 82 0 0 0 0
4 0 0 67 0 0 0 0
4 0 0 -41 0 0 0 0
4 0 0 -66 0 0 0 0
4 0 0 -84 0 0 0 0
4 0 0 -121 0 0 0 0
4 0 0 -101 0 0 0 0
4 0 0 -22 0 0 0 0
4 0 0 27 0 0 0 0
4 0 0 -69 0 0 0 0
4 0 0 -7 0 0 0 0
4 0 0 -39 0 0 0 0
4 0 0 73 0 0 0 0
4 0 0 -94 0 0 0 0
4 0 1 22 0 1 0 7
3 1 0 -73 0 0 0 0
3 0 0 83 0 0 0 0
3 0 0 -114 0 0 0 0
3 0 0 -36 0 0 0 0
3 0 0 118 0 0 0 0
3 0 0 15 0 0 0 0
3 0 0 41 0 0 0 0
3 0 1 42 0 1 118 0
4 1 0 -53 0 0 0 0
4 0 0 47 0 0 0 0
4 0 0 -35 0 0 0 0
4 0 0 -102 0 0 0 0
4 0 0 54 0 0 0 0
4 0 0 115 0 0 0 0
4 0 0 17 0 0 0 0
4 0 0 -78 0 0 0 0
4 0 0 -49 0 0 0 0
4 0 0 74 0 0 0 0
4 0 0 -14 0 0 0 0
4 0 0 32 0 0 0 0
4 0 0 -62 0 0 0 0
4 0 0 -127 0 0 0 0
4 0 0 -47 0 0 0 0
4 0 0 47 0 0 0 0
4 0 0 -103 0 0 0 0
4 0 0 9 0 0 0 0
4 0 0 68 0 0 0 0
4 0 0 76 0 0 0 0
4 0 1 27 0 1 0 -104
5 1 0 -6 0 0 0 0
5 0 1 111 0 1 105 0
3 1 0 38 0 0 0 0
3 0 0 114 0 0 0 0
3 0 0 -15 0 0 0 0
3 0 0 -17 0 0 0 0
3 0 0 -38 0 0 0 0
3 0 0 -72 0 0 0 0
3 0 0 -126 0 0 0 0
3 0 0 56 0 0 0 0
3 0 0 -11 0 0 0 0
3 0 0 8 0 0 0 0
3 0 0 -33 0 0 0 0
3 0 0 13 0 0 0 0
3 0 0 -110 0 0 0 0
3 0 0 69 0 0 0 0
3 0 0 -43 0 0 0 0
3 0 0 -49 0 0 0 0
3 0 0 81 0 0 0 0
3 0 0 58 0 0 0 0
3 0 0 114 0 0 0 0
3 0 0 -92 0 0 0 0
3 0 0 92 0 0 0 0
3 0 0 -29 0 0 0 0
3 0 0 -33 0 0 0 0
3 0 0 19 0 0 0 0
3 0 0 71 0 0 0 0
3 0 0 115 0 0 0 0
3 0 0 103 0 0 0 0
3 0 0 -39 0 0 0 0
3 0 0 44 0 0 0 0
3 0 1 67 0 1 115 0
4 1 0 -126 0 0 0 0
4 0 0 99 0 0 0 0
4 0 0 45 0 0 0 0
4 0 0 50 0 0 0 0
4 0 0 14 0 0 0 0
4 0 0 -84 0 0 0 0
4 0 0 -83 0 0 0 0
4 0 0 -57 0 0 0 0
4 0 0 52 0 0 0 0
4 0 0 -76 0 0 0 0
4 0 0 13 0 0 0 0
4 0 0 46 0 0 0 0
4 0 0 -60 0 0 0 0
4 0 0 72 0 0 0 0
4 0 0 -33 0 0 0 0
4 0 0 -108 0 0 0 0
4 0 0 104 0 0 0 0
4 0 0 14 0 0 0 0
4 0 0 -5 0 0 0 0
4 0 0 67 0 0 0 0
4 0 0 -32 0 0 0 0
4 0 0 -45 0 0 0 0
4 0 0 26 0 0 0 0
4 0 1 -47 0 1 0 -154
4 1 0 -81 0 0 0 0
4 0 0 54 0 0 0 0
4 0 0 -30 0 0 0 0
4 0 0 -31 0 0 0 0
4 0 0 119 0 0 0 0
4 0 0 64 0 0 0 0
4 0 0 -104 0 0 0 0
4 0 0 -113 0 0 0 0
4 0 0 -96 0 0 0 0
4 0 0 -7 0 0 0 0
4 0 0 -109 0 0 0 0
4 0 0 -36 0 0 0 0
4 0 0 104 0 0 0 0
4 0 0 74 0 0 0 0
4 0 0 -124 0 0 0 0
4 0 1 -87 0 1 0 -403
3 1 0 -51 0 0 0 0
3 0 0 8 0 0 0 0
3 0 0 34 0 0 0 0
3 0 0 -61 0 0 0 0
3 0 0 -96 0 0 0 0
3 0 0 -41 0 0 0 0
3 0 0 -77 0 0 0 0
3 0 0 -124 0 0 0 0
3 0 0 -12 0 0 0 0
3 0 0 14 0 0 0 0
3 0 0 -4 0 0 0 0
3 0 0 9 0 0 0 0
3 0 0 84 0 0 0 0
3 0 0 -42 0 0 0 0
3 0 1 15 0 1 84 0
4 1 0 1 0 0 0 0
4 0 0 -20 0 0 0 0
4 0 0 -111 0 0 0 0
4 0 0 124 0 0 0 0
4 0 0 -78 0 0 0 0
4 0 0 -114 0 0 0 0
4 0 0 48 0 0 0 0
4 0 0 -66 0 0 0 0
4 0 0 101 0 0 0 0
4 0 0 -109 0 0 0 0
4 0 0 63 0 0 0 0
4 0 0 -10 0 0 0 0
4 0 0 28 0 0 0 0
4 0 0 -46 0 0 0 0
4 0 0 127 0 0 0 0
4 0 0 -56 0 0 0 0
4 0 1 -122 0 1 0 -240
3 1 0 -19 0 0 0 0
3 0 0 87 0 0 0 0
3 0 0 -60 0 0 0 0
3 0 0 49 0 0 0 0
3 0 0 -116 0 0 0 0
3 0 0 -78 0 0 0 0
3 0 0 -30 0 0 0 0
3 0 0 -107 0 0 0 0
3 0 0 33 0 0 0 0
3 0 0 67 0 0 0 0
3 0 0 23 0 0 0 0
3 0 0 -125 0 0 0 0
3 0 0 93 0 0 0 0
3 0 0 109 0 0 0 0
3 0 1 -96 0 1 109 0
3 1 0 -119 0 0 0 0
3 0 0 -106 0 0 0 0
3 0 0 101 0 0 0 0
3 0 0 -3 0 0 0 0
3 0 0 12 0 0 0 0
3 0 0 121 0 0 0 0
3 0 0 -5 0 0 0 0
3 0 1 -94 0 1 121 0
3 1 0 93 0 0 0 0
3 0 0 112 0 0 0 0
3 0 0 70 0 0 0 0
3 0 0 112 0 0 0 0
3 0 0 -70 0 0 0 0
3 0 0 84 0 0 0 0
3 0 0 20 0 0 0 0
3 0 1 5 0 1 112 0
3 1 0 -12 0 0 0 0
3 0 0 17 0 0 0 0
3 0 0 35 0 0 0 0
3 0 0 98 0 0 0 0
3 0 0 10 0 0 0 0
3 0 0 101 0 0 0 0
3 0 0 -66 0 0 0 0
3 0 0 84 0 0 0 0
3 0 0 21 0 0 0 0
3 0 0 -88 0 0 0 0
3 0 0 11 0 0 0 0
3 0 0 -102 0 0 0 0
3 0 1 -5 0 1 101 0
4 1 1 64 0 1 0 64
5 1 0 71 0 0 0 0
5 0 1 73 0 1 127 0
5 1 0 -14 0 0 0 0
5 0 1 121 0 1 107 0
3 1 0 5 0 0 0 0
3 0 0 2 0 0 0 0
3 0 0 -117 0 0 0 0
3 0 0 -92 0 0 0 0
3 0 0 58 0 0 0 0
3 0 0 -100 0 0 0 0
3 0 0 124 0 0 0 0
3 0 0 64 0 0 0 0
3 0 0 -118 0 0 0 0
3 0 0 -95 0 0 0 0
3 0 0 -77 0 0 0 0
3 0 0 45 0 0 0 0
3 0 0 -128 0 0 0 0
3 0 0 -103 0 0 0 0
3 0 0 78 0 0 0 0
3 0 0 53 0 0 0 0
3 0 0 15 0 0 0 0
3 0 0 -13 0 0 0 0
3 0 0 -123 0 0 0 0
3 0 0 113 0 0 0 0
3 0 0 44 0 0 0 0
3 0 0 -125 0 0 0 0
3 0 0 62 0 0 0 0
3 0 1 -97 0 1 124 0
3 1 0 -78 0 0 0 0
3 0 0 -34 0 0 0 0
3 0 0 -48 0 0 0 0
3 0 0 99 0 0 0 0
3 0 0 96 0 0 0 0
3 0 0 -30 0 0 0 0
3 0 0 -90 0 0 0 0
3 0 0 116 0 0 0 0
3 0 0 48 0 0 0 0
3 0 0 5 0 0 0 0
3 0 0 88 0 0 0 0
3 0 0 119 0 0 0 0
3 0 0 39 0 0 0 0
3 0 0 116 0 0 0 0
3 0 0 39 0 0 0 0
3 0 0 127 0 0 0 0
3 0 0 -112 0 0 0 0
3 0 0 56 0 0 0 0
3 0 0 60 0 0 0 0
3 0 0 96 0 0 0 0
3 0 0 -66 0 0 0 0
3 0 0 -51 0 0 0 0
3 0 0 75 0 0 0 0
3 0 0 -73 0 0 0 0
3 0 0 -12 0 0 0 0
3 0 0 76 0 0 0 0
3 0 1 5 0 1 127 0
5 1 0 -9 0 0 0 0
5 0 1 31 0 1 22 0
5 1 0 -47 0 0 0 0
5 0 1 -101 0 1 -127 0
5 1 0 80 0 0 0 0
5 0 1 -73 0 1 7 0
4 1 0 4 0 0 0 0
4 0 0 -22 0 0 0 0
4 0 0 20 0 0 0 0
4 0 0 -43 0 0 0 0
4 0 0 -69 0 0 0 0
4 0 0 -98 0 0 0 0
4 0 1 -108 0 1 0 -316
4 1 0 -5 0 0 0 0
4 0 0 -66 0 0 0 0
4 0 0 44 0 0 0 0
4 0 0 67 0 0 0 0
4 0 1 -7 0 1 0 33
5 1 0 -25 0 0 0 0
5 0 1 -114 0 1 -127 0
3 1 1 51 0 1 51 0
3 1 0 -112 0 0 0 0
3 0 0 93 0 0 0 0
3 0 0 -42 0 0 0 0
3 0 0 -3 0 0 0 0
3 0 0 -114 0 0 0 0
3 0 0 -23 0 0 0 0
3 0 0 -71 0 0 0 0
3 0 0 -68 0 0 0 0
3 0 0 -105 0 0 0 0
3 0 0 35 0 0 0 0
3 0 0 46 0 0 0 0
3 0 0 28 0 0 0 0
3 0 0 -83 0 0 0 0
3 0 0 71 0 0 0 0
3 0 0 -38 0 0 0 0
3 0 0 -117 0 0 0 0
3 0 0 -4 0 0 0 0
3 0 0 80 0 0 0 0
3 0 0 44 0 0 0 0
3 0 0 33 0 0 0 0
3 0 0 17 0 0 0 0
3 0 0 -22 0 0 0 0
3 0 0 -19 0 0 0 0
3 0 0 64 0 0 0 0
3 0 1 -65 0 1 93 0
5 1 0 29 0 0 0 0
5 0 1 79 0 1 108 0
5 1 0 22 0 0 0 0
5 0 1 71 0 1 93 0
5 1 0 -51 0 0 0 0
5 0 1 86 0 1 35 0
4 1 0 117 0 0 0 0
4 0 0 37 0 0 0 0
4 0 0 -4 0 0 0 0
4 0 0 60 0 0 0 0
4 0 1 -16 0 1 0 194
3 1 0 -81 0 0 0 0
3 0 0 -115 0 0 0 0
3 0 0 -38 0 0 0 0
3 0 0 37 0 0 0 0
3 0 0 -54 0 0 0 0
3 0 0 -38 0 0 0 0
3 0 0 127 0 0 0 0
3 0 0 -47 0 0 0 0
3 0 0 63 0 0 0 0
3 0 0 -1 0 0 0 0
3 0 0 53 0 0 0 0
3 0 0 -49 0 0 0 0
3 0 0 -84 0 0 0 0
3 0 0 58 0 0 0 0
3 0 0 41 0 0 0 0
3 0 1 -58 0 1 127 0
5 1 0 -63 0 0 0 0
5 0 1 -74 0 1 -127 0
5 1 0 -41 0 0 0 0
5 0 1 -28 0 1 -69 0
3 1 0 87 0 0 0 0
3 0 0 53 0 0 0 0
3 0 0 -124 0 0 0 0
3 0 0 -33 0 0 0 0
3 0 0 84 0 0 0 0
3 0 1 -33 0 1 87 0
3 1 0 -111 0 0 0 0
3 0 0 -3 0 0 0 0
3 0 0 99 0 0 0 0
3 0 0 -40 0 0 0 0
3 0 0 -97 0 0 0 0
3 0 0 53 0 0 0 0
3 0 0 63 0 0 0 0
3 0 0 -106 0 0 0 0
3 0 0 -61 0 0 0 0
3 0 0 8 0 0 0 0
3 0 0 -123 0 0 0 0
3 0 0 117 0 0 0 0
3 0 0 36 0 0 0 0
3 0 1 -5 0 1 117 0
5 1 0 -37 0 0 0 0
5 0 1 64 0 1 27 0
3 1 0 -127 0 0 0 0
3 0 0 54 0 0 0 0
3 0 0 16 0 0 0 0
3 0 0 -23 0 0 0 0
3 0 0 -46 0 0 0 0
3 0 0 -118 0 0 0 0
3 0 0 -34 0 0 0 0
3 0 0 27 0 0 0 0
3 0 0 7 0 0 0 0
3 0 0 -47 0 0 0 0
3 0 0 -34 0 0 0 0
3 0 0 85 0 0 0 0
3 0 0 109 0 0 0 0
3 0 0 -84 0 0 0 0
3 0 0 76 0 0 0 0
3 0 0 -40 0 0 0 0
3 0 0 45 0 0 0 0
3 0 0 102 0 0 0 0
3 0 0 -9 0 0 0 0
3 0 0 34 0 0 0 0
3 0 0 69 0 0 0 0
3 0 0 -4 0 0 0 0
3 0 0 -98 0 0 0 0
3 0 0 69 0 0 0 0
3 0 0 18 0 0 0 0
3 0 0 62 0 0 0 0
3 0 0 109 0 0 0 0
3 0 0 -70 0 0 0 0
3 0 0 26 0 0 0 0
3 0 0 23 0 0 0 0
3 0 1 109 0 1 109 0
5 1 0 -42 0 0 0 0
5 0 1 11 0 1 -31 0
5 1 0 -48 0 0 0 0
5 0 1 95 0 1 47 0
4 1 0 -19 0 0 0 0
4 0 0 33 0 0 0 0
4 0 0 -116 0 0 0 0
4 0 0 122 0 0 0 0
4 0 0 111 0 0 0 0
4 0 0 51 0 0 0 0
4 0 0 -22 0 0 0 0
4 0 0 -48 0 0 0 0
4 0 0 38 0 0 0 0
4 0 0 126 0 0 0 0
4 0 0 127 0 0 0 0
4 0 0 41 0 0 0 0
4 0 0 -31 0 0 0 0
4 0 0 -117 0 0 0 0
4 0 0 -104 0 0 0 0
4 0 0 -14 0 0 0 0
4 0 0 110 0 0 0 0
4 0 0 70 0 0 0 0
4 0 0 77 0 0 0 0
4 0 0 -70 0 0 0 0
4 0 0 -76 0 0 0 0
4 0 0 -34 0 0 0 0
4 0 1 40 0 1 0 295
4 1 0 -44 0 0 0 0
4 0 0 -91 0 0 0 0
4 0 0 -123 0 0 0 0
4 0 0 65 0 0 0 0
4 0 0 89 0 0 0 0
4 0 0 -26 0 0 0 0
4 0 1 -67 0 1 0 -197
3 1 0 -125 0 0 0 0
3 0 0 -95 0 0 0 0
3 0 0 -121 0 0 0 0
3 0 0 -23 0 0 0 0
3 0 0 -70 0 0 0 0
3 0 0 -73 0 0 0 0
3 0 0 104 0 0 0 0
3 0 0 84 0 0 0 0
3 0 0 -22 0 0 0 0
3 0 0 -24 0 0 0 0
3 0 0 97 0 0 0 0
3 0 0 35 0 0 0 0
3 0 0 -103 0 0 0 0
3 0 0 -38 0 0 0 0
3 0 0 13 0 0 0 0
3 0 0 -108 0 0 0 0
3 0 0 -111 0 0 0 0
3 0 0 -119 0 0 0 0
3 0 0 111 0 0 0 0
3 0 0 46 0 0 0 0
3 0 0 126 0 0 0 0
3 0 0 20 0 0 0 0
3 0 0 -103 0 0 0 0
3 0 1 10 0 1 126 0
4 1 0 -18 0 0 0 0
4 0 0 104 0 0 0 0
4 0 0 122 0 0 0 0
4 0 0 -110 0 0 0 0
4 0 0 -86 0 0 0 0
4 0 0 -35 0 0 0 0
4 0 0 -128 0 0 0 0
4 0 0 -87 0 0 0 0
4 0 0 -89 0 0 0 0
4 0 0 -19 0 0 0 0
4 0 0 -38 0 0 0 0
4 0 0 37 0 0 0 0
4 0 0 -119 0 0 0 0
4 0 0 -76 0 0 0 0
4 0 0 -7 0 0 0 0
4 0 0 -85 0 0 0 0
4 0 0 40 0 0 0 0
4 0 0 76 0 0 0 0
4 0 0 -62 0 0 0 0
4 0 0 52 0 0 0 0
4 0 0 94 0 0 0 0
4 0 0 96 0 0 0 0
4 0 0 17 0 0 0 0
4 0 1 57 0 1 0 -264
3 1 0 -111 0 0 0 0
3 0 1 -105 0 1 -105 0
3 1 0 -75 0 0 0 0
3 0 0 -41 0 0 0 0
3 0 0 -47 0 0 0 0
3 0 0 -64 0 0 0 0
3 0 0 115 0 0 0 0
3 0 0 71 0 0 0 0
3 0 0 70 0 0 0 0
3 0 0 -54 0 0 0 0
3 0 0 -23 0 0 0 0
3 0 0 24 0 0 0 0
3 0 0 -85 0 0 0 0
3 0 0 -85 0 0 0 0
3 0 0 -66 0 0 0 0
3 0 0 -35 0 0 0 0
3 0 0 -78 0 0 0 0
3 0 1 88 0 1 115 0
5 1 0 -56 0 0 0 0
5 0 1 -39 0 1 -95 0
3 1 0 -9 0 0 0 0
3 0 0 99 0 0 0 0
3 0 0 47 0 0 0 0
3 0 0 -49 0 0 0 0
3 0 0 -15 0 0 0 0
3 0 0 -123 0 0 0 0
3 0 0 -124 0 0 0 0
3 0 0 82 0 0 0 0
3 0 0 127 0 0 0 0
3 0 0 -47 0 0 0 0
3 0 0 109 0 0 0 0
3 0 0 36 0 0 0 0
3 0 0 -23 0 0 0 0
3 0 0 -48 0 0 0 0
3 0 0 -92 0 0 0 0
3 0 0 -86 0 0 0 0
3 0 0 101 0 0 0 0
3 0 0 42 0 0 0 0
3 0 0 59 0 0 0 0
3 0 0 70 0 0 0 0
3 0 0 -6 0 0 0 0
3 0 0 -1 0 0 0 0
3 0 0 50 0 0 0 0
3 0 0 95 0 0 0 0
3 0 0 -99 0 0 0 0
3 0 0 66 0 0 0 0
3 0 0 -126 0 0 0 0
3 0 0 -82 0 0 0 0
3 0 0 -46 0 0 0 0
3 0 1 81 0 1 127 0
4 1 0 103 0 0 0 0
4 0 0 -20 0 0 0 0
4 0 0 -48 0 0 0 0
4 0 0 -79 0 0 0 0
4 0 0 -50 0 0 0 0
4 0 0 95 0 0 0 0
4 0 0 14 0 0 0 0
4 0 0 -65 0 0 0 0
4 0 0 -73 0 0 0 0
4 0 0 124 0 0 0 0
4 0 0 117 0 0 0 0
4 0 1 -76 0 1 0 42
3 1 0 -52 0 0 0 0
3 0 0 -35 0 0 0 0
3 0 0 -3 0 0 0 0
3 0 0 72 0 0 0 0
3 0 0 100 0 0 0 0
3 0 0 -14 0 0 0 0
3 0 0 -64 0 0 0 0
3 0 0 75 0 0 0 0
3 0 0 21 0 0 0 0
3 0 0 37 0 0 0 0
3 0 0 -63 0 0 0 0
3 0 0 107 0 0 0 0
3 0 0 -8 0 0 0 0
3 0 0 -33 0 0 0 0
3 0 0 -28 0 0 0 0
3 0 0 -96 0 0 0 0
3 0 0 -43 0 0 0 0
3 0 0 -103 0 0 0 0
3 0 0 71 0 0 0 0
3 0 0 121 0 0 0 0
3 0 0 28 0 0 0 0
3 0 0 -15 0 0 0 0
3 0 0 -64 0 0 0 0
3 0 0 15 0 0 0 0
3 0 0 76 0 0 0 0
3 0 0 -83 0 0 0 0
3 0 0 6 0 0 0 0
3 0 1 64 0 1 121 0
4 1 0 -85 0 0 0 0
4 0 0 -114 0 0 0 0
4 0 0 -88 0 0 0 0
4 0 0 52 0 0 0 0
4 0 0 45 0 0 0 0
4 0 0 -101 0 0 0 0
4 0 1 94 0 1 0 -197
5 1 0 26 0 0 0 0
5 0 1 16 0 1 42 0
3 1 0 -125 0 0 0 0
3 0 0 -113 0 0 0 0
3 0 0 -4 0 0 0 0
3 0 0 -104 0 0 0 0
3 0 0 89 0 0 0 0
3 0 0 67 0 0 0 0
3 0 0 -13 0 0 0 0
3 0 0 -25 0 0 0 0
3 0 0 -115 0 0 0 0
3 0 0 -60 0 0 0 0
3 0 0 -67 0 0 0 0
3 0 0 62 0 0 0 0
3 0 1 -4 0 1 89 0
4 1 0 -94 0 0 0 0
4 0 0 -117 0 0 0 0
4 0 0 -114 0 0 0 0
4 0 0 -70 0 0 0 0
4 0 0 -117 0 0 0 0
4 0 0 79 0 0 0 0
4 0 0 -124 0 0 0 0
4 0 0 21 0 0 0 0
4 0 0 18 0 0 0 0
4 0 0 -3 0 0 0 0
4 0 0 -53 0 0 0 0
4 0 0 34 0 0 0 0
4 0 0 -22 0 0 0 0
4 0 0 -117 0 0 0 0
4 0 0 -57 0 0 0 0
4 0 0 -14 0 0 0 0
4 0 0 -13 0 0 0 0
4 0 0 40 0 0 0 0
4 0 1 27 0 1 0 -696
4 1 0 70 0 0 0 0
4 0 0 -125 0 0 0 0
4 0 0 -76 0 0 0 0
4 0 0 49 0 0 0 0
4 0 0 -23 0 0 0 0
4 0 0 66 0 0 0 0
4 0 0 -48 0 0 0 0
4 0 1 -32 0 1 0 -119
4 1 0 -43 0 0 0 0
4 0 0 15 0 0 0 0
4 0 0 14 0 0 0 0
4 0 0 -12 0 0 0 0
4 0 0 40 0 0 0 0
4 0 0 30 0 0 0 0
4 0 0 -91 0 0 0 0
4 0 0 100 0 0 0 0
4 0 0 -114 0 0 0 0
4 0 0 -13 0 0 0 0
4 0 0 111 0 0 0 0
4 0 0 -49 0 0 0 0
4 0 0 -47 0 0 0 0
4 0 0 62 0 0 0 0
4 0 0 109 0 0 0 0
4 0 0 -36 0 0 0 0
4 0 0 -108 0 0 0 0
4 0 1 83 0 1 0 51
4 1 0 -40 0 0 0 0
4 0 0 13 0 0 0 0
4 0 0 -36 0 0 0 0
4 0 0 32 0 0 0 0
4 0 0 49 0 0 0 0
4 0 0 124 0 0 0 0
4 0 0 -73 0 0 0 0
4 0 0 -18 0 0 0 0
4 0 0 28 0 0 0 0
4 0 0 30 0 0 0 0
4 0 0 -31 0 0 0 0
4 0 0 101 0 0 0 0
4 0 0 -110 0 0 0 0
4 0 0 -109 0 0 0 0
4 0 0 50 0 0 0 0
4 0 0 8 0 0 0 0
4 0 0 70 0 0 0 0
4 0 0 79 0 0 0 0
4 0 1 -32 0 1 0 135
3 1 0 -47 0 0 0 0
3 0 1 -77 0 1 -47 0
5 1 0 52 0 0 0 0
5 0 1 -110 0 1 -58 0
4 1 0 -83 0 0 0 0
4 0 0 -85 0 0 0 0
4 0 0 13 0 0 0 0
4 0 0 -61 0 0 0 0
4 0 0 27 0 0 0 0
4 0 0 -67 0 0 0 0
4 0 0 -98 0 0 0 0
4 0 0 8 0 0 0 0
4 0 0 -92 0 0 0 0
4 0 0 -48 0 0 0 0
4 0 0 -8 0 0 0 0
4 0 0 119 0 0 0 0
4 0 0 -2 0 0 0 0
4 0 0 -59 0 0 0 0
4 0 0 49 0 0 0 0
4 0 0 -113 0 0 0 0
4 0 0 41 0 0 0 0
4 0 0 102 0 0 0 0
4 0 0 -9 0 0 0 0
4 0 0 120 0 0 0 0
4 0 0 -8 0 0 0 0
4 0 0 127 0 0 0 0
4 0 0 -41 0 0 0 0
4 0 0 -22 0 0 0 0
4 0 0 -123 0 0 0 0
4 0 0 -122 0 0 0 0
4 0 0 -116 0 0 0 0
4 0 0 -2 0 0 0 0
4 0 0 -98 0 0 0 0
4 0 0 -1 0 0 0 0
4 0 0 105 0 0 0 0
4 0 1 16 0 1 0 -531
5 1 0 -11 0 0 0 0
5 0 1 -79 0 1 -90 0
5 1 0 60 0 0 0 0
5 0 1 -75 0 1 -15 0
4 1 0 68 0 0 0 0
4 0 0 101 0 0 0 0
4 0 0 -122 0 0 0 0
4 0 0 -124 0 0 0 0
4 0 0 -10 0 0 0 0
4 0 0 76 0 0 0 0
4 0 0 -127 0 0 0 0
4 0 0 -41 0 0 0 0
4 0 0 -102 0 0 0 0
4 0 0 -43 0 0 0 0
4 0 0 30 0 0 0 0
4 0 0 -59 0 0 0 0
4 0 0 -90 0 0 0 0
4 0 0 86 0 0 0 0
4 0 0 88 0 0 0 0
4 0 0 66 0 0 0 0
4 0 0 -48 0 0 0 0
4 0 0 -91 0 0 0 0
4 0 0 124 0 0 0 0
4 0 1 -14 0 1 0 -232
5 1 0 102 0 0 0 0
5 0 1 125 0 1 127 0
3 1 0 62 0 0 0 0
3 0 0 114 0 0 0 0
3 0 0 -81 0 0 0 0
3 0 1 64 0 1 114 0
3 1 0 -108 0 0 0 0
3 0 0 107 0 0 0 0
3 0 0 -92 0 0 0 0
3 0 0 90 0 0 0 0
3 0 0 -107 0 0 0 0
3 0 0 -118 0 0 0 0
3 0 0 3 0 0 0 0
3 0 0 -72 0 0 0 0
3 0 0 69 0 0 0 0
3 0 0 93 0 0 0 0
3 0 0 73 0 0 0 0
3 0 0 87 0 0 0 0
3 0 0 -110 0 0 0 0
3 0 0 -75 0 0 0 0
3 0 0 -43 0 0 0 0
3 0 0 95 0 0 0 0
3 0 0 -84 0 0 0 0
3 0 0 -93 0 0 0 0
3 0 0 106 0 0 0 0
3 0 0 -105 0 0 0 0
3 0 0 74 0 0 0 0
3 0 0 63 0 0 0 0
3 0 0 -104 0 0 0 0
3 0 0 73 0 0 0 0
3 0 0 0 0 0 0 0
3 0 1 -29 0 1 107 0
3 1 0 11 0 0 0 0
3 0 0 -105 0 0 0 0
3 0 0 -127 0 0 0 0
3 0 0 -123 0 0 0 0
3 0 0 -101 0 0 0 0
3 0 0 35 0 0 0 0
3 0 0 -117 0 0 0 0
3 0 0 -113 0 0 0 0
3 0 0 93 0 0 0 0
3 0 0 70 0 0 0 0
3 0 0 96 0 0 0 0
3 0 0 95 0 0 0 0
3 0 0 73 0 0 0 0
3 0 0 38 0 0 0 0
3 0 1 12 0 1 96 0
5 1 0 124 0 0 0 0
5 0 1 -87 0 1 37 0
4 1 0 -20 0 0 0 0
4 0 0 22 0 0 0 0
4 0 0 -25 0 0 0 0
4 0 0 127 0 0 0 0
4 0 0 8 0 0 0 0
4 0 0 -72 0 0 0 0
4 0 0 -69 0 0 0 0
4 0 0 -10 0 0 0 0
4 0 0 -14 0 0 0 0
4 0 0 -111 0 0 0 0
4 0 0 -75 0 0 0 0
4 0 0 32 0 0 0 0
4 0 0 -100 0 0 0 0
4 0 0 72 0 0 0 0
4 0 0 22 0 0 0 0
4 0 0 28 0 0 0 0
4 0 0 101 0 0 0 0
4 0 1 16 0 1 0 -68
3 1 0 -30 0 0 0 0
3 0 1 -41 0 1 -30 0
5 1 0 -127 0 0 0 0
5 0 1 17 0 1 -110 0
4 1 0 120 0 0 0 0
4 0 0 36 0 0 0 0
4 0 0 66 0 0 0 0
4 0 0 66 0 0 0 0
4 0 0 -118 0 0 0 0
4 0 0 -105 0 0 0 0
4 0 0 14 0 0 0 0
4 0 0 87 0 0 0 0
4 0 0 -125 0 0 0 0
4 0 0 -19 0 0 0 0
4 0 1 -51 0 1 0 -29
5 1 0 -117 0 0 0 0
5 0 1 -36 0 1 -127 0
4 1 0 -10 0 0 0 0
4 0 0 -25 0 0 0 0
4 0 0 -40 0 0 0 0
4 0 0 78 0 0 0 0
4 0 0 28 0 0 0 0
4 0 0 51 0 0 0 0
4 0 0 -112 0 0 0 0
4 0 0 -55 0 0 0 0
4 0 0 -122 0 0 0 0
4 0 0 107 0 0 0 0
4 0 0 -42 0 0 0 0
4 0 0 -61 0 0 0 0
4 0 0 -64 0 0 0 0
4 0 0 75 0 0 0 0
4 0 0 84 0 0 0 0
4 0 0 87 0 0 0 0
4 0 0 -39 0 0 0 0
4 0 1 -62 0 1 0 -122
4 1 0 -95 0 0 0 0
4 0 0 -22 0 0 0 0
4 0 0 -47 0 0 0 0
4 0 0 -67 0 0 0 0
4 0 0 -100 0 0 0 0
4 0 0 -44 0 0 0 0
4 0 0 87 0 0 0 0
4 0 0 86 0 0 0 0
4 0 0 34 0 0 0 0
4 0 0 79 0 0 0 0
4 0 0 120 0 0 0 0
4 0 0 118 0 0 0 0
4 0 0 -14 0 0 0 0
4 0 0 -75 0 0 0 0
4 0 0 -124 0 0 0 0
4 0 0 38 0 0 0 0
4 0 0 99 0 0 0 0
4 0 0 -45 0 0 0 0
4 0 0 74 0 0 0 0
4 0 0 69 0 0 0 0
4 0 0 -30 0 0 0 0
4 0 0 110 0 0 0 0
4 0 0 41 0 0 0 0
4 0 0 67 0 0 0 0
4 0 0 -19 0 0 0 0
4 0 0 -101 0 0 0 0
4 0 1 68 0 1 0 307
5 1 0 -29 0 0 0 0
5 0 1 20 0 1 -9 0
4 1 0 -73 0 0 0 0
4 0 0 66 0 0 0 0
4 0 0 -124 0 0 0 0
4 0 0 -127 0 0 0 0
4 0 0 73 0 0 0 0
4 0 0 -54 0 0 0 0
4 0 0 -82 0 0 0 0
4 0 0 -90 0 0 0 0
4 0 0 93 0 0 0 0
4 0 0 -110 0 0 0 0
4 0 0 -18 0 0 0 0
4 0 0 -63 0 0 0 0
4 0 0 -28 0 0 0 0
4 0 0 52 0 0 0 0
4 0 0 104 0 0 0 0
4 0 0 104 0 0 0 0
4 0 0 71 0 0 0 0
4 0 0 120 0 0 0 0
4 0 0 43 0 0 0 0
4 0 0 10 0 0 0 0
4 0 1 43 0 1 0 10
3 1 0 -83 0 0 0 0
3 0 0 -40 0 0 0 0
3 0 0 66 0 0 0 0
3 0 0 68 0 0 0 0
3 0 0 112 0 0 0 0
3 0 0 -35 0 0 0 0
3 0 0 -111 0 0 0 0
3 0 0 -75 0 0 0 0
3 0 0 -46 0 0 0 0
3 0 0 8 0 0 0 0
3 0 0 60 0 0 0 0
3 0 0 -113 0 0 0 0
3 0 0 -60 0 0 0 0
3 0 0 -18 0 0 0 0
3 0 0 17 0 0 0 0
3 0 1 -98 0 1 112 0
4 1 0 49 0 0 0 0
4 0 0 17 0 0 0 0
4 0 0 -46 0 0 0 0
4 0 0 -78 0 0 0 0
4 0 0 100 0 0 0 0
4 0 0 -72 0 0 0 0
4 0 0 -19 0 0 0 0
4 0 0 -34 0 0 0 0
4 0 0 13 0 0 0 0
4 0 0 -80 0 0 0 0
4 0 0 112 0 0 0 0
4 0 0 60 0 0 0 0
4 0 0 67 0 0 0 0
4 0 0 -107 0 0 0 0
4 0 0 0 0 0 0 0
4 0 0 -57 0 0 0 0
4 0 0 -74 0 0 0 0
4 0 0 -75 0 0 0 0
4 0 0 48 0 0 0 0
4 0 0 19 0 0 0 0
4 0 0 115 0 0 0 0
4 0 0 68 0 0 0 0
4 0 1 2 0 1 0 28
4 1 0 65 0 0 0 0
4 0 0 -25 0 0 0 0
4 0 0 -116 0 0 0 0
4 0 0 -6 0 0 0 0
4 0 0 -79 0 0 0 0
4 0 0 -74 0 0 0 0
4 0 0 60 0 0 0 0
4 0 0 -13 0 0 0 0
4 0 0 -25 0 0 0 0
4 0 0 -26 0 0 0 0
4 0 0 46 0 0 0 0
4 0 0 -56 0 0 0 0
4 0 0 2 0 0 0 0
4 0 0 -89 0 0 0 0
4 0 1 -18 0 1 0 -354
3 1 0 85 0 0 0 0
3 0 0 -110 0 0 0 0
3 0 0 -112 0 0 0 0
3 0 0 78 0 0 0 0
3 0 0 -34 0 0 0 0
3 0 0 -73 0 0 0 0
3 0 0 77 0 0 0 0
3 0 0 -2 0 0 0 0
3 0 0 37 0 0 0 0
3 0 0 75 0 0 0 0
3 0 0 127 0 0 0 0
3 0 0 17 0 0 0 0
3 0 0 112 0 0 0 0
3 0 0 -30 0 0 0 0
3 0 0 91 0 0 0 0
3 0 0 21 0 0 0 0
3 0 0 -12 0 0 0 0
3 0 0 -116 0 0 0 0
3 0 0 12 0 0 0 0
3 0 0 -98 0 0 0 0
3 0 0 -8 0 0 0 0
3 0 0 -111 0 0 0 0
3 0 0 -126 0 0 0 0
3 0 0 51 0 0 0 0
3 0 0 -126 0 0 0 0
3 0 0 -117 0 0 0 0
3 0 1 -79 0 1 127 0
5 1 0 102 0 0 0 0
5 0 1 79 0 1 127 0
4 1 0 11 0 0 0 0
4 0 0 -40 0 0 0 0
4 0 0 -22 0 0 0 0
4 0 0 94 0 0 0 0
4 0 0 -96 0 0 0 0
4 0 0 19 0 0 0 0
4 0 0 11 0 0 0 0
4 0 0 14 0 0 0 0
4 0 0 -30 0 0 0 0
4 0 1 -125 0 1 0 -164
5 1 0 118 0 0 0 0
5 0 1 25 0 1 127 0
5 1 0 4 0 0 0 0
5 0 1 -109 0 1 -105 0
4 1 0 120 0 0 0 0
4 0 0 -60 0 0 0 0
4 0 0 -99 0 0 0 0
4 0 0 -116 0 0 0 0
4 0 0 -101 0 0 0 0
4 0 0 88 0 0 0 0
4 0 0 -35 0 0 0 0
4 0 0 76 0 0 0 0
4 0 0 98 0 0 0 0
4 0 0 14 0 0 0 0
4 0 0 -126 0 0 0 0
4 0 0 70 0 0 0 0
4 0 0 -36 0 0 0 0
4 0 0 -122 0 0 0 0
4 0 0 -59 0 0 0 0
4 0 0 102 0 0 0 0
4 0 0 20 0 0 0 0
4 0 0 15 0 0 0 0
4 0 0 34 0 0 0 0
4 0 0 -66 0 0 0 0
4 0 0 117 0 0 0 0
4 0 0 105 0 0 0 0
4 0 0 117 0 0 0 0
4 0 0 8 0 0 0 0
4 0 0 7 0 0 0 0
4 0 1 50 0 1 0 221
4 1 0 54 0 0 0 0
4 0 0 54 0 0 0 0
4 0 0 124 0 0 0 0
4 0 1 31 0 1 0 263
5 1 0 -56 0 0 0 0
5 0 1 41 0 1 -15 0
3 1 0 -53 0 0 0 0
3 0 0 -92 0 0 0 0
3 0 0 1 0 0 0 0
3 0 0 -66 0 0 0 0
3 0 0 -35 0 0 0 0
3 0 0 116 0 0 0 0
3 0 0 -112 0 0 0 0
3 0 0 -18 0 0 0 0
3 0 0 93 0 0 0 0
3 0 0 12 0 0 0 0
3 0 0 12 0 0 0 0
3 0 0 46 0 0 0 0
3 0 0 70 0 0 0 0
3 0 0 -84 0 0 0 0
3 0 0 -90 0 0 0 0
3 0 0 50 0 0 0 0
3 0 0 124 0 0 0 0
3 0 0 115 0 0 0 0
3 0 0 25 0 0 0 0
3 0 0 104 0 0 0 0
3 0 0 12 0 0 0 0
3 0 0 -27 0 0 0 0
3 0 0 -35 0 0 0 0
3 0 0 -20 0 0 0 0
3 0 0 40 0 0 0 0
3 0 0 -99 0 0 0 0
3 0 0 -17 0 0 0 0
3 0 0 -98 0 0 0 0
3 0 0 -78 0 0 0 0
3 0 0 -118 0 0 0 0
3 0 1 110 0 1 124 0
4 1 0 97 0 0 0 0
4 0 0 93 0 0 0 0
4 0 0 -34 0 0 0 0
4 0 0 -1 0 0 0 0
4 0 0 -6 0 0 0 0
4 0 0 16 0 0 0 0
4 0 0 12 0 0 0 0
4 0 0 -65 0 0 0 0
4 0 0 104 0 0 0 0
4 0 0 -57 0 0 0 0
4 0 0 21 0 0 0 0
4 0 0 27 0 0 0 0
4 0 0 72 0 0 0 0
4 0 0 -84 0 0 0 0
4 0 0 -55 0 0 0 0
4 0 0 73 0 0 0 0
4 0 0 100 0 0 0 0
4 0 0 -83 0 0 0 0
4 0 0 106 0 0 0 0
4 0 0 -40 0 0 0 0
4 0 0 124 0 0 0 0
4 0 0 -87 0 0 0 0
4 0 0 -102 0 0 0 0
4 0 0 55 0 0 0 0
4 0 0 33 0 0 0 0
4 0 0 121 0 0 0 0
4 0 0 56 0 0 0 0
4 0 0 4 0 0 0 0
4 0 0 -63 0 0 0 0
4 0 0 32 0 0 0 0
4 0 1 113 0 1 0 582
5 1 0 -68 0 0 0 0
5 0 1 50 0 1 -18 0
5 1 0 1 0 0 0 0
5 0 1 33 0 1 34 0
4 1 0 -13 0 0 0 0
4 0 0 6 0 0 0 0
4 0 0 106 0 0 0 0
4 0 0 116 0 0 0 0
4 0 0 117 0 0 0 0
4 0 0 -86 0 0 0 0
4 0 0 38 0 0 0 0
4 0 0 -21 0 0 0 0
4 0 0 -128 0 0 0 0
4 0 0 -28 0 0 0 0
4 0 1 -71 0 1 0 36
3 1 0 112 0 0 0 0
3 0 0 -94 0 0 0 0
3 0 0 -102 0 0 0 0
3 0 0 -52 0 0 0 0
3 0 0 114 0 0 0 0
3 0 0 -38 0 0 0 0
3 0 0 80 0 0 0 0
3 0 0 42 0 0 0 0
3 0 0 -71 0 0 0 0
3 0 0 46 0 0 0 0
3 0 0 10 0 0 0 0
3 0 0 60 0 0 0 0
3 0 0 -125 0 0 0 0
3 0 0 25 0 0 0 0
3 0 0 119 0 0 0 0
3 0 0 76 0 0 0 0
3 0 0 0 0 0 0 0
3 0 1 95 0 1 119 0
5 1 0 28 0 0 0 0
5 0 1 -106 0 1 -78 0
4 1 0 -102 0 0 0 0
4 0 0 23 0 0 0 0
4 0 0 -88 0 0 0 0
4 0 0 -29 0 0 0 0
4 0 0 -124 0 0 0 0
4 0 0 -14 0 0 0 0
4 0 0 -11 0 0 0 0
4 0 0 -11 0 0 0 0
4 0 0 52 0 0 0 0
4 0 0 28 0 0 0 0
4 0 0 83 0 0 0 0
4 0 0 -105 0 0 0 0
4 0 0 76 0 0 0 0
4 0 0 -98 0 0 0 0
4 0 0 33 0 0 0 0
4 0 0 82 0 0 0 0
4 0 0 -57 0 0 0 0
4 0 0 -104 0 0 0 0
4 0 0 -59 0 0 0 0
4 0 0 45 0 0 0 0
4 0 0 52 0 0 0 0
4 0 0 -118 0 0 0 0
4 0 0 -78 0 0 0 0
4 0 1 -79 0 1 0 -603
5 1 0 -100 0 0 0 0
5 0 1 -77 0 1 -127 0
3 1 0 -5 0 0 0 0
3 0 0 -53 0 0 0 0
3 0 0 64 0 0 0 0
3 0 0 86 0 0 0 0
3 0 0 -8 0 0 0 0
3 0 0 -58 0 0 0 0
3 0 0 42 0 0 0 0
3 0 1 16 0 1 86 0
5 1 0 -59 0 0 0 0
5 0 1 21 0 1 -38 0
4 1 0 -67 0 0 0 0
4 0 0 52 0 0 0 0
4 0 0 51 0 0 0 0
4 0 0 -48 0 0 0 0
4 0 0 -47 0 0 0 0
4 0 0 89 0 0 0 0
4 0 1 -43 0 1 0 -13
5 1 0 -72 0 0 0 0
5 0 1 -43 0 1 -115 0
4 1 0 47 0 0 0 0
4 0 0 32 0 0 0 0
4 0 0 74 0 0 0 0
4 0 0 29 0 0 0 0
4 0 1 -59 0 1 0 123
5 1 0 -62 0 0 0 0
5 0 1 97 0 1 35 0
4 1 0 -86 0 0 0 0
4 0 1 -116 0 1 0 -202
5 1 0 -3 0 0 0 0
5 0 1 95 0 1 92 0
3 1 0 -120 0 0 0 0
3 0 0 116 0 0 0 0
3 0 0 61 0 0 0 0
3 0 0 -93 0 0 0 0
3 0 0 -59 0 0 0 0
3 0 0 5 0 0 0 0
3 0 0 79 0 0 0 0
3 0 0 -63 0 0 0 0
3 0 0 19 0 0 0 0
3 0 0 83 0 0 0 0
3 0 0 -95 0 0 0 0
3 0 0 -33 0 0 0 0
3 0 0 -45 0 0 0 0
3 0 0 34 0 0 0 0
3 0 0 -37 0 0 0 0
3 0 0 41 0 0 0 0
3 0 0 117 0 0 0 0
3 0 0 105 0 0 0 0
3 0 0 15 0 0 0 0
3 0 0 -86 0 0 0 0
3 0 0 -83 0 0 0 0
3 0 0 -45 0 0 0 0
3 0 0 -68 0 0 0 0
3 0 0 -74 0 0 0 0
3 0 0 -105 0 0 0 0
3 0 0 78 0 0 0 0
3 0 0 -73 0 0 0 0
3 0 0 -75 0 0 0 0
3 0 1 -66 0 1 117 0
5 1 0 83 0 0 0 0
5 0 1 66 0 1 127 0
4 1 0 60 0 0 0 0
4 0 0 58 0 0 0 0
4 0 0 42 0 0 0 0
4 0 0 37 0 0 0 0
4 0 0 -31 0 0 0 0
4 0 0 -7 0 0 0 0
4 0 0 24 0 0 0 0
4 0 0 14 0 0 0 0
4 0 0 61 0 0 0 0
4 0 0 -103 0 0 0 0
4 0 0 116 0 0 0 0
4 0 0 -33 0 0 0 0
4 0 0 41 0 0 0 0
4 0 1 56 0 1 0 335
5 1 0 69 0 0 0 0
5 0 1 61 0 1 127 0
4 1 0 78 0 0 0 0
4 0 0 -78 0 0 0 0
4 0 0 -128 0 0 0 0
4 0 0 43 0 0 0 0
4 0 0 -47 0 0 0 0
4 0 0 75 0 0 0 0
4 0 0 122 0 0 0 0
4 0 0 -80 0 0 0 0
4 0 0 -70 0 0 0 0
4 0 0 3 0 0 0 0
4 0 0 18 0 0 0 0
4 0 0 17 0 0 0 0
4 0 0 45 0 0 0 0
4 0 0 -120 0 0 0 0
4 0 0 -31 0 0 0 0
4 0 0 -30 0 0 0 0
4 0 0 -47 0 0 0 0
4 0 0 -1 0 0 0 0
4 0 0 -103 0 0 0 0
4 0 0 41 0 0 0 0
4 0 1 -86 0 1 0 -379
4 1 0 43 0 0 0 0
4 0 0 -2 0 0 0 0
4 0 0 -34 0 0 0 0
4 0 0 39 0 0 0 0
4 0 0 -38 0 0 0 0
4 0 0 -44 0 0 0 0
4 0 0 -1 0 0 0 0
4 0 0 -24 0 0 0 0
4 0 0 -86 0 0 0 0
4 0 0 -5 0 0 0 0
4 0 0 -49 0 0 0 0
4 0 0 94 0 0 0 0
4 0 0 -59 0 0 0 0
4 0 0 -99 0 0 0 0
4 0 0 111 0 0 0 0
4 0 0 -13 0 0 0 0
4 0 0 -33 0 0 0 0
4 0 0 64 0 0 0 0
4 0 0 -64 0 0 0 0
4 0 0 -18 0 0 0 0
4 0 0 108 0 0 0 0
4 0 0 -20 0 0 0 0
4 0 0 105 0 0 0 0
4 0 0 37 0 0 0 0
4 0 0 -21 0 0 0 0
4 0 0 -58 0 0 0 0
4 0 0 -44 0 0 0 0
4 0 0 -4 0 0 0 0
4 0 0 -92 0 0 0 0
4 0 0 11 0 0 0 0
4 0 1 36 0 1 0 -160
4 1 0 2 0 0 0 0
4 0 0 -79 0 0 0 0
4 0 0 -97 0 0 0 0
4 0 0 -66 0 0 0 0
4 0 0 -7 0 0 0 0
4 0 0 -82 0 0 0 0
4 0 0 -95 0 0 0 0
4 0 0 12 0 0 0 0
4 0 0 113 0 0 0 0
4 0 0 61 0 0 0 0
4 0 0 45 0 0 0 0
4 0 0 -4 0 0 0 0
4 0 0 -88 0 0 0 0
4 0 0 76 0 0 0 0
4 0 0 61 0 0 0 0
4 0 0 -40 0 0 0 0
4 0 0 -14 0 0 0 0
4 0 0 105 0 0 0 0
4 0 0 -22 0 0 0 0
4 0 0 -124 0 0 0 0
4 0 0 -42 0 0 0 0
4 0 0 -25 0 0 0 0
4 0 1 -113 0 1 0 -423
5 1 0 21 0 0 0 0
5 0 1 114 0 1 127 0
3 1 0 -38 0 0 0 0
3 0 0 23 0 0 0 0
3 0 0 -53 0 0 0 0
3 0 0 98 0 0 0 0
3 0 0 -25 0 0 0 0
3 0 0 -16 0 0 0 0
3 0 0 59 0 0 0 0
3 0 0 -105 0 0 0 0
3 0 0 49 0 0 0 0
3 0 0 4 0 0 0 0
3 0 0 -37 0 0 0 0
3 0 0 84 0 0 0 0
3 0 0 -18 0 0 0 0
3 0 0 43 0 0 0 0
3 0 0 16 0 0 0 0
3 0 0 -87 0 0 0 0
3 0 0 -96 0 0 0 0
3 0 0 19 0 0 0 0
3 0 0 -76 0 0 0 0
3 0 1 40 0 1 98 0
5 1 0 47 0 0 0 0
5 0 1 -126 0 1 -79 0
3 1 0 -102 0 0 0 0
3 0 0 112 0 0 0 0
3 0 0 -101 0 0 0 0
3 0 0 18 0 0 0 0
3 0 0 7 0 0 0 0
3 0 0 -61 0 0 0 0
3 0 0 37 0 0 0 0
3 0 0 -22 0 0 0 0
3 0 0 -100 0 0 0 0
3 0 0 92 0 0 0 0
3 0 0 87 0 0 0 0
3 0 0 -94 0 0 0 0
3 0 0 -24 0 0 0 0
3 0 0 3 0 0 0 0
3 0 0 24 0 0 0 0
3 0 0 -12 0 0 0 0
3 0 0 -86 0 0 0 0
3 0 0 -52 0 0 0 0
3 0 0 -47 0 0 0 0
3 0 0 111 0 0 0 0
3 0 0 -15 0 0 0 0
3 0 0 -103 0 0 0 0
3 0 0 85 0 0 0 0
3 0 0 -67 0 0 0 0
3 0 0 -123 0 0 0 0
3 0 0 -103 0 0 0 0
3 0 0 -31 0 0 0 0
3 0 0 50 0 0 0 0
3 0 0 -46 0 0 0 0
3 0 1 40 0 1 112 0
5 1 0 31 0 0 0 0
5 0 1 44 0 1 75 0
5 1 0 -72 0 0 0 0
5 0 1 -18 0 1 -90 0
3 1 0 -26 0 0 0 0
3 0 0 31 0 0 0 0
3 0 0 112 0 0 0 0
3 0 0 -110 0 0 0 0
3 0 0 118 0 0 0 0
3 0 0 -104 0 0 0 0
3 0 0 -32 0 0 0 0
3 0 0 76 0 0 0 0
3 0 0 87 0 0 0 0
3 0 0 -81 0 0 0 0
3 0 1 -82 0 1 118 0
5 1 0 75 0 0 0 0
5 0 1 92 0 1 127 0
4 1 0 -119 0 0 0 0
4 0 0 91 0 0 0 0
4 0 1 -43 0 1 0 -71
3 1 0 47 0 0 0 0
3 0 0 125 0 0 0 0
3 0 0 36 0 0 0 0
3 0 0 -64 0 0 0 0
3 0 0 113 0 0 0 0
3 0 0 92 0 0 0 0
3 0 0 -121 0 0 0 0
3 0 0 -82 0 0 0 0
3 0 0 -58 0 0 0 0
3 0 0 43 0 0 0 0
3 0 0 -51 0 0 0 0
3 0 0 -19 0 0 0 0
3 0 0 119 0 0 0 0
3 0 0 -92 0 0 0 0
3 0 0 58 0 0 0 0
3 0 0 -126 0 0 0 0
3 0 0 99 0 0 0 0
3 0 0 69 0 0 0 0
3 0 0 99 0 0 0 0
3 0 0 109 0 0 0 0
3 0 0 -28 0 0 0 0
3 0 0 70 0 0 0 0
3 0 0 -9 0 0 0 0
3 0 0 -38 0 0 0 0
3 0 0 -108 0 0 0 0
3 0 0 46 0 0 0 0
3 0 0 -72 0 0 0 0
3 0 0 -46 0 0 0 0
3 0 0 12 0 0 0 0
3 0 0 -106 0 0 0 0
3 0 1 -84 0 1 125 0
3 1 0 118 0 0 0 0
3 0 1 -27 0 1 118 0
5 1 0 80 0 0 0 0
5 0 1 16 0 1 96 0
4 1 0 118 0 0 0 0
4 0 0 31 0 0 0 0
4 0 0 -9 0 0 0 0
4 0 0 76 0 0 0 0
4 0 0 -82 0 0 0 0
4 0 0 47 0 0 0 0
4 0 0 -108 0 0 0 0
4 0 0 81 0 0 0 0
4 0 0 112 0 0 0 0
4 0 0 -113 0 0 0 0
4 0 0 39 0 0 0 0
4 0 0 -66 0 0 0 0
4 0 0 -37 0 0 0 0
4 0 0 -12 0 0 0 0
4 0 0 127 0 0 0 0
4 0 0 57 0 0 0 0
4 0 0 83 0 0 0 0
4 0 0 -80 0 0 0 0
4 0 0 -126 0 0 0 0
4 0 0 -34 0 0 0 0
4 0 0 -46 0 0 0 0
4 0 0 72 0 0 0 0
4 0 0 -17 0 0 0 0
4 0 0 -41 0 0 0 0
4 0 0 111 0 0 0 0
4 0 1 -88 0 1 0 95
4 1 0 30 0 0 0 0
4 0 0 -16 0 0 0 0
4 0 0 -128 0 0 0 0
4 0 0 124 0 0 0 0
4 0 0 1 0 0 0 0
4 0 0 -78 0 0 0 0
4 0 0 -63 0 0 0 0
4 0 0 -58 0 0 0 0
4 0 0 -39 0 0 0 0
4 0 0 -90 0 0 0 0
4 0 0 116 0 0 0 0
4 0 0 111 0 0 0 0
4 0 0 19 0 0 0 0
4 0 0 31 0 0 0 0
4 0 0 -124 0 0 0 0
4 0 0 66 0 0 0 0
4 0 0 -25 0 0 0 0
4 0 0 -109 0 0 0 0
4 0 0 -78 0 0 0 0
4 0 0 -59 0 0 0 0
4 0 0 64 0 0 0 0
4 0 0 -7 0 0 0 0
4 0 0 -16 0 0 0 0
4 0 0 -89 0 0 0 0
4 0 0 -95 0 0 0 0
4 0 0 -85 0 0 0 0
4 0 0 47 0 0 0 0
4 0 0 -75 0 0 0 0
4 0 0 115 0 0 0 0
4 0 0 68 0 0 0 0
4 0 0 8 0 0 0 0
4 0 1 -46 0 1 0 -480
3 1 0 74 0 0 0 0
3 0 0 10 0 0 0 0
3 0 0 -120 0 0 0 0
3 0 0 -127 0 0 0 0
3 0 0 -17 0 0 0 0
3 0 0 -31 0 0 0 0
3 0 0 43 0 0 0 0
3 0 0 -112 0 0 0 0
3 0 0 35 0 0 0 0
3 0 0 112 0 0 0 0
3 0 0 -21 0 0 0 0
3 0 0 -69 0 0 0 0
3 0 0 -44 0 0 0 0
3 0 0 -28 0 0 0 0
3 0 0 113 0 0 0 0
3 0 0 -29 0 0 0 0
3 0 0 3 0 0 0 0
3 0 0 -72 0 0 0 0
3 0 0 -85 0 0 0 0
3 0 0 -90 0 0 0 0
3 0 0 -104 0 0 0 0
3 0 0 -38 0 0 0 0
3 0 0 -25 0 0 0 0
3 0 0 68 0 0 0 0
3 0 0 -25 0 0 0 0
3 0 0 -72 0 0 0 0
3 0 0 -65 0 0 0 0
3 0 0 -84 0 0 0 0
3 0 0 26 0 0 0 0
3 0 1 73 0 1 113 0
5 1 0 -91 0 0 0 0
5 0 1 110 0 1 19 0
3 1 0 52 0 0 0 0
3 0 0 50 0 0 0 0
3 0 0 66 0 0 0 0
3 0 0 71 0 0 0 0
3 0 0 -120 0 0 0 0
3 0 0 -95 0 0 0 0
3 0 0 -34 0 0 0 0
3 0 0 68 0 0 0 0
3 0 0 -103 0 0 0 0
3 0 0 -39 0 0 0 0
3 0 0 97 0 0 0 0
3 0 0 122 0 0 0 0
3 0 0 -78 0 0 0 0
3 0 0 36 0 0 0 0
3 0 1 -52 0 1 122 0
3 1 0 -27 0 0 0 0
3 0 0 18 0 0 0 0
3 0 0 24 0 0 0 0
3 0 0 -71 0 0 0 0
3 0 0 -15 0 0 0 0
3 0 0 -81 0 0 0 0
3 0 0 25 0 0 0 0
3 0 0 -120 0 0 0 0
3 0 0 120 0 0 0 0
3 0 0 51 0 0 0 0
3 0 0 -6 0 0 0 0
3 0 0 -125 0 0 0 0
3 0 0 -45 0 0 0 0
3 0 0 87 0 0 0 0
3 0 0 -24 0 0 0 0
3 0 0 50 0 0 0 0
3 0 0 -34 0 0 0 0
3 0 0 48 0 0 0 0
3 0 0 111 0 0 0 0
3 0 0 96 0 0 0 0
3 0 0 -98 0 0 0 0
3 0 0 -3 0 0 0 0
3 0 0 50 0 0 0 0
3 0 1 -93 0 1 120 0
3 1 0 87 0 0 0 0
3 0 0 -119 0 0 0 0
3 0 0 38 0 0 0 0
3 0 0 -8 0 0 0 0
3 0 0 36 0 0 0 0
3 0 1 -4 0 1 87 0
3 1 0 10 0 0 0 0
3 0 0 118 0 0 0 0
3 0 0 22 0 0 0 0
3 0 0 32 0 0 0 0
3 0 0 -112 0 0 0 0
3 0 0 -105 0 0 0 0
3 0 0 -30 0 0 0 0
3 0 0 11 0 0 0 0
3 0 0 10 0 0 0 0
3 0 0 32 0 0 0 0
3 0 0 44 0 0 0 0
3 0 0 -94 0 0 0 0
3 0 0 -25 0 0 0 0
3 0 0 -126 0 0 0 0
3 0 0 40 0 0 0 0
3 0 0 -26 0 0 0 0
3 0 0 -102 0 0 0 0
3 0 0 53 0 0 0 0
3 0 0 -126 0 0 0 0
3 0 0 94 0 0 0 0
3 0 0 37 0 0 0 0
3 0 0 122 0 0 0 0
3 0 0 -23 0 0 0 0
3 0 0 -87 0 0 0 0
3 0 0 -33 0 0 0 0
3 0 0 -92 0 0 0 0
3 0 0 9 0 0 0 0
3 0 0 -58 0 0 0 0
3 0 0 -24 0 0 0 0
3 0 1 86 0 1 122 0
3 1 0 126 0 0 0 0
3 0 0 8 0 0 0 0
3 0 0 112 0 0 0 0
3 0 0 -64 0 0 0 0
3 0 0 94 0 0 0 0
3 0 1 81 0 1 126 0
3 1 0 109 0 0 0 0
3 0 0 -109 0 0 0 0
3 0 0 -5 0 0 0 0
3 0 0 -55 0 0 0 0
3 0 0 118 0 0 0 0
3 0 1 97 0 1 118 0
3 1 0 -31 0 0 0 0
3 0 0 75 0 0 0 0
3 0 0 -16 0 0 0 0
3 0 0 29 0 0 0 0
3 0 0 42 0 0 0 0
3 0 0 -47 0 0 0 0
3 0 0 -121 0 0 0 0
3 0 0 66 0 0 0 0
3 0 0 -44 0 0 0 0
3 0 0 -10 0 0 0 0
3 0 0 9 0 0 0 0
3 0 0 -87 0 0 0 0
3 0 0 20 0 0 0 0
3 0 0 -87 0 0 0 0
3 0 0 11 0 0 0 0
3 0 0 -114 0 0 0 0
3 0 0 117 0 0 0 0
3 0 0 104 0 0 0 0
3 0 0 1 0 0 0 0
3 0 0 71 0 0 0 0
3 0 0 91 0 0 0 0
3 0 0 -39 0 0 0 0
3 0 0 -98 0 0 0 0
3 0 0 -11 0 0 0 0
3 0 0 90 0 0 0 0
3 0 1 -22 0 1 117 0
4 1 0 -106 0 0 0 0
4 0 0 46 0 0 0 0
4 0 0 59 0 0 0 0
4 0 1 -61 0 1 0 -62
5 1 0 -60 0 0 0 0
5 0 1 -84 0 1 -127 0
3 1 0 4 0 0 0 0
3 0 0 105 0 0 0 0
3 0 0 41 0 0 0 0
3 0 0 80 0 0 0 0
3 0 0 82 0 0 0 0
3 0 0 15 0 0 0 0
3 0 0 -37 0 0 0 0
3 0 0 63 0 0 0 0
3 0 0 -99 0 0 0 0
3 0 0 -92 0 0 0 0
3 0 0 -70 0 0 0 0
3 0 0 55 0 0 0 0
3 0 0 -28 0 0 0 0
3 0 0 127 0 0 0 0
3 0 0 105 0 0 0 0
3 0 0 -94 0 0 0 0
3 0 0 -95 0 0 0 0
3 0 1 -27 0 1 127 0
5 1 0 -40 0 0 0 0
5 0 1 38 0 1 -2 0
3 1 0 13 0 0 0 0
3 0 0 -88 0 0 0 0
3 0 0 106 0 0 0 0
3 0 0 60 0 0 0 0
3 0 0 -121 0 0 0 0
3 0 0 -112 0 0 0 0
3 0 0 -18 0 0 0 0
3 0 0 123 0 0 0 0
3 0 1 -51 0 1 123 0
5 1 0 107 0 0 0 0
5 0 1 -72 0 1 35 0
5 1 0 -101 0 0 0 0
5 0 1 -13 0 1 -114 0
5 1 0 -10 0 0 0 0
5 0 1 -81 0 1 -91 0
3 1 0 97 0 0 0 0
3 0 0 20 0 0 0 0
3 0 0 45 0 0 0 0
3 0 0 109 0 0 0 0
3 0 0 -91 0 0 0 0
3 0 0 87 0 0 0 0
3 0 0 -71 0 0 0 0
3 0 0 -29 0 0 0 0
3 0 0 -78 0 0 0 0
3 0 0 -73 0 0 0 0
3 0 0 -117 0 0 0 0
3 0 0 50 0 0 0 0
3 0 0 87 0 0 0 0
3 0 0 -44 0 0 0 0
3 0 1 -97 0 1 109 0
4 1 0 103 0 0 0 0
4 0 1 51 0 1 0 154
4 1 0 -86 0 0 0 0
4 0 0 79 0 0 0 0
4 0 0 14 0 0 0 0
4 0 0 23 0 0 0 0
4 0 0 113 0 0 0 0
4 0 0 40 0 0 0 0
4 0 0 124 0 0 0 0
4 0 0 49 0 0 0 0
4 0 0 -31 0 0 0 0
4 0 0 92 0 0 0 0
4 0 0 52 0 0 0 0
4 0 0 15 0 0 0 0
4 0 0 -87 0 0 0 0
4 0 0 34 0 0 0 0
4 0 0 -24 0 0 0 0
4 0 0 -54 0 0 0 0
4 0 0 102 0 0 0 0
4 0 0 -81 0 0 0 0
4 0 0 10 0 0 0 0
4 0 0 -23 0 0 0 0
4 0 1 -84 0 1 0 277
4 1 0 98 0 0 0 0
4 0 0 30 0 0 0 0
4 0 0 -27 0 0 0 0
4 0 1 -15 0 1 0 86
5 1 0 13 0 0 0 0
5 0 1 68 0 1 81 0
4 1 0 111 0 0 0 0
4 0 0 -29 0 0 0 0
4 0 0 117 0 0 0 0
4 0 0 -74 0 0 0 0
4 0 0 92 0 0 0 0
4 0 0 32 0 0 0 0
4 0 0 20 0 0 0 0
4 0 0 -38 0 0 0 0
4 0 0 -59 0 0 0 0
4 0 0 10 0 0 0 0
4 0 0 5 0 0 0 0
4 0 0 -34 0 0 0 0
4 0 0 -88 0 0 0 0
4 0 0 6 0 0 0 0
4 0 0 -95 0 0 0 0
4 0 0 82 0 0 0 0
4 0 1 63 0 1 0 121
3 1 0 -10 0 0 0 0
3 0 0 -100 0 0 0 0
3 0 0 -86 0 0 0 0
3 0 0 -107 0 0 0 0
3 0 0 50 0 0 0 0
3 0 1 104 0 1 104 0
4 1 0 -73 0 0 0 0
4 0 0 62 0 0 0 0
4 0 0 88 0 0 0 0
4 0 0 -118 0 0 0 0
4 0 0 111 0 0 0 0
4 0 0 -44 0 0 0 0
4 0 0 110 0 0 0 0
4 0 0 102 0 0 0 0
4 0 0 89 0 0 0 0
4 0 0 51 0 0 0 0
4 0 0 91 0 0 0 0
4 0 0 -63 0 0 0 0
4 0 1 -43 0 1 0 363
4 1 0 -108 0 0 0 0
4 0 0 -4 0 0 0 0
4 0 0 -112 0 0 0 0
4 0 0 -31 0 0 0 0
4 0 0 -122 0 0 0 0
4 0 0 -64 0 0 0 0
4 0 0 -59 0 0 0 0
4 0 0 -23 0 0 0 0
4 0 0 -73 0 0 0 0
4 0 0 -32 0 0 0 0
4 0 0 119 0 0 0 0
4 0 0 -22 0 0 0 0
4 0 0 -6 0 0 0 0
4 0 0 -93 0 0 0 0
4 0 0 -16 0 0 0 0
4 0 0 -80 0 0 0 0
4 0 0 -41 0 0 0 0
4 0 0 -66 0 0 0 0
4 0 0 101 0 0 0 0
4 0 0 -110 0 0 0 0
4 0 0 -92 0 0 0 0
4 0 0 60 0 0 0 0
4 0 0 -34 0 0 0 0
4 0 0 2 0 0 0 0
4 0 0 9 0 0 0 0
4 0 0 88 0 0 0 0
4 0 0 -73 0 0 0 0
4 0 1 73 0 1 0 -809
5 1 0 62 0 0 0 0
5 0 1 65 0 1 127 0
3 1 0 -72 0 0 0 0
3 0 0 37 0 0 0 0
3 0 0 58 0 0 0 0
3 0 0 109 0 0 0 0
3 0 0 93 0 0 0 0
3 0 0 19 0 0 0 0
3 0 0 -40 0 0 0 0
3 0 0 1 0 0 0 0
3 0 0 -107 0 0 0 0
3 0 0 108 0 0 0 0
3 0 0 -107 0 0 0 0
3 0 0 -16 0 0 0 0
3 0 0 -81 0 0 0 0
3 0 0 -80 0 0 0 0
3 0 0 122 0 0 0 0
3 0 0 47 0 0 0 0
3 0 0 119 0 0 0 0
3 0 0 117 0 0 0 0
3 0 0 75 0 0 0 0
3 0 0 -63 0 0 0 0
3 0 0 -12 0 0 0 0
3 0 0 106 0 0 0 0
3 0 0 64 0 0 0 0
3 0 1 17 0 1 122 0
5 1 0 50 0 0 0 0
5 0 1 89 0 1 127 0
5 1 0 18 0 0 0 0
5 0 1 -32 0 1 -14 0
3 1 0 66 0 0 0 0
3 0 0 -12 0 0 0 0
3 0 0 -101 0 0 0 0
3 0 0 -37 0 0 0 0
3 0 0 12 0 0 0 0
3 0 0 -12 0 0 0 0
3 0 0 88 0 0 0 0
3 0 0 67 0 0 0 0
3 0 0 -54 0 0 0 0
3 0 1 -110 0 1 88 0
4 1 0 86 0 0 0 0
4 0 0 -31 0 0 0 0
4 0 0 49 0 0 0 0
4 0 0 56 0 0 0 0
4 0 0 1 0 0 0 0
4 0 0 -35 0 0 0 0
4 0 0 1 0 0 0 0
4 0 0 -73 0 0 0 0
4 0 0 -98 0 0 0 0
4 0 0 -37 0 0 0 0
4 0 1 -67 0 1 0 -148
3 1 0 38 0 0 0 0
3 0 0 50 0 0 0 0
3 0 0 -89 0 0 0 0
3 0 0 99 0 0 0 0
3 0 0 -127 0 0 0 0
3 0 0 -52 0 0 0 0
3 0 0 112 0 0 0 0
3 0 0 45 0 0 0 0
3 0 0 -5 0 0 0 0
3 0 0 95 0 0 0 0
3 0 0 -48 0 0 0 0
3 0 0 121 0 0 0 0
3 0 0 87 0 0 0 0
3 0 0 55 0 0 0 0
3 0 0 76 0 0 0 0
3 0 0 40 0 0 0 0
3 0 0 -36 0 0 0 0
3 0 0 -67 0 0 0 0
3 0 0 26 0 0 0 0
3 0 0 55 0 0 0 0
3 0 0 -32 0 0 0 0
3 0 0 -66 0 0 0 0
3 0 0 -29 0 0 0 0
3 0 1 -65 0 1 121 0
3 1 0 -117 0 0 0 0
3 0 1 2 0 1 2 0
5 1 0 51 0 0 0 0
5 0 1 12 0 1 63 0
5 1 0 -17 0 0 0 0
5 0 1 111 0 1 94 0
3 1 0 -92 0 0 0 0
3 0 0 -77 0 0 0 0
3 0 0 83 0 0 0 0
3 0 0 -127 0 0 0 0
3 0 0 63 0 0 0 0
3 0 0 111 0 0 0 0
3 0 0 107 0 0 0 0
3 0 0 -46 0 0 0 0
3 0 0 -65 0 0 0 0
3 0 0 17 0 0 0 0
3 0 0 -31 0 0 0 0
3 0 0 90 0 0 0 0
3 0 0 98 0 0 0 0
3 0 0 -90 0 0 0 0
3 0 0 -112 0 0 0 0
3 0 0 95 0 0 0 0
3 0 0 100 0 0 0 0
3 0 0 27 0 0 0 0
3 0 0 -9 0 0 0 0
3 0 0 17 0 0 0 0
3 0 0 -94 0 0 0 0
3 0 0 69 0 0 0 0
3 0 0 -50 0 0 0 0
3 0 0 28 0 0 0 0
3 0 0 -117 0 0 0 0
3 0 0 -78 0 0 0 0
3 0 0 127 0 0 0 0
3 0 0 -89 0 0 0 0
3 0 0 5 0 0 0 0
3 0 0 5 0 0 0 0
3 0 0 -116 0 0 0 0
3 0 1 25 0 1 127 0
5 1 0 38 0 0 0 0
5 0 1 8 0 1 46 0
5 1 0 88 0 0 0 0
5 0 1 -87 0 1 1 0
5 1 0 -56 0 0 0 0
5 0 1 -41 0 1 -97 0
5 1 0 35 0 0 0 0
5 0 1 53 0 1 88 0
3 1 1 -104 0 1 -104 0
3 1 0 -28 0 0 0 0
3 0 0 -119 0 0 0 0
3 0 0 68 0 0 0 0
3 0 0 36 0 0 0 0
3 0 0 4 0 0 0 0
3 0 0 84 0 0 0 0
3 0 0 1 0 0 0 0
3 0 0 -121 0 0 0 0
3 0 0 -118 0 0 0 0
3 0 0 23 0 0 0 0
3 0 0 -43 0 0 0 0
3 0 0 120 0 0 0 0
3 0 0 22 0 0 0 0
3 0 0 -46 0 0 0 0
3 0 0 50 0 0 0 0
3 0 0 26 0 0 0 0
3 0 0 116 0 0 0 0
3 0 0 -122 0 0 0 0
3 0 0 -84 0 0 0 0
3 0 0 26 0 0 0 0
3 0 0 -69 0 0 0 0
3 0 0 11 0 0 0 0
3 0 1 42 0 1 120 0
3 1 0 -70 0 0 0 0
3 0 0 110 0 0 0 0
3 0 0 60 0 0 0 0
3 0 1 74 0 1 110 0
5 1 0 20 0 0 0 0
5 0 1 -56 0 1 -36 0
3 1 0 -54 0 0 0 0
3 0 0 -77 0 0 0 0
3 0 0 -37 0 0 0 0
3 0 0 -42 0 0 0 0
3 0 0 -119 0 0 0 0
3 0 0 50 0 0 0 0
3 0 0 -14 0 0 0 0
3 0 0 7 0 0 0 0
3 0 0 91 0 0 0 0
3 0 0 59 0 0 0 0
3 0 0 -41 0 0 0 0
3 0 0 -25 0 0 0 0
3 0 0 -45 0 0 0 0
3 0 0 2 0 0 0 0
3 0 0 -9 0 0 0 0
3 0 0 -79 0 0 0 0
3 0 0 -26 0 0 0 0
3 0 0 59 0 0 0 0
3 0 0 113 0 0 0 0
3 0 0 -77 0 0 0 0
3 0 0 -19 0 0 0 0
3 0 0 -43 0 0 0 0
3 0 0 2 0 0 0 0
3 0 0 42 0 0 0 0
3 0 0 0 0 0 0 0
3 0 0 84 0 0 0 0
3 0 0 -51 0 0 0 0
3 0 0 56 0 0 0 0
3 0 0 43 0 0 0 0
3 0 0 61 0 0 0 0
3 0 1 -86 0 1 113 0
5 1 0 -18 0 0 0 0
5 0 1 -119 0 1 -127 0
3 1 0 112 0 0 0 0
3 0 0 -108 0 0 0 0
3 0 0 -98 0 0 0 0
3 0 0 75 0 0 0 0
3 0 0 14 0 0 0 0
3 0 0 -10 0 0 0 0
3 0 0 -20 0 0 0 0
3 0 0 72 0 0 0 0
3 0 0 -12 0 0 0 0
3 0 0 -123 0 0 0 0
3 0 0 51 0 0 0 0
3 0 0 -47 0 0 0 0
3 0 0 61 0 0 0 0
3 0 0 -29 0 0 0 0
3 0 0 -122 0 0 0 0
3 0 0 -23 0 0 0 0
3 0 0 -123 0 0 0 0
3 0 0 -86 0 0 0 0
3 0 0 -95 0 0 0 0
3 0 0 86 0 0 0 0
3 0 0 -81 0 0 0 0
3 0 0 100 0 0 0 0
3 0 0 -72 0 0 0 0
3 0 0 46 0 0 0 0
3 0 0 120 0 0 0 0
3 0 1 84 0 1 120 0
5 1 0 23 0 0 0 0
5 0 1 -11 0 1 12 0
5 1 0 -44 0 0 0 0
5 0 1 123 0 1 79 0
5 1 0 -11 0 0 0 0
5 0 1 -27 0 1 -38 0
5 1 0 -82 0 0 0 0
5 0 1 109 0 1 27 0
5 1 0 10 0 0 0 0
5 0 1 47 0 1 57 0
3 1 0 -44 0 0 0 0
3 0 0 -76 0 0 0 0
3 0 0 -77 0 0 0 0
3 0 0 -115 0 0 0 0
3 0 0 118 0 0 0 0
3 0 0 -121 0 0 0 0
3 0 0 86 0 0 0 0
3 0 0 12 0 0 0 0
3 0 0 101 0 0 0 0
3 0 0 -14 0 0 0 0
3 0 0 27 0 0 0 0
3 0 0 123 0 0 0 0
3 0 0 -32 0 0 0 0
3 0 0 -55 0 0 0 0
3 0 0 82 0 0 0 0
3 0 1 47 0 1 123 0
4 1 0 68 0 0 0 0
4 0 0 -12 0 0 0 0
4 0 1 13 0 1 0 69
4 1 0 90 0 0 0 0
4 0 0 22 0 0 0 0
4 0 0 -42 0 0 0 0
4 0 0 -3 0 0 0 0
4 0 0 23 0 0 0 0
4 0 0 -30 0 0 0 0
4 0 0 104 0 0 0 0
4 0 0 108 0 0 0 0
4 0 0 -115 0 0 0 0
4 0 0 -85 0 0 0 0
4 0 1 -126 0 1 0 -54
3 1 0 120 0 0 0 0
3 0 0 33 0 0 0 0
3 0 0 -122 0 0 0 0
3 0 0 -22 0 0 0 0
3 0 0 54 0 0 0 0
3 0 0 -66 0 0 0 0
3 0 0 -107 0 0 0 0
3 0 0 107 0 0 0 0
3 0 0 -28 0 0 0 0
3 0 0 -102 0 0 0 0
3 0 0 -56 0 0 0 0
3 0 1 -67 0 1 120 0
3 1 0 -62 0 0 0 0
3 0 0 -69 0 0 0 0
3 0 0 23 0 0 0 0
3 0 0 33 0 0 0 0
3 0 0 -65 0 0 0 0
3 0 1 -57 0 1 33 0
4 1 0 7 0 0 0 0
4 0 0 11 0 0 0 0
4 0 0 22 0 0 0 0
4 0 0 -29 0 0 0 0
4 0 0 -120 0 0 0 0
4 0 0 -52 0 0 0 0
4 0 0 25 0 0 0 0
4 0 0 -72 0 0 0 0
4 0 0 -38 0 0 0 0
4 0 0 54 0 0 0 0
4 0 0 19 0 0 0 0
4 0 0 40 0 0 0 0
4 0 0 76 0 0 0 0
4 0 0 110 0 0 0 0
4 0 1 -30 0 1 0 23
5 1 0 -98 0 0 0 0
5 0 1 -127 0 1 -127 0
5 1 0 -73 0 0 0 0
5 0 1 27 0 1 -46 0
3 1 0 -9 0 0 0 0
3 0 0 -68 0 0 0 0
3 0 0 -58 0 0 0 0
3 0 0 46 0 0 0 0
3 0 0 -18 0 0 0 0
3 0 0 107 0 0 0 0
3 0 0 113 0 0 0 0
3 0 0 121 0 0 0 0
3 0 0 -29 0 0 0 0
3 0 0 113 0 0 0 0
3 0 0 34 0 0 0 0
3 0 0 -79 0 0 0 0
3 0 0 -95 0 0 0 0
3 0 0 -72 0 0 0 0
3 0 0 67 0 0 0 0
3 0 0 -49 0 0 0 0
3 0 0 98 0 0 0 0
3 0 0 -70 0 0 0 0
3 0 0 -77 0 0 0 0
3 0 0 -1 0 0 0 0
3 0 0 103 0 0 0 0
3 0 1 70 0 1 121 0
5 1 0 70 0 0 0 0
5 0 1 -75 0 1 -5 0
5 1 0 30 0 0 0 0
5 0 1 -21 0 1 9 0
3 1 0 -37 0 0 0 0
3 0 0 -49 0 0 0 0
3 0 0 49 0 0 0 0
3 0 0 -48 0 0 0 0
3 0 0 -69 0 0 0 0
3 0 0 62 0 0 0 0
3 0 0 -79 0 0 0 0
3 0 0 39 0 0 0 0
3 0 0 -62 0 0 0 0
3 0 0 35 0 0 0 0
3 0 0 23 0 0 0 0
3 0 0 -5 0 0 0 0
3 0 0 99 0 0 0 0
3 0 0 16 0 0 0 0
3 0 0 80 0 0 0 0
3 0 1 -121 0 1 99 0
4 1 1 57 0 1 0 57
4 1 0 68 0 0 0 0
4 0 0 72 0 0 0 0
4 0 0 93 0 0 0 0
4 0 0 -100 0 0 0 0
4 0 0 -68 0 0 0 0
4 0 0 36 0 0 0 0
4 0 0 -94 0 0 0 0
4 0 0 22 0 0 0 0
4 0 1 -124 0 1 0 -95
4 1 0 -105 0 0 0 0
4 0 0 76 0 0 0 0
4 0 0 -36 0 0 0 0
4 0 0 -55 0 0 0 0
4 0 0 -2 0 0 0 0
4 0 1 70 0 1 0 -52
4 1 0 83 0 0 0 0
4 0 0 11 0 0 0 0
4 0 0 82 0 0 0 0
4 0 0 118 0 0 0 0
4 0 0 -54 0 0 0 0
4 0 0 54 0 0 0 0
4 0 0 62 0 0 0 0
4 0 0 13 0 0 0 0
4 0 0 34 0 0 0 0
4 0 0 93 0 0 0 0
4 0 0 54 0 0 0 0
4 0 0 -4 0 0 0 0
4 0 0 -26 0 0 0 0
4 0 0 -116 0 0 0 0
4 0 0 -87 0 0 0 0
4 0 0 75 0 0 0 0
4 0 0 -99 0 0 0 0
4 0 0 24 0 0 0 0
4 0 0 118 0 0 0 0
4 0 1 100 0 1 0 535
4 1 0 -52 0 0 0 0
4 0 0 4 0 0 0 0
4 0 0 63 0 0 0 0
4 0 0 -17 0 0 0 0
4 0 0 -15 0 0 0 0
4 0 0 -50 0 0 0 0
4 0 1 66 0 1 0 -1
3 1 0 -75 0 0 0 0
3 0 0 86 0 0 0 0
3 0 0 120 0 0 0 0
3 0 0 70 0 0 0 0
3 0 0 -80 0 0 0 0
3 0 0 105 0 0 0 0
3 0 0 30 0 0 0 0
3 0 0 -102 0 0 0 0
3 0 0 10 0 0 0 0
3 0 0 -81 0 0 0 0
3 0 0 81 0 0 0 0
3 0 0 22 0 0 0 0
3 0 0 51 0 0 0 0
3 0 0 -68 0 0 0 0
3 0 0 -113 0 0 0 0
3 0 0 117 0 0 0 0
3 0 0 -8 0 0 0 0
3 0 0 39 0 0 0 0
3 0 0 96 0 0 0 0
3 0 1 61 0 1 120 0
3 1 0 88 0 0 0 0
3 0 0 -67 0 0 0 0
3 0 0 -41 0 0 0 0
3 0 0 37 0 0 0 0
3 0 0 -60 0 0 0 0
3 0 0 32 0 0 0 0
3 0 0 89 0 0 0 0
3 0 0 -112 0 0 0 0
3 0 0 -7 0 0 0 0
3 0 0 82 0 0 0 0
3 0 0 -112 0 0 0 0
3 0 0 -48 0 0 0 0
3 0 0 71 0 0 0 0
3 0 0 -9 0 0 0 0
3 0 0 -13 0 0 0 0
3 0 0 -119 0 0 0 0
3 0 0 120 0 0 0 0
3 0 0 52 0 0 0 0
3 0 0 79 0 0 0 0
3 0 0 -26 0 0 0 0
3 0 0 99 0 0 0 0
3 0 0 -116 0 0 0 0
3 0 0 123 0 0 0 0
3 0 0 22 0 0 0 0
3 0 0 120 0 0 0 0
3 0 0 -46 0 0 0 0
3 0 0 51 0 0 0 0
3 0 0 -2 0 0 0 0
3 0 1 -60 0 1 123 0
4 1 1 -44 0 1 0 -44
5 1 0 87 0 0 0 0
5 0 1 -21 0 1 66 0
5 1 0 30 0 0 0 0
5 0 1 123 0 1 127 0
4 1 0 -72 0 0 0 0
4 0 0 10 0 0 0 0
4 0 0 22 0 0 0 0
4 0 0 124 0 0 0 0
4 0 0 -4 0 0 0 0
4 0 0 -52 0 0 0 0
4 0 0 31 0 0 0 0
4 0 0 -70 0 0 0 0
4 0 0 114 0 0 0 0
4 0 0 34 0 0 0 0
4 0 1 -56 0 1 0 81
5 1 0 76 0 0 0 0
5 0 1 116 0 1 127 0
4 1 0 81 0 0 0 0
4 0 0 -111 0 0 0 0
4 0 0 -84 0 0 0 0
4 0 0 43 0 0 0 0
4 0 0 95 0 0 0 0
4 0 0 -45 0 0 0 0
4 0 0 22 0 0 0 0
4 0 1 44 0 1 0 45
3 1 0 57 0 0 0 0
3 0 0 93 0 0 0 0
3 0 0 82 0 0 0 0
3 0 0 -49 0 0 0 0
3 0 0 10 0 0 0 0
3 0 0 -118 0 0 0 0
3 0 1 9 0 1 93 0
3 1 0 -17 0 0 0 0
3 0 0 -40 0 0 0 0
3 0 0 12 0 0 0 0
3 0 0 33 0 0 0 0
3 0 0 -118 0 0 0 0
3 0 0 -117 0 0 0 0
3 0 0 39 0 0 0 0
3 0 0 87 0 0 0 0
3 0 0 -97 0 0 0 0
3 0 0 -118 0 0 0 0
3 0 0 -16 0 0 0 0
3 0 0 99 0 0 0 0
3 0 0 -61 0 0 0 0
3 0 0 -110 0 0 0 0
3 0 0 -42 0 0 0 0
3 0 0 56 0 0 0 0
3 0 0 -20 0 0 0 0
3 0 0 120 0 0 0 0
3 0 0 -11 0 0 0 0
3 0 0 -50 0 0 0 0
3 0 0 -85 0 0 0 0
3 0 0 48 0 0 0 0
3 0 0 -105 0 0 0 0
3 0 0 -87 0 0 0 0
3 0 0 100 0 0 0 0
3 0 0 21 0 0 0 0
3 0 1 5 0 1 120 0
5 1 0 -19 0 0 0 0
5 0 1 25 0 1 6 0
4 1 0 -29 0 0 0 0
4 0 0 -43 0 0 0 0
4 0 0 40 0 0 0 0
4 0 0 2 0 0 0 0
4 0 0 112 0 0 0 0
4 0 0 103 0 0 0 0
4 0 0 -3 0 0 0 0
4 0 0 115 0 0 0 0
4 0 0 113 0 0 0 0
4 0 0 -8 0 0 0 0
4 0 0 -26 0 0 0 0
4 0 0 81 0 0 0 0
4 0 0 18 0 0 0 0
4 0 0 -15 0 0 0 0
4 0 0 25 0 0 0 0
4 0 0 45 0 0 0 0
4 0 0 -80 0 0 0 0
4 0 0 20 0 0 0 0
4 0 1 105 0 1 0 575
5 1 0 -85 0 0 0 0
5 0 1 -105 0 1 -127 0
5 1 0 -15 0 0 0 0
5 0 1 -84 0 1 -99 0
5 1 0 127 0 0 0 0
5 0 1 121 0 1 127 0
5 1 0 -6 0 0 0 0
5 0 1 -74 0 1 -80 0
5 1 0 36 0 0 0 0
5 0 1 -12 0 1 24 0
3 1 0 71 0 0 0 0
3 0 0 -40 0 0 0 0
3 0 0 58 0 0 0 0
3 0 0 55 0 0 0 0
3 0 0 -31 0 0 0 0
3 0 0 83 0 0 0 0
3 0 0 -12 0 0 0 0
3 0 0 -14 0 0 0 0
3 0 0 22 0 0 0 0
3 0 0 -122 0 0 0 0
3 0 0 -117 0 0 0 0
3 0 1 -127 0 1 83 0
3 1 0 33 0 0 0 0
3 0 0 52 0 0 0 0
3 0 0 -72 0 0 0 0
3 0 0 1 0 0 0 0
3 0 0 -103 0 0 0 0
3 0 0 -60 0 0 0 0
3 0 0 60 0 0 0 0
3 0 0 4 0 0 0 0
3 0 0 -46 0 0 0 0
3 0 0 -94 0 0 0 0
3 0 0 73 0 0 0 0
3 0 0 -25 0 0 0 0
3 0 0 1 0 0 0 0
3 0 0 25 0 0 0 0
3 0 0 123 0 0 0 0
3 0 0 -118 0 0 0 0
3 0 0 66 0 0 0 0
3 0 0 127 0 0 0 0
3 0 0 -48 0 0 0 0
3 0 0 -25 0 0 0 0
3 0 0 62 0 0 0 0
3 0 0 -72 0 0 0 0
3 0 0 -34 0 0 0 0
3 0 0 -109 0 0 0 0
3 0 1 -106 0 1 127 0
3 1 0 -75 0 0 0 0
3 0 0 57 0 0 0 0
3 0 0 -81 0 0 0 0
3 0 0 41 0 0 0 0
3 0 0 -43 0 0 0 0
3 0 0 59 0 0 0 0
3 0 0 -80 0 0 0 0
3 0 0 -21 0 0 0 0
3 0 0 -103 0 0 0 0
3 0 0 124 0 0 0 0
3 0 0 -86 0 0 0 0
3 0 0 -64 0 0 0 0
3 0 0 -92 0 0 0 0
3 0 0 -12 0 0 0 0
3 0 0 -96 0 0 0 0
3 0 0 -41 0 0 0 0
3 0 1 -8 0 1 124 0
4 1 0 55 0 0 0 0
4 0 0 -16 0 0 0 0
4 0 0 6 0 0 0 0
4 0 0 -27 0 0 0 0
4 0 0 -61 0 0 0 0
4 0 0 -100 0 0 0 0
4 0 0 -10 0 0 0 0
4 0 0 -82 0 0 0 0
4 0 0 17 0 0 0 0
4 0 0 3 0 0 0 0
4 0 1 -34 0 1 0 -249
5 1 0 84 0 0 0 0
5 0 1 -102 0 1 -18 0
4 1 0 76 0 0 0 0
4 0 0 53 0 0 0 0
4 0 0 -100 0 0 0 0
4 0 0 -59 0 0 0 0
4 0 0 47 0 0 0 0
4 0 0 35 0 0 0 0
4 0 0 7 0 0 0 0
4 0 0 21 0 0 0 0
4 0 0 27 0 0 0 0
4 0 0 -9 0 0 0 0
4 0 0 -48 0 0 0 0
4 0 0 -60 0 0 0 0
4 0 0 -2 0 0 0 0
4 0 0 93 0 0 0 0
4 0 0 74 0 0 0 0
4 0 0 -65 0 0 0 0
4 0 0 -47 0 0 0 0
4 0 0 -95 0 0 0 0
4 0 0 46 0 0 0 0
4 0 0 114 0 0 0 0
4 0 0 -107 0 0 0 0
4 0 0 41 0 0 0 0
4 0 0 -78 0 0 0 0
4 0 0 20 0 0 0 0
4 0 0 74 0 0 0 0
4 0 0 94 0 0 0 0
4 0 1 -69 0 1 0 83
4 1 0 -21 0 0 0 0
4 0 0 127 0 0 0 0
4 0 1 96 0 1 0 202
5 1 0 -67 0 0 0 0
5 0 1 -99 0 1 -127 0
5 1 0 8 0 0 0 0
5 0 1 -95 0 1 -87 0
4 1 0 -3 0 0 0 0
4 0 0 -34 0 0 0 0
4 0 0 111 0 0 0 0
4 0 0 108 0 0 0 0
4 0 0 -118 0 0 0 0
4 0 0 -75 0 0 0 0
4 0 0 82 0 0 0 0
4 0 0 -115 0 0 0 0
4 0 0 -119 0 0 0 0
4 0 0 -103 0 0 0 0
4 0 0 -109 0 0 0 0
4 0 0 49 0 0 0 0
4 0 1 87 0 1 0 -239
4 1 0 57 0 0 0 0
4 0 0 22 0 0 0 0
4 0 0 92 0 0 0 0
4 0 0 -28 0 0 0 0
4 0 0 27 0 0 0 0
4 0 0 -116 0 0 0 0
4 0 0 -12 0 0 0 0
4 0 0 -44 0 0 0 0
4 0 0 -39 0 0 0 0
4 0 0 2 0 0 0 0
4 0 0 118 0 0 0 0
4 0 0 -18 0 0 0 0
4 0 0 -4 0 0 0 0
4 0 1 -50 0 1 0 7
3 1 0 -124 0 0 0 0
3 0 0 -82 0 0 0 0
3 0 0 -55 0 0 0 0
3 0 0 123 0 0 0 0
3 0 0 -42 0 0 0 0
3 0 0 -53 0 0 0 0
3 0 0 77 0 0 0 0
3 0 0 -115 0 0 0 0
3 0 0 -10 0 0 0 0
3 0 0 -87 0 0 0 0
3 0 0 49 0 0 0 0
3 0 0 78 0 0 0 0
3 0 0 -64 0 0 0 0
3 0 0 35 0 0 0 0
3 0 0 80 0 0 0 0
3 0 0 -126 0 0 0 0
3 0 1 -106 0 1 123 0
4 1 0 -118 0 0 0 0
4 0 0 -128 0 0 0 0
4 0 0 -37 0 0 0 0
4 0 1 12 0 1 0 -271
3 1 0 -121 0 0 0 0
3 0 0 23 0 0 0 0
3 0 0 -110 0 0 0 0
3 0 0 -116 0 0 0 0
3 0 0 -77 0 0 0 0
3 0 0 85 0 0 0 0
3 0 0 -56 0 0 0 0
3 0 0 -19 0 0 0 0
3 0 0 46 0 0 0 0
3 0 0 -3 0 0 0 0
3 0 0 -84 0 0 0 0
3 0 0 15 0 0 0 0
3 0 0 -12 0 0 0 0
3 0 0 -78 0 0 0 0
3 0 0 -92 0 0 0 0
3 0 0 79 0 0 0 0
3 0 0 17 0 0 0 0
3 0 0 87 0 0 0 0
3 0 0 62 0 0 0 0
3 0 0 50 0 0 0 0
3 0 0 -123 0 0 0 0
3 0 0 79 0 0 0 0
3 0 0 -81 0 0 0 0
3 0 0 19 0 0 0 0
3 0 0 85 0 0 0 0
3 0 0 -61 0 0 0 0
3 0 0 16 0 0 0 0
3 0 0 78 0 0 0 0
3 0 0 -126 0 0 0 0
3 0 0 23 0 0 0 0
3 0 0 120 0 0 0 0
3 0 1 -47 0 1 120 0
4 1 0 -42 0 0 0 0
4 0 0 -35 0 0 0 0
4 0 0 20 0 0 0 0
4 0 0 -63 0 0 0 0
4 0 0 36 0 0 0 0
4 0 0 -111 0 0 0 0
4 0 0 115 0 0 0 0
4 0 0 -95 0 0 0 0
4 0 0 64 0 0 0 0
4 0 0 76 0 0 0 0
4 0 0 -88 0 0 0 0
4 0 0 120 0 0 0 0
4 0 0 -38 0 0 0 0
4 0 0 -128 0 0 0 0
4 0 0 -118 0 0 0 0
4 0 0 84 0 0 0 0
4 0 0 -45 0 0 0 0
4 0 0 93 0 0 0 0
4 0 0 44 0 0 0 0
4 0 0 126 0 0 0 0
4 0 0 -91 0 0 0 0
4 0 0 -125 0 0 0 0
4 0 0 106 0 0 0 0
4 0 1 -85 0 1 0 -180
3 1 0 -2 0 0 0 0
3 0 0 -102 0 0 0 0
3 0 0 97 0 0 0 0
3 0 0 -33 0 0 0 0
3 0 0 -36 0 0 0 0
3 0 0 39 0 0 0 0
3 0 0 -57 0 0 0 0
3 0 0 34 0 0 0 0
3 0 0 -14 0 0 0 0
3 0 0 -49 0 0 0 0
3 0 0 18 0 0 0 0
3 0 0 -32 0 0 0 0
3 0 0 -91 0 0 0 0
3 0 0 -4 0 0 0 0
3 0 0 -100 0 0 0 0
3 0 0 37 0 0 0 0
3 0 0 -76 0 0 0 0
3 0 0 38 0 0 0 0
3 0 0 6 0 0 0 0
3 0 1 -114 0 1 97 0
5 1 0 21 0 0 0 0
5 0 1 -18 0 1 3 0
5 1 0 91 0 0 0 0
5 0 1 -56 0 1 35 0
3 1 0 98 0 0 0 0
3 0 0 100 0 0 0 0
3 0 0 45 0 0 0 0
3 0 0 41 0 0 0 0
3 0 0 -63 0 0 0 0
3 0 0 76 0 0 0 0
3 0 0 -67 0 0 0 0
3 0 0 20 0 0 0 0
3 0 0 -61 0 0 0 0
3 0 0 125 0 0 0 0
3 0 0 -88 0 0 0 0
3 0 0 88 0 0 0 0
3 0 0 48 0 0 0 0
3 0 0 -113 0 0 0 0
3 0 0 -123 0 0 0 0
3 0 0 30 0 0 0 0
3 0 0 -85 0 0 0 0
3 0 0 -89 0 0 0 0
3 0 0 -65 0 0 0 0
3 0 0 96 0 0 0 0
3 0 0 4 0 0 0 0
3 0 0 60 0 0 0 0
3 0 0 30 0 0 0 0
3 0 0 -6 0 0 0 0
3 0 0 37 0 0 0 0
3 0 0 3 0 0 0 0
3 0 0 -67 0 0 0 0
3 0 0 -69 0 0 0 0
3 0 0 44 0 0 0 0
3 0 1 3 0 1 125 0
4 1 0 18 0 0 0 0
4 0 0 12 0 0 0 0
4 0 1 82 0 1 0 112
5 1 0 91 0 0 0 0
5 0 1 69 0 1 127 0
3 1 0 93 0 0 0 0
3 0 0 58 0 0 0 0
3 0 0 -118 0 0 0 0
3 0 0 55 0 0 0 0
3 0 0 69 0 0 0 0
3 0 0 31 0 0 0 0
3 0 0 3 0 0 0 0
3 0 0 -113 0 0 0 0
3 0 0 -8 0 0 0 0
3 0 0 56 0 0 0 0
3 0 0 43 0 0 0 0
3 0 0 -83 0 0 0 0
3 0 0 74 0 0 0 0
3 0 0 120 0 0 0 0
3 0 0 -20 0 0 0 0
3 0 0 -122 0 0 0 0
3 0 1 87 0 1 120 0
4 1 0 -31 0 0 0 0
4 0 0 -3 0 0 0 0
4 0 0 -86 0 0 0 0
4 0 0 -79 0 0 0 0
4 0 0 -70 0 0 0 0
4 0 0 -71 0 0 0 0
4 0 0 23 0 0 0 0
4 0 0 -33 0 0 0 0
4 0 0 71 0 0 0 0
4 0 0 -128 0 0 0 0
4 0 0 -18 0 0 0 0
4 0 0 -58 0 0 0 0
4 0 0 114 0 0 0 0
4 0 0 69 0 0 0 0
4 0 0 -110 0 0 0 0
4 0 0 -15 0 0 0 0
4 0 0 -43 0 0 0 0
4 0 0 -37 0 0 0 0
4 0 0 -112 0 0 0 0
4 0 0 47 0 0 0 0
4 0 0 59 0 0 0 0
4 0 0 -121 0 0 0 0
4 0 0 -52 0 0 0 0
4 0 1 -81 0 1 0 -765
5 1 0 51 0 0 0 0
5 0 1 102 0 1 127 0
4 1 0 -45 0 0 0 0
4 0 0 -94 0 0 0 0
4 0 0 -96 0 0 0 0
4 0 0 43 0 0 0 0
4 0 0 109 0 0 0 0
4 0 0 -126 0 0 0 0
4 0 0 21 0 0 0 0
4 0 0 70 0 0 0 0
4 0 0 -33 0 0 0 0
4 0 0 42 0 0 0 0
4 0 1 56 0 1 0 -53
4 1 0 101 0 0 0 0
4 0 0 96 0 0 0 0
4 0 0 -91 0 0 0 0
4 0 0 23 0 0 0 0
4 0 0 119 0 0 0 0
4 0 0 90 0 0 0 0
4 0 0 -99 0 0 0 0
4 0 0 88 0 0 0 0
4 0 0 -38 0 0 0 0
4 0 0 127 0 0 0 0
4 0 0 -10 0 0 0 0
4 0 0 -116 0 0 0 0
4 0 0 -66 0 0 0 0
4 0 0 -77 0 0 0 0
4 0 0 -101 0 0 0 0
4 0 0 -6 0 0 0 0
4 0 0 -107 0 0 0 0
4 0 0 56 0 0 0 0
4 0 0 -76 0 0 0 0
4 0 0 -11 0 0 0 0
4 0 0 79 0 0 0 0
4 0 0 105 0 0 0 0
4 0 0 115 0 0 0 0
4 0 0 -45 0 0 0 0
4 0 0 -31 0 0 0 0
4 0 1 -125 0 1 0 0
3 1 0 -87 0 0 0 0
3 0 0 -23 0 0 0 0
3 0 0 -70 0 0 0 0
3 0 0 67 0 0 0 0
3 0 0 89 0 0 0 0
3 0 0 -94 0 0 0 0
3 0 0 64 0 0 0 0
3 0 0 -83 0 0 0 0
3 0 0 0 0 0 0 0
3 0 0 109 0 0 0 0
3 0 1 -26 0 1 109 0
4 1 0 9 0 0 0 0
4 0 0 -32 0 0 0 0
4 0 0 -108 0 0 0 0
4 0 0 91 0 0 0 0
4 0 0 108 0 0 0 0
4 0 0 -3 0 0 0 0
4 0 0 76 0 0 0 0
4 0 0 25 0 0 0 0
4 0 0 -36 0 0 0 0
4 0 0 20 0 0 0 0
4 0 0 -89 0 0 0 0
4 0 0 43 0 0 0 0
4 0 0 109 0 0 0 0
4 0 0 82 0 0 0 0
4 0 0 -105 0 0 0 0
4 0 0 116 0 0 0 0
4 0 0 -74 0 0 0 0
4 0 0 124 0 0 0 0
4 0 0 -2 0 0 0 0
4 0 0 25 0 0 0 0
4 0 0 24 0 0 0 0
4 0 0 54 0 0 0 0
4 0 0 6 0 0 0 0
4 0 0 54 0 0 0 0
4 0 0 -4 0 0 0 0
4 0 0 -44 0 0 0 0
4 0 0 86 0 0 0 0
4 0 0 108 0 0 0 0
4 0 0 53 0 0 0 0
4 0 0 45 0 0 0 0
4 0 1 -30 0 1 0 731
4 1 0 119 0 0 0 0
4 0 0 12 0 0 0 0
4 0 0 -46 0 0 0 0
4 0 0 25 0 0 0 0
4 0 0 114 0 0 0 0
4 0 0 -60 0 0 0 0
4 0 0 -89 0 0 0 0
4 0 0 -70 0 0 0 0
4 0 0 48 0 0 0 0
4 0 0 127 0 0 0 0
4 0 0 15 0 0 0 0
4 0 0 -119 0 0 0 0
4 0 0 46 0 0 0 0
4 0 0 97 0 0 0 0
4 0 0 -31 0 0 0 0
4 0 0 88 0 0 0 0
4 0 0 31 0 0 0 0
4 0 0 93 0 0 0 0
4 0 0 -81 0 0 0 0
4 0 0 -21 0 0 0 0
4 0 0 106 0 0 0 0
4 0 0 80 0 0 0 0
4 0 1 -110 0 1 0 374
3 1 0 29 0 0 0 0
3 0 0 15 0 0 0 0
3 0 0 -52 0 0 0 0
3 0 0 -74 0 0 0 0
3 0 0 24 0 0 0 0
3 0 0 -98 0 0 0 0
3 0 0 -82 0 0 0 0
3 0 0 53 0 0 0 0
3 0 0 -48 0 0 0 0
3 0 0 -29 0 0 0 0
3 0 0 -77 0 0 0 0
3 0 0 28 0 0 0 0
3 0 0 -53 0 0 0 0
3 0 0 67 0 0 0 0
3 0 0 84 0 0 0 0
3 0 0 32 0 0 0 0
3 0 0 102 0 0 0 0
3 0 1 22 0 1 102 0
5 1 0 -52 0 0 0 0
5 0 1 37 0 1 -15 0
3 1 0 10 0 0 0 0
3 0 0 68 0 0 0 0
3 0 0 -116 0 0 0 0
3 0 0 39 0 0 0 0
3 0 0 106 0 0 0 0
3 0 0 29 0 0 0 0
3 0 0 113 0 0 0 0
3 0 0 -93 0 0 0 0
3 0 0 30 0 0 0 0
3 0 0 -72 0 0 0 0
3 0 0 127 0 0 0 0
3 0 0 -102 0 0 0 0
3 0 0 -25 0 0 0 0
3 0 0 -74 0 0 0 0
3 0 0 -33 0 0 0 0
3 0 0 -33 0 0 0 0
3 0 0 -105 0 0 0 0
3 0 0 8 0 0 0 0
3 0 0 -102 0 0 0 0
3 0 0 -61 0 0 0 0
3 0 0 -91 0 0 0 0
3 0 0 106 0 0 0 0
3 0 0 -10 0 0 0 0
3 0 0 53 0 0 0 0
3 0 0 77 0 0 0 0
3 0 0 78 0 0 0 0
3 0 0 -61 0 0 0 0
3 0 0 120 0 0 0 0
3 0 0 -15 0 0 0 0
3 0 0 -85 0 0 0 0
3 0 0 91 0 0 0 0
3 0 1 112 0 1 127 0
4 1 0 61 0 0 0 0
4 0 0 20 0 0 0 0
4 0 0 -41 0 0 0 0
4 0 0 91 0 0 0 0
4 0 0 -9 0 0 0 0
4 0 0 77 0 0 0 0
4 0 0 50 0 0 0 0
4 0 0 15 0 0 0 0
4 0 0 81 0 0 0 0
4 0 0 64 0 0 0 0
4 0 0 107 0 0 0 0
4 0 0 -128 0 0 0 0
4 0 0 -31 0 0 0 0
4 0 0 -1 0 0 0 0
4 0 1 -26 0 1 0 330
4 1 0 -18 0 0 0 0
4 0 0 96 0 0 0 0
4 0 0 31 0 0 0 0
4 0 0 -111 0 0 0 0
4 0 0 -114 0 0 0 0
4 0 0 -27 0 0 0 0
4 0 0 119 0 0 0 0
4 0 0 -50 0 0 0 0
4 0 1 -128 0 1 0 -202
3 1 0 107 0 0 0 0
3 0 0 49 0 0 0 0
3 0 0 107 0 0 0 0
3 0 0 -116 0 0 0 0
3 0 0 -92 0 0 0 0
3 0 0 -35 0 0 0 0
3 0 0 -107 0 0 0 0
3 0 0 -42 0 0 0 0
3 0 0 -106 0 0 0 0
3 0 0 -57 0 0 0 0
3 0 0 7 0 0 0 0
3 0 0 79 0 0 0 0
3 0 0 -76 0 0 0 0
3 0 0 62 0 0 0 0
3 0 0 -86 0 0 0 0
3 0 0 93 0 0 0 0
3 0 0 -9 0 0 0 0
3 0 0 -43 0 0 0 0
3 0 0 36 0 0 0 0
3 0 0 -119 0 0 0 0
3 0 0 -107 0 0 0 0
3 0 0 -7 0 0 0 0
3 0 0 12 0 0 0 0
3 0 0 42 0 0 0 0
3 0 1 78 0 1 107 0
5 1 0 -102 0 0 0 0
5 0 1 60 0 1 -42 0
4 1 0 -106 0 0 0 0
4 0 0 -64 0 0 0 0
4 0 0 20 0 0 0 0
4 0 0 -1 0 0 0 0
4 0 0 -103 0 0 0 0
4 0 0 -89 0 0 0 0
4 0 0 60 0 0 0 0
4 0 0 63 0 0 0 0
4 0 0 -59 0 0 0 0
4 0 0 -53 0 0 0 0
4 0 0 37 0 0 0 0
4 0 0 112 0 0 0 0
4 0 0 80 0 0 0 0
4 0 0 30 0 0 0 0
4 0 0 -37 0 0 0 0
4 0 0 57 0 0 0 0
4 0 0 -58 0 0 0 0
4 0 0 -18 0 0 0 0
4 0 0 -14 0 0 0 0
4 0 1 15 0 1 0 -128
5 1 0 103 0 0 0 0
5 0 1 -91 0 1 12 0
3 1 0 65 0 0 0 0
3 0 0 18 0 0 0 0
3 0 0 48 0 0 0 0
3 0 0 85 0 0 0 0
3 0 0 -91 0 0 0 0
3 0 0 -101 0 0 0 0
3 0 0 -117 0 0 0 0
3 0 0 115 0 0 0 0
3 0 0 80 0 0 0 0
3 0 0 10 0 0 0 0
3 0 0 -57 0 0 0 0
3 0 0 11 0 0 0 0
3 0 0 62 0 0 0 0
3 0 0 36 0 0 0 0
3 0 0 121 0 0 0 0
3 0 1 -22 0 1 121 0
3 1 0 26 0 0 0 0
3 0 0 -37 0 0 0 0
3 0 0 -37 0 0 0 0
3 0 0 106 0 0 0 0
3 0 0 59 0 0 0 0
3 0 0 -17 0 0 0 0
3 0 0 88 0 0 0 0
3 0 0 47 0 0 0 0
3 0 0 77 0 0 0 0
3 0 0 -25 0 0 0 0
3 0 0 27 0 0 0 0
3 0 0 -7 0 0 0 0
3 0 0 -4 0 0 0 0
3 0 0 15 0 0 0 0
3 0 0 76 0 0 0 0
3 0 0 87 0 0 0 0
3 0 1 -33 0 1 106 0
3 1 0 80 0 0 0 0
3 0 0 55 0 0 0 0
3 0 0 58 0 0 0 0
3 0 0 -88 0 0 0 0
3 0 0 3 0 0 0 0
3 0 0 1 0 0 0 0
3 0 0 -54 0 0 0 0
3 0 0 -123 0 0 0 0
3 0 0 -47 0 0 0 0
3 0 0 47 0 0 0 0
3 0 0 32 0 0 0 0
3 0 0 -46 0 0 0 0
3 0 0 -76 0 0 0 0
3 0 0 99 0 0 0 0
3 0 0 -49 0 0 0 0
3 0 0 108 0 0 0 0
3 0 0 2 0 0 0 0
3 0 0 92 0 0 0 0
3 0 0 23 0 0 0 0
3 0 0 88 0 0 0 0
3 0 0 -23 0 0 0 0
3 0 0 50 0 0 0 0
3 0 0 -115 0 0 0 0
3 0 0 -24 0 0 0 0
3 0 1 -75 0 1 108 0
4 1 0 64 0 0 0 0
4 0 0 79 0 0 0 0
4 0 0 -40 0 0 0 0
4 0 0 -115 0 0 0 0
4 0 0 118 0 0 0 0
4 0 0 -21 0 0 0 0
4 0 0 -19 0 0 0 0
4 0 0 -86 0 0 0 0
4 0 0 64 0 0 0 0
4 0 0 -14 0 0 0 0
4 0 0 100 0 0 0 0
4 0 1 16 0 1 0 146
4 1 0 -59 0 0 0 0
4 0 0 58 0 0 0 0
4 0 0 113 0 0 0 0
4 0 0 -109 0 0 0 0
4 0 0 -17 0 0 0 0
4 0 0 12 0 0 0 0
4 0 0 82 0 0 0 0
4 0 0 93 0 0 0 0
4 0 0 69 0 0 0 0
4 0 0 14 0 0 0 0
4 0 0 72 0 0 0 0
4 0 0 108 0 0 0 0
4 0 0 121 0 0 0 0
4 0 0 123 0 0 0 0
4 0 0 94 0 0 0 0
4 0 1 101 0 1 0 875
4 1 0 64 0 0 0 0
4 0 0 127 0 0 0 0
4 0 0 -9 0 0 0 0
4 0 0 -83 0 0 0 0
4 0 0 25 0 0 0 0
4 0 0 49 0 0 0 0
4 0 0 -23 0 0 0 0
4 0 0 -1 0 0 0 0
4 0 0 99 0 0 0 0
4 0 0 -72 0 0 0 0
4 0 0 -31 0 0 0 0
4 0 0 -75 0 0 0 0
4 0 0 54 0 0 0 0
4 0 0 -59 0 0 0 0
4 0 0 93 0 0 0 0
4 0 0 -13 0 0 0 0
4 0 0 -59 0 0 0 0
4 0 0 4 0 0 0 0
4 0 0 9 0 0 0 0
4 0 0 -101 0 0 0 0
4 0 0 22 0 0 0 0
4 0 0 -2 0 0 0 0
4 0 0 -22 0 0 0 0
4 0 0 -99 0 0 0 0
4 0 0 89 0 0 0 0
4 0 1 102 0 1 0 88
3 1 0 -106 0 0 0 0
3 0 0 -113 0 0 0 0
3 0 0 -62 0 0 0 0
3 0 0 73 0 0 0 0
3 0 0 -63 0 0 0 0
3 0 0 108 0 0 0 0
3 0 0 -35 0 0 0 0
3 0 0 -91 0 0 0 0
3 0 0 -127 0 0 0 0
3 0 0 48 0 0 0 0
3 0 0 -59 0 0 0 0
3 0 0 38 0 0 0 0
3 0 0 42 0 0 0 0
3 0 0 -23 0 0 0 0
3 0 0 7 0 0 0 0
3 0 0 -111 0 0 0 0
3 0 0 33 0 0 0 0
3 0 0 56 0 0 0 0
3 0 0 30 0 0 0 0
3 0 0 -24 0 0 0 0
3 0 0 -56 0 0 0 0
3 0 1 -24 0 1 108 0
4 1 0 66 0 0 0 0
4 0 0 127 0 0 0 0
4 0 0 3 0 0 0 0
4 0 0 15 0 0 0 0
4 0 0 -15 0 0 0 0
4 0 0 57 0 0 0 0
4 0 0 87 0 0 0 0
4 0 0 59 0 0 0 0
4 0 0 46 0 0 0 0
4 0 0 -39 0 0 0 0
4 0 0 11 0 0 0 0
4 0 0 -101 0 0 0 0
4 0 0 -52 0 0 0 0
4 0 0 -60 0 0 0 0
4 0 0 88 0 0 0 0
4 0 0 99 0 0 0 0
4 0 0 78 0 0 0 0
4 0 0 43 0 0 0 0
4 0 0 8 0 0 0 0
4 0 0 123 0 0 0 0
4 0 0 -28 0 0 0 0
4 0 0 89 0 0 0 0
4 0 1 -31 0 1 0 673
3 1 0 78 0 0 0 0
3 0 0 -70 0 0 0 0
3 0 0 -89 0 0 0 0
3 0 0 53 0 0 0 0
3 0 0 35 0 0 0 0
3 0 0 125 0 0 0 0
3 0 0 -35 0 0 0 0
3 0 0 35 0 0 0 0
3 0 0 56 0 0 0 0
3 0 0 33 0 0 0 0
3 0 0 -107 0 0 0 0
3 0 0 -29 0 0 0 0
3 0 0 -117 0 0 0 0
3 0 0 -11 0 0 0 0
3 0 0 -71 0 0 0 0
3 0 1 67 0 1 125 0
4 1 0 -32 0 0 0 0
4 0 0 -45 0 0 0 0
4 0 0 125 0 0 0 0
4 0 0 -111 0 0 0 0
4 0 0 -95 0 0 0 0
4 0 0 -75 0 0 0 0
4 0 0 -113 0 0 0 0
4 0 0 -103 0 0 0 0
4 0 0 -88 0 0 0 0
4 0 0 -108 0 0 0 0
4 0 0 77 0 0 0 0
4 0 0 10 0 0 0 0
4 0 0 79 0 0 0 0
4 0 0 -77 0 0 0 0
4 0 0 42 0 0 0 0
4 0 0 -49 0 0 0 0
4 0 0 -22 0 0 0 0
4 0 0 -98 0 0 0 0
4 0 0 -42 0 0 0 0
4 0 0 7 0 0 0 0
4 0 0 85 0 0 0 0
4 0 0 -18 0 0 0 0
4 0 0 -61 0 0 0 0
4 0 0 27 0 0 0 0
4 0 0 35 0 0 0 0
4 0 0 -14 0 0 0 0
4 0 0 21 0 0 0 0
4 0 0 12 0 0 0 0
4 0 0 -76 0 0 0 0
4 0 0 34 0 0 0 0
4 0 0 44 0 0 0 0
4 0 1 -111 0 1 0 -740
3 1 0 87 0 0 0 0
3 0 0 93 0 0 0 0
3 0 0 63 0 0 0 0
3 0 0 -112 0 0 0 0
3 0 0 116 0 0 0 0
3 0 0 -113 0 0 0 0
3 0 0 -86 0 0 0 0
3 0 0 -28 0 0 0 0
3 0 0 82 0 0 0 0
3 0 0 -51 0 0 0 0
3 0 0 -5 0 0 0 0
3 0 0 70 0 0 0 0
3 0 0 27 0 0 0 0
3 0 0 -3 0 0 0 0
3 0 0 119 0 0 0 0
3 0 0 37 0 0 0 0
3 0 0 51 0 0 0 0
3 0 0 4 0 0 0 0
3 0 1 26 0 1 119 0
4 1 0 79 0 0 0 0
4 0 0 -1 0 0 0 0
4 0 0 21 0 0 0 0
4 0 0 -19 0 0 0 0
4 0 0 -60 0 0 0 0
4 0 0 81 0 0 0 0
4 0 0 50 0 0 0 0
4 0 0 -103 0 0 0 0
4 0 0 59 0 0 0 0
4 0 0 109 0 0 0 0
4 0 0 -73 0 0 0 0
4 0 1 -62 0 1 0 81
3 1 0 -19 0 0 0 0
3 0 0 55 0 0 0 0
3 0 0 -112 0 0 0 0
3 0 0 -126 0 0 0 0
3 0 0 -33 0 0 0 0
3 0 0 -128 0 0 0 0
3 0 0 -97 0 0 0 0
3 0 0 -92 0 0 0 0
3 0 0 78 0 0 0 0
3 0 1 50 0 1 78 0
4 1 0 -3 0 0 0 0
4 0 0 70 0 0 0 0
4 0 0 -18 0 0 0 0
4 0 0 -20 0 0 0 0
4 0 0 16 0 0 0 0
4 0 0 -11 0 0 0 0
4 0 0 45 0 0 0 0
4 0 1 -65 0 1 0 14
4 1 0 -124 0 0 0 0
4 0 0 -10 0 0 0 0
4 0 0 -96 0 0 0 0
4 0 0 -6 0 0 0 0
4 0 0 -42 0 0 0 0
4 0 0 -56 0 0 0 0
4 0 0 33 0 0 0 0
4 0 0 -22 0 0 0 0
4 0 0 -73 0 0 0 0
4 0 0 -12 0 0 0 0
4 0 0 82 0 0 0 0
4 0 0 55 0 0 0 0
4 0 1 -49 0 1 0 -320
5 1 0 49 0 0 0 0
5 0 1 -46 0 1 3 0
5 1 0 50 0 0 0 0
5 0 1 -77 0 1 -27 0
3 1 0 78 0 0 0 0
3 0 0 -11 0 0 0 0
3 0 0 12 0 0 0 0
3 0 0 -107 0 0 0 0
3 0 0 -11 0 0 0 0
3 0 0 -7 0 0 0 0
3 0 0 32 0 0 0 0
3 0 0 61 0 0 0 0
3 0 0 93 0 0 0 0
3 0 0 -127 0 0 0 0
3 0 0 -58 0 0 0 0
3 0 0 74 0 0 0 0
3 0 0 32 0 0 0 0
3 0 0 -79 0 0 0 0
3 0 0 -102 0 0 0 0
3 0 0 -106 0 0 0 0
3 0 0 -97 0 0 0 0
3 0 0 111 0 0 0 0
3 0 0 11 0 0 0 0
3 0 0 70 0 0 0 0
3 0 0 -44 0 0 0 0
3 0 1 -41 0 1 111 0
5 1 0 26 0 0 0 0
5 0 1 3 0 1 29 0
5 1 0 -2 0 0 0 0
5 0 1 88 0 1 86 0
5 1 0 59 0 0 0 0
5 0 1 -72 0 1 -13 0
5 1 0 -94 0 0 0 0
5 0 1 9 0 1 -85 0
4 1 0 25 0 0 0 0
4 0 0 109 0 0 0 0
4 0 0 36 0 0 0 0
4 0 0 75 0 0 0 0
4 0 0 107 0 0 0 0
4 0 0 17 0 0 0 0
4 0 0 -75 0 0 0 0
4 0 0 -108 0 0 0 0
4 0 0 -116 0 0 0 0
4 0 0 41 0 0 0 0
4 0 0 -99 0 0 0 0
4 0 0 53 0 0 0 0
4 0 0 41 0 0 0 0
4 0 0 -78 0 0 0 0
4 0 0 25 0 0 0 0
4 0 0 99 0 0 0 0
4 0 0 9 0 0 0 0
4 0 0 -12 0 0 0 0
4 0 0 42 0 0 0 0
4 0 0 36 0 0 0 0
4 0 0 -27 0 0 0 0
4 0 0 -98 0 0 0 0
4 0 1 2 0 1 0 104
3 1 0 -73 0 0 0 0
3 0 0 -93 0 0 0 0
3 0 0 101 0 0 0 0
3 0 0 6 0 0 0 0
3 0 0 54 0 0 0 0
3 0 0 64 0 0 0 0
3 0 0 54 0 0 0 0
3 0 0 9 0 0 0 0
3 0 0 26 0 0 0 0
3 0 0 89 0 0 0 0
3 0 0 46 0 0 0 0
3 0 0 -87 0 0 0 0
3 0 0 -71 0 0 0 0
3 0 0 -5 0 0 0 0
3 0 0 -26 0 0 0 0
3 0 0 71 0 0 0 0
3 0 0 -37 0 0 0 0
3 0 0 -126 0 0 0 0
3 0 0 -120 0 0 0 0
3 0 0 6 0 0 0 0
3 0 0 84 0 0 0 0
3 0 0 112 0 0 0 0
3 0 0 -11 0 0 0 0
3 0 0 66 0 0 0 0
3 0 0 -123 0 0 0 0
3 0 0 6 0 0 0 0
3 0 0 67 0 0 0 0
3 0 0 -11 0 0 0 0
3 0 0 82 0 0 0 0
3 0 0 -86 0 0 0 0
3 0 0 -98 0 0 0 0
3 0 1 108 0 1 112 0
3 1 0 -87 0 0 0 0
3 0 0 -40 0 0 0 0
3 0 0 12 0 0 0 0
3 0 0 -91 0 0 0 0
3 0 0 -69 0 0 0 0
3 0 0 21 0 0 0 0
3 0 0 -95 0 0 0 0
3 0 0 94 0 0 0 0
3 0 0 -62 0 0 0 0
3 0 0 85 0 0 0 0
3 0 0 55 0 0 0 0
3 0 0 -107 0 0 0 0
3 0 0 -80 0 0 0 0
3 0 0 -119 0 0 0 0
3 0 1 -55 0 1 94 0
5 1 0 84 0 0 0 0
5 0 1 4 0 1 88 0
5 1 0 66 0 0 0 0
5 0 1 -67 0 1 -1 0
3 1 0 114 0 0 0 0
3 0 0 -80 0 0 0 0
3 0 0 0 0 0 0 0
3 0 0 19 0 0 0 0
3 0 0 10 0 0 0 0
3 0 0 78 0 0 0 0
3 0 0 4 0 0 0 0
3 0 0 -89 0 0 0 0
3 0 0 91 0 0 0 0
3 0 0 -54 0 0 0 0
3 0 0 -119 0 0 0 0
3 0 0 -80 0 0 0 0
3 0 0 -116 0 0 0 0
3 0 0 -1 0 0 0 0
3 0 0 -51 0 0 0 0
3 0 0 81 0 0 0 0
3 0 0 -113 0 0 0 0
3 0 0 90 0 0 0 0
3 0 0 -26 0 0 0 0
3 0 0 -40 0 0 0 0
3 0 0 97 0 0 0 0
3 0 0 -127 0 0 0 0
3 0 0 125 0 0 0 0
3 0 0 -11 0 0 0 0
3 0 0 3 0 0 0 0
3 0 0 117 0 0 0 0
3 0 1 -71 0 1 125 0
5 1 0 108 0 0 0 0
5 0 1 127 0 1 127 0
3 1 0 -21 0 0 0 0
3 0 0 94 0 0 0 0
3 0 0 127 0 0 0 0
3 0 0 -96 0 0 0 0
3 0 0 10 0 0 0 0
3 0 0 119 0 0 0 0
3 0 0 76 0 0 0 0
3 0 0 1 0 0 0 0
3 0 0 14 0 0 0 0
3 0 0 25 0 0 0 0
3 0 0 52 0 0 0 0
3 0 0 107 0 0 0 0
3 0 0 -10 0 0 0 0
3 0 0 -12 0 0 0 0
3 0 0 -72 0 0 0 0
3 0 0 -85 0 0 0 0
3 0 0 96 0 0 0 0
3 0 0 -19 0 0 0 0
3 0 0 -31 0 0 0 0
3 0 0 15 0 0 0 0
3 0 0 -71 0 0 0 0
3 0 0 -39 0 0 0 0
3 0 0 -112 0 0 0 0
3 0 0 -3 0 0 0 0
3 0 0 53 0 0 0 0
3 0 0 83 0 0 0 0
3 0 0 -108 0 0 0 0
3 0 0 22 0 0 0 0
3 0 1 -124 0 1 127 0
5 1 0 -113 0 0 0 0
5 0 1 -110 0 1 -127 0
4 1 0 -107 0 0 0 0
4 0 0 -4 0 0 0 0
4 0 0 -88 0 0 0 0
4 0 0 -38 0 0 0 0
4 0 0 86 0 0 0 0
4 0 0 13 0 0 0 0
4 0 0 115 0 0 0 0
4 0 0 55 0 0 0 0
4 0 0 -22 0 0 0 0
4 0 0 26 0 0 0 0
4 0 0 78 0 0 0 0
4 0 0 -95 0 0 0 0
4 0 0 -9 0 0 0 0
4 0 0 125 0 0 0 0
4 0 0 -49 0 0 0 0
4 0 0 -94 0 0 0 0
4 0 0 -90 0 0 0 0
4 0 0 -88 0 0 0 0
4 0 0 56 0 0 0 0
4 0 0 53 0 0 0 0
4 0 0 51 0 0 0 0
4 0 0 -13 0 0 0 0
4 0 0 125 0 0 0 0
4 0 0 -86 0 0 0 0
4 0 0 -5 0 0 0 0
4 0 0 -62 0 0 0 0
4 0 0 -90 0 0 0 0
4 0 0 -9 0 0 0 0
4 0 0 -63 0 0 0 0
4 0 1 19 0 1 0 -210
4 1 0 15 0 0 0 0
4 0 0 41 0 0 0 0
4 0 0 18 0 0 0 0
4 0 0 85 0 0 0 0
4 0 0 31 0 0 0 0
4 0 0 -82 0 0 0 0
4 0 0 -32 0 0 0 0
4 0 0 108 0 0 0 0
4 0 0 -32 0 0 0 0
4 0 0 24 0 0 0 0
4 0 0 113 0 0 0 0
4 0 0 85 0 0 0 0
4 0 0 -111 0 0 0 0
4 0 0 98 0 0 0 0
4 0 0 96 0 0 0 0
4 0 0 87 0 0 0 0
4 0 0 -59 0 0 0 0
4 0 0 39 0 0 0 0
4 0 0 100 0 0 0 0
4 0 0 114 0 0 0 0
4 0 0 2 0 0 0 0
4 0 0 -31 0 0 0 0
4 0 0 -81 0 0 0 0
4 0 0 -63 0 0 0 0
4 0 0 -101 0 0 0 0
4 0 0 89 0 0 0 0
4 0 0 14 0 0 0 0
4 0 0 -8 0 0 0 0
4 0 0 85 0 0 0 0
4 0 0 -21 0 0 0 0
4 0 0 -24 0 0 0 0
4 0 1 -12 0 1 0 587
4 1 0 3 0 0 0 0
4 0 0 -127 0 0 0 0
4 0 0 -106 0 0 0 0
4 0 0 -32 0 0 0 0
4 0 0 -18 0 0 0 0
4 0 0 -76 0 0 0 0
4 0 0 8 0 0 0 0
4 0 0 -59 0 0 0 0
4 0 0 10 0 0 0 0
4 0 0 6 0 0 0 0
4 0 0 -60 0 0 0 0
4 0 0 -37 0 0 0 0
4 0 0 37 0 0 0 0
4 0 0 40 0 0 0 0
4 0 0 -43 0 0 0 0
4 0 0 60 0 0 0 0
4 0 0 122 0 0 0 0
4 0 0 15 0 0 0 0
4 0 0 61 0 0 0 0
4 0 0 19 0 0 0 0
4 0 0 21 0 0 0 0
4 0 0 -65 0 0 0 0
4 0 0 43 0 0 0 0
4 0 0 -103 0 0 0 0
4 0 1 -44 0 1 0 -325
4 1 1 14 0 1 0 14
4 1 0 -54 0 0 0 0
4 0 1 -104 0 1 0 -158
3 1 0 28 0 0 0 0
3 0 0 -65 0 0 0 0
3 0 0 -4 0 0 0 0
3 0 0 -29 0 0 0 0
3 0 0 -48 0 0 0 0
3 0 0 16 0 0 0 0
3 0 0 75 0 0 0 0
3 0 0 28 0 0 0 0
3 0 0 78 0 0 0 0
3 0 0 -39 0 0 0 0
3 0 0 49 0 0 0 0
3 0 0 -57 0 0 0 0
3 0 0 48 0 0 0 0
3 0 0 -55 0 0 0 0
3 0 0 27 0 0 0 0
3 0 1 124 0 1 124 0
4 1 0 -67 0 0 0 0
4 0 0 -30 0 0 0 0
4 0 0 79 0 0 0 0
4 0 0 -40 0 0 0 0
4 0 0 -52 0 0 0 0
4 0 0 -86 0 0 0 0
4 0 0 -7 0 0 0 0
4 0 1 112 0 1 0 -91
5 1 0 26 0 0 0 0
5 0 1 -70 0 1 -44 0
3 1 0 -63 0 0 0 0
3 0 0 44 0 0 0 0
3 0 0 2 0 0 0 0
3 0 0 -83 0 0 0 0
3 0 0 41 0 0 0 0
3 0 0 112 0 0 0 0
3 0 0 -114 0 0 0 0
3 0 0 -51 0 0 0 0
3 0 0 82 0 0 0 0
3 0 0 96 0 0 0 0
3 0 0 61 0 0 0 0
3 0 0 74 0 0 0 0
3 0 0 -105 0 0 0 0
3 0 0 55 0 0 0 0
3 0 0 -39 0 0 0 0
3 0 0 31 0 0 0 0
3 0 1 91 0 1 112 0
4 1 0 16 0 0 0 0
4 0 0 8 0 0 0 0
4 0 0 57 0 0 0 0
4 0 0 107 0 0 0 0
4 0 0 -50 0 0 0 0
4 0 0 44 0 0 0 0
4 0 0 0 0 0 0 0
4 0 0 -80 0 0 0 0
4 0 0 -28 0 0 0 0
4 0 0 68 0 0 0 0
4 0 1 -55 0 1 0 87
4 1 0 -27 0 0 0 0
4 0 0 -25 0 0 0 0
4 0 0 111 0 0 0 0
4 0 0 29 0 0 0 0
4 0 0 -36 0 0 0 0
4 0 0 -124 0 0 0 0
4 0 0 96 0 0 0 0
4 0 0 29 0 0 0 0
4 0 0 62 0 0 0 0
4 0 0 -57 0 0 0 0
4 0 0 -11 0 0 0 0
4 0 0 27 0 0 0 0
4 0 0 -18 0 0 0 0
4 0 0 -80 0 0 0 0
4 0 0 -10 0 0 0 0
4 0 0 45 0 0 0 0
4 0 0 -73 0 0 0 0
4 0 0 26 0 0 0 0
4 0 0 -42 0 0 0 0
4 0 0 127 0 0 0 0
4 0 0 77 0 0 0 0
4 0 0 -64 0 0 0 0
4 0 1 -90 0 1 0 -28
3 1 0 -3 0 0 0 0
3 0 0 -80 0 0 0 0
3 0 0 -43 0 0 0 0
3 0 0 -119 0 0 0 0
3 0 0 18 0 0 0 0
3 0 0 -91 0 0 0 0
3 0 0 -74 0 0 0 0
3 0 0 -81 0 0 0 0
3 0 0 120 0 0 0 0
3 0 0 -43 0 0 0 0
3 0 0 56 0 0 0 0
3 0 0 27 0 0 0 0
3 0 0 -26 0 0 0 0
3 0 0 -55 0 0 0 0
3 0 0 -63 0 0 0 0
3 0 0 29 0 0 0 0
3 0 0 -8 0 0 0 0
3 0 0 -19 0 0 0 0
3 0 0 -65 0 0 0 0
3 0 0 -44 0 0 0 0
3 0 0 -63 0 0 0 0
3 0 0 -127 0 0 0 0
3 0 0 19 0 0 0 0
3 0 0 28 0 0 0 0
3 0 0 -34 0 0 0 0
3 0 0 -116 0 0 0 0
3 0 0 -54 0 0 0 0
3 0 0 -72 0 0 0 0
3 0 1 -7 0 1 120 0
3 1 0 24 0 0 0 0
3 0 0 46 0 0 0 0
3 0 0 121 0 0 0 0
3 0 0 25 0 0 0 0
3 0 0 -95 0 0 0 0
3 0 0 -123 0 0 0 0
3 0 0 -22 0 0 0 0
3 0 0 123 0 0 0 0
3 0 0 60 0 0 0 0
3 0 0 -60 0 0 0 0
3 0 0 119 0 0 0 0
3 0 0 92 0 0 0 0
3 0 0 5 0 0 0 0
3 0 0 -34 0 0 0 0
3 0 0 -33 0 0 0 0
3 0 0 -104 0 0 0 0
3 0 0 -55 0 0 0 0
3 0 0 -94 0 0 0 0
3 0 0 -111 0 0 0 0
3 0 0 -19 0 0 0 0
3 0 0 37 0 0 0 0
3 0 0 30 0 0 0 0
3 0 1 -21 0 1 123 0
3 1 0 120 0 0 0 0
3 0 0 -13 0 0 0 0
3 0 0 11 0 0 0 0
3 0 0 75 0 0 0 0
3 0 0 -72 0 0 0 0
3 0 0 59 0 0 0 0
3 0 0 73 0 0 0 0
3 0 0 63 0 0 0 0
3 0 0 -55 0 0 0 0
3 0 0 -114 0 0 0 0
3 0 0 -41 0 0 0 0
3 0 0 -27 0 0 0 0
3 0 1 -56 0 1 120 0
5 1 0 -95 0 0 0 0
5 0 1 -95 0 1 -127 0
5 1 0 94 0 0 0 0
5 0 1 -46 0 1 48 0
3 1 0 17 0 0 0 0
3 0 0 -99 0 0 0 0
3 0 0 -44 0 0 0 0
3 0 0 44 0 0 0 0
3 0 0 39 0 0 0 0
3 0 0 111 0 0 0 0
3 0 0 -106 0 0 0 0
3 0 0 11 0 0 0 0
3 0 0 71 0 0 0 0
3 0 0 81 0 0 0 0
3 0 0 102 0 0 0 0
3 0 0 91 0 0 0 0
3 0 1 69 0 1 111 0
4 1 0 -124 0 0 0 0
4 0 0 -25 0 0 0 0
4 0 0 88 0 0 0 0
4 0 0 -11 0 0 0 0
4 0 0 -95 0 0 0 0
4 0 0 -85 0 0 0 0
4 0 0 -99 0 0 0 0
4 0 0 -111 0 0 0 0
4 0 0 65 0 0 0 0
4 0 0 -7 0 0 0 0
4 0 0 -59 0 0 0 0
4 0 0 52 0 0 0 0
4 0 0 17 0 0 0 0
4 0 0 -6 0 0 0 0
4 0 0 23 0 0 0 0
4 0 0 -128 0 0 0 0
4 0 0 94 0 0 0 0
4 0 0 70 0 0 0 0
4 0 0 69 0 0 0 0
4 0 0 10 0 0 0 0
4 0 0 81 0 0 0 0
4 0 0 87 0 0 0 0
4 0 0 106 0 0 0 0
4 0 0 65 0 0 0 0
4 0 0 -94 0 0 0 0
4 0 0 97 0 0 0 0
4 0 1 -40 0 1 0 40
5 1 0 -79 0 0 0 0
5 0 1 -6 0 1 -85 0
5 1 0 73 0 0 0 0
5 0 1 -59 0 1 14 0
5 1 0 94 0 0 0 0
5 0 1 52 0 1 127 0
5 1 0 -97 0 0 0 0
5 0 1 -18 0 1 -115 0
3 1 0 100 0 0 0 0
3 0 0 105 0 0 0 0
3 0 0 103 0 0 0 0
3 0 0 63 0 0 0 0
3 0 0 -53 0 0 0 0
3 0 0 25 0 0 0 0
3 0 0 10 0 0 0 0
3 0 1 70 0 1 105 0
4 1 0 68 0 0 0 0
4 0 1 98 0 1 0 166
5 1 0 7 0 0 0 0
5 0 1 -73 0 1 -66 0
3 1 0 -109 0 0 0 0
3 0 0 123 0 0 0 0
3 0 0 127 0 0 0 0
3 0 0 63 0 0 0 0
3 0 0 -117 0 0 0 0
3 0 0 124 0 0 0 0
3 0 0 -8 0 0 0 0
3 0 0 -77 0 0 0 0
3 0 0 56 0 0 0 0
3 0 0 -5 0 0 0 0
3 0 0 -66 0 0 0 0
3 0 0 88 0 0 0 0
3 0 0 58 0 0 0 0
3 0 0 -89 0 0 0 0
3 0 0 58 0 0 0 0
3 0 0 46 0 0 0 0
3 0 0 95 0 0 0 0
3 0 0 78 0 0 0 0
3 0 0 106 0 0 0 0
3 0 0 0 0 0 0 0
3 0 0 -120 0 0 0 0
3 0 0 -72 0 0 0 0
3 0 0 88 0 0 0 0
3 0 0 -77 0 0 0 0
3 0 0 -128 0 0 0 0
3 0 0 41 0 0 0 0
3 0 0 54 0 0 0 0
3 0 1 8 0 1 127 0
3 1 0 -69 0 0 0 0
3 0 0 -44 0 0 0 0
3 0 0 112 0 0 0 0
3 0 0 21 0 0 0 0
3 0 0 46 0 0 0 0
3 0 0 48 0 0 0 0
3 0 0 -25 0 0 0 0
3 0 0 -37 0 0 0 0
3 0 0 25 0 0 0 0
3 0 0 -90 0 0 0 0
3 0 0 -121 0 0 0 0
3 0 0 123 0 0 0 0
3 0 0 -20 0 0 0 0
3 0 0 24 0 0 0 0
3 0 0 126 0 0 0 0
3 0 0 59 0 0 0 0
3 0 0 -75 0 0 0 0
3 0 0 113 0 0 0 0
3 0 0 -37 0 0 0 0
3 0 0 -126 0 0 0 0
3 0 0 70 0 0 0 0
3 0 1 -125 0 1 126 0
4 1 0 -95 0 0 0 0
4 0 0 -106 0 0 0 0
4 0 0 13 0 0 0 0
4 0 0 -56 0 0 0 0
4 0 0 84 0 0 0 0
4 0 0 -49 0 0 0 0
4 0 0 -125 0 0 0 0
4 0 0 89 0 0 0 0
4 0 0 -4 0 0 0 0
4 0 0 31 0 0 0 0
4 0 0 38 0 0 0 0
4 0 0 -98 0 0 0 0
4 0 0 -17 0 0 0 0
4 0 0 -38 0 0 0 0
4 0 0 -40 0 0 0 0
4 0 0 -105 0 0 0 0
4 0 0 -19 0 0 0 0
4 0 0 -90 0 0 0 0
4 0 1 52 0 1 0 -535
4 1 0 101 0 0 0 0
4 0 0 19 0 0 0 0
4 0 0 -118 0 0 0 0
4 0 0 28 0 0 0 0
4 0 0 50 0 0 0 0
4 0 0 -64 0 0 0 0
4 0 0 60 0 0 0 0
4 0 0 -32 0 0 0 0
4 0 0 71 0 0 0 0
4 0 1 -85 0 1 0 30
4 1 0 64 0 0 0 0
4 0 0 -68 0 0 0 0
4 0 0 -36 0 0 0 0
4 0 0 -60 0 0 0 0
4 0 0 -53 0 0 0 0
4 0 0 93 0 0 0 0
4 0 0 -40 0 0 0 0
4 0 1 62 0 1 0 -38
4 1 0 53 0 0 0 0
4 0 0 -22 0 0 0 0
4 0 0 121 0 0 0 0
4 0 0 -34 0 0 0 0
4 0 0 -13 0 0 0 0
4 0 0 -121 0 0 0 0
4 0 0 -40 0 0 0 0
4 0 0 15 0 0 0 0
4 0 0 -59 0 0 0 0
4 0 0 -5 0 0 0 0
4 0 0 44 0 0 0 0
4 0 0 58 0 0 0 0
4 0 0 2 0 0 0 0
4 0 0 22 0 0 0 0
4 0 0 -55 0 0 0 0
4 0 0 -51 0 0 0 0
4 0 0 -94 0 0 0 0
4 0 0 -16 0 0 0 0
4 0 0 -6 0 0 0 0
4 0 0 -67 0 0 0 0
4 0 0 -23 0 0 0 0
4 0 0 -90 0 0 0 0
4 0 0 11 0 0 0 0
4 0 0 8 0 0 0 0
4 0 1 -109 0 1 0 -471
4 1 0 124 0 0 0 0
4 0 0 95 0 0 0 0
4 0 0 -13 0 0 0 0
4 0 0 85 0 0 0 0
4 0 0 -96 0 0 0 0
4 0 0 -68 0 0 0 0
4 0 0 -46 0 0 0 0
4 0 0 18 0 0 0 0
4 0 0 -106 0 0 0 0
4 0 0 49 0 0 0 0
4 0 0 -18 0 0 0 0
4 0 0 55 0 0 0 0
4 0 0 -63 0 0 0 0
4 0 0 62 0 0 0 0
4 0 0 -93 0 0 0 0
4 0 0 27 0 0 0 0
4 0 0 -47 0 0 0 0
4 0 1 119 0 1 0 84
5 1 0 -27 0 0 0 0
5 0 1 110 0 1 83 0
3 1 0 71 0 0 0 0
3 0 0 -18 0 0 0 0
3 0 0 -24 0 0 0 0
3 0 0 2 0 0 0 0
3 0 0 81 0 0 0 0
3 0 0 -39 0 0 0 0
3 0 0 -48 0 0 0 0
3 0 0 -119 0 0 0 0
3 0 0 -53 0 0 0 0
3 0 0 -60 0 0 0 0
3 0 0 -69 0 0 0 0
3 0 0 -88 0 0 0 0
3 0 0 -122 0 0 0 0
3 0 0 -32 0 0 0 0
3 0 0 -11 0 0 0 0
3 0 0 -6 0 0 0 0
3 0 0 101 0 0 0 0
3 0 1 33 0 1 101 0
3 1 0 -30 0 0 0 0
3 0 0 -60 0 0 0 0
3 0 0 99 0 0 0 0
3 0 0 80 0 0 0 0
3 0 0 -24 0 0 0 0
3 0 0 -108 0 0 0 0
3 0 0 106 0 0 0 0
3 0 0 45 0 0 0 0
3 0 0 121 0 0 0 0
3 0 0 -104 0 0 0 0
3 0 0 76 0 0 0 0
3 0 0 85 0 0 0 0
3 0 0 -62 0 0 0 0
3 0 0 -35 0 0 0 0
3 0 0 -104 0 0 0 0
3 0 0 -45 0 0 0 0
3 0 0 102 0 0 0 0
3 0 0 -54 0 0 0 0
3 0 0 126 0 0 0 0
3 0 0 94 0 0 0 0
3 0 0 -78 0 0 0 0
3 0 0 97 0 0 0 0
3 0 0 103 0 0 0 0
3 0 1 120 0 1 126 0
4 1 0 -75 0 0 0 0
4 0 0 116 0 0 0 0
4 0 0 -54 0 0 0 0
4 0 0 75 0 0 0 0
4 0 0 -93 0 0 0 0
4 0 0 -81 0 0 0 0
4 0 0 17 0 0 0 0
4 0 0 53 0 0 0 0
4 0 0 48 0 0 0 0
4 0 0 50 0 0 0 0
4 0 0 -127 0 0 0 0
4 0 0 -36 0 0 0 0
4 0 0 -94 0 0 0 0
4 0 0 12 0 0 0 0
4 0 0 -62 0 0 0 0
4 0 0 -62 0 0 0 0
4 0 0 85 0 0 0 0
4 0 0 112 0 0 0 0
4 0 0 2 0 0 0 0
4 0 1 -17 0 1 0 -131
4 1 0 101 0 0 0 0
4 0 0 25 0 0 0 0
4 0 0 -51 0 0 0 0
4 0 0 -74 0 0 0 0
4 0 0 -117 0 0 0 0
4 0 0 124 0 0 0 0
4 0 0 -8 0 0 0 0
4 0 0 -72 0 0 0 0
4 0 0 -80 0 0 0 0
4 0 0 -57 0 0 0 0
4 0 0 15 0 0 0 0
4 0 0 -117 0 0 0 0
4 0 1 -41 0 1 0 -352
4 1 0 -101 0 0 0 0
4 0 0 73 0 0 0 0
4 0 0 -123 0 0 0 0
4 0 0 -114 0 0 0 0
4 0 0 -120 0 0 0 0
4 0 0 68 0 0 0 0
4 0 0 116 0 0 0 0
4 0 0 43 0 0 0 0
4 0 0 30 0 0 0 0
4 0 1 16 0 1 0 -112
4 1 0 -74 0 0 0 0
4 0 0 -44 0 0 0 0
4 0 0 104 0 0 0 0
4 0 0 33 0 0 0 0
4 0 0 -65 0 0 0 0
4 0 0 16 0 0 0 0
4 0 0 82 0 0 0 0
4 0 0 115 0 0 0 0
4 0 0 52 0 0 0 0
4 0 1 52 0 1 0 271
5 1 0 -17 0 0 0 0
5 0 1 -6 0 1 -23 0
3 1 0 68 0 0 0 0
3 0 0 -61 0 0 0 0
3 0 0 59 0 0 0 0
3 0 0 25 0 0 0 0
3 0 0 14 0 0 0 0
3 0 1 56 0 1 68 0
3 1 0 -34 0 0 0 0
3 0 0 122 0 0 0 0
3 0 0 -101 0 0 0 0
3 0 0 -68 0 0 0 0
3 0 0 65 0 0 0 0
3 0 0 107 0 0 0 0
3 0 0 29 0 0 0 0
3 0 0 -75 0 0 0 0
3 0 0 -30 0 0 0 0
3 0 0 -76 0 0 0 0
3 0 0 2 0 0 0 0
3 0 1 -59 0 1 122 0
4 1 0 105 0 0 0 0
4 0 0 124 0 0 0 0
4 0 0 -75 0 0 0 0
4 0 0 46 0 0 0 0
4 0 0 52 0 0 0 0
4 0 0 -117 0 0 0 0
4 0 0 78 0 0 0 0
4 0 0 -46 0 0 0 0
4 0 1 -37 0 1 0 130
5 1 0 114 0 0 0 0
5 0 1 20 0 1 127 0
5 1 0 109 0 0 0 0
5 0 1 -95 0 1 14 0
3 1 0 6 0 0 0 0
3 0 0 3 0 0 0 0
3 0 0 -46 0 0 0 0
3 0 0 -12 0 0 0 0
3 0 0 -9 0 0 0 0
3 0 0 -111 0 0 0 0
3 0 0 66 0 0 0 0
3 0 0 27 0 0 0 0
3 0 0 12 0 0 0 0
3 0 0 35 0 0 0 0
3 0 0 -29 0 0 0 0
3 0 0 66 0 0 0 0
3 0 0 -83 0 0 0 0
3 0 0 93 0 0 0 0
3 0 0 12 0 0 0 0
3 0 0 -10 0 0 0 0
3 0 0 -109 0 0 0 0
3 0 0 69 0 0 0 0
3 0 0 64 0 0 0 0
3 0 0 94 0 0 0 0
3 0 0 -66 0 0 0 0
3 0 0 -21 0 0 0 0
3 0 0 97 0 0 0 0
3 0 0 -113 0 0 0 0
3 0 0 107 0 0 0 0
3 0 0 -113 0 0 0 0
3 0 0 -118 0 0 0 0
3 0 1 -91 0 1 107 0
5 1 0 -95 0 0 0 0
5 0 1 -104 0 1 -127 0
4 1 0 24 0 0 0 0
4 0 0 -80 0 0 0 0
4 0 0 75 0 0 0 0
4 0 0 -102 0 0 0 0
4 0 0 -61 0 0 0 0
4 0 0 35 0 0 0 0
4 0 0 65 0 0 0 0
4 0 0 76 0 0 0 0
4 0 0 -60 0 0 0 0
4 0 1 26 0 1 0 -2
3 1 0 18 0 0 0 0
3 0 0 -64 0 0 0 0
3 0 0 68 0 0 0 0
3 0 0 -6 0 0 0 0
3 0 0 -97 0 0 0 0
3 0 0 10 0 0 0 0
3 0 0 -17 0 0 0 0
3 0 0 -12 0 0 0 0
3 0 0 115 0 0 0 0
3 0 0 117 0 0 0 0
3 0 0 -46 0 0 0 0
3 0 0 -14 0 0 0 0
3 0 0 119 0 0 0 0
3 0 0 1 0 0 0 0
3 0 0 -18 0 0 0 0
3 0 0 -12 0 0 0 0
3 0 0 -11 0 0 0 0
3 0 0 102 0 0 0 0
3 0 0 106 0 0 0 0
3 0 0 89 0 0 0 0
3 0 0 -41 0 0 0 0
3 0 0 17 0 0 0 0
3 0 0 46 0 0 0 0
3 0 0 114 0 0 0 0
3 0 0 -65 0 0 0 0
3 0 0 -75 0 0 0 0
3 0 0 -53 0 0 0 0
3 0 1 25 0 1 119 0
4 1 0 5 0 0 0 0
4 0 0 96 0 0 0 0
4 0 0 18 0 0 0 0
4 0 0 42 0 0 0 0
4 0 0 -75 0 0 0 0
4 0 0 44 0 0 0 0
4 0 0 -88 0 0 0 0
4 0 1 63 0 1 0 105
3 1 0 45 0 0 0 0
3 0 0 71 0 0 0 0
3 0 0 69 0 0 0 0
3 0 0 118 0 0 0 0
3 0 0 -107 0 0 0 0
3 0 0 -81 0 0 0 0
3 0 0 -4 0 0 0 0
3 0 0 123 0 0 0 0
3 0 0 -76 0 0 0 0
3 0 0 -56 0 0 0 0
3 0 0 115 0 0 0 0
3 0 0 -124 0 0 0 0
3 0 0 -110 0 0 0 0
3 0 0 116 0 0 0 0
3 0 0 -81 0 0 0 0
3 0 0 18 0 0 0 0
3 0 0 -12 0 0 0 0
3 0 0 72 0 0 0 0
3 0 0 106 0 0 0 0
3 0 0 60 0 0 0 0
3 0 0 -92 0 0 0 0
3 0 0 -18 0 0 0 0
3 0 0 -69 0 0 0 0
3 0 1 -114 0 1 123 0
4 1 0 47 0 0 0 0
4 0 0 -126 0 0 0 0
4 0 0 23 0 0 0 0
4 0 0 21 0 0 0 0
4 0 0 60 0 0 0 0
4 0 0 16 0 0 0 0
4 0 0 -1 0 0 0 0
4 0 0 68 0 0 0 0
4 0 0 120 0 0 0 0
4 0 0 98 0 0 0 0
4 0 0 -124 0 0 0 0
4 0 0 26 0 0 0 0
4 0 0 15 0 0 0 0
4 0 0 124 0 0 0 0
4 0 0 60 0 0 0 0
4 0 0 -48 0 0 0 0
4 0 0 126 0 0 0 0
4 0 0 119 0 0 0 0
4 0 0 9 0 0 0 0
4 0 0 -105 0 0 0 0
4 0 0 -84 0 0 0 0
4 0 0 91 0 0 0 0
4 0 0 86 0 0 0 0
4 0 0 -34 0 0 0 0
4 0 0 63 0 0 0 0
4 0 0 89 0 0 0 0
4 0 0 14 0 0 0 0
4 0 0 9 0 0 0 0
4 0 0 11 0 0 0 0
4 0 0 -122 0 0 0 0
4 0 1 -99 0 1 0 552
3 1 0 -86 0 0 0 0
3 0 0 -43 0 0 0 0
3 0 0 -36 0 0 0 0
3 0 0 -33 0 0 0 0
3 0 0 54 0 0 0 0
3 0 0 38 0 0 0 0
3 0 0 37 0 0 0 0
3 0 0 82 0 0 0 0
3 0 0 42 0 0 0 0
3 0 0 -7 0 0 0 0
3 0 0 28 0 0 0 0
3 0 0 -71 0 0 0 0
3 0 0 -79 0 0 0 0
3 0 0 -10 0 0 0 0
3 0 0 -125 0 0 0 0
3 0 0 24 0 0 0 0
3 0 1 -62 0 1 82 0
4 1 0 -73 0 0 0 0
4 0 0 -97 0 0 0 0
4 0 0 72 0 0 0 0
4 0 0 -47 0 0 0 0
4 0 0 10 0 0 0 0
4 0 0 -100 0 0 0 0
4 0 0 -35 0 0 0 0
4 0 0 77 0 0 0 0
4 0 0 28 0 0 0 0
4 0 0 -8 0 0 0 0
4 0 0 36 0 0 0 0
4 0 0 -94 0 0 0 0
4 0 0 -18 0 0 0 0
4 0 0 -110 0 0 0 0
4 0 0 -112 0 0 0 0
4 0 0 -118 0 0 0 0
4 0 0 -77 0 0 0 0
4 0 0 73 0 0 0 0
4 0 0 96 0 0 0 0
4 0 0 126 0 0 0 0
4 0 0 124 0 0 0 0
4 0 0 104 0 0 0 0
4 0 1 -107 0 1 0 -250
5 1 0 60 0 0 0 0
5 0 1 -12 0 1 48 0
5 1 0 90 0 0 0 0
5 0 1 -8 0 1 82 0
4 1 0 71 0 0 0 0
4 0 0 73 0 0 0 0
4 0 0 66 0 0 0 0
4 0 0 14 0 0 0 0
4 0 0 -104 0 0 0 0
4 0 0 2 0 0 0 0
4 0 0 -81 0 0 0 0
4 0 0 38 0 0 0 0
4 0 0 -119 0 0 0 0
4 0 0 10 0 0 0 0
4 0 0 92 0 0 0 0
4 0 0 -63 0 0 0 0
4 0 0 -21 0 0 0 0
4 0 1 9 0 1 0 -13
4 1 0 86 0 0 0 0
4 0 0 22 0 0 0 0
4 0 0 125 0 0 0 0
4 0 0 58 0 0 0 0
4 0 0 -18 0 0 0 0
4 0 0 46 0 0 0 0
4 0 0 -83 0 0 0 0
4 0 0 -116 0 0 0 0
4 0 0 121 0 0 0 0
4 0 0 -68 0 0 0 0
4 0 0 -52 0 0 0 0
4 0 0 -102 0 0 0 0
4 0 0 122 0 0 0 0
4 0 0 24 0 0 0 0
4 0 0 3 0 0 0 0
4 0 0 -47 0 0 0 0
4 0 0 -59 0 0 0 0
4 0 0 29 0 0 0 0
4 0 0 -98 0 0 0 0
4 0 0 37 0 0 0 0
4 0 0 65 0 0 0 0
4 0 0 1 0 0 0 0
4 0 0 -44 0 0 0 0
4 0 0 -73 0 0 0 0
4 0 0 -35 0 0 0 0
4 0 0 -88 0 0 0 0
4 0 0 74 0 0 0 0
4 0 1 38 0 1 0 -32
4 1 0 116 0 0 0 0
4 0 0 -9 0 0 0 0
4 0 0 -105 0 0 0 0
4 0 0 18 0 0 0 0
4 0 0 -99 0 0 0 0
4 0 0 -116 0 0 0 0
4 0 0 51 0 0 0 0
4 0 0 -71 0 0 0 0
4 0 0 -9 0 0 0 0
4 0 1 -94 0 1 0 -318
5 1 0 92 0 0 0 0
5 0 1 14 0 1 106 0
4 1 0 66 0 0 0 0
4 0 0 47 0 0 0 0
4 0 0 -16 0 0 0 0
4 0 0 -118 0 0 0 0
4 0 0 83 0 0 0 0
4 0 0 38 0 0 0 0
4 0 0 -41 0 0 0 0
4 0 0 -23 0 0 0 0
4 0 0 123 0 0 0 0
4 0 0 57 0 0 0 0
4 0 0 96 0 0 0 0
4 0 0 68 0 0 0 0
4 0 0 -13 0 0 0 0
4 0 0 -6 0 0 0 0
4 0 0 -24 0 0 0 0
4 0 0 110 0 0 0 0
4 0 0 -89 0 0 0 0
4 0 0 -18 0 0 0 0
4 0 0 -70 0 0 0 0
4 0 0 -18 0 0 0 0
4 0 0 46 0 0 0 0
4 0 0 -78 0 0 0 0
4 0 0 118 0 0 0 0
4 0 0 -119 0 0 0 0
4 0 1 51 0 1 0 270
5 1 0 61 0 0 0 0
5 0 1 65 0 1 126 0
3 1 0 -14 0 0 0 0
3 0 0 70 0 0 0 0
3 0 0 -90 0 0 0 0
3 0 0 -18 0 0 0 0
3 0 0 69 0 0 0 0
3 0 0 8 0 0 0 0
3 0 0 -21 0 0 0 0
3 0 0 78 0 0 0 0
3 0 1 25 0 1 78 0
5 1 0 -59 0 0 0 0
5 0 1 7 0 1 -52 0
3 1 0 -18 0 0 0 0
3 0 0 41 0 0 0 0
3 0 0 102 0 0 0 0
3 0 0 87 0 0 0 0
3 0 0 -75 0 0 0 0
3 0 0 -34 0 0 0 0
3 0 0 -69 0 0 0 0
3 0 0 -74 0 0 0 0
3 0 0 -115 0 0 0 0
3 0 0 -108 0 0 0 0
3 0 0 56 0 0 0 0
3 0 0 -81 0 0 0 0
3 0 0 94 0 0 0 0
3 0 1 -25 0 1 102 0
5 1 0 116 0 0 0 0
5 0 1 30 0 1 127 0
4 1 0 -46 0 0 0 0
4 0 0 65 0 0 0 0
4 0 0 113 0 0 0 0
4 0 0 -40 0 0 0 0
4 0 0 7 0 0 0 0
4 0 1 -78 0 1 0 21
5 1 0 105 0 0 0 0
5 0 1 9 0 1 114 0
3 1 0 -95 0 0 0 0
3 0 0 -89 0 0 0 0
3 0 0 -98 0 0 0 0
3 0 0 -124 0 0 0 0
3 0 0 109 0 0 0 0
3 0 0 68 0 0 0 0
3 0 0 2 0 0 0 0
3 0 0 87 0 0 0 0
3 0 0 107 0 0 0 0
3 0 0 5 0 0 0 0
3 0 1 -110 0 1 109 0
3 1 0 80 0 0 0 0
3 0 0 -121 0 0 0 0
3 0 0 32 0 0 0 0
3 0 0 0 0 0 0 0
3 0 0 -56 0 0 0 0
3 0 0 105 0 0 0 0
3 0 0 61 0 0 0 0
3 0 0 27 0 0 0 0
3 0 0 -70 0 0 0 0
3 0 0 14 0 0 0 0
3 0 0 11 0 0 0 0
3 0 0 32 0 0 0 0
3 0 0 124 0 0 0 0
3 0 0 -121 0 0 0 0
3 0 0 112 0 0 0 0
3 0 0 -23 0 0 0 0
3 0 0 -50 0 0 0 0
3 0 0 71 0 0 0 0
3 0 0 -99 0 0 0 0
3 0 0 89 0 0 0 0
3 0 0 26 0 0 0 0
3 0 0 -13 0 0 0 0
3 0 0 -104 0 0 0 0
3 0 0 -29 0 0 0 0
3 0 0 56 0 0 0 0
3 0 0 102 0 0 0 0
3 0 0 -54 0 0 0 0
3 0 0 32 0 0 0 0
3 0 0 1 0 0 0 0
3 0 1 112 0 1 124 0
4 1 0 8 0 0 0 0
4 0 0 116 0 0 0 0
4 0 0 -85 0 0 0 0
4 0 0 -97 0 0 0 0
4 0 0 -115 0 0 0 0
4 0 0 90 0 0 0 0
4 0 0 -79 0 0 0 0
4 0 0 64 0 0 0 0
4 0 0 48 0 0 0 0
4 0 0 -43 0 0 0 0
4 0 0 -7 0 0 0 0
4 0 0 -42 0 0 0 0
4 0 0 -56 0 0 0 0
4 0 0 -94 0 0 0 0
4 0 0 59 0 0 0 0
4 0 0 -55 0 0 0 0
4 0 0 -1 0 0 0 0
4 0 0 49 0 0 0 0
4 0 0 113 0 0 0 0
4 0 0 118 0 0 0 0
4 0 0 -17 0 0 0 0
4 0 0 -62 0 0 0 0
4 0 0 83 0 0 0 0
4 0 1 58 0 1 0 53
5 1 0 49 0 0 0 0
5 0 1 -75 0 1 -26 0
3 1 0 103 0 0 0 0
3 0 0 44 0 0 0 0
3 0 0 -45 0 0 0 0
3 0 0 -80 0 0 0 0
3 0 0 22 0 0 0 0
3 0 0 108 0 0 0 0
3 0 0 -47 0 0 0 0
3 0 0 -3 0 0 0 0
3 0 0 124 0 0 0 0
3 0 0 64 0 0 0 0
3 0 0 -75 0 0 0 0
3 0 0 105 0 0 0 0
3 0 0 -39 0 0 0 0
3 0 0 103 0 0 0 0
3 0 0 -114 0 0 0 0
3 0 0 109 0 0 0 0
3 0 0 -87 0 0 0 0
3 0 1 -58 0 1 124 0
3 1 0 -53 0 0 0 0
3 0 0 -74 0 0 0 0
3 0 0 70 0 0 0 0
3 0 0 -86 0 0 0 0
3 0 0 42 0 0 0 0
3 0 0 -69 0 0 0 0
3 0 0 62 0 0 0 0
3 0 1 78 0 1 78 0
5 1 0 70 0 0 0 0
5 0 1 71 0 1 127 0
4 1 0 -51 0 0 0 0
4 0 0 -27 0 0 0 0
4 0 0 48 0 0 0 0
4 0 0 104 0 0 0 0
4 0 0 -46 0 0 0 0
4 0 0 -24 0 0 0 0
4 0 0 112 0 0 0 0
4 0 0 -93 0 0 0 0
4 0 0 94 0 0 0 0
4 0 0 -126 0 0 0 0
4 0 0 -9 0 0 0 0
4 0 0 51 0 0 0 0
4 0 0 76 0 0 0 0
4 0 0 78 0 0 0 0
4 0 0 -8 0 0 0 0
4 0 0 93 0 0 0 0
4 0 0 12 0 0 0 0
4 0 0 120 0 0 0 0
4 0 0 62 0 0 0 0
4 0 0 -35 0 0 0 0
4 0 0 -115 0 0 0 0
4 0 0 41 0 0 0 0
4 0 0 54 0 0 0 0
4 0 0 22 0 0 0 0
4 0 0 5 0 0 0 0
4 0 0 63 0 0 0 0
4 0 0 18 0 0 0 0
4 0 1 -86 0 1 0 433
3 1 0 104 0 0 0 0
3 0 0 -10 0 0 0 0
3 0 0 -123 0 0 0 0
3 0 1 -109 0 1 104 0
3 1 0 -67 0 0 0 0
3 0 0 0 0 0 0 0
3 0 0 42 0 0 0 0
3 0 0 34 0 0 0 0
3 0 0 35 0 0 0 0
3 0 0 60 0 0 0 0
3 0 0 -121 0 0 0 0
3 0 0 58 0 0 0 0
3 0 0 28 0 0 0 0
3 0 0 -11 0 0 0 0
3 0 0 -37 0 0 0 0
3 0 0 -62 0 0 0 0
3 0 0 -125 0 0 0 0
3 0 0 88 0 0 0 0
3 0 0 94 0 0 0 0
3 0 0 -62 0 0 0 0
3 0 0 -60 0 0 0 0
3 0 0 119 0 0 0 0
3 0 0 -87 0 0 0 0
3 0 0 -61 0 0 0 0
3 0 0 -87 0 0 0 0
3 0 0 -115 0 0 0 0
3 0 0 -56 0 0 0 0
3 0 0 -85 0 0 0 0
3 0 0 -126 0 0 0 0
3 0 0 80 0 0 0 0
3 0 0 76 0 0 0 0
3 0 1 105 0 1 119 0
5 1 0 15 0 0 0 0
5 0 1 -116 0 1 -101 0
5 1 0 41 0 0 0 0
5 0 1 85 0 1 126 0
5 1 0 -92 0 0 0 0
5 0 1 97 0 1 5 0
3 1 0 -19 0 0 0 0
3 0 0 69 0 0 0 0
3 0 0 17 0 0 0 0
3 0 0 -19 0 0 0 0
3 0 0 -50 0 0 0 0
3 0 0 69 0 0 0 0
3 0 0 79 0 0 0 0
3 0 0 67 0 0 0 0
3 0 0 -40 0 0 0 0
3 0 0 47 0 0 0 0
3 0 0 -18 0 0 0 0
3 0 0 34 0 0 0 0
3 0 0 30 0 0 0 0
3 0 0 103 0 0 0 0
3 0 1 97 0 1 103 0
4 1 0 -30 0 0 0 0
4 0 0 127 0 0 0 0
4 0 0 60 0 0 0 0
4 0 0 -23 0 0 0 0
4 0 0 -41 0 0 0 0
4 0 0 45 0 0 0 0
4 0 0 -113 0 0 0 0
4 0 0 -120 0 0 0 0
4 0 0 120 0 0 0 0
4 0 0 -78 0 0 0 0
4 0 0 125 0 0 0 0
4 0 0 -7 0 0 0 0
4 0 0 75 0 0 0 0
4 0 0 -80 0 0 0 0
4 0 0 60 0 0 0 0
4 0 0 82 0 0 0 0
4 0 0 101 0 0 0 0
4 0 0 -96 0 0 0 0
4 0 0 89 0 0 0 0
4 0 0 -113 0 0 0 0
4 0 0 81 0 0 0 0
4 0 1 -77 0 1 0 187
4 1 0 -55 0 0 0 0
4 0 0 -6 0 0 0 0
4 0 0 -85 0 0 0 0
4 0 0 -36 0 0 0 0
4 0 0 51 0 0 0 0
4 0 0 -29 0 0 0 0
4 0 0 -109 0 0 0 0
4 0 0 -51 0 0 0 0
4 0 0 109 0 0 0 0
4 0 0 -105 0 0 0 0
4 0 0 103 0 0 0 0
4 0 0 -37 0 0 0 0
4 0 0 116 0 0 0 0
4 0 0 -74 0 0 0 0
4 0 0 29 0 0 0 0
4 0 0 -68 0 0 0 0
4 0 0 -50 0 0 0 0
4 0 0 -47 0 0 0 0
4 0 0 50 0 0 0 0
4 0 0 119 0 0 0 0
4 0 0 114 0 0 0 0
4 0 0 77 0 0 0 0
4 0 0 123 0 0 0 0
4 0 0 108 0 0 0 0
4 0 0 -62 0 0 0 0
4 0 0 -7 0 0 0 0
4 0 0 -58 0 0 0 0
4 0 0 46 0 0 0 0
4 0 1 -104 0 1 0 62
5 1 0 -87 0 0 0 0
5 0 1 -16 0 1 -103 0
4 1 0 49 0 0 0 0
4 0 0 26 0 0 0 0
4 0 0 -55 0 0 0 0
4 0 0 -94 0 0 0 0
4 0 0 46 0 0 0 0
4 0 0 105 0 0 0 0
4 0 0 115 0 0 0 0
4 0 0 6 0 0 0 0
4 0 0 -65 0 0 0 0
4 0 0 96 0 0 0 0
4 0 0 52 0 0 0 0
4 0 1 70 0 1 0 351
4 1 0 86 0 0 0 0
4 0 1 89 0 1 0 175
5 1 0 -5 0 0 0 0
5 0 1 -75 0 1 -80 0
5 1 0 25 0 0 0 0
5 0 1 99 0 1 124 0
4 1 0 -114 0 0 0 0
4 0 0 -39 0 0 0 0
4 0 0 -67 0 0 0 0
4 0 0 -10 0 0 0 0
4 0 0 112 0 0 0 0
4 0 0 87 0 0 0 0
4 0 1 -44 0 1 0 -75
5 1 0 91 0 0 0 0
5 0 1 84 0 1 127 0
5 1 0 -125 0 0 0 0
5 0 1 72 0 1 -53 0
3 1 0 110 0 0 0 0
3 0 0 -31 0 0 0 0
3 0 0 -111 0 0 0 0
3 0 0 -115 0 0 0 0
3 0 0 -56 0 0 0 0
3 0 0 -112 0 0 0 0
3 0 0 -95 0 0 0 0
3 0 0 -106 0 0 0 0
3 0 0 -4 0 0 0 0
3 0 0 44 0 0 0 0
3 0 0 -55 0 0 0 0
3 0 0 43 0 0 0 0
3 0 1 96 0 1 110 0
3 1 0 19 0 0 0 0
3 0 0 -56 0 0 0 0
3 0 0 -27 0 0 0 0
3 0 0 -4 0 0 0 0
3 0 0 -34 0 0 0 0
3 0 0 -20 0 0 0 0
3 0 0 -102 0 0 0 0
3 0 0 117 0 0 0 0
3 0 0 48 0 0 0 0
3 0 0 70 0 0 0 0
3 0 0 0 0 0 0 0
3 0 0 33 0 0 0 0
3 0 0 -86 0 0 0 0
3 0 0 85 0 0 0 0
3 0 0 -15 0 0 0 0
3 0 0 -62 0 0 0 0
3 0 1 108 0 1 117 0
5 1 0 29 0 0 0 0
5 0 1 -104 0 1 -75 0
3 1 0 56 0 0 0 0
3 0 0 4 0 0 0 0
3 0 0 77 0 0 0 0
3 0 0 112 0 0 0 0
3 0 0 -36 0 0 0 0
3 0 0 77 0 0 0 0
3 0 0 110 0 0 0 0
3 0 0 -60 0 0 0 0
3 0 0 75 0 0 0 0
3 0 0 107 0 0 0 0
3 0 0 -12 0 0 0 0
3 0 0 22 0 0 0 0
3 0 0 -68 0 0 0 0
3 0 0 48 0 0 0 0
3 0 0 -42 0 0 0 0
3 0 0 75 0 0 0 0
3 0 0 47 0 0 0 0
3 0 0 -2 0 0 0 0
3 0 0 30 0 0 0 0
3 0 0 -54 0 0 0 0
3 0 0 -110 0 0 0 0
3 0 0 -122 0 0 0 0
3 0 0 46 0 0 0 0
3 0 0 -41 0 0 0 0
3 0 0 -61 0 0 0 0
3 0 0 -83 0 0 0 0
3 0 0 50 0 0 0 0
3 0 0 -111 0 0 0 0
3 0 0 22 0 0 0 0
3 0 0 -123 0 0 0 0
3 0 1 91 0 1 112 0
5 1 0 103 0 0 0 0
5 0 1 105 0 1 127 0
4 1 0 -127 0 0 0 0
4 0 0 39 0 0 0 0
4 0 0 -99 0 0 0 0
4 0 1 -126 0 1 0 -313
4 1 0 -74 0 0 0 0
4 0 0 -63 0 0 0 0
4 0 0 -27 0 0 0 0
4 0 1 112 0 1 0 -52
5 1 0 -76 0 0 0 0
5 0 1 108 0 1 32 0
4 1 0 -113 0 0 0 0
4 0 0 108 0 0 0 0
4 0 0 -76 0 0 0 0
4 0 0 -3 0 0 0 0
4 0 0 83 0 0 0 0
4 0 0 9 0 0 0 0
4 0 0 44 0 0 0 0
4 0 0 -32 0 0 0 0
4 0 0 -25 0 0 0 0
4 0 0 21 0 0 0 0
4 0 0 1 0 0 0 0
4 0 0 4 0 0 0 0
4 0 0 103 0 0 0 0
4 0 0 59 0 0 0 0
4 0 0 26 0 0 0 0
4 0 0 -39 0 0 0 0
4 0 0 -74 0 0 0 0
4 0 0 -69 0 0 0 0
4 0 0 94 0 0 0 0
4 0 0 36 0 0 0 0
4 0 0 8 0 0 0 0
4 0 0 90 0 0 0 0
4 0 0 114 0 0 0 0
4 0 0 82 0 0 0 0
4 0 0 34 0 0 0 0
4 0 0 -116 0 0 0 0
4 0 1 58 0 1 0 427
4 1 0 63 0 0 0 0
4 0 0 72 0 0 0 0
4 0 0 45 0 0 0 0
4 0 0 104 0 0 0 0
4 0 0 -41 0 0 0 0
4 0 0 32 0 0 0 0
4 0 0 -85 0 0 0 0
4 0 0 59 0 0 0 0
4 0 0 -50 0 0 0 0
4 0 0 41 0 0 0 0
4 0 0 -72 0 0 0 0
4 0 0 103 0 0 0 0
4 0 0 6 0 0 0 0
4 0 0 -21 0 0 0 0
4 0 0 21 0 0 0 0
4 0 0 -76 0 0 0 0
4 0 0 -92 0 0 0 0
4 0 0 22 0 0 0 0
4 0 1 64 0 1 0 195
3 1 0 125 0 0 0 0
3 0 0 -33 0 0 0 0
3 0 0 -100 0 0 0 0
3 0 0 19 0 0 0 0
3 0 0 89 0 0 0 0
3 0 0 -14 0 0 0 0
3 0 0 122 0 0 0 0
3 0 0 68 0 0 0 0
3 0 0 -108 0 0 0 0
3 0 0 -14 0 0 0 0
3 0 0 28 0 0 0 0
3 0 0 -103 0 0 0 0
3 0 0 -17 0 0 0 0
3 0 0 110 0 0 0 0
3 0 0 -110 0 0 0 0
3 0 0 -105 0 0 0 0
3 0 0 110 0 0 0 0
3 0 0 -27 0 0 0 0
3 0 0 52 0 0 0 0
3 0 0 12 0 0 0 0
3 0 0 3 0 0 0 0
3 0 0 -71 0 0 0 0
3 0 0 -68 0 0 0 0
3 0 0 -113 0 0 0 0
3 0 0 63 0 0 0 0
3 0 0 -91 0 0 0 0
3 0 0 79 0 0 0 0
3 0 1 110 0 1 125 0
5 1 0 -125 0 0 0 0
5 0 1 52 0 1 -73 0
4 1 0 -42 0 0 0 0
4 0 0 -104 0 0 0 0
4 0 0 112 0 0 0 0
4 0 0 -96 0 0 0 0
4 0 0 -14 0 0 0 0
4 0 0 65 0 0 0 0
4 0 0 63 0 0 0 0
4 0 0 100 0 0 0 0
4 0 0 78 0 0 0 0
4 0 0 -73 0 0 0 0
4 0 0 63 0 0 0 0
4 0 0 -85 0 0 0 0
4 0 0 58 0 0 0 0
4 0 1 -16 0 1 0 109
5 1 0 28 0 0 0 0
5 0 1 -112 0 1 -84 0
4 1 0 77 0 0 0 0
4 0 0 -40 0 0 0 0
4 0 0 57 0 0 0 0
4 0 0 -32 0 0 0 0
4 0 0 71 0 0 0 0
4 0 0 123 0 0 0 0
4 0 0 80 0 0 0 0
4 0 0 98 0 0 0 0
4 0 0 -3 0 0 0 0
4 0 0 -56 0 0 0 0
4 0 0 93 0 0 0 0
4 0 0 -102 0 0 0 0
4 0 0 75 0 0 0 0
4 0 0 54 0 0 0 0
4 0 0 -36 0 0 0 0
4 0 0 -17 0 0 0 0
4 0 0 62 0 0 0 0
4 0 0 -78 0 0 0 0
4 0 0 29 0 0 0 0
4 0 0 82 0 0 0 0
4 0 0 -85 0 0 0 0
4 0 0 30 0 0 0 0
4 0 0 -112 0 0 0 0
4 0 0 -27 0 0 0 0
4 0 0 87 0 0 0 0
4 0 1 -98 0 1 0 332
5 1 0 127 0 0 0 0
5 0 1 -9 0 1 118 0
4 1 0 -112 0 0 0 0
4 0 0 -28 0 0 0 0
4 0 0 15 0 0 0 0
4 0 0 -35 0 0 0 0
4 0 0 111 0 0 0 0
4 0 0 126 0 0 0 0
4 0 0 27 0 0 0 0
4 0 0 -20 0 0 0 0
4 0 0 27 0 0 0 0
4 0 0 -126 0 0 0 0
4 0 0 -22 0 0 0 0
4 0 0 -19 0 0 0 0
4 0 0 119 0 0 0 0
4 0 0 24 0 0 0 0
4 0 0 -5 0 0 0 0
4 0 0 119 0 0 0 0
4 0 0 -105 0 0 0 0
4 0 0 125 0 0 0 0
4 0 0 -55 0 0 0 0
4 0 0 -101 0 0 0 0
4 0 0 -22 0 0 0 0
4 0 0 69 0 0 0 0
4 0 1 -68 0 1 0 44
4 1 0 40 0 0 0 0
4 0 0 20 0 0 0 0
4 0 0 21 0 0 0 0
4 0 0 109 0 0 0 0
4 0 0 -56 0 0 0 0
4 0 0 1 0 0 0 0
4 0 0 -124 0 0 0 0
4 0 0 -45 0 0 0 0
4 0 0 12 0 0 0 0
4 0 0 62 0 0 0 0
4 0 0 100 0 0 0 0
4 0 0 -50 0 0 0 0
4 0 0 47 0 0 0 0
4 0 0 65 0 0 0 0
4 0 0 29 0 0 0 0
4 0 0 67 0 0 0 0
4 0 0 95 0 0 0 0
4 0 0 8 0 0 0 0
4 0 0 3 0 0 0 0
4 0 0 17 0 0 0 0
4 0 0 -52 0 0 0 0
4 0 0 -82 0 0 0 0
4 0 0 -98 0 0 0 0
4 0 0 62 0 0 0 0
4 0 0 36 0 0 0 0
4 0 0 53 0 0 0 0
4 0 0 22 0 0 0 0
4 0 0 127 0 0 0 0
4 0 0 -25 0 0 0 0
4 0 0 -48 0 0 0 0
4 0 0 105 0 0 0 0
4 0 1 1 0 1 0 522
3 1 0 -114 0 0 0 0
3 0 0 45 0 0 0 0
3 0 0 68 0 0 0 0
3 0 0 -97 0 0 0 0
3 0 0 107 0 0 0 0
3 0 0 24 0 0 0 0
3 0 0 -72 0 0 0 0
3 0 0 76 0 0 0 0
3 0 0 -44 0 0 0 0
3 0 0 29 0 0 0 0
3 0 0 -89 0 0 0 0
3 0 1 38 0 1 107 0
5 1 0 106 0 0 0 0
5 0 1 -7 0 1 99 0
3 1 0 78 0 0 0 0
3 0 0 52 0 0 0 0
3 0 0 -37 0 0 0 0
3 0 0 127 0 0 0 0
3 0 1 -110 0 1 127 0
5 1 0 -39 0 0 0 0
5 0 1 -35 0 1 -74 0
5 1 0 -101 0 0 0 0
5 0 1 -80 0 1 -127 0
3 1 1 -124 0 1 -124 0
4 1 0 -17 0 0 0 0
4 0 0 -61 0 0 0 0
4 0 0 124 0 0 0 0
4 0 0 100 0 0 0 0
4 0 0 62 0 0 0 0
4 0 0 -116 0 0 0 0
4 0 0 96 0 0 0 0
4 0 0 19 0 0 0 0
4 0 0 85 0 0 0 0
4 0 0 111 0 0 0 0
4 0 0 -119 0 0 0 0
4 0 0 122 0 0 0 0
4 0 0 -124 0 0 0 0
4 0 0 105 0 0 0 0
4 0 0 -38 0 0 0 0
4 0 0 -94 0 0 0 0
4 0 0 84 0 0 0 0
4 0 0 1 0 0 0 0
4 0 0 65 0 0 0 0
4 0 0 -89 0 0 0 0
4 0 1 -49 0 1 0 267
3 1 0 3 0 0 0 0
3 0 0 -38 0 0 0 0
3 0 0 10 0 0 0 0
3 0 0 -83 0 0 0 0
3 0 0 59 0 0 0 0
3 0 0 15 0 0 0 0
3 0 0 36 0 0 0 0
3 0 0 17 0 0 0 0
3 0 0 76 0 0 0 0
3 0 0 2 0 0 0 0
3 0 0 -73 0 0 0 0
3 0 0 -69 0 0 0 0
3 0 0 -108 0 0 0 0
3 0 1 24 0 1 76 0
3 1 0 -60 0 0 0 0
3 0 0 55 0 0 0 0
3 0 0 41 0 0 0 0
3 0 0 -40 0 0 0 0
3 0 0 115 0 0 0 0
3 0 0 -67 0 0 0 0
3 0 0 -55 0 0 0 0
3 0 0 -15 0 0 0 0
3 0 0 -6 0 0 0 0
3 0 0 -73 0 0 0 0
3 0 0 77 0 0 0 0
3 0 0 69 0 0 0 0
3 0 0 57 0 0 0 0
3 0 0 73 0 0 0 0
3 0 0 -58 0 0 0 0
3 0 0 85 0 0 0 0
3 0 1 84 0 1 115 0
3 1 0 -102 0 0 0 0
3 0 0 63 0 0 0 0
3 0 0 19 0 0 0 0
3 0 0 41 0 0 0 0
3 0 0 105 0 0 0 0
3 0 0 -120 0 0 0 0
3 0 0 -91 0 0 0 0
3 0 0 -64 0 0 0 0
3 0 0 81 0 0 0 0
3 0 0 -27 0 0 0 0
3 0 0 46 0 0 0 0
3 0 0 93 0 0 0 0
3 0 1 5 0 1 105 0
5 1 0 124 0 0 0 0
5 0 1 58 0 1 127 0
4 1 0 -122 0 0 0 0
4 0 0 74 0 0 0 0
4 0 0 17 0 0 0 0
4 0 0 97 0 0 0 0
4 0 0 -29 0 0 0 0
4 0 0 121 0 0 0 0
4 0 0 -21 0 0 0 0
4 0 0 -107 0 0 0 0
4 0 0 40 0 0 0 0
4 0 0 -124 0 0 0 0
4 0 0 -31 0 0 0 0
4 0 0 82 0 0 0 0
4 0 0 38 0 0 0 0
4 0 0 -39 0 0 0 0
4 0 0 -95 0 0 0 0
4 0 0 -102 0 0 0 0
4 0 0 -100 0 0 0 0
4 0 0 73 0 0 0 0
4 0 0 41 0 0 0 0
4 0 0 41 0 0 0 0
4 0 0 72 0 0 0 0
4 0 0 -44 0 0 0 0
4 0 0 6 0 0 0 0
4 0 0 44 0 0 0 0
4 0 0 37 0 0 0 0
4 0 1 86 0 1 0 55
4 1 0 3 0 0 0 0
4 0 0 -53 0 0 0 0
4 0 0 -21 0 0 0 0
4 0 0 -23 0 0 0 0
4 0 0 38 0 0 0 0
4 0 0 20 0 0 0 0
4 0 0 88 0 0 0 0
4 0 1 64 0 1 0 116
4 1 0 -113 0 0 0 0
4 0 0 -70 0 0 0 0
4 0 0 62 0 0 0 0
4 0 0 71 0 0 0 0
4 0 0 115 0 0 0 0
4 0 0 76 0 0 0 0
4 0 0 85 0 0 0 0
4 0 0 55 0 0 0 0
4 0 0 -101 0 0 0 0
4 0 0 -32 0 0 0 0
4 0 0 -126 0 0 0 0
4 0 0 21 0 0 0 0
4 0 1 -59 0 1 0 -16
3 1 0 73 0 0 0 0
3 0 0 126 0 0 0 0
3 0 1 -11 0 1 126 0
3 1 0 50 0 0 0 0
3 0 0 6 0 0 0 0
3 0 0 22 0 0 0 0
3 0 1 -88 0 1 50 0
5 1 0 36 0 0 0 0
5 0 1 -124 0 1 -88 0
5 1 0 6 0 0 0 0
5 0 1 -46 0 1 -40 0
3 1 0 -20 0 0 0 0
3 0 0 16 0 0 0 0
3 0 0 -17 0 0 0 0
3 0 0 -78 0 0 0 0
3 0 0 -116 0 0 0 0
3 0 0 72 0 0 0 0
3 0 0 -76 0 0 0 0
3 0 0 60 0 0 0 0
3 0 0 -11 0 0 0 0
3 0 0 -51 0 0 0 0
3 0 0 22 0 0 0 0
3 0 0 -125 0 0 0 0
3 0 0 38 0 0 0 0
3 0 0 -113 0 0 0 0
3 0 0 -67 0 0 0 0
3 0 1 -75 0 1 72 0
3 1 0 -10 0 0 0 0
3 0 0 21 0 0 0 0
3 0 0 -43 0 0 0 0
3 0 0 127 0 0 0 0
3 0 0 -91 0 0 0 0
3 0 0 84 0 0 0 0
3 0 0 -15 0 0 0 0
3 0 0 79 0 0 0 0
3 0 0 10 0 0 0 0
3 0 0 -13 0 0 0 0
3 0 0 -19 0 0 0 0
3 0 0 27 0 0 0 0
3 0 1 -12 0 1 127 0
4 1 0 30 0 0 0 0
4 0 0 -79 0 0 0 0
4 0 0 30 0 0 0 0
4 0 0 -34 0 0 0 0
4 0 0 9 0 0 0 0
4 0 0 -38 0 0 0 0
4 0 0 -102 0 0 0 0
4 0 0 107 0 0 0 0
4 0 0 13 0 0 0 0
4 0 0 -122 0 0 0 0
4 0 0 -69 0 0 0 0
4 0 0 114 0 0 0 0
4 0 0 118 0 0 0 0
4 0 0 -122 0 0 0 0
4 0 0 -35 0 0 0 0
4 0 0 67 0 0 0 0
4 0 0 58 0 0 0 0
4 0 0 -124 0 0 0 0
4 0 0 74 0 0 0 0
4 0 0 -113 0 0 0 0
4 0 0 -121 0 0 0 0
4 0 0 -84 0 0 0 0
4 0 0 61 0 0 0 0
4 0 0 -44 0 0 0 0
4 0 0 -46 0 0 0 0
4 0 0 89 0 0 0 0
4 0 0 -100 0 0 0 0
4 0 0 -81 0 0 0 0
4 0 0 -114 0 0 0 0
4 0 0 -109 0 0 0 0
4 0 0 -34 0 0 0 0
4 0 1 -91 0 1 0 -892
5 1 0 38 0 0 0 0
5 0 1 -118 0 1 -80 0
4 1 0 14 0 0 0 0
4 0 0 -103 0 0 0 0
4 0 0 -62 0 0 0 0
4 0 0 -101 0 0 0 0
4 0 0 -46 0 0 0 0
4 0 0 -82 0 0 0 0
4 0 0 82 0 0 0 0
4 0 0 15 0 0 0 0
4 0 0 69 0 0 0 0
4 0 0 14 0 0 0 0
4 0 0 -100 0 0 0 0
4 0 0 -76 0 0 0 0
4 0 0 -82 0 0 0 0
4 0 0 -51 0 0 0 0
4 0 0 85 0 0 0 0
4 0 0 -47 0 0 0 0
4 0 0 -3 0 0 0 0
4 0 0 17 0 0 0 0
4 0 0 -28 0 0 0 0
4 0 0 60 0 0 0 0
4 0 0 52 0 0 0 0
4 0 0 -115 0 0 0 0
4 0 0 73 0 0 0 0
4 0 0 103 0 0 0 0
4 0 0 -100 0 0 0 0
4 0 0 -20 0 0 0 0
4 0 1 -57 0 1 0 -489
4 1 0 -25 0 0 0 0
4 0 0 26 0 0 0 0
4 0 0 22 0 0 0 0
4 0 0 94 0 0 0 0
4 0 0 45 0 0 0 0
4 0 0 127 0 0 0 0
4 0 0 58 0 0 0 0
4 0 0 -75 0 0 0 0
4 0 0 -91 0 0 0 0
4 0 0 -19 0 0 0 0
4 0 0 -41 0 0 0 0
4 0 0 33 0 0 0 0
4 0 0 19 0 0 0 0
4 0 0 126 0 0 0 0
4 0 0 98 0 0 0 0
4 0 0 13 0 0 0 0
4 0 0 -126 0 0 0 0
4 0 0 107 0 0 0 0
4 0 0 112 0 0 0 0
4 0 0 -81 0 0 0 0
4 0 0 -44 0 0 0 0
4 0 0 125 0 0 0 0
4 0 0 -58 0 0 0 0
4 0 1 64 0 1 0 509
5 1 0 -56 0 0 0 0
5 0 1 65 0 1 9 0
4 1 0 -5 0 0 0 0
4 0 0 -41 0 0 0 0
4 0 0 90 0 0 0 0
4 0 0 96 0 0 0 0
4 0 0 -87 0 0 0 0
4 0 0 -100 0 0 0 0
4 0 1 -103 0 1 0 -150
4 1 0 38 0 0 0 0
4 0 0 -100 0 0 0 0
4 0 0 -18 0 0 0 0
4 0 0 107 0 0 0 0
4 0 0 -6 0 0 0 0
4 0 0 40 0 0 0 0
4 0 0 10 0 0 0 0
4 0 0 97 0 0 0 0
4 0 0 70 0 0 0 0
4 0 0 -110 0 0 0 0
4 0 0 117 0 0 0 0
4 0 0 35 0 0 0 0
4 0 0 -92 0 0 0 0
4 0 0 -102 0 0 0 0
4 0 0 22 0 0 0 0
4 0 0 97 0 0 0 0
4 0 0 -126 0 0 0 0
4 0 0 64 0 0 0 0
4 0 0 116 0 0 0 0
4 0 0 -3 0 0 0 0
4 0 1 -108 0 1 0 148
5 1 0 -70 0 0 0 0
5 0 1 -20 0 1 -90 0
3 1 0 -20 0 0 0 0
3 0 0 12 0 0 0 0
3 0 0 82 0 0 0 0
3 0 0 125 0 0 0 0
3 0 0 8 0 0 0 0
3 0 0 -8 0 0 0 0
3 0 0 -56 0 0 0 0
3 0 0 115 0 0 0 0
3 0 0 -12 0 0 0 0
3 0 0 -72 0 0 0 0
3 0 0 6 0 0 0 0
3 0 0 -124 0 0 0 0
3 0 0 -24 0 0 0 0
3 0 0 -19 0 0 0 0
3 0 0 -4 0 0 0 0
3 0 0 116 0 0 0 0
3 0 0 -52 0 0 0 0
3 0 1 -64 0 1 125 0
3 1 0 15 0 0 0 0
3 0 0 50 0 0 0 0
3 0 0 -20 0 0 0 0
3 0 0 87 0 0 0 0
3 0 0 -26 0 0 0 0
3 0 0 -26 0 0 0 0
3 0 0 -69 0 0 0 0
3 0 0 -72 0 0 0 0
3 0 0 33 0 0 0 0
3 0 0 59 0 0 0 0
3 0 0 -98 0 0 0 0
3 0 0 127 0 0 0 0
3 0 0 -14 0 0 0 0
3 0 0 -97 0 0 0 0
3 0 0 -28 0 0 0 0
3 0 0 -42 0 0 0 0
3 0 0 66 0 0 0 0
3 0 0 -45 0 0 0 0
3 0 0 -100 0 0 0 0
3 0 0 -17 0 0 0 0
3 0 0 4 0 0 0 0
3 0 0 -85 0 0 0 0
3 0 0 61 0 0 0 0
3 0 0 -93 0 0 0 0
3 0 0 89 0 0 0 0
3 0 0 52 0 0 0 0
3 0 0 -21 0 0 0 0
3 0 0 7 0 0 0 0
3 0 0 -7 0 0 0 0
3 0 0 25 0 0 0 0
3 0 1 108 0 1 127 0
4 1 0 -102 0 0 0 0
4 0 0 -40 0 0 0 0
4 0 0 -128 0 0 0 0
4 0 0 112 0 0 0 0
4 0 0 -84 0 0 0 0
4 0 0 65 0 0 0 0
4 0 0 68 0 0 0 0
4 0 0 -41 0 0 0 0
4 0 0 -12 0 0 0 0
4 0 0 -113 0 0 0 0
4 0 0 78 0 0 0 0
4 0 0 -78 0 0 0 0
4 0 0 98 0 0 0 0
4 0 0 -34 0 0 0 0
4 0 0 46 0 0 0 0
4 0 0 -126 0 0 0 0
4 0 0 -100 0 0 0 0
4 0 1 104 0 1 0 -287
4 1 0 -60 0 0 0 0
4 0 0 42 0 0 0 0
4 0 0 -5 0 0 0 0
4 0 0 26 0 0 0 0
4 0 0 -78 0 0 0 0
4 0 0 53 0 0 0 0
4 0 0 -77 0 0 0 0
4 0 0 44 0 0 0 0
4 0 0 124 0 0 0 0
4 0 0 -63 0 0 0 0
4 0 0 -27 0 0 0 0
4 0 0 114 0 0 0 0
4 0 0 74 0 0 0 0
4 0 0 76 0 0 0 0
4 0 0 70 0 0 0 0
4 0 0 -12 0 0 0 0
4 0 0 -74 0 0 0 0
4 0 0 50 0 0 0 0
4 0 0 73 0 0 0 0
4 0 0 -114 0 0 0 0
4 0 0 -90 0 0 0 0
4 0 0 -13 0 0 0 0
4 0 0 46 0 0 0 0
4 0 0 -24 0 0 0 0
4 0 1 24 0 1 0 179
5 1 0 121 0 0 0 0
5 0 1 42 0 1 127 0
5 1 0 42 0 0 0 0
5 0 1 -45 0 1 -3 0
3 1 0 24 0 0 0 0
3 0 0 -71 0 0 0 0
3 0 0 45 0 0 0 0
3 0 0 -123 0 0 0 0
3 0 0 -65 0 0 0 0
3 0 0 74 0 0 0 0
3 0 0 -110 0 0 0 0
3 0 0 76 0 0 0 0
3 0 0 6 0 0 0 0
3 0 0 125 0 0 0 0
3 0 0 70 0 0 0 0
3 0 0 -41 0 0 0 0
3 0 0 112 0 0 0 0
3 0 0 -126 0 0 0 0
3 0 0 -50 0 0 0 0
3 0 0 -59 0 0 0 0
3 0 0 75 0 0 0 0
3 0 0 -44 0 0 0 0
3 0 0 -76 0 0 0 0
3 0 0 93 0 0 0 0
3 0 0 -26 0 0 0 0
3 0 0 -90 0 0 0 0
3 0 0 43 0 0 0 0
3 0 0 90 0 0 0 0
3 0 0 21 0 0 0 0
3 0 0 37 0 0 0 0
3 0 0 5 0 0 0 0
3 0 0 108 0 0 0 0
3 0 0 -126 0 0 0 0
3 0 1 -125 0 1 125 0
4 1 0 -80 0 0 0 0
4 0 0 -111 0 0 0 0
4 0 0 -64 0 0 0 0
4 0 0 -44 0 0 0 0
4 0 0 26 0 0 0 0
4 0 1 -22 0 1 0 -295
4 1 0 23 0 0 0 0
4 0 0 33 0 0 0 0
4 0 0 -2 0 0 0 0
4 0 0 107 0 0 0 0
4 0 0 -76 0 0 0 0
4 0 1 -71 0 1 0 14
3 1 0 60 0 0 0 0
3 0 0 -33 0 0 0 0
3 0 0 14 0 0 0 0
3 0 0 69 0 0 0 0
3 0 0 -114 0 0 0 0
3 0 0 -95 0 0 0 0
3 0 0 -87 0 0 0 0
3 0 1 -53 0 1 69 0
4 1 0 103 0 0 0 0
4 0 0 -108 0 0 0 0
4 0 0 -120 0 0 0 0
4 0 1 -76 0 1 0 -201
5 1 0 -36 0 0 0 0
5 0 1 -50 0 1 -86 0
3 1 0 -20 0 0 0 0
3 0 0 -91 0 0 0 0
3 0 0 77 0 0 0 0
3 0 0 94 0 0 0 0
3 0 0 45 0 0 0 0
3 0 0 -64 0 0 0 0
3 0 0 -76 0 0 0 0
3 0 0 77 0 0 0 0
3 0 0 -7 0 0 0 0
3 0 0 -118 0 0 0 0
3 0 0 -87 0 0 0 0
3 0 0 4 0 0 0 0
3 0 0 -123 0 0 0 0
3 0 0 -65 0 0 0 0
3 0 0 53 0 0 0 0
3 0 0 62 0 0 0 0
3 0 0 -55 0 0 0 0
3 0 0 4 0 0 0 0
3 0 0 -61 0 0 0 0
3 0 0 76 0 0 0 0
3 0 0 38 0 0 0 0
3 0 0 99 0 0 0 0
3 0 1 105 0 1 105 0
5 1 0 107 0 0 0 0
5 0 1 97 0 1 127 0
4 1 0 -108 0 0 0 0
4 0 0 103 0 0 0 0
4 0 0 51 0 0 0 0
4 0 0 -101 0 0 0 0
4 0 0 22 0 0 0 0
4 0 0 104 0 0 0 0
4 0 0 90 0 0 0 0
4 0 0 -75 0 0 0 0
4 0 0 -107 0 0 0 0
4 0 0 -72 0 0 0 0
4 0 0 117 0 0 0 0
4 0 0 51 0 0 0 0
4 0 0 53 0 0 0 0
4 0 0 17 0 0 0 0
4 0 0 67 0 0 0 0
4 0 0 67 0 0 0 0
4 0 1 20 0 1 0 299
4 1 0 107 0 0 0 0
4 0 0 117 0 0 0 0
4 0 0 -94 0 0 0 0
4 0 0 -8 0 0 0 0
4 0 0 112 0 0 0 0
4 0 0 -117 0 0 0 0
4 0 0 90 0 0 0 0
4 0 0 48 0 0 0 0
4 0 0 17 0 0 0 0
4 0 0 39 0 0 0 0
4 0 0 -61 0 0 0 0
4 0 0 -15 0 0 0 0
4 0 0 14 0 0 0 0
4 0 0 38 0 0 0 0
4 0 0 -46 0 0 0 0
4 0 1 -113 0 1 0 128
4 1 1 72 0 1 0 72
