0 0 0 0 0 0
0 0 0 0 1 0
0 1 0 0 0 1
0 1 0 0 1 1
0 -1 0 0 0 -1
0 -1 0 0 1 0
0 127 0 0 0 127
0 127 0 0 1 127
0 -128 0 0 0 -127
0 -128 0 0 1 0
0 170 0 0 0 127
0 170 0 0 1 127
0 -170 0 0 0 -127
0 -170 0 0 1 0
0 255 0 0 0 127
0 255 0 0 1 127
0 -256 0 0 0 -127
0 -256 0 0 1 0
1 0 0 0 0 0
1 0 0 0 1 0
1 1 0 0 0 1
1 1 0 0 1 1
1 -1 0 0 0 -1
1 -1 0 0 1 0
1 127 0 0 0 127
1 127 0 0 1 127
1 -128 0 0 0 -127
1 -128 0 0 1 0
1 170 0 0 0 127
1 170 0 0 1 127
1 -170 0 0 0 -127
1 -170 0 0 1 0
1 255 0 0 0 127
1 255 0 0 1 127
1 -256 0 0 0 -127
1 -256 0 0 1 0
-1 0 0 0 0 0
-1 0 0 0 1 0
-1 1 0 0 0 1
-1 1 0 0 1 1
-1 -1 0 0 0 -1
-1 -1 0 0 1 0
-1 127 0 0 0 127
-1 127 0 0 1 127
-1 -128 0 0 0 -127
-1 -128 0 0 1 0
-1 170 0 0 0 127
-1 170 0 0 1 127
-1 -170 0 0 0 -127
-1 -170 0 0 1 0
-1 255 0 0 0 127
-1 255 0 0 1 127
-1 -256 0 0 0 -127
-1 -256 0 0 1 0
127 0 0 0 0 0
127 0 0 0 1 0
127 1 0 0 0 1
127 1 0 0 1 1
127 -1 0 0 0 -1
127 -1 0 0 1 0
127 127 0 0 0 127
127 127 0 0 1 127
127 -128 0 0 0 -127
127 -128 0 0 1 0
127 170 0 0 0 127
127 170 0 0 1 127
127 -170 0 0 0 -127
127 -170 0 0 1 0
127 255 0 0 0 127
127 255 0 0 1 127
127 -256 0 0 0 -127
127 -256 0 0 1 0
-127 0 0 0 0 0
-127 0 0 0 1 0
-127 1 0 0 0 1
-127 1 0 0 1 1
-127 -1 0 0 0 -1
-127 -1 0 0 1 0
-127 127 0 0 0 127
-127 127 0 0 1 127
-127 -128 0 0 0 -127
-127 -128 0 0 1 0
-127 170 0 0 0 127
-127 170 0 0 1 127
-127 -170 0 0 0 -127
-127 -170 0 0 1 0
-127 255 0 0 0 127
-127 255 0 0 1 127
-127 -256 0 0 0 -127
-127 -256 0 0 1 0
128 0 0 0 0 0
128 0 0 0 1 0
128 1 0 0 0 1
128 1 0 0 1 1
128 -1 0 0 0 -1
128 -1 0 0 1 0
128 127 0 0 0 127
128 127 0 0 1 127
128 -128 0 0 0 -127
128 -128 0 0 1 0
128 170 0 0 0 127
128 170 0 0 1 127
128 -170 0 0 0 -127
128 -170 0 0 1 0
128 255 0 0 0 127
128 255 0 0 1 127
128 -256 0 0 0 -127
128 -256 0 0 1 0
-128 0 0 0 0 0
-128 0 0 0 1 0
-128 1 0 0 0 1
-128 1 0 0 1 1
-128 -1 0 0 0 -1
-128 -1 0 0 1 0
-128 127 0 0 0 127
-128 127 0 0 1 127
-128 -128 0 0 0 -127
-128 -128 0 0 1 0
-128 170 0 0 0 127
-128 170 0 0 1 127
-128 -170 0 0 0 -127
-128 -170 0 0 1 0
-128 255 0 0 0 127
-128 255 0 0 1 127
-128 -256 0 0 0 -127
-128 -256 0 0 1 0
255 0 0 0 0 0
255 0 0 0 1 0
255 1 0 0 0 1
255 1 0 0 1 1
255 -1 0 0 0 -1
255 -1 0 0 1 0
255 127 0 0 0 127
255 127 0 0 1 127
255 -128 0 0 0 -127
255 -128 0 0 1 0
255 170 0 0 0 127
255 170 0 0 1 127
255 -170 0 0 0 -127
255 -170 0 0 1 0
255 255 0 0 0 127
255 255 0 0 1 127
255 -256 0 0 0 -127
255 -256 0 0 1 0
-255 0 0 0 0 0
-255 0 0 0 1 0
-255 1 0 0 0 1
-255 1 0 0 1 1
-255 -1 0 0 0 -1
-255 -1 0 0 1 0
-255 127 0 0 0 127
-255 127 0 0 1 127
-255 -128 0 0 0 -127
-255 -128 0 0 1 0
-255 170 0 0 0 127
-255 170 0 0 1 127
-255 -170 0 0 0 -127
-255 -170 0 0 1 0
-255 255 0 0 0 127
-255 255 0 0 1 127
-255 -256 0 0 0 -127
-255 -256 0 0 1 0
1048576 0 0 0 0 0
1048576 0 0 0 1 0
1048576 1 0 0 0 1
1048576 1 0 0 1 1
1048576 -1 0 0 0 -1
1048576 -1 0 0 1 0
1048576 127 0 0 0 127
1048576 127 0 0 1 127
1048576 -128 0 0 0 -127
1048576 -128 0 0 1 0
1048576 170 0 0 0 127
1048576 170 0 0 1 127
1048576 -170 0 0 0 -127
1048576 -170 0 0 1 0
1048576 255 0 0 0 127
1048576 255 0 0 1 127
1048576 -256 0 0 0 -127
1048576 -256 0 0 1 0
-1048576 0 0 0 0 0
-1048576 0 0 0 1 0
-1048576 1 0 0 0 1
-1048576 1 0 0 1 1
-1048576 -1 0 0 0 -1
-1048576 -1 0 0 1 0
-1048576 127 0 0 0 127
-1048576 127 0 0 1 127
-1048576 -128 0 0 0 -127
-1048576 -128 0 0 1 0
-1048576 170 0 0 0 127
-1048576 170 0 0 1 127
-1048576 -170 0 0 0 -127
-1048576 -170 0 0 1 0
-1048576 255 0 0 0 127
-1048576 255 0 0 1 127
-1048576 -256 0 0 0 -127
-1048576 -256 0 0 1 0
8388607 0 0 0 0 0
8388607 0 0 0 1 0
8388607 1 0 0 0 1
8388607 1 0 0 1 1
8388607 -1 0 0 0 -1
8388607 -1 0 0 1 0
8388607 127 0 0 0 127
8388607 127 0 0 1 127
8388607 -128 0 0 0 -127
8388607 -128 0 0 1 0
8388607 170 0 0 0 127
8388607 170 0 0 1 127
8388607 -170 0 0 0 -127
8388607 -170 0 0 1 0
8388607 255 0 0 0 127
8388607 255 0 0 1 127
8388607 -256 0 0 0 -127
8388607 -256 0 0 1 0
-8388607 0 0 0 0 0
-8388607 0 0 0 1 0
-8388607 1 0 0 0 1
-8388607 1 0 0 1 1
-8388607 -1 0 0 0 -1
-8388607 -1 0 0 1 0
-8388607 127 0 0 0 127
-8388607 127 0 0 1 127
-8388607 -128 0 0 0 -127
-8388607 -128 0 0 1 0
-8388607 170 0 0 0 127
-8388607 170 0 0 1 127
-8388607 -170 0 0 0 -127
-8388607 -170 0 0 1 0
-8388607 255 0 0 0 127
-8388607 255 0 0 1 127
-8388607 -256 0 0 0 -127
-8388607 -256 0 0 1 0
0 0 1 0 0 0
0 0 1 0 1 0
0 1 1 0 0 1
0 1 1 0 1 1
0 -1 1 0 0 -1
0 -1 1 0 1 0
0 127 1 0 0 127
0 127 1 0 1 127
0 -128 1 0 0 -127
0 -128 1 0 1 0
0 170 1 0 0 127
0 170 1 0 1 127
0 -170 1 0 0 -127
0 -170 1 0 1 0
0 255 1 0 0 127
0 255 1 0 1 127
0 -256 1 0 0 -127
0 -256 1 0 1 0
1 0 1 0 0 1
1 0 1 0 1 1
1 1 1 0 0 2
1 1 1 0 1 2
1 -1 1 0 0 0
1 -1 1 0 1 0
1 127 1 0 0 127
1 127 1 0 1 127
1 -128 1 0 0 -127
1 -128 1 0 1 0
1 170 1 0 0 127
1 170 1 0 1 127
1 -170 1 0 0 -127
1 -170 1 0 1 0
1 255 1 0 0 127
1 255 1 0 1 127
1 -256 1 0 0 -127
1 -256 1 0 1 0
-1 0 1 0 0 -1
-1 0 1 0 1 0
-1 1 1 0 0 0
-1 1 1 0 1 0
-1 -1 1 0 0 -2
-1 -1 1 0 1 0
-1 127 1 0 0 126
-1 127 1 0 1 126
-1 -128 1 0 0 -127
-1 -128 1 0 1 0
-1 170 1 0 0 127
-1 170 1 0 1 127
-1 -170 1 0 0 -127
-1 -170 1 0 1 0
-1 255 1 0 0 127
-1 255 1 0 1 127
-1 -256 1 0 0 -127
-1 -256 1 0 1 0
127 0 1 0 0 127
127 0 1 0 1 127
127 1 1 0 0 127
127 1 1 0 1 127
127 -1 1 0 0 126
127 -1 1 0 1 126
127 127 1 0 0 127
127 127 1 0 1 127
127 -128 1 0 0 -1
127 -128 1 0 1 0
127 170 1 0 0 127
127 170 1 0 1 127
127 -170 1 0 0 -43
127 -170 1 0 1 0
127 255 1 0 0 127
127 255 1 0 1 127
127 -256 1 0 0 -127
127 -256 1 0 1 0
-127 0 1 0 0 -127
-127 0 1 0 1 0
-127 1 1 0 0 -126
-127 1 1 0 1 0
-127 -1 1 0 0 -127
-127 -1 1 0 1 0
-127 127 1 0 0 0
-127 127 1 0 1 0
-127 -128 1 0 0 -127
-127 -128 1 0 1 0
-127 170 1 0 0 43
-127 170 1 0 1 43
-127 -170 1 0 0 -127
-127 -170 1 0 1 0
-127 255 1 0 0 127
-127 255 1 0 1 127
-127 -256 1 0 0 -127
-127 -256 1 0 1 0
128 0 1 0 0 127
128 0 1 0 1 127
128 1 1 0 0 127
128 1 1 0 1 127
128 -1 1 0 0 127
128 -1 1 0 1 127
128 127 1 0 0 127
128 127 1 0 1 127
128 -128 1 0 0 0
128 -128 1 0 1 0
128 170 1 0 0 127
128 170 1 0 1 127
128 -170 1 0 0 -42
128 -170 1 0 1 0
128 255 1 0 0 127
128 255 1 0 1 127
128 -256 1 0 0 -127
128 -256 1 0 1 0
-128 0 1 0 0 -127
-128 0 1 0 1 0
-128 1 1 0 0 -127
-128 1 1 0 1 0
-128 -1 1 0 0 -127
-128 -1 1 0 1 0
-128 127 1 0 0 -1
-128 127 1 0 1 0
-128 -128 1 0 0 -127
-128 -128 1 0 1 0
-128 170 1 0 0 42
-128 170 1 0 1 42
-128 -170 1 0 0 -127
-128 -170 1 0 1 0
-128 255 1 0 0 127
-128 255 1 0 1 127
-128 -256 1 0 0 -127
-128 -256 1 0 1 0
255 0 1 0 0 127
255 0 1 0 1 127
255 1 1 0 0 127
255 1 1 0 1 127
255 -1 1 0 0 127
255 -1 1 0 1 127
255 127 1 0 0 127
255 127 1 0 1 127
255 -128 1 0 0 127
255 -128 1 0 1 127
255 170 1 0 0 127
255 170 1 0 1 127
255 -170 1 0 0 85
255 -170 1 0 1 85
255 255 1 0 0 127
255 255 1 0 1 127
255 -256 1 0 0 -1
255 -256 1 0 1 0
-255 0 1 0 0 -127
-255 0 1 0 1 0
-255 1 1 0 0 -127
-255 1 1 0 1 0
-255 -1 1 0 0 -127
-255 -1 1 0 1 0
-255 127 1 0 0 -127
-255 127 1 0 1 0
-255 -128 1 0 0 -127
-255 -128 1 0 1 0
-255 170 1 0 0 -85
-255 170 1 0 1 0
-255 -170 1 0 0 -127
-255 -170 1 0 1 0
-255 255 1 0 0 0
-255 255 1 0 1 0
-255 -256 1 0 0 -127
-255 -256 1 0 1 0
1048576 0 1 0 0 127
1048576 0 1 0 1 127
1048576 1 1 0 0 127
1048576 1 1 0 1 127
1048576 -1 1 0 0 127
1048576 -1 1 0 1 127
1048576 127 1 0 0 127
1048576 127 1 0 1 127
1048576 -128 1 0 0 127
1048576 -128 1 0 1 127
1048576 170 1 0 0 127
1048576 170 1 0 1 127
1048576 -170 1 0 0 127
1048576 -170 1 0 1 127
1048576 255 1 0 0 127
1048576 255 1 0 1 127
1048576 -256 1 0 0 127
1048576 -256 1 0 1 127
-1048576 0 1 0 0 -127
-1048576 0 1 0 1 0
-1048576 1 1 0 0 -127
-1048576 1 1 0 1 0
-1048576 -1 1 0 0 -127
-1048576 -1 1 0 1 0
-1048576 127 1 0 0 -127
-1048576 127 1 0 1 0
-1048576 -128 1 0 0 -127
-1048576 -128 1 0 1 0
-1048576 170 1 0 0 -127
-1048576 170 1 0 1 0
-1048576 -170 1 0 0 -127
-1048576 -170 1 0 1 0
-1048576 255 1 0 0 -127
-1048576 255 1 0 1 0
-1048576 -256 1 0 0 -127
-1048576 -256 1 0 1 0
8388607 0 1 0 0 127
8388607 0 1 0 1 127
8388607 1 1 0 0 127
8388607 1 1 0 1 127
8388607 -1 1 0 0 127
8388607 -1 1 0 1 127
8388607 127 1 0 0 127
8388607 127 1 0 1 127
8388607 -128 1 0 0 127
8388607 -128 1 0 1 127
8388607 170 1 0 0 127
8388607 170 1 0 1 127
8388607 -170 1 0 0 127
8388607 -170 1 0 1 127
8388607 255 1 0 0 127
8388607 255 1 0 1 127
8388607 -256 1 0 0 127
8388607 -256 1 0 1 127
-8388607 0 1 0 0 -127
-8388607 0 1 0 1 0
-8388607 1 1 0 0 -127
-8388607 1 1 0 1 0
-8388607 -1 1 0 0 -127
-8388607 -1 1 0 1 0
-8388607 127 1 0 0 -127
-8388607 127 1 0 1 0
-8388607 -128 1 0 0 -127
-8388607 -128 1 0 1 0
-8388607 170 1 0 0 -127
-8388607 170 1 0 1 0
-8388607 -170 1 0 0 -127
-8388607 -170 1 0 1 0
-8388607 255 1 0 0 -127
-8388607 255 1 0 1 0
-8388607 -256 1 0 0 -127
-8388607 -256 1 0 1 0
0 0 2 0 0 0
0 0 2 0 1 0
0 1 2 0 0 1
0 1 2 0 1 1
0 -1 2 0 0 -1
0 -1 2 0 1 0
0 127 2 0 0 127
0 127 2 0 1 127
0 -128 2 0 0 -127
0 -128 2 0 1 0
0 170 2 0 0 127
0 170 2 0 1 127
0 -170 2 0 0 -127
0 -170 2 0 1 0
0 255 2 0 0 127
0 255 2 0 1 127
0 -256 2 0 0 -127
0 -256 2 0 1 0
1 0 2 0 0 2
1 0 2 0 1 2
1 1 2 0 0 3
1 1 2 0 1 3
1 -1 2 0 0 1
1 -1 2 0 1 1
1 127 2 0 0 127
1 127 2 0 1 127
1 -128 2 0 0 -126
1 -128 2 0 1 0
1 170 2 0 0 127
1 170 2 0 1 127
1 -170 2 0 0 -127
1 -170 2 0 1 0
1 255 2 0 0 127
1 255 2 0 1 127
1 -256 2 0 0 -127
1 -256 2 0 1 0
-1 0 2 0 0 -2
-1 0 2 0 1 0
-1 1 2 0 0 -1
-1 1 2 0 1 0
-1 -1 2 0 0 -3
-1 -1 2 0 1 0
-1 127 2 0 0 125
-1 127 2 0 1 125
-1 -128 2 0 0 -127
-1 -128 2 0 1 0
-1 170 2 0 0 127
-1 170 2 0 1 127
-1 -170 2 0 0 -127
-1 -170 2 0 1 0
-1 255 2 0 0 127
-1 255 2 0 1 127
-1 -256 2 0 0 -127
-1 -256 2 0 1 0
127 0 2 0 0 127
127 0 2 0 1 127
127 1 2 0 0 127
127 1 2 0 1 127
127 -1 2 0 0 127
127 -1 2 0 1 127
127 127 2 0 0 127
127 127 2 0 1 127
127 -128 2 0 0 126
127 -128 2 0 1 126
127 170 2 0 0 127
127 170 2 0 1 127
127 -170 2 0 0 84
127 -170 2 0 1 84
127 255 2 0 0 127
127 255 2 0 1 127
127 -256 2 0 0 -2
127 -256 2 0 1 0
-127 0 2 0 0 -127
-127 0 2 0 1 0
-127 1 2 0 0 -127
-127 1 2 0 1 0
-127 -1 2 0 0 -127
-127 -1 2 0 1 0
-127 127 2 0 0 -127
-127 127 2 0 1 0
-127 -128 2 0 0 -127
-127 -128 2 0 1 0
-127 170 2 0 0 -84
-127 170 2 0 1 0
-127 -170 2 0 0 -127
-127 -170 2 0 1 0
-127 255 2 0 0 1
-127 255 2 0 1 1
-127 -256 2 0 0 -127
-127 -256 2 0 1 0
128 0 2 0 0 127
128 0 2 0 1 127
128 1 2 0 0 127
128 1 2 0 1 127
128 -1 2 0 0 127
128 -1 2 0 1 127
128 127 2 0 0 127
128 127 2 0 1 127
128 -128 2 0 0 127
128 -128 2 0 1 127
128 170 2 0 0 127
128 170 2 0 1 127
128 -170 2 0 0 86
128 -170 2 0 1 86
128 255 2 0 0 127
128 255 2 0 1 127
128 -256 2 0 0 0
128 -256 2 0 1 0
-128 0 2 0 0 -127
-128 0 2 0 1 0
-128 1 2 0 0 -127
-128 1 2 0 1 0
-128 -1 2 0 0 -127
-128 -1 2 0 1 0
-128 127 2 0 0 -127
-128 127 2 0 1 0
-128 -128 2 0 0 -127
-128 -128 2 0 1 0
-128 170 2 0 0 -86
-128 170 2 0 1 0
-128 -170 2 0 0 -127
-128 -170 2 0 1 0
-128 255 2 0 0 -1
-128 255 2 0 1 0
-128 -256 2 0 0 -127
-128 -256 2 0 1 0
255 0 2 0 0 127
255 0 2 0 1 127
255 1 2 0 0 127
255 1 2 0 1 127
255 -1 2 0 0 127
255 -1 2 0 1 127
255 127 2 0 0 127
255 127 2 0 1 127
255 -128 2 0 0 127
255 -128 2 0 1 127
255 170 2 0 0 127
255 170 2 0 1 127
255 -170 2 0 0 127
255 -170 2 0 1 127
255 255 2 0 0 127
255 255 2 0 1 127
255 -256 2 0 0 127
255 -256 2 0 1 127
-255 0 2 0 0 -127
-255 0 2 0 1 0
-255 1 2 0 0 -127
-255 1 2 0 1 0
-255 -1 2 0 0 -127
-255 -1 2 0 1 0
-255 127 2 0 0 -127
-255 127 2 0 1 0
-255 -128 2 0 0 -127
-255 -128 2 0 1 0
-255 170 2 0 0 -127
-255 170 2 0 1 0
-255 -170 2 0 0 -127
-255 -170 2 0 1 0
-255 255 2 0 0 -127
-255 255 2 0 1 0
-255 -256 2 0 0 -127
-255 -256 2 0 1 0
1048576 0 2 0 0 127
1048576 0 2 0 1 127
1048576 1 2 0 0 127
1048576 1 2 0 1 127
1048576 -1 2 0 0 127
1048576 -1 2 0 1 127
1048576 127 2 0 0 127
1048576 127 2 0 1 127
1048576 -128 2 0 0 127
1048576 -128 2 0 1 127
1048576 170 2 0 0 127
1048576 170 2 0 1 127
1048576 -170 2 0 0 127
1048576 -170 2 0 1 127
1048576 255 2 0 0 127
1048576 255 2 0 1 127
1048576 -256 2 0 0 127
1048576 -256 2 0 1 127
-1048576 0 2 0 0 -127
-1048576 0 2 0 1 0
-1048576 1 2 0 0 -127
-1048576 1 2 0 1 0
-1048576 -1 2 0 0 -127
-1048576 -1 2 0 1 0
-1048576 127 2 0 0 -127
-1048576 127 2 0 1 0
-1048576 -128 2 0 0 -127
-1048576 -128 2 0 1 0
-1048576 170 2 0 0 -127
-1048576 170 2 0 1 0
-1048576 -170 2 0 0 -127
-1048576 -170 2 0 1 0
-1048576 255 2 0 0 -127
-1048576 255 2 0 1 0
-1048576 -256 2 0 0 -127
-1048576 -256 2 0 1 0
8388607 0 2 0 0 127
8388607 0 2 0 1 127
8388607 1 2 0 0 127
8388607 1 2 0 1 127
8388607 -1 2 0 0 127
8388607 -1 2 0 1 127
8388607 127 2 0 0 127
8388607 127 2 0 1 127
8388607 -128 2 0 0 127
8388607 -128 2 0 1 127
8388607 170 2 0 0 127
8388607 170 2 0 1 127
8388607 -170 2 0 0 127
8388607 -170 2 0 1 127
8388607 255 2 0 0 127
8388607 255 2 0 1 127
8388607 -256 2 0 0 127
8388607 -256 2 0 1 127
-8388607 0 2 0 0 -127
-8388607 0 2 0 1 0
-8388607 1 2 0 0 -127
-8388607 1 2 0 1 0
-8388607 -1 2 0 0 -127
-8388607 -1 2 0 1 0
-8388607 127 2 0 0 -127
-8388607 127 2 0 1 0
-8388607 -128 2 0 0 -127
-8388607 -128 2 0 1 0
-8388607 170 2 0 0 -127
-8388607 170 2 0 1 0
-8388607 -170 2 0 0 -127
-8388607 -170 2 0 1 0
-8388607 255 2 0 0 -127
-8388607 255 2 0 1 0
-8388607 -256 2 0 0 -127
-8388607 -256 2 0 1 0
0 0 2047 0 0 0
0 0 2047 0 1 0
0 1 2047 0 0 1
0 1 2047 0 1 1
0 -1 2047 0 0 -1
0 -1 2047 0 1 0
0 127 2047 0 0 127
0 127 2047 0 1 127
0 -128 2047 0 0 -127
0 -128 2047 0 1 0
0 170 2047 0 0 127
0 170 2047 0 1 127
0 -170 2047 0 0 -127
0 -170 2047 0 1 0
0 255 2047 0 0 127
0 255 2047 0 1 127
0 -256 2047 0 0 -127
0 -256 2047 0 1 0
1 0 2047 0 0 127
1 0 2047 0 1 127
1 1 2047 0 0 127
1 1 2047 0 1 127
1 -1 2047 0 0 127
1 -1 2047 0 1 127
1 127 2047 0 0 127
1 127 2047 0 1 127
1 -128 2047 0 0 127
1 -128 2047 0 1 127
1 170 2047 0 0 127
1 170 2047 0 1 127
1 -170 2047 0 0 127
1 -170 2047 0 1 127
1 255 2047 0 0 127
1 255 2047 0 1 127
1 -256 2047 0 0 127
1 -256 2047 0 1 127
-1 0 2047 0 0 -127
-1 0 2047 0 1 0
-1 1 2047 0 0 -127
-1 1 2047 0 1 0
-1 -1 2047 0 0 -127
-1 -1 2047 0 1 0
-1 127 2047 0 0 -127
-1 127 2047 0 1 0
-1 -128 2047 0 0 -127
-1 -128 2047 0 1 0
-1 170 2047 0 0 -127
-1 170 2047 0 1 0
-1 -170 2047 0 0 -127
-1 -170 2047 0 1 0
-1 255 2047 0 0 -127
-1 255 2047 0 1 0
-1 -256 2047 0 0 -127
-1 -256 2047 0 1 0
127 0 2047 0 0 127
127 0 2047 0 1 127
127 1 2047 0 0 127
127 1 2047 0 1 127
127 -1 2047 0 0 127
127 -1 2047 0 1 127
127 127 2047 0 0 127
127 127 2047 0 1 127
127 -128 2047 0 0 127
127 -128 2047 0 1 127
127 170 2047 0 0 127
127 170 2047 0 1 127
127 -170 2047 0 0 127
127 -170 2047 0 1 127
127 255 2047 0 0 127
127 255 2047 0 1 127
127 -256 2047 0 0 127
127 -256 2047 0 1 127
-127 0 2047 0 0 -127
-127 0 2047 0 1 0
-127 1 2047 0 0 -127
-127 1 2047 0 1 0
-127 -1 2047 0 0 -127
-127 -1 2047 0 1 0
-127 127 2047 0 0 -127
-127 127 2047 0 1 0
-127 -128 2047 0 0 -127
-127 -128 2047 0 1 0
-127 170 2047 0 0 -127
-127 170 2047 0 1 0
-127 -170 2047 0 0 -127
-127 -170 2047 0 1 0
-127 255 2047 0 0 -127
-127 255 2047 0 1 0
-127 -256 2047 0 0 -127
-127 -256 2047 0 1 0
128 0 2047 0 0 127
128 0 2047 0 1 127
128 1 2047 0 0 127
128 1 2047 0 1 127
128 -1 2047 0 0 127
128 -1 2047 0 1 127
128 127 2047 0 0 127
128 127 2047 0 1 127
128 -128 2047 0 0 127
128 -128 2047 0 1 127
128 170 2047 0 0 127
128 170 2047 0 1 127
128 -170 2047 0 0 127
128 -170 2047 0 1 127
128 255 2047 0 0 127
128 255 2047 0 1 127
128 -256 2047 0 0 127
128 -256 2047 0 1 127
-128 0 2047 0 0 -127
-128 0 2047 0 1 0
-128 1 2047 0 0 -127
-128 1 2047 0 1 0
-128 -1 2047 0 0 -127
-128 -1 2047 0 1 0
-128 127 2047 0 0 -127
-128 127 2047 0 1 0
-128 -128 2047 0 0 -127
-128 -128 2047 0 1 0
-128 170 2047 0 0 -127
-128 170 2047 0 1 0
-128 -170 2047 0 0 -127
-128 -170 2047 0 1 0
-128 255 2047 0 0 -127
-128 255 2047 0 1 0
-128 -256 2047 0 0 -127
-128 -256 2047 0 1 0
255 0 2047 0 0 127
255 0 2047 0 1 127
255 1 2047 0 0 127
255 1 2047 0 1 127
255 -1 2047 0 0 127
255 -1 2047 0 1 127
255 127 2047 0 0 127
255 127 2047 0 1 127
255 -128 2047 0 0 127
255 -128 2047 0 1 127
255 170 2047 0 0 127
255 170 2047 0 1 127
255 -170 2047 0 0 127
255 -170 2047 0 1 127
255 255 2047 0 0 127
255 255 2047 0 1 127
255 -256 2047 0 0 127
255 -256 2047 0 1 127
-255 0 2047 0 0 -127
-255 0 2047 0 1 0
-255 1 2047 0 0 -127
-255 1 2047 0 1 0
-255 -1 2047 0 0 -127
-255 -1 2047 0 1 0
-255 127 2047 0 0 -127
-255 127 2047 0 1 0
-255 -128 2047 0 0 -127
-255 -128 2047 0 1 0
-255 170 2047 0 0 -127
-255 170 2047 0 1 0
-255 -170 2047 0 0 -127
-255 -170 2047 0 1 0
-255 255 2047 0 0 -127
-255 255 2047 0 1 0
-255 -256 2047 0 0 -127
-255 -256 2047 0 1 0
1048576 0 2047 0 0 127
1048576 0 2047 0 1 127
1048576 1 2047 0 0 127
1048576 1 2047 0 1 127
1048576 -1 2047 0 0 127
1048576 -1 2047 0 1 127
1048576 127 2047 0 0 127
1048576 127 2047 0 1 127
1048576 -128 2047 0 0 127
1048576 -128 2047 0 1 127
1048576 170 2047 0 0 127
1048576 170 2047 0 1 127
1048576 -170 2047 0 0 127
1048576 -170 2047 0 1 127
1048576 255 2047 0 0 127
1048576 255 2047 0 1 127
1048576 -256 2047 0 0 127
1048576 -256 2047 0 1 127
-1048576 0 2047 0 0 -127
-1048576 0 2047 0 1 0
-1048576 1 2047 0 0 -127
-1048576 1 2047 0 1 0
-1048576 -1 2047 0 0 -127
-1048576 -1 2047 0 1 0
-1048576 127 2047 0 0 -127
-1048576 127 2047 0 1 0
-1048576 -128 2047 0 0 -127
-1048576 -128 2047 0 1 0
-1048576 170 2047 0 0 -127
-1048576 170 2047 0 1 0
-1048576 -170 2047 0 0 -127
-1048576 -170 2047 0 1 0
-1048576 255 2047 0 0 -127
-1048576 255 2047 0 1 0
-1048576 -256 2047 0 0 -127
-1048576 -256 2047 0 1 0
8388607 0 2047 0 0 127
8388607 0 2047 0 1 127
8388607 1 2047 0 0 127
8388607 1 2047 0 1 127
8388607 -1 2047 0 0 127
8388607 -1 2047 0 1 127
8388607 127 2047 0 0 127
8388607 127 2047 0 1 127
8388607 -128 2047 0 0 127
8388607 -128 2047 0 1 127
8388607 170 2047 0 0 127
8388607 170 2047 0 1 127
8388607 -170 2047 0 0 127
8388607 -170 2047 0 1 127
8388607 255 2047 0 0 127
8388607 255 2047 0 1 127
8388607 -256 2047 0 0 127
8388607 -256 2047 0 1 127
-8388607 0 2047 0 0 -127
-8388607 0 2047 0 1 0
-8388607 1 2047 0 0 -127
-8388607 1 2047 0 1 0
-8388607 -1 2047 0 0 -127
-8388607 -1 2047 0 1 0
-8388607 127 2047 0 0 -127
-8388607 127 2047 0 1 0
-8388607 -128 2047 0 0 -127
-8388607 -128 2047 0 1 0
-8388607 170 2047 0 0 -127
-8388607 170 2047 0 1 0
-8388607 -170 2047 0 0 -127
-8388607 -170 2047 0 1 0
-8388607 255 2047 0 0 -127
-8388607 255 2047 0 1 0
-8388607 -256 2047 0 0 -127
-8388607 -256 2047 0 1 0
0 0 0 1 0 0
0 0 0 1 1 0
0 1 0 1 0 1
0 1 0 1 1 1
0 -1 0 1 0 -1
0 -1 0 1 1 0
0 127 0 1 0 127
0 127 0 1 1 127
0 -128 0 1 0 -127
0 -128 0 1 1 0
0 170 0 1 0 127
0 170 0 1 1 127
0 -170 0 1 0 -127
0 -170 0 1 1 0
0 255 0 1 0 127
0 255 0 1 1 127
0 -256 0 1 0 -127
0 -256 0 1 1 0
1 0 0 1 0 0
1 0 0 1 1 0
1 1 0 1 0 1
1 1 0 1 1 1
1 -1 0 1 0 -1
1 -1 0 1 1 0
1 127 0 1 0 127
1 127 0 1 1 127
1 -128 0 1 0 -127
1 -128 0 1 1 0
1 170 0 1 0 127
1 170 0 1 1 127
1 -170 0 1 0 -127
1 -170 0 1 1 0
1 255 0 1 0 127
1 255 0 1 1 127
1 -256 0 1 0 -127
1 -256 0 1 1 0
-1 0 0 1 0 0
-1 0 0 1 1 0
-1 1 0 1 0 1
-1 1 0 1 1 1
-1 -1 0 1 0 -1
-1 -1 0 1 1 0
-1 127 0 1 0 127
-1 127 0 1 1 127
-1 -128 0 1 0 -127
-1 -128 0 1 1 0
-1 170 0 1 0 127
-1 170 0 1 1 127
-1 -170 0 1 0 -127
-1 -170 0 1 1 0
-1 255 0 1 0 127
-1 255 0 1 1 127
-1 -256 0 1 0 -127
-1 -256 0 1 1 0
127 0 0 1 0 0
127 0 0 1 1 0
127 1 0 1 0 1
127 1 0 1 1 1
127 -1 0 1 0 -1
127 -1 0 1 1 0
127 127 0 1 0 127
127 127 0 1 1 127
127 -128 0 1 0 -127
127 -128 0 1 1 0
127 170 0 1 0 127
127 170 0 1 1 127
127 -170 0 1 0 -127
127 -170 0 1 1 0
127 255 0 1 0 127
127 255 0 1 1 127
127 -256 0 1 0 -127
127 -256 0 1 1 0
-127 0 0 1 0 0
-127 0 0 1 1 0
-127 1 0 1 0 1
-127 1 0 1 1 1
-127 -1 0 1 0 -1
-127 -1 0 1 1 0
-127 127 0 1 0 127
-127 127 0 1 1 127
-127 -128 0 1 0 -127
-127 -128 0 1 1 0
-127 170 0 1 0 127
-127 170 0 1 1 127
-127 -170 0 1 0 -127
-127 -170 0 1 1 0
-127 255 0 1 0 127
-127 255 0 1 1 127
-127 -256 0 1 0 -127
-127 -256 0 1 1 0
128 0 0 1 0 0
128 0 0 1 1 0
128 1 0 1 0 1
128 1 0 1 1 1
128 -1 0 1 0 -1
128 -1 0 1 1 0
128 127 0 1 0 127
128 127 0 1 1 127
128 -128 0 1 0 -127
128 -128 0 1 1 0
128 170 0 1 0 127
128 170 0 1 1 127
128 -170 0 1 0 -127
128 -170 0 1 1 0
128 255 0 1 0 127
128 255 0 1 1 127
128 -256 0 1 0 -127
128 -256 0 1 1 0
-128 0 0 1 0 0
-128 0 0 1 1 0
-128 1 0 1 0 1
-128 1 0 1 1 1
-128 -1 0 1 0 -1
-128 -1 0 1 1 0
-128 127 0 1 0 127
-128 127 0 1 1 127
-128 -128 0 1 0 -127
-128 -128 0 1 1 0
-128 170 0 1 0 127
-128 170 0 1 1 127
-128 -170 0 1 0 -127
-128 -170 0 1 1 0
-128 255 0 1 0 127
-128 255 0 1 1 127
-128 -256 0 1 0 -127
-128 -256 0 1 1 0
255 0 0 1 0 0
255 0 0 1 1 0
255 1 0 1 0 1
255 1 0 1 1 1
255 -1 0 1 0 -1
255 -1 0 1 1 0
255 127 0 1 0 127
255 127 0 1 1 127
255 -128 0 1 0 -127
255 -128 0 1 1 0
255 170 0 1 0 127
255 170 0 1 1 127
255 -170 0 1 0 -127
255 -170 0 1 1 0
255 255 0 1 0 127
255 255 0 1 1 127
255 -256 0 1 0 -127
255 -256 0 1 1 0
-255 0 0 1 0 0
-255 0 0 1 1 0
-255 1 0 1 0 1
-255 1 0 1 1 1
-255 -1 0 1 0 -1
-255 -1 0 1 1 0
-255 127 0 1 0 127
-255 127 0 1 1 127
-255 -128 0 1 0 -127
-255 -128 0 1 1 0
-255 170 0 1 0 127
-255 170 0 1 1 127
-255 -170 0 1 0 -127
-255 -170 0 1 1 0
-255 255 0 1 0 127
-255 255 0 1 1 127
-255 -256 0 1 0 -127
-255 -256 0 1 1 0
1048576 0 0 1 0 0
1048576 0 0 1 1 0
1048576 1 0 1 0 1
1048576 1 0 1 1 1
1048576 -1 0 1 0 -1
1048576 -1 0 1 1 0
1048576 127 0 1 0 127
1048576 127 0 1 1 127
1048576 -128 0 1 0 -127
1048576 -128 0 1 1 0
1048576 170 0 1 0 127
1048576 170 0 1 1 127
1048576 -170 0 1 0 -127
1048576 -170 0 1 1 0
1048576 255 0 1 0 127
1048576 255 0 1 1 127
1048576 -256 0 1 0 -127
1048576 -256 0 1 1 0
-1048576 0 0 1 0 0
-1048576 0 0 1 1 0
-1048576 1 0 1 0 1
-1048576 1 0 1 1 1
-1048576 -1 0 1 0 -1
-1048576 -1 0 1 1 0
-1048576 127 0 1 0 127
-1048576 127 0 1 1 127
-1048576 -128 0 1 0 -127
-1048576 -128 0 1 1 0
-1048576 170 0 1 0 127
-1048576 170 0 1 1 127
-1048576 -170 0 1 0 -127
-1048576 -170 0 1 1 0
-1048576 255 0 1 0 127
-1048576 255 0 1 1 127
-1048576 -256 0 1 0 -127
-1048576 -256 0 1 1 0
8388607 0 0 1 0 0
8388607 0 0 1 1 0
8388607 1 0 1 0 1
8388607 1 0 1 1 1
8388607 -1 0 1 0 -1
8388607 -1 0 1 1 0
8388607 127 0 1 0 127
8388607 127 0 1 1 127
8388607 -128 0 1 0 -127
8388607 -128 0 1 1 0
8388607 170 0 1 0 127
8388607 170 0 1 1 127
8388607 -170 0 1 0 -127
8388607 -170 0 1 1 0
8388607 255 0 1 0 127
8388607 255 0 1 1 127
8388607 -256 0 1 0 -127
8388607 -256 0 1 1 0
-8388607 0 0 1 0 0
-8388607 0 0 1 1 0
-8388607 1 0 1 0 1
-8388607 1 0 1 1 1
-8388607 -1 0 1 0 -1
-8388607 -1 0 1 1 0
-8388607 127 0 1 0 127
-8388607 127 0 1 1 127
-8388607 -128 0 1 0 -127
-8388607 -128 0 1 1 0
-8388607 170 0 1 0 127
-8388607 170 0 1 1 127
-8388607 -170 0 1 0 -127
-8388607 -170 0 1 1 0
-8388607 255 0 1 0 127
-8388607 255 0 1 1 127
-8388607 -256 0 1 0 -127
-8388607 -256 0 1 1 0
0 0 1 1 0 0
0 0 1 1 1 0
0 1 1 1 0 1
0 1 1 1 1 1
0 -1 1 1 0 -1
0 -1 1 1 1 0
0 127 1 1 0 127
0 127 1 1 1 127
0 -128 1 1 0 -127
0 -128 1 1 1 0
0 170 1 1 0 127
0 170 1 1 1 127
0 -170 1 1 0 -127
0 -170 1 1 1 0
0 255 1 1 0 127
0 255 1 1 1 127
0 -256 1 1 0 -127
0 -256 1 1 1 0
1 0 1 1 0 1
1 0 1 1 1 1
1 1 1 1 0 2
1 1 1 1 1 2
1 -1 1 1 0 0
1 -1 1 1 1 0
1 127 1 1 0 127
1 127 1 1 1 127
1 -128 1 1 0 -127
1 -128 1 1 1 0
1 170 1 1 0 127
1 170 1 1 1 127
1 -170 1 1 0 -127
1 -170 1 1 1 0
1 255 1 1 0 127
1 255 1 1 1 127
1 -256 1 1 0 -127
1 -256 1 1 1 0
-1 0 1 1 0 0
-1 0 1 1 1 0
-1 1 1 1 0 1
-1 1 1 1 1 1
-1 -1 1 1 0 -1
-1 -1 1 1 1 0
-1 127 1 1 0 127
-1 127 1 1 1 127
-1 -128 1 1 0 -127
-1 -128 1 1 1 0
-1 170 1 1 0 127
-1 170 1 1 1 127
-1 -170 1 1 0 -127
-1 -170 1 1 1 0
-1 255 1 1 0 127
-1 255 1 1 1 127
-1 -256 1 1 0 -127
-1 -256 1 1 1 0
127 0 1 1 0 64
127 0 1 1 1 64
127 1 1 1 0 65
127 1 1 1 1 65
127 -1 1 1 0 63
127 -1 1 1 1 63
127 127 1 1 0 127
127 127 1 1 1 127
127 -128 1 1 0 -64
127 -128 1 1 1 0
127 170 1 1 0 127
127 170 1 1 1 127
127 -170 1 1 0 -106
127 -170 1 1 1 0
127 255 1 1 0 127
127 255 1 1 1 127
127 -256 1 1 0 -127
127 -256 1 1 1 0
-127 0 1 1 0 -63
-127 0 1 1 1 0
-127 1 1 1 0 -62
-127 1 1 1 1 0
-127 -1 1 1 0 -64
-127 -1 1 1 1 0
-127 127 1 1 0 64
-127 127 1 1 1 64
-127 -128 1 1 0 -127
-127 -128 1 1 1 0
-127 170 1 1 0 107
-127 170 1 1 1 107
-127 -170 1 1 0 -127
-127 -170 1 1 1 0
-127 255 1 1 0 127
-127 255 1 1 1 127
-127 -256 1 1 0 -127
-127 -256 1 1 1 0
128 0 1 1 0 64
128 0 1 1 1 64
128 1 1 1 0 65
128 1 1 1 1 65
128 -1 1 1 0 63
128 -1 1 1 1 63
128 127 1 1 0 127
128 127 1 1 1 127
128 -128 1 1 0 -64
128 -128 1 1 1 0
128 170 1 1 0 127
128 170 1 1 1 127
128 -170 1 1 0 -106
128 -170 1 1 1 0
128 255 1 1 0 127
128 255 1 1 1 127
128 -256 1 1 0 -127
128 -256 1 1 1 0
-128 0 1 1 0 -64
-128 0 1 1 1 0
-128 1 1 1 0 -63
-128 1 1 1 1 0
-128 -1 1 1 0 -65
-128 -1 1 1 1 0
-128 127 1 1 0 63
-128 127 1 1 1 63
-128 -128 1 1 0 -127
-128 -128 1 1 1 0
-128 170 1 1 0 106
-128 170 1 1 1 106
-128 -170 1 1 0 -127
-128 -170 1 1 1 0
-128 255 1 1 0 127
-128 255 1 1 1 127
-128 -256 1 1 0 -127
-128 -256 1 1 1 0
255 0 1 1 0 127
255 0 1 1 1 127
255 1 1 1 0 127
255 1 1 1 1 127
255 -1 1 1 0 127
255 -1 1 1 1 127
255 127 1 1 0 127
255 127 1 1 1 127
255 -128 1 1 0 0
255 -128 1 1 1 0
255 170 1 1 0 127
255 170 1 1 1 127
255 -170 1 1 0 -42
255 -170 1 1 1 0
255 255 1 1 0 127
255 255 1 1 1 127
255 -256 1 1 0 -127
255 -256 1 1 1 0
-255 0 1 1 0 -127
-255 0 1 1 1 0
-255 1 1 1 0 -126
-255 1 1 1 1 0
-255 -1 1 1 0 -127
-255 -1 1 1 1 0
-255 127 1 1 0 0
-255 127 1 1 1 0
-255 -128 1 1 0 -127
-255 -128 1 1 1 0
-255 170 1 1 0 43
-255 170 1 1 1 43
-255 -170 1 1 0 -127
-255 -170 1 1 1 0
-255 255 1 1 0 127
-255 255 1 1 1 127
-255 -256 1 1 0 -127
-255 -256 1 1 1 0
1048576 0 1 1 0 127
1048576 0 1 1 1 127
1048576 1 1 1 0 127
1048576 1 1 1 1 127
1048576 -1 1 1 0 127
1048576 -1 1 1 1 127
1048576 127 1 1 0 127
1048576 127 1 1 1 127
1048576 -128 1 1 0 127
1048576 -128 1 1 1 127
1048576 170 1 1 0 127
1048576 170 1 1 1 127
1048576 -170 1 1 0 127
1048576 -170 1 1 1 127
1048576 255 1 1 0 127
1048576 255 1 1 1 127
1048576 -256 1 1 0 127
1048576 -256 1 1 1 127
-1048576 0 1 1 0 -127
-1048576 0 1 1 1 0
-1048576 1 1 1 0 -127
-1048576 1 1 1 1 0
-1048576 -1 1 1 0 -127
-1048576 -1 1 1 1 0
-1048576 127 1 1 0 -127
-1048576 127 1 1 1 0
-1048576 -128 1 1 0 -127
-1048576 -128 1 1 1 0
-1048576 170 1 1 0 -127
-1048576 170 1 1 1 0
-1048576 -170 1 1 0 -127
-1048576 -170 1 1 1 0
-1048576 255 1 1 0 -127
-1048576 255 1 1 1 0
-1048576 -256 1 1 0 -127
-1048576 -256 1 1 1 0
8388607 0 1 1 0 127
8388607 0 1 1 1 127
8388607 1 1 1 0 127
8388607 1 1 1 1 127
8388607 -1 1 1 0 127
8388607 -1 1 1 1 127
8388607 127 1 1 0 127
8388607 127 1 1 1 127
8388607 -128 1 1 0 127
8388607 -128 1 1 1 127
8388607 170 1 1 0 127
8388607 170 1 1 1 127
8388607 -170 1 1 0 127
8388607 -170 1 1 1 127
8388607 255 1 1 0 127
8388607 255 1 1 1 127
8388607 -256 1 1 0 127
8388607 -256 1 1 1 127
-8388607 0 1 1 0 -127
-8388607 0 1 1 1 0
-8388607 1 1 1 0 -127
-8388607 1 1 1 1 0
-8388607 -1 1 1 0 -127
-8388607 -1 1 1 1 0
-8388607 127 1 1 0 -127
-8388607 127 1 1 1 0
-8388607 -128 1 1 0 -127
-8388607 -128 1 1 1 0
-8388607 170 1 1 0 -127
-8388607 170 1 1 1 0
-8388607 -170 1 1 0 -127
-8388607 -170 1 1 1 0
-8388607 255 1 1 0 -127
-8388607 255 1 1 1 0
-8388607 -256 1 1 0 -127
-8388607 -256 1 1 1 0
0 0 2 1 0 0
0 0 2 1 1 0
0 1 2 1 0 1
0 1 2 1 1 1
0 -1 2 1 0 -1
0 -1 2 1 1 0
0 127 2 1 0 127
0 127 2 1 1 127
0 -128 2 1 0 -127
0 -128 2 1 1 0
0 170 2 1 0 127
0 170 2 1 1 127
0 -170 2 1 0 -127
0 -170 2 1 1 0
0 255 2 1 0 127
0 255 2 1 1 127
0 -256 2 1 0 -127
0 -256 2 1 1 0
1 0 2 1 0 1
1 0 2 1 1 1
1 1 2 1 0 2
1 1 2 1 1 2
1 -1 2 1 0 0
1 -1 2 1 1 0
1 127 2 1 0 127
1 127 2 1 1 127
1 -128 2 1 0 -127
1 -128 2 1 1 0
1 170 2 1 0 127
1 170 2 1 1 127
1 -170 2 1 0 -127
1 -170 2 1 1 0
1 255 2 1 0 127
1 255 2 1 1 127
1 -256 2 1 0 -127
1 -256 2 1 1 0
-1 0 2 1 0 -1
-1 0 2 1 1 0
-1 1 2 1 0 0
-1 1 2 1 1 0
-1 -1 2 1 0 -2
-1 -1 2 1 1 0
-1 127 2 1 0 126
-1 127 2 1 1 126
-1 -128 2 1 0 -127
-1 -128 2 1 1 0
-1 170 2 1 0 127
-1 170 2 1 1 127
-1 -170 2 1 0 -127
-1 -170 2 1 1 0
-1 255 2 1 0 127
-1 255 2 1 1 127
-1 -256 2 1 0 -127
-1 -256 2 1 1 0
127 0 2 1 0 127
127 0 2 1 1 127
127 1 2 1 0 127
127 1 2 1 1 127
127 -1 2 1 0 126
127 -1 2 1 1 126
127 127 2 1 0 127
127 127 2 1 1 127
127 -128 2 1 0 -1
127 -128 2 1 1 0
127 170 2 1 0 127
127 170 2 1 1 127
127 -170 2 1 0 -43
127 -170 2 1 1 0
127 255 2 1 0 127
127 255 2 1 1 127
127 -256 2 1 0 -127
127 -256 2 1 1 0
-127 0 2 1 0 -127
-127 0 2 1 1 0
-127 1 2 1 0 -126
-127 1 2 1 1 0
-127 -1 2 1 0 -127
-127 -1 2 1 1 0
-127 127 2 1 0 0
-127 127 2 1 1 0
-127 -128 2 1 0 -127
-127 -128 2 1 1 0
-127 170 2 1 0 43
-127 170 2 1 1 43
-127 -170 2 1 0 -127
-127 -170 2 1 1 0
-127 255 2 1 0 127
-127 255 2 1 1 127
-127 -256 2 1 0 -127
-127 -256 2 1 1 0
128 0 2 1 0 127
128 0 2 1 1 127
128 1 2 1 0 127
128 1 2 1 1 127
128 -1 2 1 0 127
128 -1 2 1 1 127
128 127 2 1 0 127
128 127 2 1 1 127
128 -128 2 1 0 0
128 -128 2 1 1 0
128 170 2 1 0 127
128 170 2 1 1 127
128 -170 2 1 0 -42
128 -170 2 1 1 0
128 255 2 1 0 127
128 255 2 1 1 127
128 -256 2 1 0 -127
128 -256 2 1 1 0
-128 0 2 1 0 -127
-128 0 2 1 1 0
-128 1 2 1 0 -127
-128 1 2 1 1 0
-128 -1 2 1 0 -127
-128 -1 2 1 1 0
-128 127 2 1 0 -1
-128 127 2 1 1 0
-128 -128 2 1 0 -127
-128 -128 2 1 1 0
-128 170 2 1 0 42
-128 170 2 1 1 42
-128 -170 2 1 0 -127
-128 -170 2 1 1 0
-128 255 2 1 0 127
-128 255 2 1 1 127
-128 -256 2 1 0 -127
-128 -256 2 1 1 0
255 0 2 1 0 127
255 0 2 1 1 127
255 1 2 1 0 127
255 1 2 1 1 127
255 -1 2 1 0 127
255 -1 2 1 1 127
255 127 2 1 0 127
255 127 2 1 1 127
255 -128 2 1 0 127
255 -128 2 1 1 127
255 170 2 1 0 127
255 170 2 1 1 127
255 -170 2 1 0 85
255 -170 2 1 1 85
255 255 2 1 0 127
255 255 2 1 1 127
255 -256 2 1 0 -1
255 -256 2 1 1 0
-255 0 2 1 0 -127
-255 0 2 1 1 0
-255 1 2 1 0 -127
-255 1 2 1 1 0
-255 -1 2 1 0 -127
-255 -1 2 1 1 0
-255 127 2 1 0 -127
-255 127 2 1 1 0
-255 -128 2 1 0 -127
-255 -128 2 1 1 0
-255 170 2 1 0 -85
-255 170 2 1 1 0
-255 -170 2 1 0 -127
-255 -170 2 1 1 0
-255 255 2 1 0 0
-255 255 2 1 1 0
-255 -256 2 1 0 -127
-255 -256 2 1 1 0
1048576 0 2 1 0 127
1048576 0 2 1 1 127
1048576 1 2 1 0 127
1048576 1 2 1 1 127
1048576 -1 2 1 0 127
1048576 -1 2 1 1 127
1048576 127 2 1 0 127
1048576 127 2 1 1 127
1048576 -128 2 1 0 127
1048576 -128 2 1 1 127
1048576 170 2 1 0 127
1048576 170 2 1 1 127
1048576 -170 2 1 0 127
1048576 -170 2 1 1 127
1048576 255 2 1 0 127
1048576 255 2 1 1 127
1048576 -256 2 1 0 127
1048576 -256 2 1 1 127
-1048576 0 2 1 0 -127
-1048576 0 2 1 1 0
-1048576 1 2 1 0 -127
-1048576 1 2 1 1 0
-1048576 -1 2 1 0 -127
-1048576 -1 2 1 1 0
-1048576 127 2 1 0 -127
-1048576 127 2 1 1 0
-1048576 -128 2 1 0 -127
-1048576 -128 2 1 1 0
-1048576 170 2 1 0 -127
-1048576 170 2 1 1 0
-1048576 -170 2 1 0 -127
-1048576 -170 2 1 1 0
-1048576 255 2 1 0 -127
-1048576 255 2 1 1 0
-1048576 -256 2 1 0 -127
-1048576 -256 2 1 1 0
8388607 0 2 1 0 127
8388607 0 2 1 1 127
8388607 1 2 1 0 127
8388607 1 2 1 1 127
8388607 -1 2 1 0 127
8388607 -1 2 1 1 127
8388607 127 2 1 0 127
8388607 127 2 1 1 127
8388607 -128 2 1 0 127
8388607 -128 2 1 1 127
8388607 170 2 1 0 127
8388607 170 2 1 1 127
8388607 -170 2 1 0 127
8388607 -170 2 1 1 127
8388607 255 2 1 0 127
8388607 255 2 1 1 127
8388607 -256 2 1 0 127
8388607 -256 2 1 1 127
-8388607 0 2 1 0 -127
-8388607 0 2 1 1 0
-8388607 1 2 1 0 -127
-8388607 1 2 1 1 0
-8388607 -1 2 1 0 -127
-8388607 -1 2 1 1 0
-8388607 127 2 1 0 -127
-8388607 127 2 1 1 0
-8388607 -128 2 1 0 -127
-8388607 -128 2 1 1 0
-8388607 170 2 1 0 -127
-8388607 170 2 1 1 0
-8388607 -170 2 1 0 -127
-8388607 -170 2 1 1 0
-8388607 255 2 1 0 -127
-8388607 255 2 1 1 0
-8388607 -256 2 1 0 -127
-8388607 -256 2 1 1 0
0 0 2047 1 0 0
0 0 2047 1 1 0
0 1 2047 1 0 1
0 1 2047 1 1 1
0 -1 2047 1 0 -1
0 -1 2047 1 1 0
0 127 2047 1 0 127
0 127 2047 1 1 127
0 -128 2047 1 0 -127
0 -128 2047 1 1 0
0 170 2047 1 0 127
0 170 2047 1 1 127
0 -170 2047 1 0 -127
0 -170 2047 1 1 0
0 255 2047 1 0 127
0 255 2047 1 1 127
0 -256 2047 1 0 -127
0 -256 2047 1 1 0
1 0 2047 1 0 127
1 0 2047 1 1 127
1 1 2047 1 0 127
1 1 2047 1 1 127
1 -1 2047 1 0 127
1 -1 2047 1 1 127
1 127 2047 1 0 127
1 127 2047 1 1 127
1 -128 2047 1 0 127
1 -128 2047 1 1 127
1 170 2047 1 0 127
1 170 2047 1 1 127
1 -170 2047 1 0 127
1 -170 2047 1 1 127
1 255 2047 1 0 127
1 255 2047 1 1 127
1 -256 2047 1 0 127
1 -256 2047 1 1 127
-1 0 2047 1 0 -127
-1 0 2047 1 1 0
-1 1 2047 1 0 -127
-1 1 2047 1 1 0
-1 -1 2047 1 0 -127
-1 -1 2047 1 1 0
-1 127 2047 1 0 -127
-1 127 2047 1 1 0
-1 -128 2047 1 0 -127
-1 -128 2047 1 1 0
-1 170 2047 1 0 -127
-1 170 2047 1 1 0
-1 -170 2047 1 0 -127
-1 -170 2047 1 1 0
-1 255 2047 1 0 -127
-1 255 2047 1 1 0
-1 -256 2047 1 0 -127
-1 -256 2047 1 1 0
127 0 2047 1 0 127
127 0 2047 1 1 127
127 1 2047 1 0 127
127 1 2047 1 1 127
127 -1 2047 1 0 127
127 -1 2047 1 1 127
127 127 2047 1 0 127
127 127 2047 1 1 127
127 -128 2047 1 0 127
127 -128 2047 1 1 127
127 170 2047 1 0 127
127 170 2047 1 1 127
127 -170 2047 1 0 127
127 -170 2047 1 1 127
127 255 2047 1 0 127
127 255 2047 1 1 127
127 -256 2047 1 0 127
127 -256 2047 1 1 127
-127 0 2047 1 0 -127
-127 0 2047 1 1 0
-127 1 2047 1 0 -127
-127 1 2047 1 1 0
-127 -1 2047 1 0 -127
-127 -1 2047 1 1 0
-127 127 2047 1 0 -127
-127 127 2047 1 1 0
-127 -128 2047 1 0 -127
-127 -128 2047 1 1 0
-127 170 2047 1 0 -127
-127 170 2047 1 1 0
-127 -170 2047 1 0 -127
-127 -170 2047 1 1 0
-127 255 2047 1 0 -127
-127 255 2047 1 1 0
-127 -256 2047 1 0 -127
-127 -256 2047 1 1 0
128 0 2047 1 0 127
128 0 2047 1 1 127
128 1 2047 1 0 127
128 1 2047 1 1 127
128 -1 2047 1 0 127
128 -1 2047 1 1 127
128 127 2047 1 0 127
128 127 2047 1 1 127
128 -128 2047 1 0 127
128 -128 2047 1 1 127
128 170 2047 1 0 127
128 170 2047 1 1 127
128 -170 2047 1 0 127
128 -170 2047 1 1 127
128 255 2047 1 0 127
128 255 2047 1 1 127
128 -256 2047 1 0 127
128 -256 2047 1 1 127
-128 0 2047 1 0 -127
-128 0 2047 1 1 0
-128 1 2047 1 0 -127
-128 1 2047 1 1 0
-128 -1 2047 1 0 -127
-128 -1 2047 1 1 0
-128 127 2047 1 0 -127
-128 127 2047 1 1 0
-128 -128 2047 1 0 -127
-128 -128 2047 1 1 0
-128 170 2047 1 0 -127
-128 170 2047 1 1 0
-128 -170 2047 1 0 -127
-128 -170 2047 1 1 0
-128 255 2047 1 0 -127
-128 255 2047 1 1 0
-128 -256 2047 1 0 -127
-128 -256 2047 1 1 0
255 0 2047 1 0 127
255 0 2047 1 1 127
255 1 2047 1 0 127
255 1 2047 1 1 127
255 -1 2047 1 0 127
255 -1 2047 1 1 127
255 127 2047 1 0 127
255 127 2047 1 1 127
255 -128 2047 1 0 127
255 -128 2047 1 1 127
255 170 2047 1 0 127
255 170 2047 1 1 127
255 -170 2047 1 0 127
255 -170 2047 1 1 127
255 255 2047 1 0 127
255 255 2047 1 1 127
255 -256 2047 1 0 127
255 -256 2047 1 1 127
-255 0 2047 1 0 -127
-255 0 2047 1 1 0
-255 1 2047 1 0 -127
-255 1 2047 1 1 0
-255 -1 2047 1 0 -127
-255 -1 2047 1 1 0
-255 127 2047 1 0 -127
-255 127 2047 1 1 0
-255 -128 2047 1 0 -127
-255 -128 2047 1 1 0
-255 170 2047 1 0 -127
-255 170 2047 1 1 0
-255 -170 2047 1 0 -127
-255 -170 2047 1 1 0
-255 255 2047 1 0 -127
-255 255 2047 1 1 0
-255 -256 2047 1 0 -127
-255 -256 2047 1 1 0
1048576 0 2047 1 0 127
1048576 0 2047 1 1 127
1048576 1 2047 1 0 127
1048576 1 2047 1 1 127
1048576 -1 2047 1 0 127
1048576 -1 2047 1 1 127
1048576 127 2047 1 0 127
1048576 127 2047 1 1 127
1048576 -128 2047 1 0 127
1048576 -128 2047 1 1 127
1048576 170 2047 1 0 127
1048576 170 2047 1 1 127
1048576 -170 2047 1 0 127
1048576 -170 2047 1 1 127
1048576 255 2047 1 0 127
1048576 255 2047 1 1 127
1048576 -256 2047 1 0 127
1048576 -256 2047 1 1 127
-1048576 0 2047 1 0 -127
-1048576 0 2047 1 1 0
-1048576 1 2047 1 0 -127
-1048576 1 2047 1 1 0
-1048576 -1 2047 1 0 -127
-1048576 -1 2047 1 1 0
-1048576 127 2047 1 0 -127
-1048576 127 2047 1 1 0
-1048576 -128 2047 1 0 -127
-1048576 -128 2047 1 1 0
-1048576 170 2047 1 0 -127
-1048576 170 2047 1 1 0
-1048576 -170 2047 1 0 -127
-1048576 -170 2047 1 1 0
-1048576 255 2047 1 0 -127
-1048576 255 2047 1 1 0
-1048576 -256 2047 1 0 -127
-1048576 -256 2047 1 1 0
8388607 0 2047 1 0 127
8388607 0 2047 1 1 127
8388607 1 2047 1 0 127
8388607 1 2047 1 1 127
8388607 -1 2047 1 0 127
8388607 -1 2047 1 1 127
8388607 127 2047 1 0 127
8388607 127 2047 1 1 127
8388607 -128 2047 1 0 127
8388607 -128 2047 1 1 127
8388607 170 2047 1 0 127
8388607 170 2047 1 1 127
8388607 -170 2047 1 0 127
8388607 -170 2047 1 1 127
8388607 255 2047 1 0 127
8388607 255 2047 1 1 127
8388607 -256 2047 1 0 127
8388607 -256 2047 1 1 127
-8388607 0 2047 1 0 -127
-8388607 0 2047 1 1 0
-8388607 1 2047 1 0 -127
-8388607 1 2047 1 1 0
-8388607 -1 2047 1 0 -127
-8388607 -1 2047 1 1 0
-8388607 127 2047 1 0 -127
-8388607 127 2047 1 1 0
-8388607 -128 2047 1 0 -127
-8388607 -128 2047 1 1 0
-8388607 170 2047 1 0 -127
-8388607 170 2047 1 1 0
-8388607 -170 2047 1 0 -127
-8388607 -170 2047 1 1 0
-8388607 255 2047 1 0 -127
-8388607 255 2047 1 1 0
-8388607 -256 2047 1 0 -127
-8388607 -256 2047 1 1 0
0 0 0 2 0 0
0 0 0 2 1 0
0 1 0 2 0 1
0 1 0 2 1 1
0 -1 0 2 0 -1
0 -1 0 2 1 0
0 127 0 2 0 127
0 127 0 2 1 127
0 -128 0 2 0 -127
0 -128 0 2 1 0
0 170 0 2 0 127
0 170 0 2 1 127
0 -170 0 2 0 -127
0 -170 0 2 1 0
0 255 0 2 0 127
0 255 0 2 1 127
0 -256 0 2 0 -127
0 -256 0 2 1 0
1 0 0 2 0 0
1 0 0 2 1 0
1 1 0 2 0 1
1 1 0 2 1 1
1 -1 0 2 0 -1
1 -1 0 2 1 0
1 127 0 2 0 127
1 127 0 2 1 127
1 -128 0 2 0 -127
1 -128 0 2 1 0
1 170 0 2 0 127
1 170 0 2 1 127
1 -170 0 2 0 -127
1 -170 0 2 1 0
1 255 0 2 0 127
1 255 0 2 1 127
1 -256 0 2 0 -127
1 -256 0 2 1 0
-1 0 0 2 0 0
-1 0 0 2 1 0
-1 1 0 2 0 1
-1 1 0 2 1 1
-1 -1 0 2 0 -1
-1 -1 0 2 1 0
-1 127 0 2 0 127
-1 127 0 2 1 127
-1 -128 0 2 0 -127
-1 -128 0 2 1 0
-1 170 0 2 0 127
-1 170 0 2 1 127
-1 -170 0 2 0 -127
-1 -170 0 2 1 0
-1 255 0 2 0 127
-1 255 0 2 1 127
-1 -256 0 2 0 -127
-1 -256 0 2 1 0
127 0 0 2 0 0
127 0 0 2 1 0
127 1 0 2 0 1
127 1 0 2 1 1
127 -1 0 2 0 -1
127 -1 0 2 1 0
127 127 0 2 0 127
127 127 0 2 1 127
127 -128 0 2 0 -127
127 -128 0 2 1 0
127 170 0 2 0 127
127 170 0 2 1 127
127 -170 0 2 0 -127
127 -170 0 2 1 0
127 255 0 2 0 127
127 255 0 2 1 127
127 -256 0 2 0 -127
127 -256 0 2 1 0
-127 0 0 2 0 0
-127 0 0 2 1 0
-127 1 0 2 0 1
-127 1 0 2 1 1
-127 -1 0 2 0 -1
-127 -1 0 2 1 0
-127 127 0 2 0 127
-127 127 0 2 1 127
-127 -128 0 2 0 -127
-127 -128 0 2 1 0
-127 170 0 2 0 127
-127 170 0 2 1 127
-127 -170 0 2 0 -127
-127 -170 0 2 1 0
-127 255 0 2 0 127
-127 255 0 2 1 127
-127 -256 0 2 0 -127
-127 -256 0 2 1 0
128 0 0 2 0 0
128 0 0 2 1 0
128 1 0 2 0 1
128 1 0 2 1 1
128 -1 0 2 0 -1
128 -1 0 2 1 0
128 127 0 2 0 127
128 127 0 2 1 127
128 -128 0 2 0 -127
128 -128 0 2 1 0
128 170 0 2 0 127
128 170 0 2 1 127
128 -170 0 2 0 -127
128 -170 0 2 1 0
128 255 0 2 0 127
128 255 0 2 1 127
128 -256 0 2 0 -127
128 -256 0 2 1 0
-128 0 0 2 0 0
-128 0 0 2 1 0
-128 1 0 2 0 1
-128 1 0 2 1 1
-128 -1 0 2 0 -1
-128 -1 0 2 1 0
-128 127 0 2 0 127
-128 127 0 2 1 127
-128 -128 0 2 0 -127
-128 -128 0 2 1 0
-128 170 0 2 0 127
-128 170 0 2 1 127
-128 -170 0 2 0 -127
-128 -170 0 2 1 0
-128 255 0 2 0 127
-128 255 0 2 1 127
-128 -256 0 2 0 -127
-128 -256 0 2 1 0
255 0 0 2 0 0
255 0 0 2 1 0
255 1 0 2 0 1
255 1 0 2 1 1
255 -1 0 2 0 -1
255 -1 0 2 1 0
255 127 0 2 0 127
255 127 0 2 1 127
255 -128 0 2 0 -127
255 -128 0 2 1 0
255 170 0 2 0 127
255 170 0 2 1 127
255 -170 0 2 0 -127
255 -170 0 2 1 0
255 255 0 2 0 127
255 255 0 2 1 127
255 -256 0 2 0 -127
255 -256 0 2 1 0
-255 0 0 2 0 0
-255 0 0 2 1 0
-255 1 0 2 0 1
-255 1 0 2 1 1
-255 -1 0 2 0 -1
-255 -1 0 2 1 0
-255 127 0 2 0 127
-255 127 0 2 1 127
-255 -128 0 2 0 -127
-255 -128 0 2 1 0
-255 170 0 2 0 127
-255 170 0 2 1 127
-255 -170 0 2 0 -127
-255 -170 0 2 1 0
-255 255 0 2 0 127
-255 255 0 2 1 127
-255 -256 0 2 0 -127
-255 -256 0 2 1 0
1048576 0 0 2 0 0
1048576 0 0 2 1 0
1048576 1 0 2 0 1
1048576 1 0 2 1 1
1048576 -1 0 2 0 -1
1048576 -1 0 2 1 0
1048576 127 0 2 0 127
1048576 127 0 2 1 127
1048576 -128 0 2 0 -127
1048576 -128 0 2 1 0
1048576 170 0 2 0 127
1048576 170 0 2 1 127
1048576 -170 0 2 0 -127
1048576 -170 0 2 1 0
1048576 255 0 2 0 127
1048576 255 0 2 1 127
1048576 -256 0 2 0 -127
1048576 -256 0 2 1 0
-1048576 0 0 2 0 0
-1048576 0 0 2 1 0
-1048576 1 0 2 0 1
-1048576 1 0 2 1 1
-1048576 -1 0 2 0 -1
-1048576 -1 0 2 1 0
-1048576 127 0 2 0 127
-1048576 127 0 2 1 127
-1048576 -128 0 2 0 -127
-1048576 -128 0 2 1 0
-1048576 170 0 2 0 127
-1048576 170 0 2 1 127
-1048576 -170 0 2 0 -127
-1048576 -170 0 2 1 0
-1048576 255 0 2 0 127
-1048576 255 0 2 1 127
-1048576 -256 0 2 0 -127
-1048576 -256 0 2 1 0
8388607 0 0 2 0 0
8388607 0 0 2 1 0
8388607 1 0 2 0 1
8388607 1 0 2 1 1
8388607 -1 0 2 0 -1
8388607 -1 0 2 1 0
8388607 127 0 2 0 127
8388607 127 0 2 1 127
8388607 -128 0 2 0 -127
8388607 -128 0 2 1 0
8388607 170 0 2 0 127
8388607 170 0 2 1 127
8388607 -170 0 2 0 -127
8388607 -170 0 2 1 0
8388607 255 0 2 0 127
8388607 255 0 2 1 127
8388607 -256 0 2 0 -127
8388607 -256 0 2 1 0
-8388607 0 0 2 0 0
-8388607 0 0 2 1 0
-8388607 1 0 2 0 1
-8388607 1 0 2 1 1
-8388607 -1 0 2 0 -1
-8388607 -1 0 2 1 0
-8388607 127 0 2 0 127
-8388607 127 0 2 1 127
-8388607 -128 0 2 0 -127
-8388607 -128 0 2 1 0
-8388607 170 0 2 0 127
-8388607 170 0 2 1 127
-8388607 -170 0 2 0 -127
-8388607 -170 0 2 1 0
-8388607 255 0 2 0 127
-8388607 255 0 2 1 127
-8388607 -256 0 2 0 -127
-8388607 -256 0 2 1 0
0 0 1 2 0 0
0 0 1 2 1 0
0 1 1 2 0 1
0 1 1 2 1 1
0 -1 1 2 0 -1
0 -1 1 2 1 0
0 127 1 2 0 127
0 127 1 2 1 127
0 -128 1 2 0 -127
0 -128 1 2 1 0
0 170 1 2 0 127
0 170 1 2 1 127
0 -170 1 2 0 -127
0 -170 1 2 1 0
0 255 1 2 0 127
0 255 1 2 1 127
0 -256 1 2 0 -127
0 -256 1 2 1 0
1 0 1 2 0 0
1 0 1 2 1 0
1 1 1 2 0 1
1 1 1 2 1 1
1 -1 1 2 0 -1
1 -1 1 2 1 0
1 127 1 2 0 127
1 127 1 2 1 127
1 -128 1 2 0 -127
1 -128 1 2 1 0
1 170 1 2 0 127
1 170 1 2 1 127
1 -170 1 2 0 -127
1 -170 1 2 1 0
1 255 1 2 0 127
1 255 1 2 1 127
1 -256 1 2 0 -127
1 -256 1 2 1 0
-1 0 1 2 0 0
-1 0 1 2 1 0
-1 1 1 2 0 1
-1 1 1 2 1 1
-1 -1 1 2 0 -1
-1 -1 1 2 1 0
-1 127 1 2 0 127
-1 127 1 2 1 127
-1 -128 1 2 0 -127
-1 -128 1 2 1 0
-1 170 1 2 0 127
-1 170 1 2 1 127
-1 -170 1 2 0 -127
-1 -170 1 2 1 0
-1 255 1 2 0 127
-1 255 1 2 1 127
-1 -256 1 2 0 -127
-1 -256 1 2 1 0
127 0 1 2 0 32
127 0 1 2 1 32
127 1 1 2 0 33
127 1 1 2 1 33
127 -1 1 2 0 31
127 -1 1 2 1 31
127 127 1 2 0 127
127 127 1 2 1 127
127 -128 1 2 0 -96
127 -128 1 2 1 0
127 170 1 2 0 127
127 170 1 2 1 127
127 -170 1 2 0 -127
127 -170 1 2 1 0
127 255 1 2 0 127
127 255 1 2 1 127
127 -256 1 2 0 -127
127 -256 1 2 1 0
-127 0 1 2 0 -32
-127 0 1 2 1 0
-127 1 1 2 0 -31
-127 1 1 2 1 0
-127 -1 1 2 0 -33
-127 -1 1 2 1 0
-127 127 1 2 0 95
-127 127 1 2 1 95
-127 -128 1 2 0 -127
-127 -128 1 2 1 0
-127 170 1 2 0 127
-127 170 1 2 1 127
-127 -170 1 2 0 -127
-127 -170 1 2 1 0
-127 255 1 2 0 127
-127 255 1 2 1 127
-127 -256 1 2 0 -127
-127 -256 1 2 1 0
128 0 1 2 0 32
128 0 1 2 1 32
128 1 1 2 0 33
128 1 1 2 1 33
128 -1 1 2 0 31
128 -1 1 2 1 31
128 127 1 2 0 127
128 127 1 2 1 127
128 -128 1 2 0 -96
128 -128 1 2 1 0
128 170 1 2 0 127
128 170 1 2 1 127
128 -170 1 2 0 -127
128 -170 1 2 1 0
128 255 1 2 0 127
128 255 1 2 1 127
128 -256 1 2 0 -127
128 -256 1 2 1 0
-128 0 1 2 0 -32
-128 0 1 2 1 0
-128 1 1 2 0 -31
-128 1 1 2 1 0
-128 -1 1 2 0 -33
-128 -1 1 2 1 0
-128 127 1 2 0 95
-128 127 1 2 1 95
-128 -128 1 2 0 -127
-128 -128 1 2 1 0
-128 170 1 2 0 127
-128 170 1 2 1 127
-128 -170 1 2 0 -127
-128 -170 1 2 1 0
-128 255 1 2 0 127
-128 255 1 2 1 127
-128 -256 1 2 0 -127
-128 -256 1 2 1 0
255 0 1 2 0 64
255 0 1 2 1 64
255 1 1 2 0 65
255 1 1 2 1 65
255 -1 1 2 0 63
255 -1 1 2 1 63
255 127 1 2 0 127
255 127 1 2 1 127
255 -128 1 2 0 -64
255 -128 1 2 1 0
255 170 1 2 0 127
255 170 1 2 1 127
255 -170 1 2 0 -106
255 -170 1 2 1 0
255 255 1 2 0 127
255 255 1 2 1 127
255 -256 1 2 0 -127
255 -256 1 2 1 0
-255 0 1 2 0 -64
-255 0 1 2 1 0
-255 1 1 2 0 -63
-255 1 1 2 1 0
-255 -1 1 2 0 -65
-255 -1 1 2 1 0
-255 127 1 2 0 63
-255 127 1 2 1 63
-255 -128 1 2 0 -127
-255 -128 1 2 1 0
-255 170 1 2 0 106
-255 170 1 2 1 106
-255 -170 1 2 0 -127
-255 -170 1 2 1 0
-255 255 1 2 0 127
-255 255 1 2 1 127
-255 -256 1 2 0 -127
-255 -256 1 2 1 0
1048576 0 1 2 0 127
1048576 0 1 2 1 127
1048576 1 1 2 0 127
1048576 1 1 2 1 127
1048576 -1 1 2 0 127
1048576 -1 1 2 1 127
1048576 127 1 2 0 127
1048576 127 1 2 1 127
1048576 -128 1 2 0 127
1048576 -128 1 2 1 127
1048576 170 1 2 0 127
1048576 170 1 2 1 127
1048576 -170 1 2 0 127
1048576 -170 1 2 1 127
1048576 255 1 2 0 127
1048576 255 1 2 1 127
1048576 -256 1 2 0 127
1048576 -256 1 2 1 127
-1048576 0 1 2 0 -127
-1048576 0 1 2 1 0
-1048576 1 1 2 0 -127
-1048576 1 1 2 1 0
-1048576 -1 1 2 0 -127
-1048576 -1 1 2 1 0
-1048576 127 1 2 0 -127
-1048576 127 1 2 1 0
-1048576 -128 1 2 0 -127
-1048576 -128 1 2 1 0
-1048576 170 1 2 0 -127
-1048576 170 1 2 1 0
-1048576 -170 1 2 0 -127
-1048576 -170 1 2 1 0
-1048576 255 1 2 0 -127
-1048576 255 1 2 1 0
-1048576 -256 1 2 0 -127
-1048576 -256 1 2 1 0
8388607 0 1 2 0 127
8388607 0 1 2 1 127
8388607 1 1 2 0 127
8388607 1 1 2 1 127
8388607 -1 1 2 0 127
8388607 -1 1 2 1 127
8388607 127 1 2 0 127
8388607 127 1 2 1 127
8388607 -128 1 2 0 127
8388607 -128 1 2 1 127
8388607 170 1 2 0 127
8388607 170 1 2 1 127
8388607 -170 1 2 0 127
8388607 -170 1 2 1 127
8388607 255 1 2 0 127
8388607 255 1 2 1 127
8388607 -256 1 2 0 127
8388607 -256 1 2 1 127
-8388607 0 1 2 0 -127
-8388607 0 1 2 1 0
-8388607 1 1 2 0 -127
-8388607 1 1 2 1 0
-8388607 -1 1 2 0 -127
-8388607 -1 1 2 1 0
-8388607 127 1 2 0 -127
-8388607 127 1 2 1 0
-8388607 -128 1 2 0 -127
-8388607 -128 1 2 1 0
-8388607 170 1 2 0 -127
-8388607 170 1 2 1 0
-8388607 -170 1 2 0 -127
-8388607 -170 1 2 1 0
-8388607 255 1 2 0 -127
-8388607 255 1 2 1 0
-8388607 -256 1 2 0 -127
-8388607 -256 1 2 1 0
0 0 2 2 0 0
0 0 2 2 1 0
0 1 2 2 0 1
0 1 2 2 1 1
0 -1 2 2 0 -1
0 -1 2 2 1 0
0 127 2 2 0 127
0 127 2 2 1 127
0 -128 2 2 0 -127
0 -128 2 2 1 0
0 170 2 2 0 127
0 170 2 2 1 127
0 -170 2 2 0 -127
0 -170 2 2 1 0
0 255 2 2 0 127
0 255 2 2 1 127
0 -256 2 2 0 -127
0 -256 2 2 1 0
1 0 2 2 0 1
1 0 2 2 1 1
1 1 2 2 0 2
1 1 2 2 1 2
1 -1 2 2 0 0
1 -1 2 2 1 0
1 127 2 2 0 127
1 127 2 2 1 127
1 -128 2 2 0 -127
1 -128 2 2 1 0
1 170 2 2 0 127
1 170 2 2 1 127
1 -170 2 2 0 -127
1 -170 2 2 1 0
1 255 2 2 0 127
1 255 2 2 1 127
1 -256 2 2 0 -127
1 -256 2 2 1 0
-1 0 2 2 0 0
-1 0 2 2 1 0
-1 1 2 2 0 1
-1 1 2 2 1 1
-1 -1 2 2 0 -1
-1 -1 2 2 1 0
-1 127 2 2 0 127
-1 127 2 2 1 127
-1 -128 2 2 0 -127
-1 -128 2 2 1 0
-1 170 2 2 0 127
-1 170 2 2 1 127
-1 -170 2 2 0 -127
-1 -170 2 2 1 0
-1 255 2 2 0 127
-1 255 2 2 1 127
-1 -256 2 2 0 -127
-1 -256 2 2 1 0
127 0 2 2 0 64
127 0 2 2 1 64
127 1 2 2 0 65
127 1 2 2 1 65
127 -1 2 2 0 63
127 -1 2 2 1 63
127 127 2 2 0 127
127 127 2 2 1 127
127 -128 2 2 0 -64
127 -128 2 2 1 0
127 170 2 2 0 127
127 170 2 2 1 127
127 -170 2 2 0 -106
127 -170 2 2 1 0
127 255 2 2 0 127
127 255 2 2 1 127
127 -256 2 2 0 -127
127 -256 2 2 1 0
-127 0 2 2 0 -63
-127 0 2 2 1 0
-127 1 2 2 0 -62
-127 1 2 2 1 0
-127 -1 2 2 0 -64
-127 -1 2 2 1 0
-127 127 2 2 0 64
-127 127 2 2 1 64
-127 -128 2 2 0 -127
-127 -128 2 2 1 0
-127 170 2 2 0 107
-127 170 2 2 1 107
-127 -170 2 2 0 -127
-127 -170 2 2 1 0
-127 255 2 2 0 127
-127 255 2 2 1 127
-127 -256 2 2 0 -127
-127 -256 2 2 1 0
128 0 2 2 0 64
128 0 2 2 1 64
128 1 2 2 0 65
128 1 2 2 1 65
128 -1 2 2 0 63
128 -1 2 2 1 63
128 127 2 2 0 127
128 127 2 2 1 127
128 -128 2 2 0 -64
128 -128 2 2 1 0
128 170 2 2 0 127
128 170 2 2 1 127
128 -170 2 2 0 -106
128 -170 2 2 1 0
128 255 2 2 0 127
128 255 2 2 1 127
128 -256 2 2 0 -127
128 -256 2 2 1 0
-128 0 2 2 0 -64
-128 0 2 2 1 0
-128 1 2 2 0 -63
-128 1 2 2 1 0
-128 -1 2 2 0 -65
-128 -1 2 2 1 0
-128 127 2 2 0 63
-128 127 2 2 1 63
-128 -128 2 2 0 -127
-128 -128 2 2 1 0
-128 170 2 2 0 106
-128 170 2 2 1 106
-128 -170 2 2 0 -127
-128 -170 2 2 1 0
-128 255 2 2 0 127
-128 255 2 2 1 127
-128 -256 2 2 0 -127
-128 -256 2 2 1 0
255 0 2 2 0 127
255 0 2 2 1 127
255 1 2 2 0 127
255 1 2 2 1 127
255 -1 2 2 0 127
255 -1 2 2 1 127
255 127 2 2 0 127
255 127 2 2 1 127
255 -128 2 2 0 0
255 -128 2 2 1 0
255 170 2 2 0 127
255 170 2 2 1 127
255 -170 2 2 0 -42
255 -170 2 2 1 0
255 255 2 2 0 127
255 255 2 2 1 127
255 -256 2 2 0 -127
255 -256 2 2 1 0
-255 0 2 2 0 -127
-255 0 2 2 1 0
-255 1 2 2 0 -126
-255 1 2 2 1 0
-255 -1 2 2 0 -127
-255 -1 2 2 1 0
-255 127 2 2 0 0
-255 127 2 2 1 0
-255 -128 2 2 0 -127
-255 -128 2 2 1 0
-255 170 2 2 0 43
-255 170 2 2 1 43
-255 -170 2 2 0 -127
-255 -170 2 2 1 0
-255 255 2 2 0 127
-255 255 2 2 1 127
-255 -256 2 2 0 -127
-255 -256 2 2 1 0
1048576 0 2 2 0 127
1048576 0 2 2 1 127
1048576 1 2 2 0 127
1048576 1 2 2 1 127
1048576 -1 2 2 0 127
1048576 -1 2 2 1 127
1048576 127 2 2 0 127
1048576 127 2 2 1 127
1048576 -128 2 2 0 127
1048576 -128 2 2 1 127
1048576 170 2 2 0 127
1048576 170 2 2 1 127
1048576 -170 2 2 0 127
1048576 -170 2 2 1 127
1048576 255 2 2 0 127
1048576 255 2 2 1 127
1048576 -256 2 2 0 127
1048576 -256 2 2 1 127
-1048576 0 2 2 0 -127
-1048576 0 2 2 1 0
-1048576 1 2 2 0 -127
-1048576 1 2 2 1 0
-1048576 -1 2 2 0 -127
-1048576 -1 2 2 1 0
-1048576 127 2 2 0 -127
-1048576 127 2 2 1 0
-1048576 -128 2 2 0 -127
-1048576 -128 2 2 1 0
-1048576 170 2 2 0 -127
-1048576 170 2 2 1 0
-1048576 -170 2 2 0 -127
-1048576 -170 2 2 1 0
-1048576 255 2 2 0 -127
-1048576 255 2 2 1 0
-1048576 -256 2 2 0 -127
-1048576 -256 2 2 1 0
8388607 0 2 2 0 127
8388607 0 2 2 1 127
8388607 1 2 2 0 127
8388607 1 2 2 1 127
8388607 -1 2 2 0 127
8388607 -1 2 2 1 127
8388607 127 2 2 0 127
8388607 127 2 2 1 127
8388607 -128 2 2 0 127
8388607 -128 2 2 1 127
8388607 170 2 2 0 127
8388607 170 2 2 1 127
8388607 -170 2 2 0 127
8388607 -170 2 2 1 127
8388607 255 2 2 0 127
8388607 255 2 2 1 127
8388607 -256 2 2 0 127
8388607 -256 2 2 1 127
-8388607 0 2 2 0 -127
-8388607 0 2 2 1 0
-8388607 1 2 2 0 -127
-8388607 1 2 2 1 0
-8388607 -1 2 2 0 -127
-8388607 -1 2 2 1 0
-8388607 127 2 2 0 -127
-8388607 127 2 2 1 0
-8388607 -128 2 2 0 -127
-8388607 -128 2 2 1 0
-8388607 170 2 2 0 -127
-8388607 170 2 2 1 0
-8388607 -170 2 2 0 -127
-8388607 -170 2 2 1 0
-8388607 255 2 2 0 -127
-8388607 255 2 2 1 0
-8388607 -256 2 2 0 -127
-8388607 -256 2 2 1 0
0 0 2047 2 0 0
0 0 2047 2 1 0
0 1 2047 2 0 1
0 1 2047 2 1 1
0 -1 2047 2 0 -1
0 -1 2047 2 1 0
0 127 2047 2 0 127
0 127 2047 2 1 127
0 -128 2047 2 0 -127
0 -128 2047 2 1 0
0 170 2047 2 0 127
0 170 2047 2 1 127
0 -170 2047 2 0 -127
0 -170 2047 2 1 0
0 255 2047 2 0 127
0 255 2047 2 1 127
0 -256 2047 2 0 -127
0 -256 2047 2 1 0
1 0 2047 2 0 127
1 0 2047 2 1 127
1 1 2047 2 0 127
1 1 2047 2 1 127
1 -1 2047 2 0 127
1 -1 2047 2 1 127
1 127 2047 2 0 127
1 127 2047 2 1 127
1 -128 2047 2 0 127
1 -128 2047 2 1 127
1 170 2047 2 0 127
1 170 2047 2 1 127
1 -170 2047 2 0 127
1 -170 2047 2 1 127
1 255 2047 2 0 127
1 255 2047 2 1 127
1 -256 2047 2 0 127
1 -256 2047 2 1 127
-1 0 2047 2 0 -127
-1 0 2047 2 1 0
-1 1 2047 2 0 -127
-1 1 2047 2 1 0
-1 -1 2047 2 0 -127
-1 -1 2047 2 1 0
-1 127 2047 2 0 -127
-1 127 2047 2 1 0
-1 -128 2047 2 0 -127
-1 -128 2047 2 1 0
-1 170 2047 2 0 -127
-1 170 2047 2 1 0
-1 -170 2047 2 0 -127
-1 -170 2047 2 1 0
-1 255 2047 2 0 -127
-1 255 2047 2 1 0
-1 -256 2047 2 0 -127
-1 -256 2047 2 1 0
127 0 2047 2 0 127
127 0 2047 2 1 127
127 1 2047 2 0 127
127 1 2047 2 1 127
127 -1 2047 2 0 127
127 -1 2047 2 1 127
127 127 2047 2 0 127
127 127 2047 2 1 127
127 -128 2047 2 0 127
127 -128 2047 2 1 127
127 170 2047 2 0 127
127 170 2047 2 1 127
127 -170 2047 2 0 127
127 -170 2047 2 1 127
127 255 2047 2 0 127
127 255 2047 2 1 127
127 -256 2047 2 0 127
127 -256 2047 2 1 127
-127 0 2047 2 0 -127
-127 0 2047 2 1 0
-127 1 2047 2 0 -127
-127 1 2047 2 1 0
-127 -1 2047 2 0 -127
-127 -1 2047 2 1 0
-127 127 2047 2 0 -127
-127 127 2047 2 1 0
-127 -128 2047 2 0 -127
-127 -128 2047 2 1 0
-127 170 2047 2 0 -127
-127 170 2047 2 1 0
-127 -170 2047 2 0 -127
-127 -170 2047 2 1 0
-127 255 2047 2 0 -127
-127 255 2047 2 1 0
-127 -256 2047 2 0 -127
-127 -256 2047 2 1 0
128 0 2047 2 0 127
128 0 2047 2 1 127
128 1 2047 2 0 127
128 1 2047 2 1 127
128 -1 2047 2 0 127
128 -1 2047 2 1 127
128 127 2047 2 0 127
128 127 2047 2 1 127
128 -128 2047 2 0 127
128 -128 2047 2 1 127
128 170 2047 2 0 127
128 170 2047 2 1 127
128 -170 2047 2 0 127
128 -170 2047 2 1 127
128 255 2047 2 0 127
128 255 2047 2 1 127
128 -256 2047 2 0 127
128 -256 2047 2 1 127
-128 0 2047 2 0 -127
-128 0 2047 2 1 0
-128 1 2047 2 0 -127
-128 1 2047 2 1 0
-128 -1 2047 2 0 -127
-128 -1 2047 2 1 0
-128 127 2047 2 0 -127
-128 127 2047 2 1 0
-128 -128 2047 2 0 -127
-128 -128 2047 2 1 0
-128 170 2047 2 0 -127
-128 170 2047 2 1 0
-128 -170 2047 2 0 -127
-128 -170 2047 2 1 0
-128 255 2047 2 0 -127
-128 255 2047 2 1 0
-128 -256 2047 2 0 -127
-128 -256 2047 2 1 0
255 0 2047 2 0 127
255 0 2047 2 1 127
255 1 2047 2 0 127
255 1 2047 2 1 127
255 -1 2047 2 0 127
255 -1 2047 2 1 127
255 127 2047 2 0 127
255 127 2047 2 1 127
255 -128 2047 2 0 127
255 -128 2047 2 1 127
255 170 2047 2 0 127
255 170 2047 2 1 127
255 -170 2047 2 0 127
255 -170 2047 2 1 127
255 255 2047 2 0 127
255 255 2047 2 1 127
255 -256 2047 2 0 127
255 -256 2047 2 1 127
-255 0 2047 2 0 -127
-255 0 2047 2 1 0
-255 1 2047 2 0 -127
-255 1 2047 2 1 0
-255 -1 2047 2 0 -127
-255 -1 2047 2 1 0
-255 127 2047 2 0 -127
-255 127 2047 2 1 0
-255 -128 2047 2 0 -127
-255 -128 2047 2 1 0
-255 170 2047 2 0 -127
-255 170 2047 2 1 0
-255 -170 2047 2 0 -127
-255 -170 2047 2 1 0
-255 255 2047 2 0 -127
-255 255 2047 2 1 0
-255 -256 2047 2 0 -127
-255 -256 2047 2 1 0
1048576 0 2047 2 0 127
1048576 0 2047 2 1 127
1048576 1 2047 2 0 127
1048576 1 2047 2 1 127
1048576 -1 2047 2 0 127
1048576 -1 2047 2 1 127
1048576 127 2047 2 0 127
1048576 127 2047 2 1 127
1048576 -128 2047 2 0 127
1048576 -128 2047 2 1 127
1048576 170 2047 2 0 127
1048576 170 2047 2 1 127
1048576 -170 2047 2 0 127
1048576 -170 2047 2 1 127
1048576 255 2047 2 0 127
1048576 255 2047 2 1 127
1048576 -256 2047 2 0 127
1048576 -256 2047 2 1 127
-1048576 0 2047 2 0 -127
-1048576 0 2047 2 1 0
-1048576 1 2047 2 0 -127
-1048576 1 2047 2 1 0
-1048576 -1 2047 2 0 -127
-1048576 -1 2047 2 1 0
-1048576 127 2047 2 0 -127
-1048576 127 2047 2 1 0
-1048576 -128 2047 2 0 -127
-1048576 -128 2047 2 1 0
-1048576 170 2047 2 0 -127
-1048576 170 2047 2 1 0
-1048576 -170 2047 2 0 -127
-1048576 -170 2047 2 1 0
-1048576 255 2047 2 0 -127
-1048576 255 2047 2 1 0
-1048576 -256 2047 2 0 -127
-1048576 -256 2047 2 1 0
8388607 0 2047 2 0 127
8388607 0 2047 2 1 127
8388607 1 2047 2 0 127
8388607 1 2047 2 1 127
8388607 -1 2047 2 0 127
8388607 -1 2047 2 1 127
8388607 127 2047 2 0 127
8388607 127 2047 2 1 127
8388607 -128 2047 2 0 127
8388607 -128 2047 2 1 127
8388607 170 2047 2 0 127
8388607 170 2047 2 1 127
8388607 -170 2047 2 0 127
8388607 -170 2047 2 1 127
8388607 255 2047 2 0 127
8388607 255 2047 2 1 127
8388607 -256 2047 2 0 127
8388607 -256 2047 2 1 127
-8388607 0 2047 2 0 -127
-8388607 0 2047 2 1 0
-8388607 1 2047 2 0 -127
-8388607 1 2047 2 1 0
-8388607 -1 2047 2 0 -127
-8388607 -1 2047 2 1 0
-8388607 127 2047 2 0 -127
-8388607 127 2047 2 1 0
-8388607 -128 2047 2 0 -127
-8388607 -128 2047 2 1 0
-8388607 170 2047 2 0 -127
-8388607 170 2047 2 1 0
-8388607 -170 2047 2 0 -127
-8388607 -170 2047 2 1 0
-8388607 255 2047 2 0 -127
-8388607 255 2047 2 1 0
-8388607 -256 2047 2 0 -127
-8388607 -256 2047 2 1 0
0 0 0 31 0 0
0 0 0 31 1 0
0 1 0 31 0 1
0 1 0 31 1 1
0 -1 0 31 0 -1
0 -1 0 31 1 0
0 127 0 31 0 127
0 127 0 31 1 127
0 -128 0 31 0 -127
0 -128 0 31 1 0
0 170 0 31 0 127
0 170 0 31 1 127
0 -170 0 31 0 -127
0 -170 0 31 1 0
0 255 0 31 0 127
0 255 0 31 1 127
0 -256 0 31 0 -127
0 -256 0 31 1 0
1 0 0 31 0 0
1 0 0 31 1 0
1 1 0 31 0 1
1 1 0 31 1 1
1 -1 0 31 0 -1
1 -1 0 31 1 0
1 127 0 31 0 127
1 127 0 31 1 127
1 -128 0 31 0 -127
1 -128 0 31 1 0
1 170 0 31 0 127
1 170 0 31 1 127
1 -170 0 31 0 -127
1 -170 0 31 1 0
1 255 0 31 0 127
1 255 0 31 1 127
1 -256 0 31 0 -127
1 -256 0 31 1 0
-1 0 0 31 0 0
-1 0 0 31 1 0
-1 1 0 31 0 1
-1 1 0 31 1 1
-1 -1 0 31 0 -1
-1 -1 0 31 1 0
-1 127 0 31 0 127
-1 127 0 31 1 127
-1 -128 0 31 0 -127
-1 -128 0 31 1 0
-1 170 0 31 0 127
-1 170 0 31 1 127
-1 -170 0 31 0 -127
-1 -170 0 31 1 0
-1 255 0 31 0 127
-1 255 0 31 1 127
-1 -256 0 31 0 -127
-1 -256 0 31 1 0
127 0 0 31 0 0
127 0 0 31 1 0
127 1 0 31 0 1
127 1 0 31 1 1
127 -1 0 31 0 -1
127 -1 0 31 1 0
127 127 0 31 0 127
127 127 0 31 1 127
127 -128 0 31 0 -127
127 -128 0 31 1 0
127 170 0 31 0 127
127 170 0 31 1 127
127 -170 0 31 0 -127
127 -170 0 31 1 0
127 255 0 31 0 127
127 255 0 31 1 127
127 -256 0 31 0 -127
127 -256 0 31 1 0
-127 0 0 31 0 0
-127 0 0 31 1 0
-127 1 0 31 0 1
-127 1 0 31 1 1
-127 -1 0 31 0 -1
-127 -1 0 31 1 0
-127 127 0 31 0 127
-127 127 0 31 1 127
-127 -128 0 31 0 -127
-127 -128 0 31 1 0
-127 170 0 31 0 127
-127 170 0 31 1 127
-127 -170 0 31 0 -127
-127 -170 0 31 1 0
-127 255 0 31 0 127
-127 255 0 31 1 127
-127 -256 0 31 0 -127
-127 -256 0 31 1 0
128 0 0 31 0 0
128 0 0 31 1 0
128 1 0 31 0 1
128 1 0 31 1 1
128 -1 0 31 0 -1
128 -1 0 31 1 0
128 127 0 31 0 127
128 127 0 31 1 127
128 -128 0 31 0 -127
128 -128 0 31 1 0
128 170 0 31 0 127
128 170 0 31 1 127
128 -170 0 31 0 -127
128 -170 0 31 1 0
128 255 0 31 0 127
128 255 0 31 1 127
128 -256 0 31 0 -127
128 -256 0 31 1 0
-128 0 0 31 0 0
-128 0 0 31 1 0
-128 1 0 31 0 1
-128 1 0 31 1 1
-128 -1 0 31 0 -1
-128 -1 0 31 1 0
-128 127 0 31 0 127
-128 127 0 31 1 127
-128 -128 0 31 0 -127
-128 -128 0 31 1 0
-128 170 0 31 0 127
-128 170 0 31 1 127
-128 -170 0 31 0 -127
-128 -170 0 31 1 0
-128 255 0 31 0 127
-128 255 0 31 1 127
-128 -256 0 31 0 -127
-128 -256 0 31 1 0
255 0 0 31 0 0
255 0 0 31 1 0
255 1 0 31 0 1
255 1 0 31 1 1
255 -1 0 31 0 -1
255 -1 0 31 1 0
255 127 0 31 0 127
255 127 0 31 1 127
255 -128 0 31 0 -127
255 -128 0 31 1 0
255 170 0 31 0 127
255 170 0 31 1 127
255 -170 0 31 0 -127
255 -170 0 31 1 0
255 255 0 31 0 127
255 255 0 31 1 127
255 -256 0 31 0 -127
255 -256 0 31 1 0
-255 0 0 31 0 0
-255 0 0 31 1 0
-255 1 0 31 0 1
-255 1 0 31 1 1
-255 -1 0 31 0 -1
-255 -1 0 31 1 0
-255 127 0 31 0 127
-255 127 0 31 1 127
-255 -128 0 31 0 -127
-255 -128 0 31 1 0
-255 170 0 31 0 127
-255 170 0 31 1 127
-255 -170 0 31 0 -127
-255 -170 0 31 1 0
-255 255 0 31 0 127
-255 255 0 31 1 127
-255 -256 0 31 0 -127
-255 -256 0 31 1 0
1048576 0 0 31 0 0
1048576 0 0 31 1 0
1048576 1 0 31 0 1
1048576 1 0 31 1 1
1048576 -1 0 31 0 -1
1048576 -1 0 31 1 0
1048576 127 0 31 0 127
1048576 127 0 31 1 127
1048576 -128 0 31 0 -127
1048576 -128 0 31 1 0
1048576 170 0 31 0 127
1048576 170 0 31 1 127
1048576 -170 0 31 0 -127
1048576 -170 0 31 1 0
1048576 255 0 31 0 127
1048576 255 0 31 1 127
1048576 -256 0 31 0 -127
1048576 -256 0 31 1 0
-1048576 0 0 31 0 0
-1048576 0 0 31 1 0
-1048576 1 0 31 0 1
-1048576 1 0 31 1 1
-1048576 -1 0 31 0 -1
-1048576 -1 0 31 1 0
-1048576 127 0 31 0 127
-1048576 127 0 31 1 127
-1048576 -128 0 31 0 -127
-1048576 -128 0 31 1 0
-1048576 170 0 31 0 127
-1048576 170 0 31 1 127
-1048576 -170 0 31 0 -127
-1048576 -170 0 31 1 0
-1048576 255 0 31 0 127
-1048576 255 0 31 1 127
-1048576 -256 0 31 0 -127
-1048576 -256 0 31 1 0
8388607 0 0 31 0 0
8388607 0 0 31 1 0
8388607 1 0 31 0 1
8388607 1 0 31 1 1
8388607 -1 0 31 0 -1
8388607 -1 0 31 1 0
8388607 127 0 31 0 127
8388607 127 0 31 1 127
8388607 -128 0 31 0 -127
8388607 -128 0 31 1 0
8388607 170 0 31 0 127
8388607 170 0 31 1 127
8388607 -170 0 31 0 -127
8388607 -170 0 31 1 0
8388607 255 0 31 0 127
8388607 255 0 31 1 127
8388607 -256 0 31 0 -127
8388607 -256 0 31 1 0
-8388607 0 0 31 0 0
-8388607 0 0 31 1 0
-8388607 1 0 31 0 1
-8388607 1 0 31 1 1
-8388607 -1 0 31 0 -1
-8388607 -1 0 31 1 0
-8388607 127 0 31 0 127
-8388607 127 0 31 1 127
-8388607 -128 0 31 0 -127
-8388607 -128 0 31 1 0
-8388607 170 0 31 0 127
-8388607 170 0 31 1 127
-8388607 -170 0 31 0 -127
-8388607 -170 0 31 1 0
-8388607 255 0 31 0 127
-8388607 255 0 31 1 127
-8388607 -256 0 31 0 -127
-8388607 -256 0 31 1 0
0 0 1 31 0 0
0 0 1 31 1 0
0 1 1 31 0 1
0 1 1 31 1 1
0 -1 1 31 0 -1
0 -1 1 31 1 0
0 127 1 31 0 127
0 127 1 31 1 127
0 -128 1 31 0 -127
0 -128 1 31 1 0
0 170 1 31 0 127
0 170 1 31 1 127
0 -170 1 31 0 -127
0 -170 1 31 1 0
0 255 1 31 0 127
0 255 1 31 1 127
0 -256 1 31 0 -127
0 -256 1 31 1 0
1 0 1 31 0 0
1 0 1 31 1 0
1 1 1 31 0 1
1 1 1 31 1 1
1 -1 1 31 0 -1
1 -1 1 31 1 0
1 127 1 31 0 127
1 127 1 31 1 127
1 -128 1 31 0 -127
1 -128 1 31 1 0
1 170 1 31 0 127
1 170 1 31 1 127
1 -170 1 31 0 -127
1 -170 1 31 1 0
1 255 1 31 0 127
1 255 1 31 1 127
1 -256 1 31 0 -127
1 -256 1 31 1 0
-1 0 1 31 0 0
-1 0 1 31 1 0
-1 1 1 31 0 1
-1 1 1 31 1 1
-1 -1 1 31 0 -1
-1 -1 1 31 1 0
-1 127 1 31 0 127
-1 127 1 31 1 127
-1 -128 1 31 0 -127
-1 -128 1 31 1 0
-1 170 1 31 0 127
-1 170 1 31 1 127
-1 -170 1 31 0 -127
-1 -170 1 31 1 0
-1 255 1 31 0 127
-1 255 1 31 1 127
-1 -256 1 31 0 -127
-1 -256 1 31 1 0
127 0 1 31 0 0
127 0 1 31 1 0
127 1 1 31 0 1
127 1 1 31 1 1
127 -1 1 31 0 -1
127 -1 1 31 1 0
127 127 1 31 0 127
127 127 1 31 1 127
127 -128 1 31 0 -127
127 -128 1 31 1 0
127 170 1 31 0 127
127 170 1 31 1 127
127 -170 1 31 0 -127
127 -170 1 31 1 0
127 255 1 31 0 127
127 255 1 31 1 127
127 -256 1 31 0 -127
127 -256 1 31 1 0
-127 0 1 31 0 0
-127 0 1 31 1 0
-127 1 1 31 0 1
-127 1 1 31 1 1
-127 -1 1 31 0 -1
-127 -1 1 31 1 0
-127 127 1 31 0 127
-127 127 1 31 1 127
-127 -128 1 31 0 -127
-127 -128 1 31 1 0
-127 170 1 31 0 127
-127 170 1 31 1 127
-127 -170 1 31 0 -127
-127 -170 1 31 1 0
-127 255 1 31 0 127
-127 255 1 31 1 127
-127 -256 1 31 0 -127
-127 -256 1 31 1 0
128 0 1 31 0 0
128 0 1 31 1 0
128 1 1 31 0 1
128 1 1 31 1 1
128 -1 1 31 0 -1
128 -1 1 31 1 0
128 127 1 31 0 127
128 127 1 31 1 127
128 -128 1 31 0 -127
128 -128 1 31 1 0
128 170 1 31 0 127
128 170 1 31 1 127
128 -170 1 31 0 -127
128 -170 1 31 1 0
128 255 1 31 0 127
128 255 1 31 1 127
128 -256 1 31 0 -127
128 -256 1 31 1 0
-128 0 1 31 0 0
-128 0 1 31 1 0
-128 1 1 31 0 1
-128 1 1 31 1 1
-128 -1 1 31 0 -1
-128 -1 1 31 1 0
-128 127 1 31 0 127
-128 127 1 31 1 127
-128 -128 1 31 0 -127
-128 -128 1 31 1 0
-128 170 1 31 0 127
-128 170 1 31 1 127
-128 -170 1 31 0 -127
-128 -170 1 31 1 0
-128 255 1 31 0 127
-128 255 1 31 1 127
-128 -256 1 31 0 -127
-128 -256 1 31 1 0
255 0 1 31 0 0
255 0 1 31 1 0
255 1 1 31 0 1
255 1 1 31 1 1
255 -1 1 31 0 -1
255 -1 1 31 1 0
255 127 1 31 0 127
255 127 1 31 1 127
255 -128 1 31 0 -127
255 -128 1 31 1 0
255 170 1 31 0 127
255 170 1 31 1 127
255 -170 1 31 0 -127
255 -170 1 31 1 0
255 255 1 31 0 127
255 255 1 31 1 127
255 -256 1 31 0 -127
255 -256 1 31 1 0
-255 0 1 31 0 0
-255 0 1 31 1 0
-255 1 1 31 0 1
-255 1 1 31 1 1
-255 -1 1 31 0 -1
-255 -1 1 31 1 0
-255 127 1 31 0 127
-255 127 1 31 1 127
-255 -128 1 31 0 -127
-255 -128 1 31 1 0
-255 170 1 31 0 127
-255 170 1 31 1 127
-255 -170 1 31 0 -127
-255 -170 1 31 1 0
-255 255 1 31 0 127
-255 255 1 31 1 127
-255 -256 1 31 0 -127
-255 -256 1 31 1 0
1048576 0 1 31 0 0
1048576 0 1 31 1 0
1048576 1 1 31 0 1
1048576 1 1 31 1 1
1048576 -1 1 31 0 -1
1048576 -1 1 31 1 0
1048576 127 1 31 0 127
1048576 127 1 31 1 127
1048576 -128 1 31 0 -127
1048576 -128 1 31 1 0
1048576 170 1 31 0 127
1048576 170 1 31 1 127
1048576 -170 1 31 0 -127
1048576 -170 1 31 1 0
1048576 255 1 31 0 127
1048576 255 1 31 1 127
1048576 -256 1 31 0 -127
1048576 -256 1 31 1 0
-1048576 0 1 31 0 0
-1048576 0 1 31 1 0
-1048576 1 1 31 0 1
-1048576 1 1 31 1 1
-1048576 -1 1 31 0 -1
-1048576 -1 1 31 1 0
-1048576 127 1 31 0 127
-1048576 127 1 31 1 127
-1048576 -128 1 31 0 -127
-1048576 -128 1 31 1 0
-1048576 170 1 31 0 127
-1048576 170 1 31 1 127
-1048576 -170 1 31 0 -127
-1048576 -170 1 31 1 0
-1048576 255 1 31 0 127
-1048576 255 1 31 1 127
-1048576 -256 1 31 0 -127
-1048576 -256 1 31 1 0
8388607 0 1 31 0 0
8388607 0 1 31 1 0
8388607 1 1 31 0 1
8388607 1 1 31 1 1
8388607 -1 1 31 0 -1
8388607 -1 1 31 1 0
8388607 127 1 31 0 127
8388607 127 1 31 1 127
8388607 -128 1 31 0 -127
8388607 -128 1 31 1 0
8388607 170 1 31 0 127
8388607 170 1 31 1 127
8388607 -170 1 31 0 -127
8388607 -170 1 31 1 0
8388607 255 1 31 0 127
8388607 255 1 31 1 127
8388607 -256 1 31 0 -127
8388607 -256 1 31 1 0
-8388607 0 1 31 0 0
-8388607 0 1 31 1 0
-8388607 1 1 31 0 1
-8388607 1 1 31 1 1
-8388607 -1 1 31 0 -1
-8388607 -1 1 31 1 0
-8388607 127 1 31 0 127
-8388607 127 1 31 1 127
-8388607 -128 1 31 0 -127
-8388607 -128 1 31 1 0
-8388607 170 1 31 0 127
-8388607 170 1 31 1 127
-8388607 -170 1 31 0 -127
-8388607 -170 1 31 1 0
-8388607 255 1 31 0 127
-8388607 255 1 31 1 127
-8388607 -256 1 31 0 -127
-8388607 -256 1 31 1 0
0 0 2 31 0 0
0 0 2 31 1 0
0 1 2 31 0 1
0 1 2 31 1 1
0 -1 2 31 0 -1
0 -1 2 31 1 0
0 127 2 31 0 127
0 127 2 31 1 127
0 -128 2 31 0 -127
0 -128 2 31 1 0
0 170 2 31 0 127
0 170 2 31 1 127
0 -170 2 31 0 -127
0 -170 2 31 1 0
0 255 2 31 0 127
0 255 2 31 1 127
0 -256 2 31 0 -127
0 -256 2 31 1 0
1 0 2 31 0 0
1 0 2 31 1 0
1 1 2 31 0 1
1 1 2 31 1 1
1 -1 2 31 0 -1
1 -1 2 31 1 0
1 127 2 31 0 127
1 127 2 31 1 127
1 -128 2 31 0 -127
1 -128 2 31 1 0
1 170 2 31 0 127
1 170 2 31 1 127
1 -170 2 31 0 -127
1 -170 2 31 1 0
1 255 2 31 0 127
1 255 2 31 1 127
1 -256 2 31 0 -127
1 -256 2 31 1 0
-1 0 2 31 0 0
-1 0 2 31 1 0
-1 1 2 31 0 1
-1 1 2 31 1 1
-1 -1 2 31 0 -1
-1 -1 2 31 1 0
-1 127 2 31 0 127
-1 127 2 31 1 127
-1 -128 2 31 0 -127
-1 -128 2 31 1 0
-1 170 2 31 0 127
-1 170 2 31 1 127
-1 -170 2 31 0 -127
-1 -170 2 31 1 0
-1 255 2 31 0 127
-1 255 2 31 1 127
-1 -256 2 31 0 -127
-1 -256 2 31 1 0
127 0 2 31 0 0
127 0 2 31 1 0
127 1 2 31 0 1
127 1 2 31 1 1
127 -1 2 31 0 -1
127 -1 2 31 1 0
127 127 2 31 0 127
127 127 2 31 1 127
127 -128 2 31 0 -127
127 -128 2 31 1 0
127 170 2 31 0 127
127 170 2 31 1 127
127 -170 2 31 0 -127
127 -170 2 31 1 0
127 255 2 31 0 127
127 255 2 31 1 127
127 -256 2 31 0 -127
127 -256 2 31 1 0
-127 0 2 31 0 0
-127 0 2 31 1 0
-127 1 2 31 0 1
-127 1 2 31 1 1
-127 -1 2 31 0 -1
-127 -1 2 31 1 0
-127 127 2 31 0 127
-127 127 2 31 1 127
-127 -128 2 31 0 -127
-127 -128 2 31 1 0
-127 170 2 31 0 127
-127 170 2 31 1 127
-127 -170 2 31 0 -127
-127 -170 2 31 1 0
-127 255 2 31 0 127
-127 255 2 31 1 127
-127 -256 2 31 0 -127
-127 -256 2 31 1 0
128 0 2 31 0 0
128 0 2 31 1 0
128 1 2 31 0 1
128 1 2 31 1 1
128 -1 2 31 0 -1
128 -1 2 31 1 0
128 127 2 31 0 127
128 127 2 31 1 127
128 -128 2 31 0 -127
128 -128 2 31 1 0
128 170 2 31 0 127
128 170 2 31 1 127
128 -170 2 31 0 -127
128 -170 2 31 1 0
128 255 2 31 0 127
128 255 2 31 1 127
128 -256 2 31 0 -127
128 -256 2 31 1 0
-128 0 2 31 0 0
-128 0 2 31 1 0
-128 1 2 31 0 1
-128 1 2 31 1 1
-128 -1 2 31 0 -1
-128 -1 2 31 1 0
-128 127 2 31 0 127
-128 127 2 31 1 127
-128 -128 2 31 0 -127
-128 -128 2 31 1 0
-128 170 2 31 0 127
-128 170 2 31 1 127
-128 -170 2 31 0 -127
-128 -170 2 31 1 0
-128 255 2 31 0 127
-128 255 2 31 1 127
-128 -256 2 31 0 -127
-128 -256 2 31 1 0
255 0 2 31 0 0
255 0 2 31 1 0
255 1 2 31 0 1
255 1 2 31 1 1
255 -1 2 31 0 -1
255 -1 2 31 1 0
255 127 2 31 0 127
255 127 2 31 1 127
255 -128 2 31 0 -127
255 -128 2 31 1 0
255 170 2 31 0 127
255 170 2 31 1 127
255 -170 2 31 0 -127
255 -170 2 31 1 0
255 255 2 31 0 127
255 255 2 31 1 127
255 -256 2 31 0 -127
255 -256 2 31 1 0
-255 0 2 31 0 0
-255 0 2 31 1 0
-255 1 2 31 0 1
-255 1 2 31 1 1
-255 -1 2 31 0 -1
-255 -1 2 31 1 0
-255 127 2 31 0 127
-255 127 2 31 1 127
-255 -128 2 31 0 -127
-255 -128 2 31 1 0
-255 170 2 31 0 127
-255 170 2 31 1 127
-255 -170 2 31 0 -127
-255 -170 2 31 1 0
-255 255 2 31 0 127
-255 255 2 31 1 127
-255 -256 2 31 0 -127
-255 -256 2 31 1 0
1048576 0 2 31 0 0
1048576 0 2 31 1 0
1048576 1 2 31 0 1
1048576 1 2 31 1 1
1048576 -1 2 31 0 -1
1048576 -1 2 31 1 0
1048576 127 2 31 0 127
1048576 127 2 31 1 127
1048576 -128 2 31 0 -127
1048576 -128 2 31 1 0
1048576 170 2 31 0 127
1048576 170 2 31 1 127
1048576 -170 2 31 0 -127
1048576 -170 2 31 1 0
1048576 255 2 31 0 127
1048576 255 2 31 1 127
1048576 -256 2 31 0 -127
1048576 -256 2 31 1 0
-1048576 0 2 31 0 0
-1048576 0 2 31 1 0
-1048576 1 2 31 0 1
-1048576 1 2 31 1 1
-1048576 -1 2 31 0 -1
-1048576 -1 2 31 1 0
-1048576 127 2 31 0 127
-1048576 127 2 31 1 127
-1048576 -128 2 31 0 -127
-1048576 -128 2 31 1 0
-1048576 170 2 31 0 127
-1048576 170 2 31 1 127
-1048576 -170 2 31 0 -127
-1048576 -170 2 31 1 0
-1048576 255 2 31 0 127
-1048576 255 2 31 1 127
-1048576 -256 2 31 0 -127
-1048576 -256 2 31 1 0
8388607 0 2 31 0 0
8388607 0 2 31 1 0
8388607 1 2 31 0 1
8388607 1 2 31 1 1
8388607 -1 2 31 0 -1
8388607 -1 2 31 1 0
8388607 127 2 31 0 127
8388607 127 2 31 1 127
8388607 -128 2 31 0 -127
8388607 -128 2 31 1 0
8388607 170 2 31 0 127
8388607 170 2 31 1 127
8388607 -170 2 31 0 -127
8388607 -170 2 31 1 0
8388607 255 2 31 0 127
8388607 255 2 31 1 127
8388607 -256 2 31 0 -127
8388607 -256 2 31 1 0
-8388607 0 2 31 0 0
-8388607 0 2 31 1 0
-8388607 1 2 31 0 1
-8388607 1 2 31 1 1
-8388607 -1 2 31 0 -1
-8388607 -1 2 31 1 0
-8388607 127 2 31 0 127
-8388607 127 2 31 1 127
-8388607 -128 2 31 0 -127
-8388607 -128 2 31 1 0
-8388607 170 2 31 0 127
-8388607 170 2 31 1 127
-8388607 -170 2 31 0 -127
-8388607 -170 2 31 1 0
-8388607 255 2 31 0 127
-8388607 255 2 31 1 127
-8388607 -256 2 31 0 -127
-8388607 -256 2 31 1 0
0 0 2047 31 0 0
0 0 2047 31 1 0
0 1 2047 31 0 1
0 1 2047 31 1 1
0 -1 2047 31 0 -1
0 -1 2047 31 1 0
0 127 2047 31 0 127
0 127 2047 31 1 127
0 -128 2047 31 0 -127
0 -128 2047 31 1 0
0 170 2047 31 0 127
0 170 2047 31 1 127
0 -170 2047 31 0 -127
0 -170 2047 31 1 0
0 255 2047 31 0 127
0 255 2047 31 1 127
0 -256 2047 31 0 -127
0 -256 2047 31 1 0
1 0 2047 31 0 0
1 0 2047 31 1 0
1 1 2047 31 0 1
1 1 2047 31 1 1
1 -1 2047 31 0 -1
1 -1 2047 31 1 0
1 127 2047 31 0 127
1 127 2047 31 1 127
1 -128 2047 31 0 -127
1 -128 2047 31 1 0
1 170 2047 31 0 127
1 170 2047 31 1 127
1 -170 2047 31 0 -127
1 -170 2047 31 1 0
1 255 2047 31 0 127
1 255 2047 31 1 127
1 -256 2047 31 0 -127
1 -256 2047 31 1 0
-1 0 2047 31 0 0
-1 0 2047 31 1 0
-1 1 2047 31 0 1
-1 1 2047 31 1 1
-1 -1 2047 31 0 -1
-1 -1 2047 31 1 0
-1 127 2047 31 0 127
-1 127 2047 31 1 127
-1 -128 2047 31 0 -127
-1 -128 2047 31 1 0
-1 170 2047 31 0 127
-1 170 2047 31 1 127
-1 -170 2047 31 0 -127
-1 -170 2047 31 1 0
-1 255 2047 31 0 127
-1 255 2047 31 1 127
-1 -256 2047 31 0 -127
-1 -256 2047 31 1 0
127 0 2047 31 0 0
127 0 2047 31 1 0
127 1 2047 31 0 1
127 1 2047 31 1 1
127 -1 2047 31 0 -1
127 -1 2047 31 1 0
127 127 2047 31 0 127
127 127 2047 31 1 127
127 -128 2047 31 0 -127
127 -128 2047 31 1 0
127 170 2047 31 0 127
127 170 2047 31 1 127
127 -170 2047 31 0 -127
127 -170 2047 31 1 0
127 255 2047 31 0 127
127 255 2047 31 1 127
127 -256 2047 31 0 -127
127 -256 2047 31 1 0
-127 0 2047 31 0 0
-127 0 2047 31 1 0
-127 1 2047 31 0 1
-127 1 2047 31 1 1
-127 -1 2047 31 0 -1
-127 -1 2047 31 1 0
-127 127 2047 31 0 127
-127 127 2047 31 1 127
-127 -128 2047 31 0 -127
-127 -128 2047 31 1 0
-127 170 2047 31 0 127
-127 170 2047 31 1 127
-127 -170 2047 31 0 -127
-127 -170 2047 31 1 0
-127 255 2047 31 0 127
-127 255 2047 31 1 127
-127 -256 2047 31 0 -127
-127 -256 2047 31 1 0
128 0 2047 31 0 0
128 0 2047 31 1 0
128 1 2047 31 0 1
128 1 2047 31 1 1
128 -1 2047 31 0 -1
128 -1 2047 31 1 0
128 127 2047 31 0 127
128 127 2047 31 1 127
128 -128 2047 31 0 -127
128 -128 2047 31 1 0
128 170 2047 31 0 127
128 170 2047 31 1 127
128 -170 2047 31 0 -127
128 -170 2047 31 1 0
128 255 2047 31 0 127
128 255 2047 31 1 127
128 -256 2047 31 0 -127
128 -256 2047 31 1 0
-128 0 2047 31 0 0
-128 0 2047 31 1 0
-128 1 2047 31 0 1
-128 1 2047 31 1 1
-128 -1 2047 31 0 -1
-128 -1 2047 31 1 0
-128 127 2047 31 0 127
-128 127 2047 31 1 127
-128 -128 2047 31 0 -127
-128 -128 2047 31 1 0
-128 170 2047 31 0 127
-128 170 2047 31 1 127
-128 -170 2047 31 0 -127
-128 -170 2047 31 1 0
-128 255 2047 31 0 127
-128 255 2047 31 1 127
-128 -256 2047 31 0 -127
-128 -256 2047 31 1 0
255 0 2047 31 0 0
255 0 2047 31 1 0
255 1 2047 31 0 1
255 1 2047 31 1 1
255 -1 2047 31 0 -1
255 -1 2047 31 1 0
255 127 2047 31 0 127
255 127 2047 31 1 127
255 -128 2047 31 0 -127
255 -128 2047 31 1 0
255 170 2047 31 0 127
255 170 2047 31 1 127
255 -170 2047 31 0 -127
255 -170 2047 31 1 0
255 255 2047 31 0 127
255 255 2047 31 1 127
255 -256 2047 31 0 -127
255 -256 2047 31 1 0
-255 0 2047 31 0 0
-255 0 2047 31 1 0
-255 1 2047 31 0 1
-255 1 2047 31 1 1
-255 -1 2047 31 0 -1
-255 -1 2047 31 1 0
-255 127 2047 31 0 127
-255 127 2047 31 1 127
-255 -128 2047 31 0 -127
-255 -128 2047 31 1 0
-255 170 2047 31 0 127
-255 170 2047 31 1 127
-255 -170 2047 31 0 -127
-255 -170 2047 31 1 0
-255 255 2047 31 0 127
-255 255 2047 31 1 127
-255 -256 2047 31 0 -127
-255 -256 2047 31 1 0
1048576 0 2047 31 0 1
1048576 0 2047 31 1 1
1048576 1 2047 31 0 2
1048576 1 2047 31 1 2
1048576 -1 2047 31 0 0
1048576 -1 2047 31 1 0
1048576 127 2047 31 0 127
1048576 127 2047 31 1 127
1048576 -128 2047 31 0 -127
1048576 -128 2047 31 1 0
1048576 170 2047 31 0 127
1048576 170 2047 31 1 127
1048576 -170 2047 31 0 -127
1048576 -170 2047 31 1 0
1048576 255 2047 31 0 127
1048576 255 2047 31 1 127
1048576 -256 2047 31 0 -127
1048576 -256 2047 31 1 0
-1048576 0 2047 31 0 -1
-1048576 0 2047 31 1 0
-1048576 1 2047 31 0 0
-1048576 1 2047 31 1 0
-1048576 -1 2047 31 0 -2
-1048576 -1 2047 31 1 0
-1048576 127 2047 31 0 126
-1048576 127 2047 31 1 126
-1048576 -128 2047 31 0 -127
-1048576 -128 2047 31 1 0
-1048576 170 2047 31 0 127
-1048576 170 2047 31 1 127
-1048576 -170 2047 31 0 -127
-1048576 -170 2047 31 1 0
-1048576 255 2047 31 0 127
-1048576 255 2047 31 1 127
-1048576 -256 2047 31 0 -127
-1048576 -256 2047 31 1 0
8388607 0 2047 31 0 8
8388607 0 2047 31 1 8
8388607 1 2047 31 0 9
8388607 1 2047 31 1 9
8388607 -1 2047 31 0 7
8388607 -1 2047 31 1 7
8388607 127 2047 31 0 127
8388607 127 2047 31 1 127
8388607 -128 2047 31 0 -120
8388607 -128 2047 31 1 0
8388607 170 2047 31 0 127
8388607 170 2047 31 1 127
8388607 -170 2047 31 0 -127
8388607 -170 2047 31 1 0
8388607 255 2047 31 0 127
8388607 255 2047 31 1 127
8388607 -256 2047 31 0 -127
8388607 -256 2047 31 1 0
-8388607 0 2047 31 0 -8
-8388607 0 2047 31 1 0
-8388607 1 2047 31 0 -7
-8388607 1 2047 31 1 0
-8388607 -1 2047 31 0 -9
-8388607 -1 2047 31 1 0
-8388607 127 2047 31 0 119
-8388607 127 2047 31 1 119
-8388607 -128 2047 31 0 -127
-8388607 -128 2047 31 1 0
-8388607 170 2047 31 0 127
-8388607 170 2047 31 1 127
-8388607 -170 2047 31 0 -127
-8388607 -170 2047 31 1 0
-8388607 255 2047 31 0 127
-8388607 255 2047 31 1 127
-8388607 -256 2047 31 0 -127
-8388607 -256 2047 31 1 0
2 0 1 1 0 1
2 0 1 1 1 1
2 127 1 1 0 127
2 -128 1 1 1 0
-2 0 1 1 0 -1
-2 0 1 1 1 0
-2 127 1 1 0 126
-2 -128 1 1 1 0
0 0 3 1 0 0
0 0 3 1 1 0
0 127 3 1 0 127
0 -128 3 1 1 0
2 0 1 2 0 1
2 0 1 2 1 1
2 127 1 2 0 127
2 -128 1 2 1 0
-2 0 1 2 0 0
-2 0 1 2 1 0
-2 127 1 2 0 127
-2 -128 1 2 1 0
3 0 1 2 0 1
3 0 1 2 1 1
3 127 1 2 0 127
3 -128 1 2 1 0
-3 0 1 2 0 -1
-3 0 1 2 1 0
-3 127 1 2 0 126
-3 -128 1 2 1 0
0 0 3 2 0 0
0 0 3 2 1 0
0 127 3 2 0 127
0 -128 3 2 1 0
1 0 3 2 0 1
1 0 3 2 1 1
1 127 3 2 0 127
1 -128 3 2 1 0
-1 0 3 2 0 -1
-1 0 3 2 1 0
-1 127 3 2 0 126
-1 -128 3 2 1 0
3 0 1 3 0 0
3 0 1 3 1 0
3 127 1 3 0 127
3 -128 1 3 1 0
-3 0 1 3 0 0
-3 0 1 3 1 0
-3 127 1 3 0 127
-3 -128 1 3 1 0
4 0 1 3 0 1
4 0 1 3 1 1
4 127 1 3 0 127
4 -128 1 3 1 0
-4 0 1 3 0 0
-4 0 1 3 1 0
-4 127 1 3 0 127
-4 -128 1 3 1 0
5 0 1 3 0 1
5 0 1 3 1 1
5 127 1 3 0 127
5 -128 1 3 1 0
-5 0 1 3 0 -1
-5 0 1 3 1 0
-5 127 1 3 0 126
-5 -128 1 3 1 0
1 0 3 3 0 0
1 0 3 3 1 0
1 127 3 3 0 127
1 -128 3 3 1 0
-1 0 3 3 0 0
-1 0 3 3 1 0
-1 127 3 3 0 127
-1 -128 3 3 1 0
0 0 2047 3 0 0
0 0 2047 3 1 0
0 127 2047 3 0 127
0 -128 2047 3 1 0
7 0 1 4 0 0
7 0 1 4 1 0
7 127 1 4 0 127
7 -128 1 4 1 0
-7 0 1 4 0 0
-7 0 1 4 1 0
-7 127 1 4 0 127
-7 -128 1 4 1 0
8 0 1 4 0 1
8 0 1 4 1 1
8 127 1 4 0 127
8 -128 1 4 1 0
-8 0 1 4 0 0
-8 0 1 4 1 0
-8 127 1 4 0 127
-8 -128 1 4 1 0
9 0 1 4 0 1
9 0 1 4 1 1
9 127 1 4 0 127
9 -128 1 4 1 0
-9 0 1 4 0 -1
-9 0 1 4 1 0
-9 127 1 4 0 126
-9 -128 1 4 1 0
2 0 3 4 0 0
2 0 3 4 1 0
2 127 3 4 0 127
2 -128 3 4 1 0
-2 0 3 4 0 0
-2 0 3 4 1 0
-2 127 3 4 0 127
-2 -128 3 4 1 0
3 0 3 4 0 1
3 0 3 4 1 1
3 127 3 4 0 127
3 -128 3 4 1 0
-3 0 3 4 0 -1
-3 0 3 4 1 0
-3 127 3 4 0 126
-3 -128 3 4 1 0
0 0 2047 4 0 0
0 0 2047 4 1 0
0 127 2047 4 0 127
0 -128 2047 4 1 0
15 0 1 5 0 0
15 0 1 5 1 0
15 127 1 5 0 127
15 -128 1 5 1 0
-15 0 1 5 0 0
-15 0 1 5 1 0
-15 127 1 5 0 127
-15 -128 1 5 1 0
16 0 1 5 0 1
16 0 1 5 1 1
16 127 1 5 0 127
16 -128 1 5 1 0
-16 0 1 5 0 0
-16 0 1 5 1 0
-16 127 1 5 0 127
-16 -128 1 5 1 0
17 0 1 5 0 1
17 0 1 5 1 1
17 127 1 5 0 127
17 -128 1 5 1 0
-17 0 1 5 0 -1
-17 0 1 5 1 0
-17 127 1 5 0 126
-17 -128 1 5 1 0
5 0 3 5 0 0
5 0 3 5 1 0
5 127 3 5 0 127
5 -128 3 5 1 0
-5 0 3 5 0 0
-5 0 3 5 1 0
-5 127 3 5 0 127
-5 -128 3 5 1 0
0 0 2047 5 0 0
0 0 2047 5 1 0
0 127 2047 5 0 127
0 -128 2047 5 1 0
31 0 1 6 0 0
31 0 1 6 1 0
31 127 1 6 0 127
31 -128 1 6 1 0
-31 0 1 6 0 0
-31 0 1 6 1 0
-31 127 1 6 0 127
-31 -128 1 6 1 0
32 0 1 6 0 1
32 0 1 6 1 1
32 127 1 6 0 127
32 -128 1 6 1 0
-32 0 1 6 0 0
-32 0 1 6 1 0
-32 127 1 6 0 127
-32 -128 1 6 1 0
33 0 1 6 0 1
33 0 1 6 1 1
33 127 1 6 0 127
33 -128 1 6 1 0
-33 0 1 6 0 -1
-33 0 1 6 1 0
-33 127 1 6 0 126
-33 -128 1 6 1 0
10 0 3 6 0 0
10 0 3 6 1 0
10 127 3 6 0 127
10 -128 3 6 1 0
-10 0 3 6 0 0
-10 0 3 6 1 0
-10 127 3 6 0 127
-10 -128 3 6 1 0
11 0 3 6 0 1
11 0 3 6 1 1
11 127 3 6 0 127
11 -128 3 6 1 0
-11 0 3 6 0 -1
-11 0 3 6 1 0
-11 127 3 6 0 126
-11 -128 3 6 1 0
0 0 2047 6 0 0
0 0 2047 6 1 0
0 127 2047 6 0 127
0 -128 2047 6 1 0
63 0 1 7 0 0
63 0 1 7 1 0
63 127 1 7 0 127
63 -128 1 7 1 0
-63 0 1 7 0 0
-63 0 1 7 1 0
-63 127 1 7 0 127
-63 -128 1 7 1 0
64 0 1 7 0 1
64 0 1 7 1 1
64 127 1 7 0 127
64 -128 1 7 1 0
-64 0 1 7 0 0
-64 0 1 7 1 0
-64 127 1 7 0 127
-64 -128 1 7 1 0
65 0 1 7 0 1
65 0 1 7 1 1
65 127 1 7 0 127
65 -128 1 7 1 0
-65 0 1 7 0 -1
-65 0 1 7 1 0
-65 127 1 7 0 126
-65 -128 1 7 1 0
21 0 3 7 0 0
21 0 3 7 1 0
21 127 3 7 0 127
21 -128 3 7 1 0
-21 0 3 7 0 0
-21 0 3 7 1 0
-21 127 3 7 0 127
-21 -128 3 7 1 0
0 0 2047 7 0 0
0 0 2047 7 1 0
0 127 2047 7 0 127
0 -128 2047 7 1 0
127 0 1 8 0 0
127 0 1 8 1 0
127 127 1 8 0 127
127 -128 1 8 1 0
-127 0 1 8 0 0
-127 0 1 8 1 0
-127 127 1 8 0 127
-127 -128 1 8 1 0
128 0 1 8 0 1
128 0 1 8 1 1
128 127 1 8 0 127
128 -128 1 8 1 0
-128 0 1 8 0 0
-128 0 1 8 1 0
-128 127 1 8 0 127
-128 -128 1 8 1 0
129 0 1 8 0 1
129 0 1 8 1 1
129 127 1 8 0 127
129 -128 1 8 1 0
-129 0 1 8 0 -1
-129 0 1 8 1 0
-129 127 1 8 0 126
-129 -128 1 8 1 0
42 0 3 8 0 0
42 0 3 8 1 0
42 127 3 8 0 127
42 -128 3 8 1 0
-42 0 3 8 0 0
-42 0 3 8 1 0
-42 127 3 8 0 127
-42 -128 3 8 1 0
43 0 3 8 0 1
43 0 3 8 1 1
43 127 3 8 0 127
43 -128 3 8 1 0
-43 0 3 8 0 -1
-43 0 3 8 1 0
-43 127 3 8 0 126
-43 -128 3 8 1 0
0 0 2047 8 0 0
0 0 2047 8 1 0
0 127 2047 8 0 127
0 -128 2047 8 1 0
255 0 1 9 0 0
255 0 1 9 1 0
255 127 1 9 0 127
255 -128 1 9 1 0
-255 0 1 9 0 0
-255 0 1 9 1 0
-255 127 1 9 0 127
-255 -128 1 9 1 0
256 0 1 9 0 1
256 0 1 9 1 1
256 127 1 9 0 127
256 -128 1 9 1 0
-256 0 1 9 0 0
-256 0 1 9 1 0
-256 127 1 9 0 127
-256 -128 1 9 1 0
257 0 1 9 0 1
257 0 1 9 1 1
257 127 1 9 0 127
257 -128 1 9 1 0
-257 0 1 9 0 -1
-257 0 1 9 1 0
-257 127 1 9 0 126
-257 -128 1 9 1 0
85 0 3 9 0 0
85 0 3 9 1 0
85 127 3 9 0 127
85 -128 3 9 1 0
-85 0 3 9 0 0
-85 0 3 9 1 0
-85 127 3 9 0 127
-85 -128 3 9 1 0
0 0 2047 9 0 0
0 0 2047 9 1 0
0 127 2047 9 0 127
0 -128 2047 9 1 0
511 0 1 10 0 0
511 0 1 10 1 0
511 127 1 10 0 127
511 -128 1 10 1 0
-511 0 1 10 0 0
-511 0 1 10 1 0
-511 127 1 10 0 127
-511 -128 1 10 1 0
512 0 1 10 0 1
512 0 1 10 1 1
512 127 1 10 0 127
512 -128 1 10 1 0
-512 0 1 10 0 0
-512 0 1 10 1 0
-512 127 1 10 0 127
-512 -128 1 10 1 0
513 0 1 10 0 1
513 0 1 10 1 1
513 127 1 10 0 127
513 -128 1 10 1 0
-513 0 1 10 0 -1
-513 0 1 10 1 0
-513 127 1 10 0 126
-513 -128 1 10 1 0
170 0 3 10 0 0
170 0 3 10 1 0
170 127 3 10 0 127
170 -128 3 10 1 0
-170 0 3 10 0 0
-170 0 3 10 1 0
-170 127 3 10 0 127
-170 -128 3 10 1 0
171 0 3 10 0 1
171 0 3 10 1 1
171 127 3 10 0 127
171 -128 3 10 1 0
-171 0 3 10 0 -1
-171 0 3 10 1 0
-171 127 3 10 0 126
-171 -128 3 10 1 0
0 0 2047 10 0 0
0 0 2047 10 1 0
0 127 2047 10 0 127
0 -128 2047 10 1 0
1023 0 1 11 0 0
1023 0 1 11 1 0
1023 127 1 11 0 127
1023 -128 1 11 1 0
-1023 0 1 11 0 0
-1023 0 1 11 1 0
-1023 127 1 11 0 127
-1023 -128 1 11 1 0
1024 0 1 11 0 1
1024 0 1 11 1 1
1024 127 1 11 0 127
1024 -128 1 11 1 0
-1024 0 1 11 0 0
-1024 0 1 11 1 0
-1024 127 1 11 0 127
-1024 -128 1 11 1 0
1025 0 1 11 0 1
1025 0 1 11 1 1
1025 127 1 11 0 127
1025 -128 1 11 1 0
-1025 0 1 11 0 -1
-1025 0 1 11 1 0
-1025 127 1 11 0 126
-1025 -128 1 11 1 0
341 0 3 11 0 0
341 0 3 11 1 0
341 127 3 11 0 127
341 -128 3 11 1 0
-341 0 3 11 0 0
-341 0 3 11 1 0
-341 127 3 11 0 127
-341 -128 3 11 1 0
0 0 2047 11 0 0
0 0 2047 11 1 0
0 127 2047 11 0 127
0 -128 2047 11 1 0
2047 0 1 12 0 0
2047 0 1 12 1 0
2047 127 1 12 0 127
2047 -128 1 12 1 0
-2047 0 1 12 0 0
-2047 0 1 12 1 0
-2047 127 1 12 0 127
-2047 -128 1 12 1 0
2048 0 1 12 0 1
2048 0 1 12 1 1
2048 127 1 12 0 127
2048 -128 1 12 1 0
-2048 0 1 12 0 0
-2048 0 1 12 1 0
-2048 127 1 12 0 127
-2048 -128 1 12 1 0
2049 0 1 12 0 1
2049 0 1 12 1 1
2049 127 1 12 0 127
2049 -128 1 12 1 0
-2049 0 1 12 0 -1
-2049 0 1 12 1 0
-2049 127 1 12 0 126
-2049 -128 1 12 1 0
682 0 3 12 0 0
682 0 3 12 1 0
682 127 3 12 0 127
682 -128 3 12 1 0
-682 0 3 12 0 0
-682 0 3 12 1 0
-682 127 3 12 0 127
-682 -128 3 12 1 0
683 0 3 12 0 1
683 0 3 12 1 1
683 127 3 12 0 127
683 -128 3 12 1 0
-683 0 3 12 0 -1
-683 0 3 12 1 0
-683 127 3 12 0 126
-683 -128 3 12 1 0
1 0 2047 12 0 0
1 0 2047 12 1 0
1 127 2047 12 0 127
1 -128 2047 12 1 0
-1 0 2047 12 0 0
-1 0 2047 12 1 0
-1 127 2047 12 0 127
-1 -128 2047 12 1 0
4095 0 1 13 0 0
4095 0 1 13 1 0
4095 127 1 13 0 127
4095 -128 1 13 1 0
-4095 0 1 13 0 0
-4095 0 1 13 1 0
-4095 127 1 13 0 127
-4095 -128 1 13 1 0
4096 0 1 13 0 1
4096 0 1 13 1 1
4096 127 1 13 0 127
4096 -128 1 13 1 0
-4096 0 1 13 0 0
-4096 0 1 13 1 0
-4096 127 1 13 0 127
-4096 -128 1 13 1 0
4097 0 1 13 0 1
4097 0 1 13 1 1
4097 127 1 13 0 127
4097 -128 1 13 1 0
-4097 0 1 13 0 -1
-4097 0 1 13 1 0
-4097 127 1 13 0 126
-4097 -128 1 13 1 0
1365 0 3 13 0 0
1365 0 3 13 1 0
1365 127 3 13 0 127
1365 -128 3 13 1 0
-1365 0 3 13 0 0
-1365 0 3 13 1 0
-1365 127 3 13 0 127
-1365 -128 3 13 1 0
2 0 2047 13 0 0
2 0 2047 13 1 0
2 127 2047 13 0 127
2 -128 2047 13 1 0
-2 0 2047 13 0 0
-2 0 2047 13 1 0
-2 127 2047 13 0 127
-2 -128 2047 13 1 0
8191 0 1 14 0 0
8191 0 1 14 1 0
8191 127 1 14 0 127
8191 -128 1 14 1 0
-8191 0 1 14 0 0
-8191 0 1 14 1 0
-8191 127 1 14 0 127
-8191 -128 1 14 1 0
8192 0 1 14 0 1
8192 0 1 14 1 1
8192 127 1 14 0 127
8192 -128 1 14 1 0
-8192 0 1 14 0 0
-8192 0 1 14 1 0
-8192 127 1 14 0 127
-8192 -128 1 14 1 0
8193 0 1 14 0 1
8193 0 1 14 1 1
8193 127 1 14 0 127
8193 -128 1 14 1 0
-8193 0 1 14 0 -1
-8193 0 1 14 1 0
-8193 127 1 14 0 126
-8193 -128 1 14 1 0
2730 0 3 14 0 0
2730 0 3 14 1 0
2730 127 3 14 0 127
2730 -128 3 14 1 0
-2730 0 3 14 0 0
-2730 0 3 14 1 0
-2730 127 3 14 0 127
-2730 -128 3 14 1 0
2731 0 3 14 0 1
2731 0 3 14 1 1
2731 127 3 14 0 127
2731 -128 3 14 1 0
-2731 0 3 14 0 -1
-2731 0 3 14 1 0
-2731 127 3 14 0 126
-2731 -128 3 14 1 0
4 0 2047 14 0 0
4 0 2047 14 1 0
4 127 2047 14 0 127
4 -128 2047 14 1 0
-4 0 2047 14 0 0
-4 0 2047 14 1 0
-4 127 2047 14 0 127
-4 -128 2047 14 1 0
16383 0 1 15 0 0
16383 0 1 15 1 0
16383 127 1 15 0 127
16383 -128 1 15 1 0
-16383 0 1 15 0 0
-16383 0 1 15 1 0
-16383 127 1 15 0 127
-16383 -128 1 15 1 0
16384 0 1 15 0 1
16384 0 1 15 1 1
16384 127 1 15 0 127
16384 -128 1 15 1 0
-16384 0 1 15 0 0
-16384 0 1 15 1 0
-16384 127 1 15 0 127
-16384 -128 1 15 1 0
16385 0 1 15 0 1
16385 0 1 15 1 1
16385 127 1 15 0 127
16385 -128 1 15 1 0
-16385 0 1 15 0 -1
-16385 0 1 15 1 0
-16385 127 1 15 0 126
-16385 -128 1 15 1 0
5461 0 3 15 0 0
5461 0 3 15 1 0
5461 127 3 15 0 127
5461 -128 3 15 1 0
-5461 0 3 15 0 0
-5461 0 3 15 1 0
-5461 127 3 15 0 127
-5461 -128 3 15 1 0
8 0 2047 15 0 0
8 0 2047 15 1 0
8 127 2047 15 0 127
8 -128 2047 15 1 0
-8 0 2047 15 0 0
-8 0 2047 15 1 0
-8 127 2047 15 0 127
-8 -128 2047 15 1 0
32767 0 1 16 0 0
32767 0 1 16 1 0
32767 127 1 16 0 127
32767 -128 1 16 1 0
-32767 0 1 16 0 0
-32767 0 1 16 1 0
-32767 127 1 16 0 127
-32767 -128 1 16 1 0
32768 0 1 16 0 1
32768 0 1 16 1 1
32768 127 1 16 0 127
32768 -128 1 16 1 0
-32768 0 1 16 0 0
-32768 0 1 16 1 0
-32768 127 1 16 0 127
-32768 -128 1 16 1 0
32769 0 1 16 0 1
32769 0 1 16 1 1
32769 127 1 16 0 127
32769 -128 1 16 1 0
-32769 0 1 16 0 -1
-32769 0 1 16 1 0
-32769 127 1 16 0 126
-32769 -128 1 16 1 0
10922 0 3 16 0 0
10922 0 3 16 1 0
10922 127 3 16 0 127
10922 -128 3 16 1 0
-10922 0 3 16 0 0
-10922 0 3 16 1 0
-10922 127 3 16 0 127
-10922 -128 3 16 1 0
10923 0 3 16 0 1
10923 0 3 16 1 1
10923 127 3 16 0 127
10923 -128 3 16 1 0
-10923 0 3 16 0 -1
-10923 0 3 16 1 0
-10923 127 3 16 0 126
-10923 -128 3 16 1 0
16 0 2047 16 0 0
16 0 2047 16 1 0
16 127 2047 16 0 127
16 -128 2047 16 1 0
-16 0 2047 16 0 0
-16 0 2047 16 1 0
-16 127 2047 16 0 127
-16 -128 2047 16 1 0
65535 0 1 17 0 0
65535 0 1 17 1 0
65535 127 1 17 0 127
65535 -128 1 17 1 0
-65535 0 1 17 0 0
-65535 0 1 17 1 0
-65535 127 1 17 0 127
-65535 -128 1 17 1 0
65536 0 1 17 0 1
65536 0 1 17 1 1
65536 127 1 17 0 127
65536 -128 1 17 1 0
-65536 0 1 17 0 0
-65536 0 1 17 1 0
-65536 127 1 17 0 127
-65536 -128 1 17 1 0
65537 0 1 17 0 1
65537 0 1 17 1 1
65537 127 1 17 0 127
65537 -128 1 17 1 0
-65537 0 1 17 0 -1
-65537 0 1 17 1 0
-65537 127 1 17 0 126
-65537 -128 1 17 1 0
21845 0 3 17 0 0
21845 0 3 17 1 0
21845 127 3 17 0 127
21845 -128 3 17 1 0
-21845 0 3 17 0 0
-21845 0 3 17 1 0
-21845 127 3 17 0 127
-21845 -128 3 17 1 0
32 0 2047 17 0 0
32 0 2047 17 1 0
32 127 2047 17 0 127
32 -128 2047 17 1 0
-32 0 2047 17 0 0
-32 0 2047 17 1 0
-32 127 2047 17 0 127
-32 -128 2047 17 1 0
131071 0 1 18 0 0
131071 0 1 18 1 0
131071 127 1 18 0 127
131071 -128 1 18 1 0
-131071 0 1 18 0 0
-131071 0 1 18 1 0
-131071 127 1 18 0 127
-131071 -128 1 18 1 0
131072 0 1 18 0 1
131072 0 1 18 1 1
131072 127 1 18 0 127
131072 -128 1 18 1 0
-131072 0 1 18 0 0
-131072 0 1 18 1 0
-131072 127 1 18 0 127
-131072 -128 1 18 1 0
131073 0 1 18 0 1
131073 0 1 18 1 1
131073 127 1 18 0 127
131073 -128 1 18 1 0
-131073 0 1 18 0 -1
-131073 0 1 18 1 0
-131073 127 1 18 0 126
-131073 -128 1 18 1 0
43690 0 3 18 0 0
43690 0 3 18 1 0
43690 127 3 18 0 127
43690 -128 3 18 1 0
-43690 0 3 18 0 0
-43690 0 3 18 1 0
-43690 127 3 18 0 127
-43690 -128 3 18 1 0
43691 0 3 18 0 1
43691 0 3 18 1 1
43691 127 3 18 0 127
43691 -128 3 18 1 0
-43691 0 3 18 0 -1
-43691 0 3 18 1 0
-43691 127 3 18 0 126
-43691 -128 3 18 1 0
64 0 2047 18 0 0
64 0 2047 18 1 0
64 127 2047 18 0 127
64 -128 2047 18 1 0
-64 0 2047 18 0 0
-64 0 2047 18 1 0
-64 127 2047 18 0 127
-64 -128 2047 18 1 0
262143 0 1 19 0 0
262143 0 1 19 1 0
262143 127 1 19 0 127
262143 -128 1 19 1 0
-262143 0 1 19 0 0
-262143 0 1 19 1 0
-262143 127 1 19 0 127
-262143 -128 1 19 1 0
262144 0 1 19 0 1
262144 0 1 19 1 1
262144 127 1 19 0 127
262144 -128 1 19 1 0
-262144 0 1 19 0 0
-262144 0 1 19 1 0
-262144 127 1 19 0 127
-262144 -128 1 19 1 0
262145 0 1 19 0 1
262145 0 1 19 1 1
262145 127 1 19 0 127
262145 -128 1 19 1 0
-262145 0 1 19 0 -1
-262145 0 1 19 1 0
-262145 127 1 19 0 126
-262145 -128 1 19 1 0
87381 0 3 19 0 0
87381 0 3 19 1 0
87381 127 3 19 0 127
87381 -128 3 19 1 0
-87381 0 3 19 0 0
-87381 0 3 19 1 0
-87381 127 3 19 0 127
-87381 -128 3 19 1 0
128 0 2047 19 0 0
128 0 2047 19 1 0
128 127 2047 19 0 127
128 -128 2047 19 1 0
-128 0 2047 19 0 0
-128 0 2047 19 1 0
-128 127 2047 19 0 127
-128 -128 2047 19 1 0
524287 0 1 20 0 0
524287 0 1 20 1 0
524287 127 1 20 0 127
524287 -128 1 20 1 0
-524287 0 1 20 0 0
-524287 0 1 20 1 0
-524287 127 1 20 0 127
-524287 -128 1 20 1 0
524288 0 1 20 0 1
524288 0 1 20 1 1
524288 127 1 20 0 127
524288 -128 1 20 1 0
-524288 0 1 20 0 0
-524288 0 1 20 1 0
-524288 127 1 20 0 127
-524288 -128 1 20 1 0
524289 0 1 20 0 1
524289 0 1 20 1 1
524289 127 1 20 0 127
524289 -128 1 20 1 0
-524289 0 1 20 0 -1
-524289 0 1 20 1 0
-524289 127 1 20 0 126
-524289 -128 1 20 1 0
174762 0 3 20 0 0
174762 0 3 20 1 0
174762 127 3 20 0 127
174762 -128 3 20 1 0
-174762 0 3 20 0 0
-174762 0 3 20 1 0
-174762 127 3 20 0 127
-174762 -128 3 20 1 0
174763 0 3 20 0 1
174763 0 3 20 1 1
174763 127 3 20 0 127
174763 -128 3 20 1 0
-174763 0 3 20 0 -1
-174763 0 3 20 1 0
-174763 127 3 20 0 126
-174763 -128 3 20 1 0
256 0 2047 20 0 0
256 0 2047 20 1 0
256 127 2047 20 0 127
256 -128 2047 20 1 0
-256 0 2047 20 0 0
-256 0 2047 20 1 0
-256 127 2047 20 0 127
-256 -128 2047 20 1 0
1048575 0 1 21 0 0
1048575 0 1 21 1 0
1048575 127 1 21 0 127
1048575 -128 1 21 1 0
-1048575 0 1 21 0 0
-1048575 0 1 21 1 0
-1048575 127 1 21 0 127
-1048575 -128 1 21 1 0
1048576 0 1 21 0 1
1048576 0 1 21 1 1
1048576 127 1 21 0 127
1048576 -128 1 21 1 0
-1048576 0 1 21 0 0
-1048576 0 1 21 1 0
-1048576 127 1 21 0 127
-1048576 -128 1 21 1 0
1048577 0 1 21 0 1
1048577 0 1 21 1 1
1048577 127 1 21 0 127
1048577 -128 1 21 1 0
-1048577 0 1 21 0 -1
-1048577 0 1 21 1 0
-1048577 127 1 21 0 126
-1048577 -128 1 21 1 0
349525 0 3 21 0 0
349525 0 3 21 1 0
349525 127 3 21 0 127
349525 -128 3 21 1 0
-349525 0 3 21 0 0
-349525 0 3 21 1 0
-349525 127 3 21 0 127
-349525 -128 3 21 1 0
512 0 2047 21 0 0
512 0 2047 21 1 0
512 127 2047 21 0 127
512 -128 2047 21 1 0
-512 0 2047 21 0 0
-512 0 2047 21 1 0
-512 127 2047 21 0 127
-512 -128 2047 21 1 0
2097151 0 1 22 0 0
2097151 0 1 22 1 0
2097151 127 1 22 0 127
2097151 -128 1 22 1 0
-2097151 0 1 22 0 0
-2097151 0 1 22 1 0
-2097151 127 1 22 0 127
-2097151 -128 1 22 1 0
2097152 0 1 22 0 1
2097152 0 1 22 1 1
2097152 127 1 22 0 127
2097152 -128 1 22 1 0
-2097152 0 1 22 0 0
-2097152 0 1 22 1 0
-2097152 127 1 22 0 127
-2097152 -128 1 22 1 0
2097153 0 1 22 0 1
2097153 0 1 22 1 1
2097153 127 1 22 0 127
2097153 -128 1 22 1 0
-2097153 0 1 22 0 -1
-2097153 0 1 22 1 0
-2097153 127 1 22 0 126
-2097153 -128 1 22 1 0
699050 0 3 22 0 0
699050 0 3 22 1 0
699050 127 3 22 0 127
699050 -128 3 22 1 0
-699050 0 3 22 0 0
-699050 0 3 22 1 0
-699050 127 3 22 0 127
-699050 -128 3 22 1 0
699051 0 3 22 0 1
699051 0 3 22 1 1
699051 127 3 22 0 127
699051 -128 3 22 1 0
-699051 0 3 22 0 -1
-699051 0 3 22 1 0
-699051 127 3 22 0 126
-699051 -128 3 22 1 0
1024 0 2047 22 0 0
1024 0 2047 22 1 0
1024 127 2047 22 0 127
1024 -128 2047 22 1 0
-1024 0 2047 22 0 0
-1024 0 2047 22 1 0
-1024 127 2047 22 0 127
-1024 -128 2047 22 1 0
4194303 0 1 23 0 0
4194303 0 1 23 1 0
4194303 127 1 23 0 127
4194303 -128 1 23 1 0
-4194303 0 1 23 0 0
-4194303 0 1 23 1 0
-4194303 127 1 23 0 127
-4194303 -128 1 23 1 0
4194304 0 1 23 0 1
4194304 0 1 23 1 1
4194304 127 1 23 0 127
4194304 -128 1 23 1 0
-4194304 0 1 23 0 0
-4194304 0 1 23 1 0
-4194304 127 1 23 0 127
-4194304 -128 1 23 1 0
4194305 0 1 23 0 1
4194305 0 1 23 1 1
4194305 127 1 23 0 127
4194305 -128 1 23 1 0
-4194305 0 1 23 0 -1
-4194305 0 1 23 1 0
-4194305 127 1 23 0 126
-4194305 -128 1 23 1 0
1398101 0 3 23 0 0
1398101 0 3 23 1 0
1398101 127 3 23 0 127
1398101 -128 3 23 1 0
-1398101 0 3 23 0 0
-1398101 0 3 23 1 0
-1398101 127 3 23 0 127
-1398101 -128 3 23 1 0
2049 0 2047 23 0 0
2049 0 2047 23 1 0
2049 127 2047 23 0 127
2049 -128 2047 23 1 0
-2049 0 2047 23 0 0
-2049 0 2047 23 1 0
-2049 127 2047 23 0 127
-2049 -128 2047 23 1 0
8388607 0 1 24 0 0
8388607 0 1 24 1 0
8388607 127 1 24 0 127
8388607 -128 1 24 1 0
-8388607 0 1 24 0 0
-8388607 0 1 24 1 0
-8388607 127 1 24 0 127
-8388607 -128 1 24 1 0
2796202 0 3 24 0 0
2796202 0 3 24 1 0
2796202 127 3 24 0 127
2796202 -128 3 24 1 0
-2796202 0 3 24 0 0
-2796202 0 3 24 1 0
-2796202 127 3 24 0 127
-2796202 -128 3 24 1 0
2796203 0 3 24 0 1
2796203 0 3 24 1 1
2796203 127 3 24 0 127
2796203 -128 3 24 1 0
-2796203 0 3 24 0 -1
-2796203 0 3 24 1 0
-2796203 127 3 24 0 126
-2796203 -128 3 24 1 0
4098 0 2047 24 0 0
4098 0 2047 24 1 0
4098 127 2047 24 0 127
4098 -128 2047 24 1 0
-4098 0 2047 24 0 0
-4098 0 2047 24 1 0
-4098 127 2047 24 0 127
-4098 -128 2047 24 1 0
8388607 0 1 25 0 0
8388607 0 1 25 1 0
8388607 127 1 25 0 127
8388607 -128 1 25 1 0
-8388607 0 1 25 0 0
-8388607 0 1 25 1 0
-8388607 127 1 25 0 127
-8388607 -128 1 25 1 0
5592405 0 3 25 0 0
5592405 0 3 25 1 0
5592405 127 3 25 0 127
5592405 -128 3 25 1 0
-5592405 0 3 25 0 0
-5592405 0 3 25 1 0
-5592405 127 3 25 0 127
-5592405 -128 3 25 1 0
8196 0 2047 25 0 0
8196 0 2047 25 1 0
8196 127 2047 25 0 127
8196 -128 2047 25 1 0
-8196 0 2047 25 0 0
-8196 0 2047 25 1 0
-8196 127 2047 25 0 127
-8196 -128 2047 25 1 0
8388607 0 1 26 0 0
8388607 0 1 26 1 0
8388607 127 1 26 0 127
8388607 -128 1 26 1 0
-8388607 0 1 26 0 0
-8388607 0 1 26 1 0
-8388607 127 1 26 0 127
-8388607 -128 1 26 1 0
8388607 0 3 26 0 0
8388607 0 3 26 1 0
8388607 127 3 26 0 127
8388607 -128 3 26 1 0
-8388607 0 3 26 0 0
-8388607 0 3 26 1 0
-8388607 127 3 26 0 127
-8388607 -128 3 26 1 0
16392 0 2047 26 0 0
16392 0 2047 26 1 0
16392 127 2047 26 0 127
16392 -128 2047 26 1 0
-16392 0 2047 26 0 0
-16392 0 2047 26 1 0
-16392 127 2047 26 0 127
-16392 -128 2047 26 1 0
8388607 0 1 27 0 0
8388607 0 1 27 1 0
8388607 127 1 27 0 127
8388607 -128 1 27 1 0
-8388607 0 1 27 0 0
-8388607 0 1 27 1 0
-8388607 127 1 27 0 127
-8388607 -128 1 27 1 0
8388607 0 3 27 0 0
8388607 0 3 27 1 0
8388607 127 3 27 0 127
8388607 -128 3 27 1 0
-8388607 0 3 27 0 0
-8388607 0 3 27 1 0
-8388607 127 3 27 0 127
-8388607 -128 3 27 1 0
32784 0 2047 27 0 0
32784 0 2047 27 1 0
32784 127 2047 27 0 127
32784 -128 2047 27 1 0
-32784 0 2047 27 0 0
-32784 0 2047 27 1 0
-32784 127 2047 27 0 127
-32784 -128 2047 27 1 0
8388607 0 1 28 0 0
8388607 0 1 28 1 0
8388607 127 1 28 0 127
8388607 -128 1 28 1 0
-8388607 0 1 28 0 0
-8388607 0 1 28 1 0
-8388607 127 1 28 0 127
-8388607 -128 1 28 1 0
8388607 0 3 28 0 0
8388607 0 3 28 1 0
8388607 127 3 28 0 127
8388607 -128 3 28 1 0
-8388607 0 3 28 0 0
-8388607 0 3 28 1 0
-8388607 127 3 28 0 127
-8388607 -128 3 28 1 0
65568 0 2047 28 0 0
65568 0 2047 28 1 0
65568 127 2047 28 0 127
65568 -128 2047 28 1 0
-65568 0 2047 28 0 0
-65568 0 2047 28 1 0
-65568 127 2047 28 0 127
-65568 -128 2047 28 1 0
8388607 0 1 29 0 0
8388607 0 1 29 1 0
8388607 127 1 29 0 127
8388607 -128 1 29 1 0
-8388607 0 1 29 0 0
-8388607 0 1 29 1 0
-8388607 127 1 29 0 127
-8388607 -128 1 29 1 0
8388607 0 3 29 0 0
8388607 0 3 29 1 0
8388607 127 3 29 0 127
8388607 -128 3 29 1 0
-8388607 0 3 29 0 0
-8388607 0 3 29 1 0
-8388607 127 3 29 0 127
-8388607 -128 3 29 1 0
131136 0 2047 29 0 0
131136 0 2047 29 1 0
131136 127 2047 29 0 127
131136 -128 2047 29 1 0
-131136 0 2047 29 0 0
-131136 0 2047 29 1 0
-131136 127 2047 29 0 127
-131136 -128 2047 29 1 0
8388607 0 1 30 0 0
8388607 0 1 30 1 0
8388607 127 1 30 0 127
8388607 -128 1 30 1 0
-8388607 0 1 30 0 0
-8388607 0 1 30 1 0
-8388607 127 1 30 0 127
-8388607 -128 1 30 1 0
8388607 0 3 30 0 0
8388607 0 3 30 1 0
8388607 127 3 30 0 127
8388607 -128 3 30 1 0
-8388607 0 3 30 0 0
-8388607 0 3 30 1 0
-8388607 127 3 30 0 127
-8388607 -128 3 30 1 0
262272 0 2047 30 0 0
262272 0 2047 30 1 0
262272 127 2047 30 0 127
262272 -128 2047 30 1 0
-262272 0 2047 30 0 0
-262272 0 2047 30 1 0
-262272 127 2047 30 0 127
-262272 -128 2047 30 1 0
8388607 0 3 31 0 0
8388607 0 3 31 1 0
8388607 127 3 31 0 127
8388607 -128 3 31 1 0
-8388607 0 3 31 0 0
-8388607 0 3 31 1 0
-8388607 127 3 31 0 127
-8388607 -128 3 31 1 0
524544 0 2047 31 0 0
524544 0 2047 31 1 0
524544 127 2047 31 0 127
524544 -128 2047 31 1 0
-524544 0 2047 31 0 0
-524544 0 2047 31 1 0
-524544 127 2047 31 0 127
-524544 -128 2047 31 1 0
357714 -215 1060 31 1 0
29700 110 894 8 1 127
-1272 0 601 19 0 -1
41 227 412 22 1 127
-5967 232 1813 16 0 67
-7917447 -161 1633 0 1 0
-799 77 257 12 0 27
-881 202 373 5 1 0
8029132 -145 1234 18 0 127
2776646 -48 1178 28 0 -36
4526531 68 991 18 0 127
-519 -223 1065 30 0 -127
-62 -103 158 5 1 0
860138 -15 881 26 1 0
508885 109 337 20 0 127
178825 -62 995 1 1 127
-16 124 698 21 1 124
-77 -107 896 2 0 -127
-65 -63 490 25 0 -63
-17558 -219 88 12 0 -127
117 -41 250 1 1 127
-4982826 10 286 14 0 -127
13145 190 738 3 1 127
-77 144 816 16 1 127
-168979 -48 237 10 0 -127
90 -136 1811 11 0 -56
335345 62 1462 24 1 91
-1947 212 323 21 0 127
1036267 -118 983 30 1 0
1270971 111 542 19 1 127
-355000 -255 787 21 0 -127
-221 202 1550 26 0 127
352796 -209 678 28 0 -127
-12100 201 1995 0 0 -127
159265 63 1912 3 1 127
-1365 -123 60 25 1 0
-32324 -38 58 0 0 -127
-1074 -53 1238 17 0 -63
115 150 333 1 1 127
-281482 6 546 22 0 -31
232 -237 173 2 0 127
8482 119 172 31 1 119
256794 -74 851 24 1 0
-58 -102 1111 21 1 0
-20486 90 146 2 1 0
-824 40 1478 25 0 40
-17709 233 981 3 1 0
-1468 53 1651 21 1 52
-296430 -155 1970 30 1 0
-16473 234 475 31 1 127
26 87 637 10 1 103
-95 -170 811 14 0 -127
-507824 -156 1613 18 1 0
-68675 177 342 23 0 127
-10934 185 786 22 0 127
-114 206 826 7 1 0
13588 -44 172 13 0 127
-27 213 1548 23 0 127
121 -105 1662 27 1 0
32563 254 827 14 0 127
8946 73 145 9 1 127
-3157293 132 1205 30 0 127
-108 -189 921 8 0 -127
-30765 203 1354 10 0 -127
254430 135 137 5 0 127
-92055 40 1711 30 1 40
-551263 -236 0 11 1 0
149632 84 268 31 1 84
20718 137 1571 3 0 127
-91 37 1368 3 0 -127
352040 -112 2014 5 0 127
21120 -220 1909 24 1 0
-77 226 620 1 0 -127
-3935870 75 431 22 0 -127
503986 -143 246 29 1 0
23 -126 1587 18 0 -126
-2042544 -217 1605 28 1 0
1683 109 308 2 0 127
11295 -229 884 14 0 127
5707981 56 464 9 1 127
5773258 -170 429 26 0 -127
84 -97 125 28 1 0
-461092 252 1329 16 0 -127
-23550 -132 1471 1 1 0
-9450 -246 944 23 0 -127
-3580556 -44 13 13 0 -127
22 121 100 14 0 121
1671 -141 1952 22 1 0
-1820 -43 1483 21 1 0
6074 78 753 5 0 127
1938187 -96 1542 9 0 127
539 -8 969 11 1 127
22254 -209 541 1 1 127
-91 -121 1721 19 1 0
1410 49 1452 5 0 127
250098 -197 1541 26 0 -127
148207 195 835 23 1 127
-333329 -67 444 17 0 -127
-3225292 200 1633 11 1 0
-157838 -3 1857 21 0 -127
27844 -168 1979 13 1 127
101 217 31 13 1 127
26 -97 1737 30 0 -97
-36989 159 1147 1 0 -127
-27454 -256 1050 25 1 0
-310312 2 1449 18 0 -127
-5527783 -220 288 16 1 0
3016221 -135 1020 10 0 127
83240 33 550 13 0 127
321730 29 1197 28 1 30
-3764380 -96 505 7 1 0
457059 -114 1224 22 1 19
-67088 232 2002 20 1 104
99 51 584 31 0 51
-1150450 -230 1455 30 1 0
-94 -173 1618 0 1 0
-69 -253 1107 18 0 -127
310 -61 431 27 1 0
17580 -84 1354 26 1 0
1616 -105 1294 8 0 127
1590 101 1592 27 1 101
-62581 -56 1799 13 0 -127
-454497 -17 346 11 1 0
-40 -18 1218 5 1 0
21159 213 220 27 1 127
9966 231 882 21 1 127
-106 -203 667 22 0 -127
-31834 -113 260 27 0 -113
4916210 -30 1858 12 1 127
-4954686 -169 1306 20 1 0
720 -227 181 12 1 0
-21 98 769 12 1 94
8156 137 1043 30 1 127
-1684 57 296 0 1 0
394681 -208 1688 31 1 0
-276565 -169 333 15 0 -127
1343 -38 1804 4 1 127
4847643 -216 738 15 1 127
-999 29 1442 20 1 28
18 -50 1215 28 1 0
368695 23 949 1 0 127
-5070049 -80 1698 15 0 -127
-31924 182 203 7 1 0
-17270 111 940 18 0 49
-1518 58 1340 14 1 0
77240 -81 562 0 1 127
-29454 -124 1620 9 0 -127
-5823164 -118 845 31 0 -120
-966 -17 1575 22 0 -17
-297767 -230 1468 31 1 0
-31112 -31 667 31 1 0
2145593 -176 1061 8 1 127
544 42 1573 3 0 127
33 -1 1405 28 0 -1
12343 -90 1248 1 1 127
-6436312 -102 1447 1 1 0
-116 -9 184 0 0 -127
-24046 -193 1412 27 0 -127
1629 189 581 22 1 127
645 162 1567 0 1 127
27872 -214 502 26 1 0
-2023 -115 606 5 1 0
-604 -4 90 10 0 -57
90 -150 1873 9 0 127
11829 129 111 2 1 127
55 43 617 29 0 43
3550377 -90 1657 21 1 127
299039 -241 1272 18 1 127
6 -217 1867 25 0 -127
202561 251 209 1 1 127
2 40 848 21 1 40
-5378 -138 1349 15 1 0
-795 82 37 3 0 -127
14836 42 1201 20 1 59
379596 -82 4 9 0 127
-260366 93 38 30 1 93
-2091965 -185 1736 17 0 -127
-2689091 -192 644 7 1 0
33048 62 1167 0 1 127
1073 69 1401 12 1 127
-2000 -97 1573 23 1 0
82 -23 64 23 0 -23
855 252 78 15 0 127
-8502 174 319 28 0 127
-313689 -64 673 28 0 -65
303546 22 1035 27 1 24
2609260 -164 1257 1 1 127
0 -49 1629 24 1 0
-443722 220 1452 8 1 0
-29583 151 1940 8 0 -127
49 113 18 4 0 127
113 -212 1288 1 1 127
-261577 25 1664 9 0 -127
117645 -195 667 8 0 127
-426323 -212 1586 11 1 0
-5610333 -174 714 16 0 -127
10215 3 1061 29 0 3
-203804 -217 724 2 1 0
-30 211 977 29 0 127
-15090 231 234 5 1 0
-88 -150 1751 22 1 0
16785 114 486 8 1 127
-35 -128 78 21 0 -127
83 -193 1274 24 0 -127
-2746049 110 317 26 0 97
220159 5 1268 29 1 6
-1797 208 1081 12 1 0
55 -158 505 1 1 127
-38 157 55 20 1 127
8255440 231 329 3 1 127
-29125 -158 328 21 1 0
113 -223 631 18 0 -127
64 89 642 9 0 127
-746 -8 1344 1 1 0
-431660 -25 984 18 1 0
-97 104 925 10 1 16
237578 -115 1583 0 0 127
-8199458 143 704 9 0 -127
37 -253 156 3 0 127
-3432797 -100 1555 1 1 0
173902 -3 564 23 0 9
5046173 -182 531 26 1 0
92 190 1006 30 1 127
1186 -11 1970 25 0 -11
3391 124 88 30 0 124
-27486 73 1600 6 0 -127
1166 -229 1724 25 1 0
107 217 661 10 1 127
337843 -94 1162 7 1 127
-14065 110 1936 3 0 -127
-9582 76 1212 24 0 75
23751 -221 1681 17 1 84
793 -119 541 7 1 127
-1793 184 1631 29 0 127
89 -115 693 9 0 5
-179 -226 555 31 1 0
1276393 87 485 26 1 96
757 83 592 24 1 83
1053 98 1598 30 1 98
327781 -156 630 9 0 127
-4804528 -47 455 17 0 -127
-345240 -220 42 7 1 0
143348 -146 1853 23 1 0
-44637 -94 319 10 0 -127
1301 -43 1794 25 1 0
-60 141 701 28 0 127
-342266 158 1370 14 1 0
117 -152 1100 31 1 0
32101 -71 941 23 0 -67
-13941 211 281 4 1 0
335507 -162 1087 30 0 -127
23 -112 1472 6 0 127
-58 -53 28 2 1 0
8064650 -147 1937 22 1 127
-126 -9 928 31 1 0
-3328 -247 2030 22 1 0
-89 56 1729 14 1 47
-219202 -19 1179 12 1 0
4312 137 529 7 1 127
28962 -22 1531 22 1 0
14314 154 1159 6 1 127
-16958 200 631 22 0 127
721 255 936 7 1 127
450506 216 903 25 1 127
-36373 66 6 5 1 0
18909 -24 1766 3 0 127
-328251 13 820 20 0 -127
-36 116 115 14 0 116
67 -252 531 7 0 26
110 -54 6 26 0 -54
-2444935 -17 929 26 1 0
-523513 190 860 24 0 127
648194 -227 1421 23 1 0
-242476 -162 1031 6 0 -127
-29606 -111 556 24 0 -112
2333272 -50 1725 7 0 127
-263094 202 1924 11 1 0
3013702 -125 1704 16 1 127
43 -17 1858 15 1 0
336135 -232 1830 0 1 127
-54561 183 987 16 1 0
-228606 -23 1805 18 1 0
-212215 -167 768 19 0 -127
-49 95 150 21 0 95
294228 -64 1685 31 0 -64
1154 -208 1388 12 1 127
1507 -101 2021 13 1 127
-4 243 1301 12 0 127
-97 -119 994 28 0 -119
89 37 1385 31 0 37
1004 109 1794 25 1 109
28648 -188 600 14 0 127
1180 219 860 23 0 127
79 -44 358 26 1 0
-1326478 -252 558 31 1 0
-385782 -176 2018 0 0 -127
230710 63 342 1 0 127
-7452817 120 628 29 1 111
100 29 899 24 1 29
3012280 -23 1080 5 0 127
536 240 259 30 1 127
17764 -232 477 27 0 -127
-1794 -135 1760 15 0 -127
1856 137 472 22 1 127
-7925 -195 1387 0 0 -127
-478249 8 1358 8 1 0
85 -187 1030 6 0 127
-4084862 240 141 14 1 0
-17 -75 942 25 0 -75
6341261 100 647 17 1 127
-1651122 -35 1907 20 0 -127
-32709 -171 1343 19 1 0
-85 -242 1197 7 0 -127
-6369 98 1839 5 1 0
5341054 -131 329 29 1 0
381 -10 1789 18 0 -7
-124 19 312 20 1 19
1256089 -207 1019 8 1 127
-6506616 141 1714 17 0 -127
8224 245 1838 7 1 127
-10547 -204 946 30 1 0
-6 -173 1262 6 0 -127
1537 -241 1483 26 0 -127
-116314 255 1153 17 1 0
462886 -197 672 22 0 -123
-810 -30 1232 9 0 -127
13405 -229 742 14 1 127
-55 -125 688 15 1 0
107 -52 255 26 0 -52
289204 -39 1576 31 0 -39
-1344 -245 334 0 0 -127
420234 26 1689 22 1 127
-22724 -95 993 13 0 -127
-94 200 1019 28 0 127
1313811 -243 605 22 1 0
6206 3 547 1 1 127
1203 91 1939 19 1 95
1846 47 1359 22 1 48
317238 49 963 12 1 127
124 -85 574 30 1 0
24041 52 1868 3 0 127
27370 -186 74 12 0 127
-32631 -35 757 11 1 0
593050 -247 67 1 0 127
-1818 146 2047 23 1 127
93 -138 101 11 0 -127
756412 105 854 24 0 127
-8589 -73 2032 9 1 0
-782093 -254 221 27 0 -127
-1350 173 1271 21 0 127
45 -115 1294 17 1 0
168999 20 319 29 0 20
4 158 1834 26 0 127
5675987 -127 460 7 0 127
92707 -154 1743 16 1 127
54 -180 33 2 0 127
-1042 161 1577 30 0 127
-14361 -169 1605 14 0 -127
1330 -228 193 25 0 -127
1583778 160 1657 3 1 127
-3509618 -126 849 10 0 -127
7368650 38 1097 16 0 127
-505428 -204 287 0 1 0
-895 -119 469 21 0 -119
-13716 82 256 5 1 0
31 205 1359 31 1 127
-5558042 -174 1292 28 1 0
482419 180 303 14 0 127
132940 -105 288 9 0 127
68 -138 278 17 1 0
29748 155 1307 29 1 127
-1741 137 1499 21 0 127
-1418 230 454 23 1 127
-204867 -232 457 2 1 0
59 -72 1396 17 1 0
354605 -255 967 30 1 0
-1691 235 675 24 1 127
7841528 -38 111 29 0 -36
6431715 66 1342 27 0 127
6024133 144 971 23 1 127
-1230 -40 1044 15 1 0
-24817 89 599 20 0 75
54 -79 469 28 1 0
-561 110 1020 5 1 0
358 143 1119 12 1 127
136995 -235 177 12 0 127
-2900626 213 331 16 1 0
356050 65 1578 3 0 127
43 -93 1090 28 1 0
5532031 237 1535 14 0 127
-82 -239 1355 6 0 -127
-107 -159 1278 5 1 0
-428 28 1210 10 0 -127
-804776 -116 532 14 1 0
112174 -108 1111 13 0 127
1285 -70 814 1 1 127
7708876 -127 1109 5 1 127
-987377 -252 587 13 0 -127
-257622 -108 1986 2 1 0
-620 211 1296 28 0 127
-8029 -154 1432 31 1 0
4289 -33 1170 25 0 -33
1028 -140 389 8 1 127
1413 11 799 11 0 127
24968 78 1540 3 1 127
280927 -128 622 2 1 127
6498583 169 860 29 0 127
-340315 -157 1647 7 1 0
-1784 -50 954 15 0 -102
4294361 160 285 13 0 127
1980 -163 784 6 0 127
-1835147 185 1617 16 1 0
-7419670 103 1414 13 0 -127
1560 -36 868 0 0 127
1669 227 374 17 1 127
165768 48 363 7 1 127
-21187 -21 557 26 0 -21
120 33 589 23 0 33
36 71 309 23 0 71
370 178 1551 25 0 127
1563 -178 1178 9 0 127
8028875 102 636 9 1 127
-5034 -137 646 8 1 0
5832321 -73 156 19 1 127
-5526986 119 403 6 1 0
-1698 -226 353 29 1 0
230043 129 665 15 0 127
-3024648 252 996 0 0 -127
-867 -98 726 4 0 -127
-20256 20 1916 16 1 0
-90 -112 1849 3 1 0
516 161 1599 1 1 127
-309 -165 589 15 0 -127
146126 -246 1025 26 0 -127
18119 -51 1221 6 1 127
-1717 12 1254 5 1 0
1637 -230 1582 28 0 -127
22789 223 797 10 0 127
-18747 138 1053 12 1 0
30910 157 543 31 1 127
-1921 -44 1388 16 0 -85
95 61 1321 12 1 92
-256867 -130 1023 22 1 0
-159874 106 1751 27 1 104
-18932 -167 1854 8 0 -127
69 235 972 25 0 127
-404146 47 698 19 1 0
-4213668 89 0 9 0 89
45 89 1852 12 0 109
27685 11 701 28 1 11
-76 -252 438 21 0 -127
-17690 52 378 6 1 0
-3 -143 673 28 0 -127
1763 8 687 28 0 8
4312186 -240 502 6 1 127
67 -43 1050 24 0 -43
247501 -65 1742 0 1 127
-546741 34 1420 20 1 0
6869 96 1117 10 0 127
1738 75 95 23 1 75
1218578 -3 86 6 1 127
-2274403 -54 1592 21 0 -127
123 167 1912 28 1 127
-27 -48 279 31 0 -48
79 29 851 5 1 127
116 94 11 12 1 94
417075 34 262 2 0 127
16897 166 1560 14 1 127
315709 -256 1781 18 1 127
1221 185 1617 19 1 127
4015611 55 1715 10 1 127
89 193 1805 19 0 127
666 -20 1543 1 1 127
-549 253 283 6 0 -127
-7315363 -22 733 0 1 0
-147820 40 1625 28 1 39
-7118249 -93 1961 10 0 -127
114 33 1250 19 1 33
8 83 1889 4 0 127
-3965 209 1267 13 1 0
89 -215 174 5 1 127
22 60 237 0 0 127
-6942283 -97 693 30 0 -101
-3716054 -236 552 6 0 -127
-69 -50 410 31 1 0
-70 228 1825 10 0 103
1003 176 532 5 0 127
-63256 -160 1548 23 1 0
4777842 58 991 5 0 127
5204029 117 1161 22 1 127
-124 -255 586 16 0 -127
-523 -138 2005 30 0 -127
1408 -114 167 11 1 1
-6540 -159 2027 9 1 0
-7928 -138 995 22 1 0
12 141 1461 2 1 127
1180 -222 1724 17 0 -127
-26651 18 325 21 1 14
8 -24 734 16 1 0
-4583359 -81 2037 12 0 -127
73728 -213 1056 0 0 127
-3064047 81 704 25 0 17
-1747218 -224 776 29 1 0
2843867 98 1495 7 0 127
238414 -66 1965 14 1 127
-7892387 -64 2024 26 1 0
-788 183 1561 28 0 127
-24489 -94 9 19 0 -94
-50 0 722 25 1 0
5743845 72 1738 31 1 77
0 66 1052 16 1 66
-475396 255 831 27 1 127
-448265 -234 1697 5 1 0
-113 248 1597 22 1 127
6539908 230 757 1 1 127
474 184 273 14 0 127
1664 -125 2036 20 1 0
1955 2 2012 21 0 4
56 14 1613 6 1 127
-904 -108 261 21 0 -108
-115 245 1928 4 0 -127
1773 -118 1057 5 1 127
-15653 223 1518 2 1 0
-77 -144 1255 19 1 0
-1990 230 1658 25 0 127
85 17 1991 27 1 17
-219310 183 842 27 0 127
-23370 -116 1904 20 1 0
26197 95 1007 10 1 127
736 -32 2036 9 0 127
6534492 69 713 5 1 127
182 108 477 7 1 127
10189 61 1365 0 0 127
-8317 -83 651 30 0 -83
4 -148 208 24 0 -127
448501 240 576 9 0 127
-51 -134 1655 6 1 0
-77 -34 1237 25 0 -34
6798389 17 1383 11 1 127
-9542 -91 350 13 1 0
-333877 83 1738 19 1 0
-57 101 718 31 0 101
-1515 -128 1802 27 0 -127
-3318 -133 1320 8 0 -127
528 252 1406 30 1 127
-30380 -72 1112 12 0 -127
24866 -78 449 3 1 127
4220733 173 1300 21 0 127
32031 -108 106 30 0 -108
-85 -237 566 7 0 -127
8104 -58 256 3 0 127
899 136 1507 26 0 127
-441168 -28 30 28 0 -28
-202446 -51 259 8 1 0
5879 207 1401 26 1 127
2126 55 1817 21 1 57
20131 31 58 13 1 127
20075 182 531 11 1 127
-649 -59 319 17 0 -61
-2182473 240 497 30 0 127
-139058 -137 222 2 0 -127
-58 -106 859 22 1 0
-79 129 2000 8 1 0
-1571512 -27 1818 18 0 -127
1379 -159 772 8 0 127
3358 76 692 28 1 76
-5031794 -164 1623 0 0 -127
765 189 1016 21 1 127
-4230973 80 268 30 1 79
-654 136 241 22 1 127
-1313 26 1876 0 0 -127
718 209 276 24 1 127
69694 -227 1656 1 1 127
-61 51 1349 19 0 51
408285 -249 1329 9 1 127
24 -74 641 5 1 127
6805564 -115 1720 21 0 127
3676831 -84 337 5 0 127
-25 233 784 1 1 0
1875 107 1034 28 0 107
25660 187 912 30 0 127
4882667 89 878 22 1 127
-598 31 817 7 1 0
-200596 53 1047 10 1 0
-89 -66 1598 26 0 -66
-1 -187 884 20 1 0
-5095836 -83 653 3 1 0
-4745 -194 2021 4 0 -127
-32 -81 2017 12 1 0
-5447787 -103 1526 0 1 0
-3122 55 49 26 1 55
40 30 1417 6 1 127
-3385958 104 157 0 1 0
93 -17 1763 29 1 0
-39 209 276 0 0 -127
-63 146 1571 11 0 98
-4781104 -226 167 25 1 0
-10334 133 107 20 1 127
-1644468 108 1007 2 1 0
-424268 -52 1385 29 0 -53
-1771670 -39 146 12 0 -127
9639 81 1248 9 0 127
5539359 26 226 24 0 101
8311115 -90 1556 14 1 127
-254307 197 1485 2 0 -127
1225 241 918 5 0 127
-695 54 115 20 0 54
-576 170 1050 0 1 0
-1684 -35 1821 17 1 0
-1 16 791 21 0 16
31729 124 1203 3 1 127
55 35 797 21 0 35
-416 -64 1550 7 1 0
789 144 110 2 1 127
2 -51 1231 5 0 26
5777776 105 735 9 0 127
5858 -78 1990 18 0 -34
-317229 -177 1956 12 1 0
38932 79 423 8 1 127
-15772 -192 1887 25 1 0
8070 239 577 18 0 127
-385174 218 727 4 0 -127
-39292 42 439 27 1 42
-7344077 -206 1655 26 1 0
-38 -90 443 7 0 -127
14199 241 1008 27 0 127
-2117167 93 742 1 1 0
-1206 66 1015 6 0 -127
510621 37 1372 5 0 127
78 9 1392 14 1 16
-24066 204 521 2 0 -127
65034 86 1041 28 0 86
9344 -8 1445 23 1 0
-102040 -239 1613 19 1 0
-7650073 -135 1287 1 1 0
-1289 -128 207 18 0 -127
-994 -172 913 27 1 0
-30051 -190 1887 17 1 0
-734 207 44 10 0 127
-1642 -162 1514 3 0 -127
2018 5 1278 23 1 5
-419530 -7 532 13 0 -127
-57 -148 170 5 1 0
419245 148 57 20 0 127
405 44 1646 3 1 127
-87905 146 1080 19 0 -35
745 17 1852 28 0 17
2048314 74 312 27 1 79
-73 80 431 12 0 72
-119 61 1894 7 0 -127
-28273 24 1234 16 0 -127
412832 232 1256 21 0 127
1490088 -147 1399 5 0 127
432775 12 1428 17 0 127
1673 221 1061 30 0 127
-40 -203 1028 23 1 0
-25294 137 1397 11 1 0
-431352 54 1307 17 1 0
50 -236 1838 11 1 0
1495924 14 2011 0 1 127
-50 99 955 7 0 -127
409313 131 150 20 0 127
107 0 869 11 1 45
76 -199 1082 6 0 127
-123 7 1733 18 0 6
30358 90 1087 21 0 106
-7 196 73 24 1 127
-25 -140 998 1 1 0
-74 248 2022 27 0 127
26123 -80 157 23 1 0
3165 -22 1601 0 0 127
-59 82 675 1 0 -127
-2931689 -98 321 8 0 -127
-2124556 161 1593 1 1 0
12357 -240 971 0 1 127
12104 -168 1519 23 0 -127
-130604 113 1033 9 0 -127
-2164242 -118 456 20 0 -127
-2835497 110 1046 29 1 104
-136477 148 1714 23 0 120
-13145 9 734 21 1 4
63 126 1098 22 0 126
-90326 -52 645 29 1 0
-193672 -255 1497 8 0 -127
333793 -160 213 24 1 0
-1700376 185 12 14 1 0
7885475 249 1741 25 1 127
30 -76 685 20 0 -76
6686612 -94 1597 14 0 127
-30438 212 1284 30 1 127
-1038593 63 117 31 0 63
-5635 126 63 18 1 125
-1994 -31 1584 8 1 0
-1693120 -128 1598 30 1 0
-241088 -225 1622 27 1 0
-14090 41 2042 16 1 0
-298426 217 827 11 1 0
-445099 163 829 18 1 0
30 20 667 9 0 59
-15679 -89 1421 13 0 -127
-75 -127 1033 18 1 0
-1548 29 1520 6 1 0
11054 10 441 3 0 127
22826 239 1300 14 0 127
360413 -171 1024 22 0 -83
-124 -127 1582 23 0 -127
11126 152 455 6 0 127
596 156 591 2 0 127
53 -44 1686 7 1 127
724 -164 422 8 1 127
-646 -36 1575 27 0 -36
-1955 31 1714 13 0 -127
3790235 84 1029 14 1 127
-1273610 -204 443 16 1 0
-109 -154 1342 21 0 -127
1107888 -156 985 19 0 127
72 235 611 20 0 127
-99 -115 162 3 1 0
-31188 178 1013 13 0 -127
-9873 46 417 28 1 46
1851 12 1961 12 1 127
-295 157 1436 27 1 127
-173743 -122 2007 7 0 -127
3196910 27 30 19 1 127
1191 -26 1185 20 0 -25
-28187 180 103 1 0 -127
80 51 1855 21 0 51
4428502 -148 1723 17 0 127
-26942 -193 1429 7 0 -127
-5091916 -221 869 26 1 0
-73 -71 498 9 0 -127
1909 10 1638 13 0 127
7987014 -180 935 8 1 127
-385125 -4 935 7 0 -127
505144 174 1049 12 0 127
4714070 -98 2020 8 0 127
17867 235 1868 26 1 127
-626259 -191 1224 15 1 0
-1320 188 1115 18 1 127
9170 -44 391 19 1 0
-1216 -8 1673 10 1 0
1379 219 1002 17 1 127
-385511 231 1802 6 0 -127
8 15 35 24 1 15
-1845 -90 247 26 1 0
23194 132 166 17 1 127
-7912716 -168 145 9 0 -127
673 179 572 18 1 127
-1437 19 602 12 0 -127
-1940 -228 1809 17 1 0
-7706390 134 1911 10 0 -127
-1973 153 1451 5 1 0
108 -19 1060 24 0 -19
419916 244 678 13 0 127
-5210473 -34 1637 20 1 0
-1562 70 1142 5 0 -127
107 -233 1958 22 1 0
-160775 -218 722 10 1 0
415 -204 223 14 0 -127
4011910 7 1862 18 1 127
2718240 127 535 4 1 127
-4575539 -157 628 10 1 0
-69385 1 1441 22 1 0
-8023755 -192 1722 7 1 0
-368907 -154 1866 9 1 0
1297 -222 1409 27 1 0
-14273 -171 1816 20 0 -127
-6909635 -31 1820 26 0 -127
-7245692 -55 1162 13 1 0
59 35 1573 8 0 127
413 -45 1835 18 0 -42
91 190 42 10 0 127
22156 -20 1100 25 1 0
-3181466 -163 1341 13 0 -127
263600 29 1349 12 0 127
-7163935 247 1011 13 1 0
-540 206 948 2 0 -127
1195 150 1731 1 0 127
1281642 59 182 13 1 127
277288 -141 1428 5 1 127
-3425 -211 414 22 1 0
493 40 405 0 0 127
6212989 -51 2028 13 1 127
5212320 228 659 9 0 127
6871999 -181 1690 20 0 127
46 210 790 31 1 127
-48 0 1195 18 1 0
-8323771 248 281 30 1 127
244675 235 286 19 0 127
447466 104 1812 9 1 127
-24332 7 856 8 1 0
-38 -252 1867 30 1 0
-2006 189 1441 19 1 127
-112 -209 1018 27 0 -127
64 225 859 7 1 127
-40 229 193 4 0 -127
-13690 192 649 13 0 -127
-1902 -194 1839 31 1 0
-1460 -193 196 3 0 -127
29643 -247 2024 16 0 127
-3360422 -175 1516 20 0 -127
-1295125 50 1015 10 0 -127
-23939 -153 1168 26 1 0
143029 -100 454 23 1 0
-33 -206 1673 1 1 0
2193315 -15 69 3 0 127
-9 79 458 5 1 0
28396 -197 436 27 0 -127
2769 -143 552 7 1 127
2264 118 221 4 1 127
14720 30 29 8 1 127
-3867 -47 310 27 1 0
-5940509 -91 720 14 0 -127
16898 -197 1463 13 1 127
-1617677 222 417 28 0 127
8273 93 100 27 0 93
18224 176 1531 15 0 127
16407 141 1155 12 0 127
64 -44 750 12 0 -32
16739 -192 424 2 1 127
-704 110 1890 26 1 110
5131 73 1751 10 1 127
1752 -114 1676 22 1 0
-113 -108 1463 20 0 -108
20 115 198 6 1 127
-655397 -240 1863 30 0 -127
-1426 -47 848 12 1 0
-31810 48 1146 0 1 0
-6396329 96 674 26 0 32
-219571 210 1948 20 0 -127
-29731 -172 1906 31 0 -127
-1571 -145 1551 6 1 0
1856 55 1582 0 0 127
-1106287 -86 726 29 0 -87
-123582 -245 185 30 1 0
37773 208 1384 6 0 127
-7026410 202 1987 30 1 127
-51639 -209 128 20 1 0
-30584 -233 817 21 0 -127
362 -70 1789 6 1 127
-69145 -192 1513 25 0 -127
502972 -150 1082 27 1 0
19545 108 1685 16 0 127
1700 119 879 5 1 127
64 172 833 27 0 127
143103 -138 69 13 1 127
-19 53 350 13 0 52
1511 77 1200 10 0 127
8190991 -249 538 31 0 -127
29 197 1096 12 0 127
7206 -117 757 20 1 0
13119 205 1973 26 0 127
6841785 -42 1081 26 1 68
-394935 94 2012 21 0 -127
32036 117 1797 4 0 127
1116633 46 1787 21 1 127
49 201 1689 2 1 127
3403120 -250 1451 1 1 127
5894201 -31 241 19 0 127
-1092019 -139 1658 7 0 -127
9009 91 209 28 0 91
-7779578 160 1025 30 1 127
-903659 44 664 15 0 -127
-15239 -7 1109 22 0 -11
2548250 -104 257 24 0 -65
-340 134 668 31 1 127
-5719321 -159 1260 13 0 -127
50 -167 1843 18 1 0
265794 26 911 23 0 55
18708 122 484 9 1 127
4518195 102 1092 9 0 127
-50 -161 1054 2 0 -127
3554433 142 1427 6 1 127
-25 164 84 26 1 127
-198813 -149 328 21 1 0
1895488 -37 2020 29 0 -30
1236707 224 1491 6 0 127
12763 214 618 17 0 127
103 -71 2022 19 0 -71
-1472 -10 662 29 0 -10
52 87 1751 22 0 87
82 241 364 29 1 127
46 234 485 19 0 127
4076340 -214 743 19 0 127
29824 -27 1552 21 0 -5
11628 201 836 29 1 127
2225725 184 1755 30 0 127
1885 -204 786 2 1 127
-47 -150 669 13 0 -127
91 -63 87 10 1 0
-1073 175 1373 14 1 85
-72 -144 815 6 0 -127
-5525064 -175 38 11 1 0
-217759 60 1202 14 1 0
-15630 251 680 21 0 127
-1010 147 1943 24 0 127
-2277924 -237 1153 6 0 -127
-453194 -103 865 19 0 -127
-1887 204 1550 27 1 127
199 -180 1447 31 1 0
-30468 -224 471 30 1 0
1618 -249 1032 15 0 -127
542 27 135 25 1 27
-53 -63 1293 1 0 -127
-83 -32 1451 6 1 0
-6609 -65 1795 28 1 0
-1281 -70 509 21 0 -70
4 187 1243 13 0 127
-4 -41 1268 16 0 -41
-53 255 1077 8 0 32
-26 -2 909 8 1 0
2023 251 420 23 1 127
-2429051 -255 1678 8 0 -127
248509 -53 836 22 0 -3
8377901 -205 1693 29 0 -127
2389385 -50 1291 10 0 127
31541 -182 1648 19 0 -83
-1911 230 472 13 1 120
7162 41 29 22 1 41
-121 -231 1918 3 0 -127
-100 6 1273 4 0 -127
-14 -221 1281 21 1 0
121 157 1186 1 0 127
13159 73 699 26 0 73
-413729 -227 1097 13 1 0
-1950 155 1055 15 0 92
-37 207 610 14 1 127
18523 -177 1951 14 1 127
-28370 118 1219 16 0 -127
10788 43 1122 24 1 44
-89 171 807 11 0 127
15926 197 1806 26 0 127
6528906 94 387 13 1 127
-18961 -234 129 4 0 -127
5795184 72 389 5 1 127
32177 222 244 19 1 127
29361 -126 927 3 1 127
-321692 -1 928 2 1 0
69 88 1705 22 0 88
4489099 211 527 26 0 127
-1737 126 1889 29 0 126
1248 -123 1218 2 0 127
1422125 11 974 5 1 127
121 72 738 19 0 72
-24 -30 1486 11 1 0
-2457 61 794 3 1 0
5161 140 1103 5 0 127
-61 -23 3 8 1 0
-734 242 153 31 1 127
-380934 110 490 13 0 -127
-779 30 1953 19 1 27
-7517 95 845 8 1 0
-181724 -29 1763 24 1 0
804 58 1893 8 1 127
417179 162 864 3 1 127
-6703716 237 192 26 0 127
-121 2 720 4 0 -127
10797 -234 1225 25 0 -127
329008 82 842 15 0 127
6489886 137 1286 28 0 127
-5116013 33 1853 7 0 -127
-222 93 1680 21 0 93
31816 -242 458 9 0 127
3474 -126 980 10 1 127
-3708 -16 186 12 1 0
-9947 148 1920 31 0 127
281652 53 930 7 1 127
46942 67 352 6 0 127
2006 -72 240 29 0 -72
7741454 -124 106 15 0 127
-1790 92 1431 30 1 92
11262 74 349 19 1 81
122 69 1435 27 0 69
-120 -99 1502 15 0 -105
-76 58 1745 24 1 58
29782 -196 965 17 1 23
160413 -199 336 4 0 127
-15129 -203 1237 16 0 -127
2425026 -37 847 8 1 127
-198453 -174 1081 24 1 0
5642 188 1355 12 0 127
-220421 66 300 8 0 -127
-4069336 239 1273 2 1 0
-215923 141 350 15 1 0
161907 -27 180 1 1 127
5080704 -109 897 14 1 127
-2513109 -107 206 15 0 -127
-8252685 -12 471 4 0 -127
-19 -99 889 21 1 0
5312955 -173 1512 5 1 127
-267217 77 213 4 0 -127
6256 -220 695 6 1 127
4527 -81 1859 27 0 -81
-1283 -131 1700 10 1 0
6837652 -74 0 6 0 -74
-201898 -45 1344 3 0 -127
185975 -125 1064 21 1 0
72 -252 1166 19 1 0
2266565 250 1257 3 0 127
-256430 -131 133 13 1 0
-1068 -28 780 18 1 0
27839 233 1713 13 0 127
-18 118 680 19 0 118
94 162 1389 13 0 127
-21307 -124 242 21 0 -126
-1502 -144 455 3 0 -127
1041 56 124 28 0 56
-1948 -18 675 0 1 0
5342 -71 1611 20 0 -63
-1071 -108 1940 9 0 -127
-7253233 48 889 7 1 0
26205 240 911 17 1 127
110132 198 897 26 0 127
297936 -51 499 23 0 -33
-93 -235 1667 22 0 -127
650 190 446 2 1 127
117781 23 1594 17 1 127
-3210674 -128 68 4 0 -127
34 116 1914 27 0 116
-396951 109 1571 29 1 108
112121 -144 711 18 0 127
5191232 7 570 5 1 127
112433 188 11 31 0 127
1146161 -49 54 19 0 69
235370 135 1498 24 0 127
-31717 -196 418 26 0 -127
180596 -32 1393 21 1 88
-13515 64 1390 5 1 0
3173 32 622 26 1 32
-1192 -21 1102 28 0 -21
-14624 26 193 0 0 -127
10936 -137 1848 3 1 127
1943 -35 933 21 0 -34
6 246 1917 19 1 127
-8461 -163 480 8 1 0
-21512 40 681 30 1 40
1014 24 1109 21 0 25
-4296 -156 1193 24 1 0
28171 -159 283 15 0 84
-127082 112 1088 2 0 -127
60 198 1170 19 1 127
-1927 47 669 1 1 0
-271945 191 1936 5 0 -127
391834 -26 1128 8 1 127
-343686 105 1696 19 1 0
421718 64 1266 5 0 127
-90 -4 1739 28 0 -4
7225906 -233 730 9 1 127
2716662 -86 1374 10 0 127
297894 -83 396 23 0 -69
-321092 -101 1360 2 0 -127
8115 24 712 13 1 127
-482562 19 1638 7 1 0
17292 39 1209 5 1 127
322 229 84 15 0 127
-117 87 1735 9 1 0
-76 -156 1262 29 1 0
1462 4 1481 16 1 37
129210 238 1789 15 0 127
77007 -119 399 11 0 127
4120 27 434 20 0 29
-28 -189 1302 2 1 0
7925311 181 492 10 1 127
-150 65 736 2 0 -127
-28 -159 203 31 0 -127
-7010 108 1747 10 0 -127
-2816118 208 1575 12 0 -127
5948160 248 614 26 0 127
-662 67 656 26 1 67
5786453 171 1189 13 1 127
350061 -27 1886 5 0 127
7584476 -220 1329 21 1 127
68388 -183 250 4 1 127
189 -7 358 6 0 127
27 191 1049 5 0 127
-62 -17 344 27 0 -17
3397877 -178 847 14 1 127
-5339933 -28 1896 10 1 0
4180524 -1 570 7 1 127
-400527 156 890 27 1 127
-4161603 139 160 0 0 -127
3888653 -225 538 5 0 127
-700 141 1522 13 0 11
-106823 -109 952 30 1 0
13503 -95 1130 19 1 0
-1499 -7 815 26 0 -7
66740 -45 690 2 1 127
-28213 41 768 31 0 41
-44 -42 1513 29 1 0
-1000 -71 1975 9 0 -127
-7046300 156 543 3 0 -127
4440364 -40 1955 0 1 127
-4224342 10 1897 3 1 0
-410444 240 562 8 1 0
161844 -194 342 12 0 127
83 22 849 7 1 127
689 233 1606 12 0 127
-375680 240 1985 1 1 0
-2034 -55 928 19 0 -59
120 146 1600 11 0 127
-89 -155 2027 6 0 -127
1166 72 1123 3 1 127
2562519 -156 1395 16 0 127
-24900 -222 1651 22 0 -127
211626 -66 1000 11 0 127
24709 214 563 13 1 127
-1035 -29 571 5 1 0
462212 97 36 9 0 127
-436 -212 76 16 0 -127
-7148959 192 1064 22 0 -127
42773 74 1644 21 1 108
8822 -59 1245 31 0 -59
-106 29 1460 10 1 0
17459 -5 100 9 1 127
1276 55 1080 1 1 127
59 95 1339 14 0 100
-30392 -86 1289 13 1 0
-706 144 1411 24 1 127
24336 158 1198 14 0 127
-21568 93 1881 9 1 0
-5594180 6 871 10 0 -127
9870 -240 1395 0 0 127
30275 -152 996 24 0 -127
-26095 -251 1414 17 1 0
-128 141 984 29 1 127
-16156 138 111 13 0 -81
-389026 -161 1273 4 1 0
1468 -139 461 13 0 -56
-466 -51 1508 5 0 -127
-7139 -59 1125 5 0 -127
7702628 -13 289 22 0 127
1873890 -80 862 1 1 127
3201181 -25 1646 8 1 127
-3013738 251 305 13 1 0
29085 171 1043 11 0 127
29593 -215 292 2 1 127
7817242 190 1993 7 0 127
61 142 1064 22 1 127
645 -103 496 22 0 -103
13245 152 426 20 0 127
69079 3 1464 10 0 127
-29 228 379 20 0 127
25293 -84 1753 13 1 127
1922 -123 1938 30 1 0
-7277421 -41 673 4 1 0
519542 150 1651 2 1 127
-740 12 667 10 1 0
51 -27 1655 20 0 -27
6527980 -145 1629 24 1 127
25155 70 1581 29 0 70
2027 239 1809 11 0 127
-1128 100 525 11 1 0
-218 161 1924 11 0 -44
557694 42 386 1 1 127
23152 -216 1028 30 0 -127
7471626 237 1378 30 1 127
858038 -217 294 5 0 127
-280 24 1295 11 1 0
-55 -166 93 23 0 -127
477 155 1944 3 0 127
-16603 57 596 24 1 56
459812 75 694 15 1 127
-10253 160 1565 21 1 127
5285259 -110 1815 5 1 127
-114397 -231 1798 14 1 0
-124 43 2 3 0 12
2732587 114 1436 5 1 127
-59 -196 282 21 0 -127
622616 -108 1411 15 0 127
188771 182 1628 24 1 127
-126 196 1067 7 1 0
123 86 1617 24 0 86
-8368844 -73 1683 25 1 0
-99 -94 1450 11 1 0
30541 64 1222 6 1 127
1999 -219 1875 27 1 0
-7272 -249 1527 15 0 -127
1090 59 697 1 1 127
4119666 213 729 26 1 127
144 96 1280 24 1 96
65 -46 147 13 1 0
-2869 -1 2011 30 0 -1
-60 -103 1111 20 0 -103
64 -87 1537 29 0 -87
28560 121 1252 24 1 123
-6221488 173 1921 19 0 -127
85 44 1833 30 1 44
13115 -126 1413 19 1 0
-370 58 348 29 0 58
-17485 -88 1472 30 0 -88
-2221728 173 823 17 0 -127
3372905 -255 1305 21 0 127
-1312 135 171 24 1 127
-1015 -155 1417 13 0 -127
5439904 -91 1790 1 1 127
-21593 -254 1851 18 1 0
-27442 172 133 2 0 -127
-8330601 -108 352 12 1 0
138076 -146 412 15 1 127
-37 -73 964 31 0 -73
-38462 86 1110 24 1 83
-128 162 330 22 1 127
-6454543 -208 1522 11 0 -127
891 -221 1358 15 0 -127
-21042 -174 224 6 1 0
294328 157 2038 21 1 127
-61 203 381 21 0 127
193248 -224 1819 26 0 -127
28390 220 980 22 0 127
-1009610 -179 1008 5 0 -127
400653 -10 1233 6 0 127
-401443 -240 637 3 1 0
-458 188 601 2 0 -127
-1867 -43 275 9 0 -127
1237 232 38 29 1 127
-29841 193 715 31 0 127
-29 219 125 20 1 127
75 -70 1576 27 1 0
1333 17 493 26 0 17
-31562 236 1215 24 1 127
221708 232 1000 1 1 127
-19 59 1038 27 1 59
4173 -127 100 15 0 -114
8302858 -47 2027 31 0 -39
7438685 -211 72 6 0 127
-5798665 -9 620 27 1 0
-295 9 1881 18 1 7
41 -25 1707 13 0 -16
-59 25 1474 14 1 20
-1899 -180 2019 17 0 -127
54 131 1719 28 1 127
21906 30 1190 21 1 42
-127 118 509 24 1 118
8336583 235 1499 9 0 127
74 -6 434 8 0 119
3304 220 1057 14 1 127
-55 -22 1443 21 0 -22
-279776 253 1035 12 1 0
-434153 188 250 24 0 127
-89780 78 88 9 1 0
7024497 174 146 8 0 127
1971 -181 187 4 0 127
38 -189 1482 2 0 127
-376058 -52 1266 19 0 -127
1924 -74 973 22 0 -74
103 68 1542 2 0 127
-7859373 -67 292 15 1 0
-370644 -196 903 28 0 -127
-1690 -84 1854 15 1 0
35 184 1816 15 0 127
8 128 1980 25 0 127
5598 12 22 13 0 27
1778 -249 365 25 1 0
126 -246 1499 28 1 0
12 22 828 11 1 27
-21178 -148 1671 24 0 -127
1997 14 1759 28 1 14
333194 171 1039 6 0 127
5670178 -237 1301 11 1 127
1686555 -220 1325 0 0 127
-2 119 827 4 0 16
-18 -66 1419 17 1 0
124 -102 1743 0 1 127
1871 85 31 0 1 127
-602 146 1943 31 0 127
962 238 1484 27 1 127
2737 34 2006 6 0 127
9 142 1611 12 0 127
-478891 76 2034 15 1 0
2708179 -193 139 14 1 127
517754 27 1157 5 0 127
-20982 -148 970 20 0 -127
1972 166 485 22 0 127
-50 -129 447 24 1 0
-158660 71 2029 1 0 -127
10482 -12 695 24 1 0
-19121 143 1413 5 1 0
-5494 185 1419 5 0 -127
-470636 -7 299 18 0 -127
71134 187 215 16 0 127
4258135 -42 1531 13 0 127
-378337 129 498 11 0 -127
-83675 -78 1281 10 0 -127
24361 169 188 12 0 127
-148324 -21 1881 29 0 -22
-289545 12 879 24 0 -3
-77 -134 1654 13 1 0
-69 115 900 1 1 0
-58 -150 563 4 1 0
-4467 -88 1096 5 1 0
5341 65 470 15 0 127
334529 -112 315 15 0 127
24307 39 1678 3 0 127
297146 31 106 25 0 32
-71 -236 1168 2 0 -127
-224055 243 386 5 0 -127
-94132 -3 967 0 0 -127
-17 -42 1801 23 1 0
-31396 189 1592 24 1 127
161686 -101 29 13 0 127
309045 -123 2007 17 0 127
156289 -63 70 26 1 0
-1097 -9 1300 25 1 0
-8810 -57 1017 24 0 -58
-4801 50 32 11 1 0
9508 88 1675 28 0 88
-21541 -3 1496 23 0 -7
39 -160 1535 16 0 -127
13 -118 1801 17 1 0
-89 -114 490 4 0 -127
-6511209 -123 1377 6 0 -127
-615 102 548 16 1 97
-736 -253 1206 13 1 0
1086 249 1341 16 0 127
-3521396 15 943 19 1 0
-21 76 621 5 0 -127
183387 -169 955 18 0 127
13 -241 109 5 1 0
8911 180 1716 8 0 127
5565829 204 1465 19 1 127
99 180 460 27 0 127
25610 15 681 25 0 16
5303556 -61 564 10 0 127
-450 119 1220 18 1 117
-437454 94 1136 18 1 0
8378619 -236 1155 27 0 -127
-1404 -10 1169 14 0 -110
-348011 -27 339 16 0 -127
4411943 130 501 28 0 127
9 -90 1466 31 0 -90
350 104 788 9 0 127
-77922 249 755 9 1 0
-30726 -97 1068 4 1 0
-268231 178 980 28 0 127
-18879 180 1136 4 1 0
-7963 -168 757 4 0 -127
-264907 93 1321 7 0 -127
6598 -141 553 21 1 0
-858 -213 1385 19 0 -127
294 192 21 16 0 127
-7947555 -44 757 26 0 -127
1651 159 1812 29 1 127
6323773 238 363 17 0 127
-113370 -175 342 22 0 -127
299689 170 772 21 1 127
33 -120 1252 18 0 -120
-1587 -85 1125 20 1 0
56711 157 936 12 1 127
153681 -75 124 17 0 70
-3490 158 503 26 1 127
329129 167 362 0 0 127
-32031 -21 540 11 1 0
-402 178 164 11 0 127
-60 27 1143 17 1 26
-1417 -171 91 19 0 -127
-7788816 77 257 20 0 -127
-5980070 200 1983 30 1 127
7150923 -13 441 3 0 127
89 163 1966 13 0 127
-32188 191 848 31 0 127
-4856112 28 1669 8 1 0
-1797 -71 1772 14 1 0
-55 151 1868 25 0 127
106435 -195 1115 14 0 127
-162193 73 899 3 1 0
342154 -228 972 4 1 127
1959 -155 402 30 1 0
-481644 -92 730 28 0 -93
-246073 181 1223 3 1 0
-502 241 293 8 1 0
-4753280 -27 1673 31 1 0
-16853 -184 1793 27 1 0
-898 103 306 1 1 0
532 -170 595 14 1 0
16 -249 301 27 0 -127
-430088 -188 470 12 0 -127
-443060 157 1302 24 0 123
110405 126 1930 3 1 127
23 33 1016 11 1 44
-1266 -62 958 28 1 0
-125 -123 699 6 0 -127
-111598 194 1956 12 0 -127
27 -119 229 27 1 0
2651 226 1624 16 1 127
-364734 -157 1936 4 0 -127
15332 -186 1693 17 1 12
479 55 234 19 0 55
-121871 188 169 13 1 0
878195 -183 1855 10 1 127
36 -197 678 11 1 0
11052 -246 316 9 1 127
23238 -231 1487 4 1 127
3089110 -107 1887 6 1 127
1608 131 1974 19 1 127
1415 67 99 31 1 67
360 65 873 7 0 127
1336 -216 2014 21 1 0
30655 -148 8 1 1 127
22424 -19 1588 14 0 127
-5095599 22 69 25 1 12
20399 -68 1478 24 0 -66
5883675 84 1058 21 0 127
-2406941 198 977 12 0 -127
-179450 -253 759 22 0 -127
-1805 -91 340 20 1 0
-5652481 77 121 2 1 0
-76 169 1967 24 1 127
-28145 -9 1110 12 0 -127
8218184 -251 113 0 0 127
912 215 2026 6 1 127
1739 -66 1511 29 0 -66
108 -228 1911 24 0 -127
108 -172 461 9 1 0
-1765 -129 179 27 1 0
-16752 124 1700 31 0 124
-30 -129 725 29 0 -127
350718 -117 66 8 1 127
-65 -21 1015 1 0 -127
-108 78 783 23 0 78
-15959 69 917 3 1 0
-61 79 1957 9 0 -127
204395 -118 181 10 1 127
11725 -6 1092 26 1 0
-30539 231 1202 9 1 0
-1915 245 1261 30 0 127
61 -4 982 24 0 -4
-322729 -76 1045 6 1 0
-947 210 1690 24 1 127
-1390 -161 1754 20 1 0
346887 165 1423 25 1 127
-2510 -223 479 18 1 0
-6589183 64 1240 20 1 0
-64 -222 428 25 0 -127
23 -20 1278 6 1 127
54330 -191 61 14 1 11
-7607824 -184 1089 9 0 -127
-100 37 261 5 0 -127
-384162 -233 2013 8 1 0
277967 85 1902 8 0 127
1517 -34 302 17 0 -31
1719436 222 1576 12 1 127
-1211 161 218 4 1 0
7631 -87 525 1 0 127
22 -220 936 11 1 0
5612356 84 481 30 0 87
463711 -207 440 10 1 127
25490 -33 1696 19 0 49
-78 210 71 18 0 127
1119 -101 959 7 1 127
-461 -89 1993 23 0 -89
69 -230 1671 17 1 0
-21136 -44 1447 4 1 0
-1 159 370 4 0 127
1847643 -219 1590 1 1 127
-319203 98 877 31 0 98
-93 -64 560 17 1 0
-529 147 1956 7 1 0
21504 -185 1558 23 0 -127
-54 42 902 28 0 42
2040 -63 825 12 1 127
4668 -13 1046 30 0 -13
-5743 -228 1356 4 1 0
-140323 223 129 2 1 0
-220 -17 1661 0 0 -127
-70861 137 1444 31 0 127
126 -4 485 12 1 11
395 -139 249 21 0 -127
-14763 -188 1280 24 1 0
1287080 -182 417 30 1 0
-1886 -156 1549 12 1 0
432418 93 1091 25 1 107
93 5 786 12 0 23
944 242 1468 29 1 127
-26474 197 1343 22 0 127
-30491 -120 891 4 1 0
-164479 -60 328 24 1 0
12633 -70 1577 0 0 127
-106 224 87 14 0 127
194008 106 1780 22 1 127
-672044 -187 1150 19 0 -127
-24 92 1165 29 0 92
-1040 -167 631 24 1 0
-437467 212 1225 24 0 127
-379 106 1648 8 1 0
22258 182 1066 21 0 127
-451555 38 1860 26 0 25
-1103 -5 1631 8 1 0
7548315 -62 1094 19 0 127
917 -16 187 19 1 0
8110485 47 1626 26 1 127
-128 -125 1411 6 0 -127
153 187 2005 2 1 127
62 -161 1879 18 0 -127
27965 151 2029 0 1 127
-16418 233 1330 18 0 127
-919301 -192 782 21 1 0
-16 229 1691 27 1 127
-3868296 250 575 4 1 0
817 76 1159 5 1 127
-5484302 160 955 16 0 -127
-114 -66 388 14 1 0
-27741 -154 1676 18 1 0
-95 151 310 10 0 122
-61455 -68 1756 27 1 0
4664370 190 1994 5 0 127
-23951 -138 1845 28 1 0
157054 -15 1035 10 1 127
95 -152 682 14 0 -127
469241 123 1432 29 1 124
-3650 -213 1357 5 0 -127
136536 -117 1789 29 0 -117
1818 -106 281 27 1 0
-420928 80 1702 2 1 0
823783 -248 564 16 0 127
26012 195 2032 19 0 127
-269301 -121 709 7 0 -127
1316 -218 808 24 0 -127
-19 39 850 25 0 39
-67 186 975 19 0 127
107 250 1441 26 0 127
-31 -133 187 9 1 0
-7363 -227 862 17 0 -127
-52 107 482 1 0 -127
-5739247 24 1119 27 1 0
-14029 126 422 13 0 -127
-2151706 -128 1199 9 0 -127
-24970 -62 875 11 1 0
6191 -32 141 9 0 127
1047 -230 1874 5 1 127
-106 123 1702 15 0 117
110 -123 612 27 1 0
-24789 83 1663 21 0 63
12779 164 1938 13 1 127
19613 150 775 9 1 127
-100 -56 1263 0 0 -127
454771 -151 1401 2 1 127
-1341281 -63 920 5 1 0
-7799345 -177 242 8 1 0
-313474 187 950 29 0 127
427 -65 1046 15 0 -51
4157994 207 127 7 0 127
2631338 -159 1534 31 1 0
10197 22 1560 12 0 127
-239306 146 1094 19 1 0
-3883696 138 286 3 1 0
90050 -32 430 28 0 -32
-3529454 -90 1428 21 0 -127
482500 -61 305 11 0 127
-211146 249 123 25 0 127
-1455 148 238 1 0 -127
7832400 56 1192 30 0 65
-7858022 -231 807 22 0 -127
1635 -181 1312 20 1 0
2833 120 1802 13 1 127
43 118 1706 6 0 127
1898 204 1235 22 0 127
-10 37 1378 5 1 0
1463 -164 788 4 0 127
9 145 854 5 1 127
-124 -89 630 0 0 -127
-523 43 766 13 0 -6
-2366893 78 1337 26 0 31
2250067 43 593 25 1 83
-38 8 644 23 1 8
-1354 -212 1839 24 0 -127
-8076 -164 1001 22 0 -127
106 -164 1379 10 0 -21
-90 -185 880 25 0 -127
3712396 -148 335 21 1 127
5861334 141 939 29 0 127
-89 -226 1800 22 0 -127
-17721 -179 592 12 0 -127
-7048116 243 481 12 0 -127
-10476 -108 891 15 0 -127
-339 -176 960 10 1 0
29 215 1460 9 0 127
5 9 1213 19 0 9
-575 -238 237 28 0 -127
-258695 -130 1355 23 1 0
-1362 18 786 10 1 0
110 221 1212 2 1 127
-29177 29 910 12 0 -127
-781 137 1843 7 0 -127
4371823 55 1070 31 1 57
-160621 -22 1947 3 0 -127
2241083 -84 501 27 0 -76
-198823 150 724 3 0 -127
-2314411 -176 1678 11 0 -127
3083 107 1772 14 1 127
1409 -161 1003 11 0 127
2212859 43 83 26 0 46
9911 224 764 15 0 127
91 -198 1121 20 0 -127
116 146 1641 14 1 127
4062712 -111 1703 19 1 127
-23341 127 657 4 1 0
-667512 132 184 6 0 -127
1032 -89 874 7 1 127
-509 144 747 0 1 0
-6538916 -231 392 30 0 -127
7199835 -236 760 16 1 127
604445 -40 1442 26 0 -27
-86 180 1520 14 0 127
98 140 1924 19 1 127
-1003 -222 610 10 1 0
39 146 1732 10 0 127
1489 -188 1354 30 1 0
-2961854 -110 23 31 0 -110
-2036 68 807 31 1 68
-1912230 -192 848 16 0 -127
-2030 10 386 30 1 10
2613084 -55 86 16 1 127
25 151 30 25 0 127
-24 -21 634 20 1 0
1250 183 1308 22 0 127
5603 124 670 1 0 127
423836 -30 960 21 0 127
947 -78 1482 14 1 8
-77 255 174 27 0 127
-24745 124 409 17 0 47
-8103663 42 1832 29 0 14
63 144 1563 6 0 127
-328697 -21 597 24 0 -33
8 -179 563 18 1 0
-1745 -177 1558 15 0 -127
1090 199 87 1 1 127
-4727 -192 425 16 0 -127
384159 78 851 24 1 97
92 -251 1736 0 0 127
-11 37 871 1 1 0
-14 179 1005 19 1 127
303480 112 50 1 0 127
619451 33 1779 10 1 127
312718 51 1082 1 1 127
-9081 82 1371 29 1 82
384432 -70 2003 22 1 114
-488 238 709 26 0 127
114 -94 998 15 1 0
308258 -121 1665 4 0 127
3706712 4 1352 10 1 127
-169 -169 1803 1 0 -127
-27116 68 1654 6 0 -127
86 181 455 27 1 127
1197 -178 1736 20 1 0
547 -25 1570 25 0 -25
-32 69 13 31 1 69
296699 243 1780 8 1 127
2053 -89 947 11 0 127
-144660 228 711 13 1 0
-202131 -89 199 10 0 -127
-93 45 1415 29 0 45
-5677190 194 839 27 1 127
-257653 132 429 11 0 -127
392037 142 121 16 0 127
484474 -75 470 16 1 127
5847388 54 568 18 1 127
-459512 34 144 16 0 -127
111 -164 1494 2 0 127
-115 184 1311 16 0 127
485 -189 1003 20 0 -127
136418 -182 1060 19 1 94
38 -226 1197 29 1 0
102 229 199 1 0 127
-153662 -141 12 15 1 0
-508989 98 1558 9 1 0
-19 132 1124 11 1 122
-457733 218 2021 5 0 -127
3381393 -92 1360 21 1 127
-15936 152 1698 9 0 -127
144944 -198 1952 28 0 -127
-50 159 472 22 0 127
62 -231 424 23 1 0
88 23 1493 27 0 23
-47 99 1421 26 0 99
-281253 -182 1236 10 1 0
1330 -22 1179 11 0 127
1798627 -224 1657 27 0 -127
-743 101 338 9 0 -127
175597 198 1162 28 1 127
-481746 -241 353 31 1 0
1262328 188 376 23 0 127
1242 36 1772 22 1 37
100 198 750 20 0 127
10204 150 1448 16 1 127
480020 90 1718 6 0 127
31 -21 890 9 0 33
120 94 1684 23 1 94
29415 214 1243 23 0 127
-471375 -216 1333 13 0 -127
300095 -100 1617 19 0 127
-498 -103 797 25 0 -103
12 229 1673 18 0 127
-873 -213 1528 23 1 0
-24234 -244 1285 7 0 -127
-20 -126 913 25 0 -126
-13612 161 154 13 0 -95
-521056 -111 1401 21 1 0
26982 76 1364 0 0 127
1100 -81 529 25 0 -81
79 2 1894 15 0 7
338369 198 233 24 0 127
354618 -236 2008 14 0 127
-91 -185 1458 4 0 -127
-34 63 591 30 0 63
-188 75 1483 4 1 0
8278736 -142 497 7 1 127
490 -68 1143 30 1 0
2013 194 1562 0 0 127
3987 -153 911 1 1 127
452 -80 802 22 1 0
-86 210 232 0 0 -127
-7992460 -31 543 1 1 0
-2005 -136 1526 7 0 -127
2873554 -18 169 1 1 127
467072 -198 162 27 1 0
-156225 -172 830 13 1 0
-1123 -154 1792 9 0 -127
-3248441 -53 1036 19 0 -127
152792 33 635 4 1 127
123 -18 243 2 1 127
124 88 1895 23 1 88
-1709 -235 859 21 1 0
1771 90 1353 10 0 127
-3293337 87 886 24 1 0
243617 123 1372 0 0 127
65 136 668 15 0 127
-6077 -135 46 30 1 0
19166 13 1678 27 1 13
-20655 -209 1083 16 0 -127
5806514 211 1430 18 1 127
-39023 -188 1928 5 1 0
-177675 -86 1291 18 1 0
2075908 -61 931 25 0 -3
-1149 -251 286 5 0 -127
1985 12 188 8 1 127
-1365 55 1058 30 0 55
-70 131 398 17 0 127
-1624231 163 1005 13 0 -127
-91850 -41 290 25 1 0
59 -189 1600 1 0 127
-1391 -233 1548 31 1 0
2301621 -103 820 5 1 127
7427089 81 1539 7 1 127
-30411 -96 508 1 1 0
2372523 -130 983 6 1 127
507459 -17 16 15 1 127
-3299 84 1635 7 0 -127
1293 -190 1673 29 0 -127
-1997 -68 479 29 1 0
14347 -234 922 26 1 0
1 223 992 27 1 127
17346 83 788 6 0 127
-207849 -213 924 15 1 0
-1237248 169 264 0 1 0
473244 -87 1761 9 0 127
-1374 -146 203 17 0 -127
21 -209 1118 1 1 127
500 189 1075 0 1 127
1731 -88 1888 2 1 127
7982642 -143 1144 21 0 127
106954 -227 755 7 0 127
-121069 -125 1268 26 0 -127
200 251 176 31 1 127
1660597 -229 1051 15 1 127
-2418863 141 718 28 1 127
14644 112 1492 20 0 127
-6259826 -256 1610 1 1 0
-546931 190 1568 18 1 0
600 223 85 29 1 127
-122 194 1612 20 1 127
76 -134 1601 22 0 -127
6471919 83 328 0 1 127
-5751693 241 111 14 0 -127
25006 -202 55 3 1 127
341625 158 861 19 0 127
-768 218 1455 30 0 127
182620 -160 855 3 0 127
-43248 -153 1373 10 0 -127
4491 112 48 7 0 127
386156 223 1813 2 1 127
101 -188 1341 26 0 -127
-647 97 1779 13 0 -44
108024 175 861 1 0 127
-115 107 1892 12 1 54
7 -124 604 18 0 -124
224 -204 1157 16 0 -127
-5598309 128 1681 31 1 124
944630 -151 670 19 0 127
1202 -14 1742 10 1 127
-1075 197 1442 19 0 127
-97 156 1671 20 1 127
227663 -140 1402 24 0 -121
965 -251 1525 22 0 -127
-125630 97 611 24 0 92
491973 -64 1631 31 1 0
853278 -215 725 26 0 -127
5555188 -30 726 25 1 90
-462906 -88 1999 22 0 -127
-3729 -218 1199 2 1 0
14368 -189 1343 5 0 127
4592261 -162 1651 28 0 -127
-29244 147 1826 24 0 127
-8 -200 1192 18 1 0
174134 167 1566 7 1 127
87579 224 863 0 1 127
-82360 182 266 20 1 127
-502492 144 1853 14 0 -127
-65 -42 2002 18 1 0
-1276 -60 936 23 0 -60
6973604 117 1275 8 0 127
1594 38 1638 7 1 127
362537 119 293 25 1 122
5 -212 1126 6 0 -124
1634 -121 1570 12 1 127
23394 99 547 31 0 99
-12866 -233 1136 24 0 -127
70 145 77 12 1 127
18208 137 1314 17 0 127
151627 51 1294 11 0 127
2 -84 143 7 1 0
-2476907 -85 1997 7 1 0
158 -116 1464 13 0 -88
-1561 -31 1556 3 1 0
6604030 236 1294 23 1 127
-300024 58 406 16 0 -127
-97 -207 264 29 1 0
195466 227 1186 28 1 127
85 148 194 8 1 127
-1547356 40 1040 12 1 0
12975 244 1699 11 0 127
5293845 224 256 12 1 127
5333677 -41 484 27 0 -22
-50307 4 75 19 1 0
197187 63 12 14 1 127
-72138 -186 1464 0 0 -127
157801 -253 333 3 1 127
396520 133 1798 9 0 127
85 88 862 17 1 89
2401647 197 738 3 1 127
-3563 74 860 30 1 74
7820327 -214 1402 31 1 0
6818 199 1327 6 0 127
-3822068 2 1933 17 0 -127
-36 -53 1355 11 0 -77
210207 135 791 5 1 127
-453850 75 707 9 1 0
-29 167 90 11 0 127
-17941 -239 1143 24 0 -127
-111 -65 914 12 0 -90
30763 166 79 7 1 127
-13287 -96 960 4 0 -127
253015 -212 1535 10 1 127
-387 -64 1970 19 1 0
126 141 1204 26 0 127
1335119 -176 1591 19 0 127
-76 -240 394 9 0 -127
-9725 -207 912 9 1 0
59 56 1896 15 1 59
160403 233 303 15 0 127
-438191 -61 1065 6 1 0
20291 42 1535 6 0 127
-15 253 27 26 0 127
216 110 183 20 0 110
55 -86 876 20 1 0
-2 -4 2041 7 1 0
10077 2 1002 2 1 127
22135 219 678 31 0 127
700 85 1527 26 1 85
-6126872 50 562 23 0 -127
-233467 30 343 9 1 0
13 -213 63 29 0 -127
51 -219 1690 17 0 -127
-43061 -171 63 12 1 0
-11650 -108 1565 2 1 0
106 76 245 10 1 101
-501 -5 1660 9 0 -127
28228 -210 689 23 1 0
-65 173 1509 29 1 127
55 -224 1868 23 1 0
-3822040 36 485 26 0 8
-5356235 -77 443 12 0 -127
1287 51 1255 0 1 127
-27 211 1895 1 0 -127
972 169 1151 10 0 127
9353 55 633 18 0 78
3197383 -96 932 31 0 -95
-172060 2 1648 1 1 0
-42 145 377 7 0 21
25917 -108 1137 31 0 -108
-99456 45 1632 12 0 -127
110 117 861 25 1 117
-81 126 828 13 1 118
-57023 248 299 12 1 0
17807 193 989 9 0 127
375005 63 1454 28 0 65
15070 119 847 5 1 127
-4111261 -182 1052 12 0 -127
87 102 1724 11 0 127
-29823 -8 1951 0 1 0
-8 -31 1590 29 0 -31
873 -99 579 21 0 -99
197960 101 1282 25 0 109
292542 -126 1872 21 0 127
-6812782 -217 1835 16 0 -127
-123 230 2031 14 0 127
-4003429 -61 1163 3 1 0
105 164 964 5 1 127
2354938 -1 786 29 0 2
-100 -85 1311 30 1 0
-226171 -185 1231 17 1 0
-934 91 1169 24 1 91
25946 204 708 28 1 127
-4754444 161 569 1 0 -127
-882 -4 1880 23 0 -4
1300 137 1322 12 1 127
-5196762 -59 1507 16 1 0
-24 -207 1949 21 1 0
-13022 186 1115 26 0 127
1303 -200 1907 14 1 0
1640535 -124 840 7 1 127
-1467 178 1148 14 1 75
4430033 -68 67 30 1 0
102 -92 578 27 1 0
-124 37 1374 20 1 37
-3 9 1430 16 0 9
-183 -108 1190 31 1 0
-204463 -204 1514 3 1 0
-24 -227 638 19 0 -127
-2004 -129 252 10 0 -127
-158166 -114 1212 19 0 -127
-20471 99 164 21 0 97
40 46 1048 30 0 46
120 202 432 4 1 127
5208 -116 1236 21 0 -113
14329 88 1573 3 0 127
1029 -211 1164 3 1 127
-5211 186 1070 13 0 -127
-15314 66 1705 3 0 -127
1318 226 1013 21 0 127
1343 54 1540 19 0 58
89 -239 1603 19 0 -127
-6 -90 1349 23 0 -90
428022 -141 661 29 0 -127
-78 -90 1996 23 0 -90
-8919 229 427 7 1 0
1017 64 1572 7 0 127
29353 -8 1669 28 0 -8
-7270383 -74 1715 10 1 0
1265 -191 1130 14 0 -104
1687 -70 2036 14 0 127
-1770 22 163 3 1 0
-1889359 200 856 7 1 0
-6373 -14 693 6 1 0
27483 60 1193 9 0 127
-8080819 -191 1730 23 1 0
87 43 1629 10 0 127
-453611 -149 530 18 1 0
3281089 200 1244 4 0 127
4255461 134 1358 17 1 127
1281 213 1608 18 0 127
-6959 -219 673 1 1 0
-206199 -36 1635 12 0 -127
-79 -55 492 3 1 0
-14421 -113 528 14 1 0
413997 104 1848 23 0 127
-2021 124 49 30 0 124
1260 -156 158 4 0 127
11960 101 333 26 0 101
-2812019 251 1103 13 1 0
-4262751 191 143 7 1 0
8257106 -84 1723 5 1 127
1462787 -239 676 21 1 127
31465 -54 1839 12 1 127
-91 30 1003 30 1 30
-1283 77 1971 8 1 0
-1980614 250 569 21 0 -127
-19 131 1869 9 1 62
-31384 -227 843 9 0 -127
2537856 -19 780 28 1 0
353704 -12 1250 15 1 127
-47 -185 1589 21 0 -127
-113 -113 1559 18 1 0
1626 -146 373 10 0 127
-777 57 1442 12 0 -127
-167991 33 1869 10 1 0
-21678 44 520 8 0 -127
-432081 175 1267 6 1 0
-29356 39 748 2 0 -127
3302752 43 2026 30 0 49
21 -204 1149 31 1 0
-24 -243 2040 3 1 0
-199150 -136 418 11 1 0
-1618 163 1679 15 0 80
-8755 -172 253 8 0 -127
1433321 -21 764 16 0 127
-127 182 438 21 0 127
-1558 -234 1154 7 1 0
3547634 -161 819 20 0 127
3311 64 1905 0 1 127
13198 -7 197 26 0 -7
352 235 45 19 0 127
-8 249 207 3 1 42
525 172 1998 24 0 127
-228852 -149 122 17 0 -127
-323445 111 402 8 0 -127
-1749 -75 287 30 1 0
-136739 76 836 13 1 0
-96765 -241 21 1 0 -127
-482624 -128 135 11 1 0
-2142 -198 1977 21 1 0
-415102 82 1288 17 1 0
-1238 -240 1799 3 1 0
-23 -125 751 6 0 -127
4486 -115 1133 16 0 -37
17061 219 1286 9 0 127
-3631619 177 806 15 0 -127
-3768863 228 1105 5 0 -127
-7547849 -101 1273 31 0 -105
1014 -204 960 27 1 0
-124 -145 915 3 0 -127
-4450 -202 1931 3 0 -127
-15208 85 1242 14 1 0
-124 7 1832 21 1 7
162456 1 130 6 0 127
30494 194 752 15 0 127
-61 5 1751 0 0 -127
8289528 31 1256 14 0 127
-965 -253 653 6 0 -127
1526683 223 1661 0 0 127
-366 238 1752 27 1 127
-1855 153 1547 9 1 0
-2 -177 851 23 1 0
-579 -137 328 30 0 -127
-23287 243 381 25 0 127
-1232 104 1153 26 1 104
-16096 -214 1672 20 0 -127
10572 155 817 5 0 127
-11294 -220 1294 4 1 0
-8100343 149 518 6 1 0
948 37 38 30 1 37
-115 131 205 15 1 127
149931 218 1173 7 0 127
-271461 208 1378 10 1 0
-24102 68 1925 15 0 -127
-7443 -164 1955 1 0 -127
-7940 -144 1537 18 1 0
16 -76 1287 3 0 127
124 -37 1352 26 0 -37
-4 -15 1997 30 1 0
-2182423 76 976 30 0 74
2873897 -201 116 21 0 -42
367478 46 69 4 0 127
5902072 -239 1114 1 0 127
-1698 81 102 16 1 78
5361237 9 116 31 1 9
514146 251 1663 26 0 127
29395 109 1463 11 1 127
-1586 -136 107 22 0 -127
5708 141 1882 28 1 127
-66 175 96 23 1 127
21912 -199 202 19 0 -127
31393 88 837 14 0 127
53 -109 1853 26 0 -109
1221 178 20 14 1 127
-13 -8 1359 31 0 -8
-3130110 14 1983 31 1 11
23762 99 512 29 1 99
-17987 255 519 9 1 0
1803220 152 700 12 0 127
164195 -101 152 0 0 127
68 190 976 28 0 127
87 -88 1793 23 1 0
11479 177 43 5 1 127
-202051 160 1996 7 0 -127
-1062 -240 463 9 0 -127
-5 -138 456 5 0 -127
-31 63 2030 11 1 32
-430 -240 1358 12 1 0
-24153 230 1870 23 0 127
-1872630 -184 868 30 0 -127
101 -231 50 7 0 -127
74 -226 576 23 1 0
-1743 -134 1323 14 0 -127
18433 103 915 14 0 127
-3186845 45 1849 22 1 0
-37104 116 1382 24 0 113
1042 219 1484 30 1 127
-74 110 733 3 1 0
210707 -118 1007 1 1 127
1496 -11 1112 9 0 127
7529751 231 204 25 0 127
5935826 -135 218 0 0 127
-963 82 1137 28 0 82
10657 90 867 17 1 127
-110 150 1948 29 0 127
-5892698 232 499 16 1 0
-70254 178 1492 25 1 127
-66 80 512 11 0 64
-8 -22 1926 31 0 -22
-19837 83 818 28 0 83
-67 235 598 30 1 127
103 -121 1066 8 0 127
-107 -217 1267 17 1 0
1676 -50 1494 24 0 -50
-233759 -182 951 27 1 0
347 -105 647 17 1 0
-55 120 1722 7 0 -127
16768 -65 761 25 1 0
-3391322 -212 1477 1 1 0
149245 -81 868 4 0 127
-1856 254 1461 25 1 127
-83 -150 963 6 0 -127
-77293 -62 1893 12 0 -127
-565 -244 1561 10 0 -127
3506304 184 285 23 1 127
81 160 1439 20 1 127
257527 111 1767 21 0 127
-4262497 174 336 15 0 -127
-22755 3 1129 12 1 0
-3785289 30 41 30 1 30
-5222453 -150 1235 5 0 -127
-971 75 1198 13 0 -67
6740734 225 1480 8 1 127
70 164 424 3 0 127
156739 37 1657 30 0 37
-112 -14 1517 21 0 -14
1786 227 12 17 0 127
24 -115 321 27 1 0
20331 -49 1000 16 0 127
23993 -92 538 11 0 127
2055 76 1640 19 0 82
46 223 777 8 1 127
-3331 37 271 3 1 0
-2466 -228 751 30 1 0
6765460 -5 1410 5 1 127
21 -151 626 0 1 127
1941 204 1012 10 0 127
-2522410 156 86 8 0 -127
281857 121 2025 4 1 127
-21 220 474 1 1 0
-53 249 838 4 0 -127
-486249 -79 1665 22 1 0
3139032 -198 1019 17 0 127
-11938 47 1210 28 0 47
47 163 240 12 1 127
601 21 292 5 0 127
-10791 98 549 1 1 0
2863421 75 554 5 1 127
30 -216 357 31 0 -127
-19515 31 1635 23 0 27
-52 44 1101 1 1 0
31557 88 713 14 1 127
967 -230 293 7 0 127
-37832 248 373 25 1 127
-2039 149 705 23 1 127
447 -217 346 20 1 0
-43 6 280 24 1 6
154 138 597 3 0 127
-16091 153 53 15 1 127
-5610091 -194 851 10 1 0
-486 -232 1939 29 1 0
3206778 225 269 27 1 127
454689 157 570 25 1 127
71 21 145 18 0 21
30 53 1531 21 0 53
-844 17 1726 4 0 -127
-136799 199 1087 2 1 0
111 -194 41 22 1 0
0 -121 1056 6 1 0
9593 133 1802 9 1 127
-867 55 216 12 1 9
25318 -224 1344 14 1 127
103 -129 1365 13 0 -112
46 -210 1149 2 0 127
-26 -49 426 8 0 -92
-6367894 228 46 6 1 0
404281 -171 1633 14 1 127
111 79 1240 28 0 79
3856418 231 1961 14 0 127
24 20 163 21 0 20
31624 -94 668 14 0 127
-147249 12 1450 12 0 -127
-5645256 -53 843 9 0 -127
-979 -41 1596 27 1 0
-1553 240 553 22 0 127
-311218 -179 1329 15 0 -127
-109 -218 1259 26 1 0
-117 -233 503 3 1 0
15746 2 418 4 0 127
1925 -204 1606 8 0 127
-25885 -134 951 8 0 -127
-384219 91 491 22 1 46
85 -178 1124 24 1 0
-311605 125 1431 20 1 0
-73433 -112 1767 29 1 0
510639 84 248 11 0 127
-1555 193 1486 26 0 127
457 70 1219 9 1 127
1081371 72 708 6 1 127
-111 -120 1051 9 0 -127
-35 -221 439 2 1 0
-27151 -248 1140 17 1 0
-45 134 1130 5 1 0
111 -85 986 30 1 0
449057 -138 1659 11 1 127
4679155 -52 1466 23 0 127
-122340 18 252 6 0 -127
-21871 38 1711 25 0 37
-8132620 -234 1987 1 1 0
-3099828 -40 176 5 1 0
1192 118 1142 18 0 123
-148444 125 378 12 0 -127
-16930 255 2002 6 0 -127
1708 -130 642 10 1 127
-1707 157 500 23 0 127
777 107 1727 23 0 107
1768 -63 160 19 0 -62
-891 -245 916 13 0 -127
107 230 435 5 1 127
-139249 -108 797 24 0 -115
104 209 1545 22 1 127
-32 -193 1287 5 0 -127
14222 4 713 4 1 127
90 -14 1751 11 1 63
-9275 -91 1016 1 0 -127
-426 192 550 22 1 127
-485141 -143 288 16 1 0
-52 223 1201 28 0 127
-58 -186 855 5 0 -127
-73 -215 937 2 1 0
99 4 435 17 0 4
992 141 135 0 1 127
1942 219 1148 12 0 127
-1332 63 1229 27 1 63
8030843 -58 1228 24 1 127
-4372572 -17 1877 27 1 0
1381562 22 1142 14 0 127
-7572 64 1389 31 1 64
-209 -77 1718 19 0 -78
-119 -30 1474 26 0 -30
66 -73 514 12 1 0
5646890 240 1787 12 0 127
34 77 60 30 1 77
1135692 -5 1936 10 0 127
3852621 -71 360 20 1 127
349455 214 1482 1 0 127
101 24 812 30 1 24
1557222 -46 1782 4 0 127
-447856 -27 501 23 1 0
20234 74 822 29 0 74
-26 -42 1891 14 0 -45
1483 -174 922 11 1 127
-7 88 1132 1 0 -127
-35 -181 237 15 1 0
327921 245 1147 11 1 127
394016 249 789 19 0 127
-1325284 -73 1142 7 1 0
29182 191 430 26 1 127
-2425766 147 248 1 1 0
2785632 -75 1268 29 1 0
21532 154 340 11 0 127
-1126 62 1019 4 1 0
-501312 44 664 1 1 0
-4834043 -103 1643 19 0 -127
251505 155 1268 2 0 127
57 -134 761 17 0 -127
-28540 175 1703 0 0 -127
50131 -54 1004 19 0 42
60 156 210 22 0 127
17181 -250 1902 20 0 -127
-115 128 512 18 0 127
6953 211 759 7 1 127
-3576366 236 1217 1 0 -127
-438998 184 1677 3 1 0
-24476 104 869 22 0 99
475734 -40 88 29 1 0
-8422 53 1159 11 0 -127
-659 -91 1381 14 1 0
102 -111 1406 3 0 127
-101953 208 1681 12 1 0
5462 146 962 27 1 127
-57 -78 387 25 1 0
-1939 168 303 31 1 127
-1406 221 1409 26 1 127
-19238 -227 1834 28 0 -127
-123 -118 280 24 1 0
-13718 31 2046 31 1 31
225904 93 1448 10 1 127
112 68 1967 4 0 127
-1480 108 1146 10 0 -127
-363404 132 59 12 1 0
-1552 -161 1622 2 1 0
-47 -171 1173 28 0 -127
-4791092 -86 0 13 1 0
39 -84 1434 15 0 -82
5086899 131 405 7 1 127
-4765571 -194 1878 5 1 0
1520 21 189 1 0 127
-72545 197 609 20 1 127
-26799 -240 317 14 0 -127
-395152 87 440 21 1 4
28418 -234 1046 21 1 0
-21454 -121 617 17 1 0
1397 67 416 29 1 67
990 -55 2021 25 0 -55
647 249 1269 5 0 127
572 -27 54 15 0 -26
-5041844 -246 1339 30 0 -127
-3643537 -86 2035 7 1 0
-5917928 28 947 3 0 -127
-1528 -47 2014 10 0 -127
-64 -145 103 18 1 0
-402 -130 516 20 0 -127
-4397193 163 276 10 0 -127
-5932326 -4 613 11 1 0
3328226 -53 120 20 1 127
6093 252 1880 28 1 127
-86 -113 470 15 0 -114
-4618884 -163 1712 23 0 -127
29721 135 1936 13 0 127
425823 -40 1238 31 1 0
-28161 143 909 1 1 0
-2741719 131 1733 22 1 0
23 28 911 26 1 28
28156 224 1015 31 0 127
89434 -179 1872 21 0 -99
-4653106 27 624 17 0 -127
-342 205 1846 16 0 127
11213 -226 33 1 1 127
-25797 154 59 2 0 -127
-81 37 1403 3 1 0
-6562105 64 981 24 0 -127
-25787 19 267 22 1 17
-6007246 211 962 21 0 -127
314205 28 511 20 1 127
26276 -14 127 27 1 0
235463 154 1040 15 1 127
9 65 920 11 1 69
1388 64 773 4 1 127
341462 233 207 17 0 127
-110 57 650 19 0 57
-3269170 237 1442 13 0 -127
1876 -255 2 15 0 -127
6138278 -190 1349 24 0 127
-12760 -120 132 26 1 0
-1049271 -234 611 28 0 -127
-29601 84 1458 19 0 2
32558 -76 374 2 1 127
-1100238 212 1803 8 0 -127
1844453 -75 474 26 1 0
-377445 -130 1253 8 0 -127
353 -95 181 16 0 -94
-98363 -5 292 27 0 -5
-32465 21 1307 12 1 0
20008 131 1838 5 0 127
373851 -248 1841 15 1 127
968 59 2032 14 0 127
-105 92 863 3 0 -127
516725 -207 329 0 1 127
-971 117 333 6 1 0
3196329 -179 312 13 0 127
-223742 -219 1156 0 1 0
88 -239 1668 11 0 -127
-27272 124 421 6 0 -127
31534 80 15 9 0 127
14946 9 452 23 0 10
29818 -177 1167 7 1 127
-498739 -177 1745 10 0 -127
27258 233 1026 11 0 127
1000 -186 1438 12 1 127
-1167 78 667 9 1 0
-3337006 14 1880 18 1 0
-153149 172 1623 12 0 -127
-38 -227 1598 16 0 -127
29471 -84 63 20 1 0
-1900 164 108 1 0 -127
-1542 130 1941 18 0 119
126 -216 688 7 1 127
-27561 133 1436 22 1 124
16901 221 1009 30 0 127
1200672 165 1565 10 0 127
-121 -202 855 19 0 -127
-442773 -77 1612 4 1 0
-1052 -145 1690 1 0 -127
64067 82 1363 25 1 85
762 -70 209 22 1 0
-19857 -98 1620 14 1 0
-4053853 -253 652 21 0 -127
17463 152 1245 30 0 127
157097 228 906 13 0 127
-126 113 941 17 0 112
-27950 138 686 9 1 0
29234 -184 1762 12 0 127
18358 231 1854 11 1 127
448752 121 19 28 1 121
3312848 28 359 5 0 127
3426209 -152 1135 21 0 127
-133762 -215 1859 17 0 -127
-127402 -90 1239 10 1 0
-1281 109 784 12 1 0
-422783 -226 257 15 0 -127
1664 149 32 5 0 127
-806 16 1303 8 0 -127
-2630757 -154 39 14 1 0
147 168 692 17 1 127
437 -40 137 31 0 -40
48 -132 1833 2 1 127
459 -91 2041 9 0 127
-155 -37 1720 8 1 0
-7569700 -155 789 2 1 0
4428668 46 29 27 1 47
-68 -139 78 2 1 0
199 242 989 4 0 127
93 225 1587 30 0 127
5567152 41 1067 3 0 127
285 70 1812 17 1 74
84 42 322 17 0 42
-262531 125 56 24 1 124
920 10 1044 1 0 127
-25412 248 1539 1 0 -127
45 -255 206 25 1 0
-3286 -245 1932 21 0 -127
-24765 -187 1705 6 0 -127
-3142786 199 1798 12 0 -127
197220 11 1728 30 1 11
7611281 79 2041 2 1 127
3954954 193 496 9 1 127
-4719646 -24 1632 16 1 0
2148851 -152 871 31 0 -127
309874 -43 1187 10 0 127
-6422322 -215 1371 4 0 -127
44 134 975 25 0 127
-126 103 10 24 0 103
-168400 -6 115 13 0 -127
-105 70 1398 19 0 70
-152482 -234 999 26 1 0
4516 -44 875 24 0 -44
1576026 227 265 30 1 127
970 -32 109 15 0 -29
-38 75 597 11 1 64
1016 -2 1450 9 0 127
10718 -116 1038 13 1 127
-121894 -165 1727 22 0 -127
1355 -65 251 13 0 -23
1590 -80 250 22 1 0
-61 17 42 30 1 17
862 -227 1952 0 1 127
-5821 -92 83 11 1 0
-11781 -67 1708 29 0 -67
-160751 91 1847 14 1 0
-14630 -195 1576 18 1 0
-285638 53 1208 29 1 52
2068665 12 1410 13 1 127
122 222 1437 13 0 127
32481 254 1356 12 0 127
-14 220 1584 25 0 127
-34 80 1038 6 0 -127
-123 131 1743 12 0 79
59 -250 266 0 0 127
-73 208 1703 13 0 127
147294 -205 726 17 0 127
-119 223 1397 31 1 127
10 201 1482 13 1 127
-447584 -171 751 0 0 -127
-19 -76 1325 1 0 -127
-1353 80 1637 8 1 0
393757 35 1482 0 0 127
-105 -182 978 6 0 -127
-1023 230 1594 24 0 127
395 -169 345 7 0 127
88 30 1413 3 1 127
1588 94 638 14 0 127
-8111575 165 2046 10 1 0
-5722 -95 291 5 1 0
15252 140 981 15 1 127
-404333 133 17 5 0 -127
365787 -73 1853 13 0 127
-5113994 -100 1789 17 0 -127
124 234 417 1 1 127
-545 -6 1604 28 0 -6
1202 42 1323 8 1 127
-473931 -65 805 4 0 -127
71 243 1248 14 0 127
19476 -166 1079 24 1 0
-85 -227 324 22 1 0
94 -64 826 0 0 127
-237084 -208 1739 24 0 -127
-1830 -120 489 23 0 -120
91689 -188 93 1 0 127
79 -247 1196 18 0 -127
554 -43 88 8 0 127
652 55 1204 7 1 127
-76 99 847 24 0 99
147 24 684 17 1 25
646 60 303 28 0 60
1778 -97 648 23 1 0
-1714 166 2006 18 0 127
-9086 64 1419 31 0 64
460 61 779 28 0 61
50 17 1584 25 0 17
-115 -93 414 4 1 0
8083567 -165 350 17 0 127
-16906 -196 1088 4 0 -127
1913 -3 559 22 0 -3
26232 -18 1985 15 1 127
-347 -245 48 1 0 -127
-1 210 1158 29 0 127
-1513634 121 1271 24 1 6
-124 -20 1638 0 0 -127
-6646807 -86 1269 8 0 -127
364011 132 641 4 1 127
-792 -208 1520 30 0 -127
-410563 145 166 29 0 127
-436833 -235 1052 7 1 0
299766 175 145 6 0 127
-341530 -185 1875 2 1 0
4133421 -208 1613 16 0 127
-141 23 185 0 0 -127
35 -233 124 27 1 0
391706 146 1335 17 0 127
3368 -39 1206 12 1 127
-18180 -138 949 14 0 -127
32 -200 1600 18 1 0
67527 -14 119 12 0 127
-8362421 179 701 31 1 127
271020 -235 186 17 1 127
-19 -102 161 22 1 0
684757 -20 828 11 1 127
13077 -224 590 0 1 127
-969 -127 1629 26 1 0
-988 72 1720 4 0 -127
-1070 -200 676 26 1 0
2244307 159 1990 30 0 127
-124 77 1822 10 1 0
-121507 221 1353 24 0 127
-6583450 136 1581 27 1 58
-4768460 133 39 0 1 0
-1303 -179 1775 2 0 -127
-4115336 -55 1446 29 1 0
491773 86 1105 21 0 127
-1316 -80 1558 24 1 0
-1767 -149 656 17 1 0
-60 -35 1160 3 1 0
12643 35 656 6 1 127
-4701821 -37 752 17 0 -127
249755 134 168 16 0 127
-75 96 1182 30 1 96
18269 -26 1548 12 0 127
-1263 -148 1505 14 0 -127
-1642452 93 578 16 0 -127
-1168895 -215 1667 26 0 -127
78 -68 445 25 0 -68
19345 255 1160 30 0 127
88583 -23 99 17 0 44
-1775 -252 1436 0 0 -127
103 -99 1116 11 0 -43
-390108 38 1119 17 0 -127
-92 147 1620 31 0 127
-6444989 -231 218 27 0 -127
403633 29 21 24 0 30
-59 204 1187 17 1 127
117 211 1961 17 1 127
1193 -195 1461 22 1 0
3621 -14 1964 9 0 127
-16701 -69 1956 2 0 -127
50337 25 1398 24 0 29
50 248 1946 19 1 127
-6856 -69 864 21 0 -72
-1563 -155 87 29 1 0
400382 187 755 15 0 127
3322 -130 1856 8 1 127
18487 -167 585 25 1 0
106 -80 2021 5 0 127
3615639 66 1996 23 1 127
-4091181 64 1931 14 1 0
-198 13 1879 30 1 13
-5606826 77 858 0 0 -127
-4606532 -240 1150 30 0 -127
-6676250 -104 1939 11 1 0
-18106 92 1107 23 0 90
30689 153 1025 27 0 127
15981 -204 1209 5 0 127
-8082182 -28 937 14 1 0
21389 -209 1638 3 1 127
5410200 -114 196 8 1 127
-30201 -156 393 6 0 -127
-1039 -10 607 24 1 0
-923 85 1154 17 1 77
-4796083 -133 1440 22 0 -127
1439 -85 895 21 1 0
47 64 1620 19 0 64
17295 -234 340 1 1 127
100 -240 1959 23 0 -127
81 158 523 18 1 127
-33 -90 1302 11 1 0
430297 30 340 5 0 127
-74 -209 1653 6 0 -127
30 -42 1507 23 1 0
-7839 -13 1216 17 1 0
-6692356 233 760 21 1 0
1475745 68 1655 6 0 127
-12012 150 2005 6 0 -127
4818 35 1391 1 0 127
-749 -1 205 21 0 -1
29249 87 1012 11 1 127
-698 -1 835 5 0 -127
1506 -118 239 29 0 -118
-2111197 129 517 13 1 0
-1284544 210 1326 13 0 -127
-52 -184 1117 20 1 0
632 -157 253 7 0 127
-95 24 1929 23 1 24
-1402 153 1513 11 0 -127
-88812 -248 693 12 0 -127
-1936601 48 723 18 0 -127
6432627 -49 902 23 0 127
1220 -74 1701 13 1 127
-22127 -192 1177 6 1 0
-113 218 212 30 0 127
1887 -122 1323 13 0 127
356817 -188 839 16 1 127
-1370 -104 649 29 0 -104
-6698367 171 490 0 0 -127
807 -92 1351 13 1 41
-744 -51 1276 30 0 -51
-425173 -63 1633 26 0 -73
3 -215 73 27 0 -127
114 94 2026 20 0 94
377142 -242 372 8 1 127
-294 238 294 23 0 127
286229 198 1899 12 1 127
-568391 -75 161 21 0 -119
203 -211 357 10 0 -127
-108331 51 1639 30 1 51
-544061 153 369 21 0 57
462685 -226 1339 7 0 127
2038 114 1691 6 0 127
-726 145 892 10 1 0
117 245 1271 14 0 127
6757 -156 527 8 0 127
116 223 1180 19 0 127
4355467 -49 152 6 0 127
-26429 -31 315 4 0 -127
-19036 231 1568 17 0 3
106 148 1106 1 0 127
-493 86 131 20 1 86
-1102 -87 806 30 0 -87
-18193 -170 306 3 0 -127
-1606298 136 827 7 0 -127
26 146 582 6 0 127
12986 132 1595 1 0 127
1100 -205 715 28 1 0
36 -103 498 23 0 -103
6154 -141 910 5 1 127
-7818316 241 1439 15 0 -127
1407 -47 1427 11 1 127
395239 -196 1002 22 0 -102
-1351 175 73 20 0 127
-984 -239 1902 17 1 0
1506019 65 132 2 0 127
2630 64 1381 4 0 127
40 -51 210 22 0 -51
151931 244 840 5 0 127
9 -115 835 26 0 -115
126 16 1920 8 1 127
-448047 -164 1901 2 0 -127
1891 195 981 25 0 127
4961126 -31 1258 21 0 127
66 -88 945 17 0 -88
-22197 23 116 30 1 23
18407 183 712 3 0 127
5936482 -43 1189 3 0 127
15313 -122 1086 10 0 127
1140 211 1358 26 1 127
-9352 126 237 4 0 -127
-7148 255 1864 4 0 -127
-1725384 95 348 8 1 0
106 121 57 2 0 127
-206874 -34 428 28 1 0
-1392 -27 1802 18 1 0
7202420 -181 1723 7 0 127
-73 -234 1426 26 0 -127
100 -230 1852 22 1 0
-21785 159 1139 18 1 64
2662231 248 1419 12 1 127
3894 -173 1301 13 0 127
-330465 20 845 5 1 0
98 60 808 14 1 65
28423 -57 1965 6 1 127
2137796 41 726 8 1 127
-8684 -176 1077 4 1 0
4152807 -11 381 14 0 127
-107 100 1856 21 0 100
-4738442 125 1735 1 1 0
1761 204 1741 22 1 127
-676 117 1731 2 0 -127
-31 -243 515 8 0 -127
-32 239 852 15 0 127
-1280 -81 498 28 0 -81
60 -68 1043 17 1 0
-4744456 147 409 23 0 -84
14857 219 1769 18 0 127
-27219 217 172 14 0 -69
122 95 1983 30 1 95
-4084853 -23 1879 24 1 0
4112565 -89 612 24 0 61
-37 25 933 27 1 25
-1757 85 701 26 0 85
14499 3 746 16 0 127
-37 -133 726 23 1 0
-22593 198 12 9 1 0
-1175 191 640 31 1 127
19571 81 742 7 1 127
-8013 -131 797 7 0 -127
-117 4 1761 7 1 0
-77 166 12 23 1 127
-185083 -130 1165 12 1 0
-367680 -224 1791 28 1 0
-589193 35 275 24 0 25
-29898 -156 2045 4 1 0
-29468 51 643 17 1 0
-1940 -208 661 22 0 -127
68 72 1057 26 1 72
-118 46 684 31 1 46
-2999893 101 1234 30 0 98
-5488133 53 477 17 1 0
-1657 -140 1910 23 1 0
1042227 -116 1974 9 0 127
-661 -238 1424 14 1 0
245726 -81 831 10 1 127
-544768 -157 816 23 1 0
-5005380 -37 683 16 1 0
21631 -101 1479 21 1 0
90 -224 469 25 1 0
-7064713 -195 1628 17 0 -127
1158 -23 43 22 0 -23
4050466 -57 55 13 0 127
-95 173 382 28 0 127
30730 169 1867 20 1 127
-154419 -54 1005 10 0 -127
-4998911 -230 1975 0 1 0
25929 -28 1243 31 0 -28
1327 94 1443 2 1 127
221 203 675 27 1 127
-39 46 790 29 1 46
-85 -251 373 11 1 0
-31022 -43 1463 7 0 -127
-112321 -204 581 7 0 -127
-5490510 -124 474 18 1 0
-57 22 933 16 1 21
1476660 -58 69 9 1 127
-38 109 1183 21 1 109
-119440 -140 6 13 0 -127
2880023 -17 487 8 1 127
1716 227 1999 12 1 127
-20090 -190 448 24 0 -127
-283162 -153 1017 28 1 0
1374 -200 1015 11 0 127
-12112 -138 1523 6 1 0
573 46 991 28 1 46
-492983 251 40 23 1 127
-3708293 137 1603 27 0 93
36 -188 1204 0 1 127
-105 152 743 9 0 0
81482 49 1691 17 1 127
-220557 109 1523 17 1 0
6152582 108 996 12 0 127
75 -197 1223 30 1 0
-324373 -103 1060 23 0 -127
-785 132 149 19 0 127
493042 141 388 29 1 127
10 -161 1677 18 1 0
-113 234 961 20 1 127
4047088 -106 1794 27 0 -52
-2686716 74 549 20 1 0
-7 165 129 10 1 127
-197 -238 1987 22 1 0
1595 -231 2008 18 1 0
-3012389 102 1008 8 1 0
-44 168 1299 10 0 112
5643 248 994 9 1 127
114 68 577 23 0 68
-454031 -167 1369 27 0 -127
11305 -80 409 23 1 0
5431533 -98 1108 1 1 127
83 -33 709 17 1 0
-117 79 1727 3 0 -127
1587 -121 149 10 1 110
-1290116 240 939 9 0 -127
-26775 -174 1824 18 1 0
5785366 11 1192 12 0 127
709 224 1852 15 1 127
-29421 -51 1677 18 0 -127
11698 -160 1191 29 0 -127
97 -82 1946 13 1 0
-34 143 707 23 1 127
-1975816 167 931 14 1 0
-7937525 -234 9 7 1 0
13364 -143 1035 3 0 127
3956857 9 661 4 1 127
21 50 2014 1 1 127
-193980 -49 1526 7 0 -127
-106 -63 1051 6 1 0
41 -85 1496 6 0 127
124 -171 513 4 0 127
-41 -16 1486 10 1 0
-1026507 13 811 8 0 -127
-590035 -164 1160 16 0 -127
-5018876 133 1700 25 1 0
-6531028 -117 1403 20 1 0
7150 -17 644 8 0 127
305417 -129 652 4 1 127
-435429 83 406 18 1 0
6179013 -138 1213 2 0 127
8355622 192 973 7 0 127
-104042 -6 752 29 1 0
-75 165 106 1 0 -127
49 174 1132 13 1 127
1487859 185 801 19 0 127
-697 -77 1046 30 0 -77
-793 -186 1054 0 0 -127
1973 -84 607 25 0 -84
-1383 99 1649 8 1 0
-513245 -212 1138 3 0 -127
-37 25 50 31 0 25
-28148 -232 413 26 0 -127
750 -6 357 17 0 -4
-5046347 -184 1662 18 1 0
12999 -245 1661 5 1 127
-247381 32 1653 0 1 0
7900337 -94 1437 23 0 127
325 -125 1312 2 1 127
64 153 327 31 0 127
-118 168 670 27 1 127
-370677 -249 1874 5 0 -127
1933403 -3 210 28 0 -1
629 -114 1303 14 0 -64
-7963 -181 993 3 1 0
-4978851 76 1074 1 1 0
990755 -130 1888 28 1 0
10643 -126 1633 7 1 127
-3975269 251 323 27 1 127
-123 61 345 4 0 -127
16392 120 1266 15 1 127
-16955 -137 1383 16 1 0
18 24 1686 9 1 83
239290 -235 1469 24 1 0
-28683 -16 1472 21 0 -36
492736 -39 54 26 1 0
3689988 -62 1000 5 0 127
-71 47 761 24 0 47
-923 229 1581 2 0 -127
-592 -224 1400 23 0 -127
-1283 70 654 10 0 -127
43 218 17 18 1 127
677 112 1540 25 1 112
6314004 -181 1210 30 1 0
88 -75 2042 14 0 -64
-4290587 -154 219 15 0 -127
-19216 -22 1662 29 1 0
-489 -249 367 10 0 -127
-1469564 -139 1562 27 0 -127
4198250 -166 1027 29 0 -127
475821 19 769 2 1 127
7104820 -5 1638 19 0 127
-22574 87 1903 26 0 86
-301113 248 1014 19 1 0
3575413 13 1460 15 0 127
446434 107 1385 12 1 127
30582 25 663 19 1 64
-1414 -139 1414 31 1 0
46 195 780 27 1 127
-329764 -42 1879 26 0 -51
204 58 1151 9 0 127
-24921 -163 1454 10 0 -127
28 -105 1565 26 1 0
92331 45 941 31 1 45
-473490 79 1877 19 1 0
30 -144 2043 3 0 127
-33 -66 189 17 0 -66
-1445 212 947 22 1 127
-245996 240 910 5 1 0
318211 -19 1517 18 0 127
-34430 155 1425 17 1 0
4197003 214 5 12 0 127
-1681605 96 536 13 1 0
2090596 -222 113 12 1 127
-2037 -24 1563 29 1 0
-475109 -184 750 2 0 -127
-57 14 1659 6 1 0
93 -18 686 20 0 -18
-7 24 1362 25 0 24
7167 -212 519 18 0 -127
-89 120 1531 8 0 -127
2446637 224 1669 19 0 127
-14603 -35 915 17 0 -127
-6 130 1170 22 1 127
-101 -233 1944 26 1 0
190 124 1314 31 0 124
4 52 729 11 1 53
3930402 -33 1729 21 1 127
432 -14 996 17 1 0
-131769 -140 1565 26 1 0
-22472 6 1034 9 0 -127
758 64 660 6 1 127
1732 4 1763 18 1 16
805 -229 837 6 1 127
1032 159 711 1 1 127
-291 -171 1537 14 1 0
3289 -9 554 23 1 0
-17 25 1686 27 1 25
18629 216 1999 31 1 127
174847 150 1537 31 0 127
25 98 843 15 1 99
-31 -149 1461 8 1 0
-936 9 1096 3 1 0
-344 -198 1739 28 0 -127
-26957 -226 530 25 0 -127
-140424 -181 11 22 0 -127
10942 -46 1087 2 1 127
3686145 60 835 9 0 127
217945 132 2046 16 1 127
923 175 1503 21 0 127
-25738 -103 550 27 1 0
178710 17 2010 12 1 127
-600 -5 1652 7 0 -127
9160 251 749 20 1 127
2218439 -213 794 1 0 127
67 72 2013 12 0 105
-451502 -190 427 1 0 -127
-108 155 1109 25 0 127
-12372 -43 246 10 1 0
5584971 -36 542 19 1 127
-917206 43 1123 6 1 0
2888412 -222 950 18 1 127
260190 -223 1954 1 0 127
1313 -101 990 24 1 0
1911 75 1432 16 1 117
-8599 159 1019 18 0 126
1304 101 204 23 1 101
-62 -105 607 13 1 0
-126 -66 5 3 0 -127
206786 23 497 15 1 127
-317 32 941 21 0 32
-7277 -247 947 4 0 -127
-2737310 -112 1293 13 0 -127
-740418 165 1470 9 1 0
-465 84 1654 14 1 37
-11 -14 1283 23 1 0
-58 149 1285 6 0 -127
-97 223 1115 24 0 127
-2634683 244 885 8 1 0
6590 219 1318 25 1 127
-19145 -216 99 21 0 -127
10728 -155 1225 28 1 0
683 72 814 3 1 127
1955 -145 282 28 1 0
3563000 128 1462 17 1 127
189448 -174 458 15 0 127
-148961 -251 69 16 1 0
-41820 132 43 16 1 105
-698377 165 337 3 1 0
-176 -173 707 17 0 -127
-4513868 43 271 27 0 34
227914 -213 391 1 0 127
-471126 -86 1706 30 0 -87
5069 21 1653 16 0 127
-217496 -237 386 1 0 -127
1306 -225 1748 12 0 127
6376554 -253 2027 14 1 127
-289059 -163 1810 13 1 0
-392380 21 1982 25 1 0
6508 105 1885 14 0 127
-85 193 875 12 1 127
-39 -223 1004 22 1 0
22 -248 233 4 1 72
7296951 -214 994 5 0 127
55714 230 1470 13 1 127
-385410 -17 2026 9 0 -127
-88 113 1454 22 0 113
-349993 -9 532 4 0 -127
307 219 1996 17 1 127
1234205 171 1277 5 0 127
7105170 -64 1216 30 1 0
-7227240 197 1798 26 0 3
25635 229 1041 12 0 127
-1613 179 1143 15 1 123
-375 -24 1920 24 1 0
-106 -64 882 6 1 0
-3803249 20 1074 8 0 -127
2482606 81 687 23 1 127
983801 123 1179 18 0 127
-26282 -88 1145 0 1 0
-478596 -107 192 7 0 -127
-16463 -7 794 10 1 0
116118 156 719 22 0 127
-14035 55 2023 31 0 55
-4332720 -60 1656 11 0 -127
-7 224 914 15 1 127
-4074555 88 1043 5 1 0
-463944 -101 1687 28 1 0
-426507 110 718 19 1 0
-188634 32 1091 23 1 7
-3276323 89 1026 6 0 -127
-225205 162 1457 12 0 -127
120913 -72 38 28 1 0
-14468 -21 1243 13 0 -127
724 -146 1236 10 1 127
-258079 -179 497 28 0 -127
-43 -237 1175 4 0 -127
120 -85 1473 19 0 -85
-1004 59 964 13 0 -59
-1000 -253 1182 19 0 -127
-54 -144 968 14 1 0
11879 243 1230 4 0 127
1981 121 545 30 1 121
-8546 -65 195 9 0 -127
-7243122 -38 1324 19 0 -127
-505 240 923 17 1 127
59 146 1532 9 0 127
-2622135 -54 582 8 0 -127
2273931 -128 830 18 0 127
706 78 1917 2 1 127
332412 205 1754 24 1 127
-504861 -49 1729 14 0 -127
-5561853 -198 142 24 0 -127
844 35 982 18 0 38
288238 138 1109 26 1 127
268784 -187 1804 11 0 127
39571 -134 1756 0 0 127
6559927 210 1854 23 0 127
2724 140 1942 1 1 127
-74264 -233 1745 2 1 0
259415 -234 2020 15 0 127
3707670 -9 502 27 1 5
58 92 1789 25 1 92
-30626 -144 1732 6 0 -127
13952 16 580 21 0 20
1794 43 1392 22 0 44
-2383916 51 309 0 1 0
389 253 1501 6 1 127
-2371632 -252 1584 0 1 0
1515061 -189 179 17 0 127
-196945 -249 1738 15 1 0
-24866 -34 723 11 0 -127
-1437 104 1580 9 1 0
-30203 57 1430 8 1 0
1148 -170 1757 7 1 127
-4400922 -72 551 9 1 0
1001 184 1577 22 0 127
-135441 -26 58 11 1 0
-3815437 -9 1382 23 1 0
-14018 -101 278 14 0 -127
-23 -179 1115 17 0 -127
53715 249 1784 14 1 127
-6255154 -136 656 18 0 -127
-4544 110 521 23 0 110
-11863 239 1614 7 1 0
4668102 -35 837 16 1 127
-764 -238 604 8 0 -127
-122 -63 940 15 1 0
-18842 119 788 8 1 0
-95286 -215 1876 21 1 0
76 171 534 11 0 127
1639 -107 2033 27 0 -107
424747 240 1124 19 0 127
-220196 150 281 5 1 0
12316 101 14 11 0 127
-15785 -123 1708 30 1 0
503 -56 1834 19 0 -54
-117 248 967 7 0 -127
251 -233 697 16 0 -127
73 -245 115 1 1 127
178226 61 1157 22 0 110
-44 209 1290 7 1 0
474260 105 1442 27 1 110
-1281 137 541 23 1 127
14443 -61 716 11 1 127
-68 131 1881 19 0 127
-1216 5 555 29 0 5
511040 -150 1399 22 0 20
-185943 -73 519 15 1 0
806 -92 931 14 0 -46
4378368 55 1122 20 0 127
4386682 -165 1771 17 0 127
69 129 1777 7 0 127
-461479 214 125 1 0 -127
-4128672 -161 1112 9 1 0
75 -204 537 20 1 0
-245406 52 866 27 1 50
1102 -11 251 17 0 -9
1853 235 660 14 1 127
-4355 -24 943 28 1 0
-164007 35 1398 30 0 35
-4907137 -106 1227 27 0 -127
24578 37 1364 6 1 127
63 -122 1472 21 1 0
486918 -213 382 15 1 127
-56 230 39 2 1 0
18 -23 1600 29 1 0
-18 -138 112 19 1 0
-32233 47 1195 23 1 42
1103 241 1809 0 1 127
985982 249 1504 10 1 127
36871 -210 353 27 1 0
1018 178 1137 17 1 127
-7934641 -198 94 16 0 -127
-563 -66 1462 20 1 0
5396300 85 975 19 0 127
-5115510 -19 28 19 0 -127
228684 -145 253 25 0 -127
-25402 -70 1640 19 0 -127
-23933 -36 147 2 0 -127
73 192 2032 31 1 127
103 222 1733 13 1 127
272355 28 199 16 0 127
-30237 21 1765 8 0 -127
613434 212 1738 26 1 127
8238134 117 886 21 0 127
121 -135 608 3 1 127
948 -93 556 19 0 -92
2453472 130 1035 10 0 127
-1400 148 1334 31 0 127
-34205 -210 1171 3 0 -127
3404613 -142 953 4 1 127
271249 95 901 1 1 127
-10433 -45 2008 23 1 0
-51975 -11 833 29 0 -11
-1116 -35 1398 6 1 0
51 -234 519 14 1 0
-18 139 1093 13 1 127
2294 -64 890 13 1 127
358418 -150 758 7 0 127
-108 112 379 27 0 112
4730674 -164 659 24 1 22
112 -156 338 10 0 -119
-98 -247 1901 24 1 0
5705617 215 1066 2 0 127
330844 -241 1280 16 0 127
252123 54 464 17 1 127
31917 -242 1920 13 0 127
-403207 179 1237 14 0 -127
902 205 598 20 1 127
375534 114 1091 30 0 114
-6302299 -229 1745 6 1 0
3199476 -86 968 10 0 127
59 -110 1018 22 1 0
-68875 -123 1695 23 0 -127
15 207 1378 10 0 127
27887 -94 1007 31 1 0
105 -78 1849 1 1 127
-58 -95 486 9 0 -127
-351436 84 478 23 1 64
372282 -101 810 22 1 0
-371 224 282 27 0 127
828 153 1649 15 1 127
30780 124 751 1 1 127
5863 10 1531 18 0 44
-1605 209 947 0 0 -127
88 -133 1029 21 1 0
15416 -241 1490 19 0 -127
-988 -249 1729 27 0 -127
1904 -173 537 5 0 127
-1353 -252 1666 25 1 0
-6827759 -114 280 14 0 -127
70924 -37 628 24 1 0
4428674 -80 1406 13 1 127
26532 194 1092 21 0 127
247545 -45 701 21 0 38
120 -156 2030 15 1 0
60 164 1836 4 1 127
-7384469 163 413 23 1 0
-93 -169 737 22 0 -127
-51 218 184 28 0 127
-302297 59 486 9 0 -127
3336283 238 1937 25 1 127
-251952 -13 563 21 0 -81
-3121730 191 1532 11 1 0
-13886 -187 1398 29 1 0
-16588 193 1443 24 1 127
86 178 1956 13 1 127
-114 -78 495 14 1 0
-179832 -248 204 12 1 0
-1764 -230 579 2 0 -127
-4 89 590 21 1 89
5 39 582 12 0 40
-313 -203 1961 22 1 0
8549 -171 1705 14 0 127
-329698 -181 1982 23 1 0
462042 -71 1645 29 0 -70
438412 -23 1205 7 1 127
-2728752 151 1407 15 1 0
-3530768 -219 53 21 0 -127
-1324 100 143 18 0 99
212379 -203 10 20 0 -127
1 -199 433 8 0 -127
-100766 172 1671 1 1 0
-4930967 -5 1693 17 1 0
-397 42 1037 16 1 36
3928587 52 718 6 0 127
150417 16 1748 30 1 16
-29676 117 2009 18 1 0
4781077 90 1856 10 1 127
59 -99 1356 7 1 127
-5347 42 422 4 1 0
-486895 179 2027 11 0 -127
22883 -28 2006 24 0 -25
463 -206 890 29 0 -127
110 -54 1445 17 1 0
-68 -225 1532 4 1 0
7269325 -245 1123 13 0 127
112 -191 916 24 1 0
321108 -146 1535 5 1 127
-1565 132 1600 25 0 127
-8137 142 2009 26 1 127
-881 186 213 25 1 127
-2316412 -33 1526 6 1 0
-345337 60 131 12 1 0
108 145 1448 2 0 127
1011050 -69 1916 31 1 0
432 -252 854 13 1 0
-1271 239 188 31 0 127
-22 139 483 20 1 127
2644050 41 1195 29 0 47
-31737 -90 1123 23 1 0
-3239362 94 1547 19 1 0
6288304 16 1051 18 0 127
-5320193 -195 1525 20 1 0
32589 -50 646 29 1 0
-35 -227 1386 24 0 -127
100371 -143 1636 10 1 127
-5790130 77 1932 6 0 -127
5119122 104 731 31 0 106
3236456 113 428 11 0 127
-124 90 1332 13 0 70
413034 124 96 28 1 124
5578592 223 77 31 0 127
6914271 -76 274 26 1 0
-364218 -98 764 13 1 0
-2481347 20 362 23 1 0
2402225 35 1638 16 0 127
-108 48 706 16 0 47
10537 -80 1951 7 0 127
-978847 -12 443 25 1 0
18914 -116 1711 26 0 -116
-2048261 -203 1534 18 1 0
-490476 -181 516 26 0 -127
23972 11 1331 25 0 12
69642 195 796 31 0 127
40 -248 783 26 1 0
-1510 -203 227 25 1 0
2734857 145 678 16 1 127
22097 42 459 16 0 127
-1336669 -46 1328 18 1 0
506370 -51 127 7 1 127
471464 153 1708 22 0 127
-2043278 -251 1196 8 0 -127
73 252 938 15 0 127
1699 44 322 0 1 127
-6 -40 1159 13 0 -41
72 -151 1508 14 0 -127
-31765 77 126 7 0 -127
-28 -20 1199 10 1 0
84 -29 1656 17 0 -28
-1222470 55 932 31 1 54
-20217 60 759 17 0 -57
-6670306 214 1129 0 0 -127
483376 -243 747 24 1 0
74 -226 59 5 1 0
-722 178 231 5 0 -127
-34 -181 152 28 1 0
-26232 -124 219 10 0 -127
5383506 30 1577 17 0 127
-82 -101 1708 10 0 -127
1117145 -55 1506 22 0 127
424910 -199 866 8 1 127
3869449 -50 1237 18 1 127
32727 117 428 4 0 127
539 38 2033 28 1 38
107 225 379 10 1 127
1028 30 1875 6 0 127
1448 192 332 3 0 127
9252 77 224 13 1 127
652 20 1803 24 0 20
143937 -183 209 18 1 0
64 233 1004 2 0 127
-446897 28 868 17 1 0
33591 -16 582 30 0 -16
-4706977 13 36 13 0 -127
1868 -103 517 2 1 127
12871 -39 1725 12 0 127
-72 67 1502 3 1 0
-1537 -55 693 24 0 -55
-17 9 348 23 0 9
214163 -42 1086 15 1 127
5003 26 209 11 0 127
-342870 130 1574 10 0 -127
-7380582 156 404 28 0 127
-32122 -199 1856 18 1 0
-3888998 84 991 19 0 -127
-19602 88 2020 8 0 -127
304530 153 1585 14 0 127
18898 -228 309 14 1 127
398 73 438 29 1 73
45 -246 511 25 0 -127
28496 250 1589 10 1 127
-8250158 -100 555 25 0 -127
93 -52 311 21 1 0
9642 11 1895 0 0 127
-22062 -160 140 8 0 -127
-5476 14 368 18 1 6
1713 -152 456 15 0 -127
-8268 29 1582 1 0 -127
-53 111 218 28 0 111
-76 110 1237 1 1 0
-1447 155 1782 21 0 127
77 -13 87 5 1 127
-65 106 1527 9 1 0
1231 76 1822 29 1 76
-27407 207 1437 3 1 0
372384 -149 170 7 1 127
13659 34 1564 24 1 35
-25929 215 1963 4 0 -127
7379059 -234 1744 22 1 127
-15447 -29 1139 20 0 -46
1 -243 1604 27 1 0
18 96 2037 18 0 96
1869 -210 817 6 1 127
-7823962 -28 1482 21 1 0
208 127 694 3 1 127
3607 -100 628 14 0 38
-1851 -32 1189 15 1 0
-376848 -150 1488 26 0 -127
536098 -198 1055 5 0 127
-410336 -57 2010 6 1 0
115 50 1032 13 1 64
7452043 168 666 13 0 127
13 88 1590 19 1 88
-200388 -222 707 23 1 0
-1942 206 211 22 1 127
-3810760 -217 1940 7 1 0
1802 140 667 31 1 127
-108 201 1799 26 1 127
-13269 -111 1540 6 0 -127
-8360634 -226 533 31 1 0
-28712 229 656 11 1 0
-77 51 1749 26 1 51
-1439 -42 1025 31 0 -42
-696 -180 2004 17 1 0
-507 39 113 25 0 39
-604 -157 572 2 1 0
146 -160 1630 1 1 127
-18517 80 1797 25 0 79
-20642 90 1340 19 1 37
5826 -210 1526 5 1 127
5309483 81 2041 19 0 127
-50641 178 866 10 1 0
-130297 26 1326 8 0 -127
-1553 -152 286 22 0 -127
6279764 -40 1987 26 1 127
42 -24 1065 14 0 -21
4546062 1 447 12 1 127
-45 -75 1571 6 1 0
-214702 -254 710 3 1 0
1855 -168 1112 23 0 -127
-10 -150 863 20 1 0
1884 -212 270 8 0 127
-396835 -89 1994 29 0 -90
116320 -37 1819 4 0 127
1481 -204 1146 9 0 127
48 -3 1664 5 0 127
105 -66 1531 12 1 0
7057112 53 1240 20 1 127
40 136 954 9 0 127
7885091 77 460 10 0 127
-1370 -31 1413 11 0 -127
3297284 3 1354 21 0 127
-1412 215 28 1 1 0
2963736 -175 655 2 1 127
7619291 -80 941 3 1 127
1010 -25 1723 16 0 2
-828 -99 329 0 1 0
31 11 1355 23 1 11
3997 20 1765 20 1 27
-47 -183 174 5 1 0
-113 8 271 0 1 0
-31 -99 1196 20 1 0
6308 -6 252 16 0 18
11 -157 951 17 0 -127
658 247 1366 17 1 127
409918 -159 1718 29 0 -127
55 -237 1027 4 0 127
-71073 31 997 2 1 0
-7971 -149 1723 20 1 0
1247 244 488 17 1 127
1731 146 1580 20 0 127
145 203 463 30 0 127
8365289 -240 1284 2 1 127
-543 -116 52 6 1 0
-8565 60 44 2 0 -127
26476 16 130 3 0 127
42943 -196 1654 12 1 127
-24617 218 660 10 0 -127
-139041 77 265 28 1 77
1188 70 954 29 0 70
-107 -26 467 31 1 0
-917 51 717 11 0 -127
7489 -222 1443 14 0 127
-59 -126 242 18 1 0
230048 151 1531 14 1 127
8002 -107 217 23 1 0
-2357294 -243 802 31 0 -127
-2988728 129 1826 20 0 -127
-94 37 1927 10 0 -127
-25184 -128 483 0 1 0
40 -163 630 22 0 -127
347609 -147 477 5 0 127
-963 179 1186 30 0 127
-156996 40 848 26 0 38
83 77 686 27 0 77
-267480 -168 769 23 1 0
-463532 -84 665 29 1 0
-89 40 1079 18 1 40
1417 53 147 18 1 54
-2084 -175 1489 27 1 0
-809 -169 883 7 1 0
-227978 239 958 20 0 31
6330183 63 240 25 1 108
88772 -179 783 11 1 127
-222580 -127 187 10 0 -127
-275637 113 326 15 1 0
-1375 242 1700 3 1 0
-999 133 303 26 1 127
51 -181 631 25 1 0
-9831 52 413 25 0 52
351220 -31 1536 17 0 127
68 27 554 19 1 27
5736759 214 1417 29 1 127
701 -111 1677 4 0 127
-27665 -85 1110 8 1 0
-633 168 1334 6 0 -127
-16780 2 880 12 0 -127
-26 171 1136 11 1 127
-3167215 179 1422 12 1 0
36639 82 1542 14 1 127
-980 217 1201 12 1 0
88 -28 1400 29 1 0
4518229 -209 1076 21 1 127
-6048384 175 1203 30 1 127
-11779 194 1238 7 0 -127
2428 149 986 30 0 127
1149 4 2023 24 0 4
-4767572 178 985 16 0 -127
20341 162 1359 6 1 127
2377905 86 1902 21 1 127
-550 -248 1941 25 1 0
-23931 -154 843 16 1 0
-26084 54 78 3 1 0
-115942 236 751 10 1 0
-5882144 51 498 10 1 0
69 220 1772 23 0 127
-18426 131 827 18 1 73
411451 -208 2004 0 1 127
-3631567 222 1253 14 1 0
-1595 -228 1707 26 0 -127
-242257 -218 1976 0 1 0
45 -53 238 22 1 0
-7 -9 32 20 0 -9
-22067 25 1304 5 0 -127
-4600938 166 1830 13 0 -127
-70292 44 836 27 1 44
-3811700 239 483 25 1 127
4871530 -154 801 17 0 127
-14313 -9 997 16 1 0
-3665675 254 1709 1 0 -127
-33667 -115 778 19 1 0
14453 210 637 18 1 127
45 -120 519 4 1 127
-79 127 1659 28 0 127
-1558207 -75 1957 1 1 0
-1570 97 401 1 0 -127
-215 -170 176 0 0 -127
-29794 36 424 27 0 36
6476168 -107 770 19 1 127
-1783 -105 1326 25 1 0
-869 -83 37 24 1 0
-474 -90 894 25 0 -90
6899926 75 1618 3 1 127
-16605 -147 2028 29 0 -127
-19 -39 855 17 1 0
-3846 -214 1724 30 0 -127
-1536947 -247 1056 12 0 -127
-19959 136 1872 19 0 65
9911 -152 1839 31 1 0
-44 -2 1912 21 1 0
521 128 514 7 0 127
6268421 -83 1330 27 0 -21
521486 -96 1395 4 0 127
1538 96 1999 11 0 127
-2026751 -35 1331 16 1 0
-26135 -249 1814 14 0 -127
-16 -20 483 29 0 -20
1952 243 243 2 1 127
-1277 224 403 8 0 -127
30040 -56 1842 11 0 127
104 46 1421 4 0 127
-386 -13 1143 1 1 0
-7904958 151 919 5 1 0
-21061 238 1624 28 1 127
42 -38 971 31 1 0
-30175 56 1209 29 0 56
-109 -164 856 31 0 -127
73 -67 756 25 0 -67
-1102906 50 109 17 1 0
-850 -170 272 26 1 0
-368456 -200 1807 21 1 0
-522 -42 1677 30 0 -42
-920 -198 675 2 0 -127
-73 41 911 24 0 41
-3489580 -124 142 30 1 0
220237 -184 558 30 1 0
-5219420 -88 1988 12 1 0
-2598257 -133 999 5 1 0
255963 -217 1656 27 1 0
344026 -196 619 20 0 7
5553 69 1845 9 0 127
16050 45 1913 17 0 127
121 124 343 26 0 124
7364 -9 721 21 0 -6
155052 -130 1228 12 0 127
-407501 101 1560 26 0 92
-5448797 106 1870 12 1 0
571630 217 153 10 1 127
14067 197 1167 23 0 127
-25453 186 116 1 0 -127
70 -59 230 8 1 4
16636 229 2004 14 0 127
2816003 -17 50 7 0 127
1903 -122 1938 4 0 127
1515 149 1290 0 0 127
-26781 -105 1226 11 0 -127
86 97 254 16 0 97
42 15 912 20 0 15
4264 -134 774 27 0 -127
-1205665 6 1747 22 0 -127
-71 185 215 31 0 127
-1785 -135 522 26 0 -127
-854 65 138 27 1 65
111 65 1608 21 1 65
234940 -5 654 15 1 127
8 176 331 1 1 127
160762 -242 408 28 0 -127
499 -149 1551 22 1 0
-122 9 1926 4 0 -127
-126 -5 524 18 0 -5
9330 177 1722 29 0 127
-57540 -143 1510 3 0 -127
507942 -152 1854 19 1 127
1208402 171 1949 19 0 127
-36 214 1456 15 1 127
-30983 28 2034 26 0 27
-217576 -122 586 7 1 0
-10384 129 150 26 1 127
28188 34 130 16 1 90
-512095 -179 981 25 1 0
-1296 -152 653 27 0 -127
-3330351 145 1992 7 0 -127
-7375901 -133 802 10 1 0
1102 37 1256 17 0 48
-20114 -237 289 3 0 -127
475981 213 1621 11 1 127
-4927 -251 978 28 0 -127
1568 -167 947 1 1 127
-29209 -102 144 24 1 0
3433204 -184 34 9 0 127
-204252 217 1514 17 1 0
-743 -1 1806 25 0 -1
-5737115 -234 989 24 0 -127
-891 -206 945 13 0 -127
-22303 255 197 4 1 0
26453 -110 108 2 1 127
70 -80 2026 22 1 0
989 104 604 23 1 104
225315 -90 1648 17 1 127
1863 135 266 6 1 127
-8 -244 908 21 1 0
6511419 185 1479 30 1 127
-315142 -197 1115 31 0 -127
1193683 -48 618 24 0 -4
-1056 237 1021 23 0 127
-4852 217 31 6 1 0
3 -194 99 6 0 -127
-969 -66 138 14 0 -74
-5447426 181 908 11 1 0
-766 -244 1210 26 1 0
-197437 -234 4 3 1 0
-17526 -146 376 30 0 -127
1427 -172 1861 10 1 127
-459559 -109 929 7 1 0
-504 31 164 11 1 0
-2516036 12 2008 12 0 -127
-1427 -65 1870 21 0 -66
52 190 16 3 1 127
3030642 -102 1001 19 1 127
-3184778 -61 42 7 0 -127
-48574 60 435 6 1 0
-7021096 10 1370 20 0 -127
-2235308 -187 1939 10 0 -127
2162 89 826 31 0 89
-325241 29 1992 12 0 -127
5587487 41 728 6 1 127
-71 -66 630 21 1 0
-167140 167 1192 15 0 -127
75387 -108 817 5 1 127
-75 -88 163 8 0 -127
1075 120 1344 3 1 127
15891 -33 1270 25 0 -32
-8440 168 533 21 1 127
-32 -82 375 22 1 0
-466 -144 2010 1 0 -127
-12506 238 1798 26 0 127
-97 -13 1017 20 0 -13
-115510 146 1516 2 0 -127
-5 84 67 30 0 84
-1456 240 1326 29 0 127
-1206 19 944 14 1 0
-4118018 56 338 27 1 46
-27962 -115 876 16 0 -127
-1880696 -165 295 3 0 -127
-1034 -61 861 9 0 -127
206042 -165 1148 12 1 127
-172876 38 631 4 1 0
-1874 20 2042 11 0 -127
7832639 -141 394 3 1 127
6373 -157 527 0 1 127
480524 -95 1819 15 1 127
-190 -63 1160 22 0 -63
-8200871 -182 1551 22 1 0
-71436 -127 782 31 0 -127
-5683991 7 222 26 0 -12
-320827 188 1768 10 1 0
5656 68 1648 29 1 68
-1655516 -167 726 16 0 -127
65 -165 1235 31 1 0
311583 -170 1497 21 1 52
10986 -180 175 17 0 -127
373341 -209 866 28 0 -127
189468 200 1248 3 1 127
70 -131 312 14 0 -127
9360 -56 890 13 0 127
1323 -219 1056 28 1 0
-438 -89 214 10 1 0
462657 40 1393 21 1 127
-1747 -100 1341 6 1 0
1004 -237 1811 10 0 127
-284307 97 685 22 0 51
1463828 77 497 5 1 127
-4904671 247 708 8 1 0
-47 119 916 4 0 -127
382366 56 1809 22 0 127
11329 -24 748 19 0 -8
-25518 45 1541 12 0 -127
2658858 118 486 22 0 127
-1207027 36 595 25 1 15
-535 4 105 15 1 2
-3465025 -148 612 18 0 -127
-3782 94 1456 10 1 0
52 -200 1442 15 1 0
-7113950 -156 871 28 1 0
32543 -161 11 12 0 -74
99 140 1630 20 0 127
-15356 -217 167 28 0 -127
-578139 -199 1201 29 1 0
-242 51 466 29 1 51
-1538 -1 1486 29 0 -1
-73 -73 1189 18 0 -73
55107 155 864 19 1 127
1759 -185 1296 5 0 127
-763 -56 47 23 1 0
-9617 216 509 5 0 -127
161135 -150 688 17 0 127
1379 158 1247 24 0 127
-285039 100 2039 15 1 0
103 -180 1105 17 0 -127
76 96 1218 23 0 96
-5447342 92 156 13 1 0
-26355 8 156 0 0 -127
-50 -153 1674 2 1 0
-399929 112 1072 27 1 109
-170734 -123 118 9 1 0
1806 53 53 18 1 53
46 212 309 13 0 127
-58 -236 1818 10 0 -127
-1856 49 1140 7 1 0
-1713 -25 1786 2 1 0
451961 -141 1995 24 0 -87
184836 -227 4 30 1 0
6546257 47 1489 17 1 127
-2888926 136 897 6 0 -127
-505615 135 1602 10 0 -127
-71 -22 405 13 1 0
-440219 93 1316 5 1 0
224882 -52 553 9 1 127
170172 -105 636 29 1 0
3424897 19 105 12 0 127
1299 145 347 30 1 127
-101 -244 1469 9 1 0
-208893 14 1996 7 1 0
35 -83 1016 8 1 56
28 -133 1493 14 0 -127
7057379 -118 120 2 0 127
71 -21 876 8 0 127
-110 -41 1504 1 0 -127
484691 -98 1597 23 1 0
13759 -237 765 15 0 84
23206 -151 1162 8 0 127
-443 -255 1102 4 0 -127
-2295397 211 1156 17 1 0
-24069 -113 809 3 0 -127
-882 -209 823 22 1 0
-1418 -158 39 8 0 -127
-5004274 -133 1751 30 0 -127
-4328529 -105 1167 20 0 -127
1516 -211 1937 15 0 -121
40522 15 1439 27 1 15
1392 -87 219 7 1 127
27869 58 233 1 0 127
-1087 162 1762 1 0 -127
-7421551 -167 515 9 1 0
828870 59 1600 19 1 127
-16239 73 1363 7 1 0
-26332 238 1295 17 1 0
-1019 -239 749 3 1 0
3048427 -226 828 20 0 127
25568 98 2017 31 1 98
-6496 -170 1977 16 0 -127
-22916 -226 1562 29 0 -127
19201 -104 1072 29 0 -104
-1038 -240 671 17 0 -127
136543 -248 954 27 1 0
-368243 -38 411 9 1 0
27962 249 1724 20 0 127
-287129 159 966 9 0 -127
45 -142 1053 13 0 -127
17944 -151 285 18 0 -127
-286716 -56 241 15 0 -127
-4941515 36 750 7 0 -127
-32 -2 1093 30 1 0
-13811 -214 1535 17 1 0
367148 51 1113 27 0 54
-6008 26 424 10 0 -127
5 1 1568 19 0 1
109233 197 1182 16 0 127
-5379035 10 268 13 1 0
101 98 69 8 0 125
10 179 1686 26 0 127
1762 -180 502 24 1 0
-5371043 -42 96 23 1 0
6988897 -108 1427 26 0 41
1304 -140 1148 23 0 -127
-6257 -58 856 26 1 0
7360468 3 933 22 1 127
-32 -223 863 24 0 -127
8227120 8 368 11 1 127
-4459712 234 832 20 0 -127
-198399 76 1905 3 0 -127
265956 201 802 2 0 127
123 71 621 22 1 71
1567 -14 813 26 1 0
-49742 -248 1933 13 1 0
-689 -176 157 28 1 0
-22921 243 1313 5 0 -127
1292 -135 490 30 0 -127
-6792114 53 489 29 0 47
2015 75 6 27 1 75
8253335 -55 450 12 1 127
-9973 102 1243 19 0 78
8064414 -223 69 23 0 -127
21169 126 1317 2 1 127
21155 -188 508 2 0 127
-6497075 -81 1604 11 0 -127
523546 188 1013 21 1 127
7571140 106 232 10 0 127
241694 -40 84 3 1 127
-12 9 233 31 1 9
-98 197 1150 2 1 0
689 -29 1478 12 1 127
-221917 128 433 26 0 127
-5154557 -104 150 11 1 0
7970880 104 353 17 1 127
-414856 123 98 19 1 45
45 -93 1793 25 1 0
-26 6 1792 10 0 -39
159105 -100 693 25 0 -97
29360 -123 979 20 0 -96
-285099 -29 724 15 0 -127
-349871 -38 144 19 0 -127
314907 102 2031 30 1 103
-106 222 59 31 1 127
-47 224 411 16 0 127
-1016 120 1352 23 1 120
-6040318 254 1496 28 0 127
2181306 214 1864 15 0 127
-151 229 1458 13 0 127
6457131 13 1370 7 0 127
70 -17 1775 10 1 104
-1179 118 521 1 0 -127
2772817 204 545 10 1 127
-26536 103 1770 13 0 -127
489 -120 1179 4 1 127
342 154 1656 28 1 127
17279 -229 179 22 1 0
7660125 -225 508 16 0 127
-1162 -64 775 31 1 0
-9014 102 1464 17 0 1
-303356 238 315 30 0 127
8614 116 1875 13 1 127
-1797 238 171 23 0 127
-1409 31 1729 25 1 31
80 71 1263 28 1 71
1015 -15 1314 1 0 127
32 -45 1454 26 1 0
102 -249 1208 23 1 0
8144494 -182 903 22 0 127
99 -184 201 14 1 0
-14752 -250 1847 4 1 0
1313 33 5 0 0 127
9224 235 608 21 0 127
515 -81 1799 4 0 127
109 -189 1073 26 0 -127
1635 78 1409 28 0 78
-37840 103 169 17 1 54
-46 -214 267 15 1 0
4467377 -21 311 3 0 127
-52 -240 731 18 1 0
372267 124 285 19 1 127
-1371 211 1318 18 1 127
1152 185 1072 12 1 127
-79 234 1870 26 0 127
-31016 87 44 18 1 82
-802 -156 124 16 1 0
-29800 253 862 11 1 0
118 -209 1280 11 0 -127
1128 -253 1351 31 1 0
6064610 109 1048 25 1 127
55 -234 33 7 0 -127
-23730 -210 500 2 1 0
-1590 199 55 12 0 127
-17 -3 819 0 1 0
-7 148 1384 21 1 127
36 -70 1333 2 1 127
452616 -215 1206 25 0 -127
-800 -31 913 5 0 -127
151128 -239 511 7 0 127
27199 -122 1063 21 1 0
1154912 14 639 4 0 127
-2787637 27 902 21 0 -127
-552 -218 1025 23 0 -127
19 22 715 18 0 22
-176771 -14 716 29 1 0
-2582072 203 1166 2 1 0
-406223 181 1364 27 1 127
48 -216 472 21 0 -127
-16232 -136 676 24 0 -127
-16368 -87 1011 17 0 -127
-92 203 1972 27 0 127
-1445 63 1666 31 0 63
14065 -160 185 18 0 -127
27 -249 1768 28 0 -127
-1 -74 1408 29 1 0
1099 -96 1842 5 0 127
-3584 -95 617 14 0 -127
24698 -102 1653 1 1 127
1012 -167 8 9 0 -127
244615 149 1077 26 1 127
1150 156 717 27 1 127
489950 -10 672 31 0 -10
22 60 642 13 0 62
-858 217 977 3 1 0
-18169 30 751 8 0 -127
5179997 204 223 6 0 127
487252 222 1631 20 0 127
-1551 -118 448 23 0 -118
-6981330 -138 902 21 1 0
-100 115 1004 6 1 0
-31958 -119 723 30 0 -119
-31941 -87 611 4 1 0
12072 250 1162 24 1 127
833 -95 563 2 0 127
125 11 1839 15 0 18
-418026 -172 856 12 0 -127
7140938 112 1945 22 1 127
-14 226 1256 27 1 127
2986447 161 962 4 1 127
-7295002 -224 207 28 0 -127
23611 -84 1468 10 0 127
1349348 140 304 19 1 127
-20905 -201 227 27 1 0
-4542722 68 548 23 0 -127
43 -32 474 22 0 -32
-9994 -49 404 15 1 0
75 -99 22 18 1 0
-114 -192 753 22 1 0
-506330 -74 1019 28 1 0
107 145 1769 30 0 127
-2442283 -4 1626 18 0 -127
-32376 62 1501 4 1 0
-3119046 -254 249 4 0 -127
-4733 205 623 10 1 0
105 15 453 23 0 15
-123 4 1571 14 0 -8
-17184 104 82 9 1 0
-25 206 1535 25 1 127
276641 100 1035 12 1 127
202383 30 1221 23 0 59
4040826 -99 1236 25 1 50
6059 -113 299 21 1 0
20409 -16 1653 25 0 -15
-7 159 1209 20 1 127
-4210 175 1395 16 1 85
88159 111 1658 28 1 112
-6686 1 2025 5 1 0
-541 -116 1123 27 0 -116
23606 157 1347 21 0 127
-110 63 1100 19 1 63
32461 -239 805 2 0 127
-7649 212 808 25 0 127
20287 36 760 24 1 37
1655 -162 1497 21 1 0
-1432823 -52 771 21 1 0
3836425 -54 403 25 1 0
1409 160 847 22 0 127
86 132 406 28 1 127
1109 -62 322 8 1 127
434902 -25 1653 0 0 127
-2735935 -122 130 17 0 -127
-1343614 244 405 21 1 0
22813 105 2031 20 0 127
27383 148 1695 16 1 127
-1201 -82 1998 27 0 -82
-1546 -68 1552 12 0 -127
-8042752 186 158 17 1 0
-2068193 66 943 26 1 37
127 181 291 7 1 127
5729736 -114 564 6 1 127
1101 61 1209 28 0 61
-241277 94 587 6 1 0
93 -129 1074 19 1 0
-4078 214 725 28 1 127
-938 -190 1436 6 0 -127
-7548972 24 27 2 1 0
861 -203 83 0 0 127
519103 244 1611 9 0 127
7886872 253 893 19 1 127
-34063 -231 316 11 1 0
509604 -155 1438 20 1 127
6061000 -110 1379 6 0 127
-27528 37 2011 28 0 37
-4881357 27 1285 10 0 -127
16 190 825 1 0 127
47 -30 1554 29 1 0
-239926 198 875 11 0 -127
13 155 1884 28 0 127
1415 145 1115 5 1 127
7329666 -169 1926 7 0 127
42 -92 544 1 0 127
-4532366 -11 784 27 0 -37
381677 -249 388 13 0 127
-80 -198 1537 26 0 -127
390 235 338 24 1 127
1402 241 890 15 0 127
-1412 42 1485 17 0 26
298959 -67 1119 17 0 127
3605991 -202 430 21 0 127
-71 -136 527 15 1 0
1260921 2 1805 21 1 127
-1404 1 1300 19 1 0
-104 74 897 29 1 74
5565 -145 1306 29 0 -127
-5659 -228 47 22 1 0
10123 22 1481 8 1 127
-3190048 -84 461 20 1 0
78 -103 1798 19 0 -103
532 86 1644 16 1 99
-65 129 1406 28 0 127
-10726 -202 1736 17 1 0
33 16 1739 24 1 16
1450 250 91 11 1 127
115 183 1844 14 0 127
380330 213 895 20 1 127
-1338 142 1167 15 0 94
-96778 -85 1501 5 0 -127
-497647 -20 1979 25 0 -49
-5026 -170 1292 10 1 0
28 -116 1660 11 0 -93
2017879 -4 1580 7 1 127
-22978 -67 1964 4 0 -127
60026 55 239 3 1 127
9 -239 1649 26 0 -127
-441 29 1960 7 0 -127
1969 -131 2046 5 1 127
-509009 -128 1449 27 1 0
695635 166 851 24 1 127
-13677 112 1849 4 1 0
244 -226 1750 10 0 127
-33386 -171 1913 15 1 0
7097728 94 128 28 0 97
-21326 10 1791 22 1 1
-8238723 198 684 15 1 0
-24 100 1258 7 1 0
69 -66 487 21 0 -66
1647763 140 1855 21 0 127
-289705 -139 1170 24 0 -127
1890117 190 1227 10 1 127
493044 251 1600 9 0 127
8428 191 2044 2 1 127
-31937 -156 1067 9 0 -127
37011 -79 1767 17 1 127
-26308 -48 758 1 0 -127
119 -246 2029 7 1 127
-31 231 36 27 1 127
-19434 153 514 12 1 0
-1104 -177 1142 18 0 -127
-28887 153 1254 19 1 84
17986 148 688 31 0 127
141747 128 558 7 1 127
159799 209 336 29 0 127
445264 72 234 5 0 127
-8159920 251 1317 8 0 -127
1885 6 1147 1 0 127
349140 -116 1969 3 0 127
-88 -232 1788 20 0 -127
-18 -135 432 27 1 0
90462 -91 1928 10 1 127
3931761 -14 789 27 0 9
-35 63 483 25 1 63
-244 203 623 6 0 -127
-440658 -248 1466 23 0 -127
847 239 596 9 1 127
1452 44 840 25 0 44
792 -200 321 16 1 0
-1870997 221 1190 5 1 0
735 175 962 22 1 127
-123 -147 1742 8 1 0
19953 220 659 15 1 127
-16333 96 381 30 0 96
-252258 49 673 11 1 0
1379 9 920 25 0 9
1863 229 1171 29 0 127
76 -46 1038 28 1 0
718179 135 283 12 1 127
-404736 155 738 13 0 -127
48675 -240 272 2 1 127
340206 147 1903 22 1 127
97 -59 974 6 0 127
-111 -107 861 6 0 -127
1166047 -16 1856 28 1 0
2756 111 1496 1 1 127
8889 -252 96 10 0 127
2226 -42 1243 12 0 127
-54 -111 1698 7 0 -127
215667 7 1560 21 1 127
-1402732 97 1658 15 0 -127
-382557 -115 302 31 0 -115
-8252105 -120 1054 0 1 0
-82 -152 65 9 1 0
16750 -64 1497 27 1 0
120 85 1372 29 1 85
-28541 52 1609 29 1 52
10208 15 403 11 1 127
5282116 179 903 13 1 127
-239393 -53 1711 1 0 -127
32443 -37 818 21 1 0
-510886 -241 1937 23 0 -127
298535 88 1942 0 0 127
-917 129 214 23 1 127
-18311 -157 407 17 0 -127
6276035 155 481 5 1 127
-17967 116 1813 25 0 115
5258490 -90 1651 9 1 127
276 9 188 25 0 9
65 -76 1571 24 0 -76
-19 -234 1120 31 0 -127
-50 70 167 16 0 70
30 -230 688 13 1 0
-426 72 354 14 0 63
-15378 -82 1587 4 1 0
-427943 -14 863 11 1 0
295604 -182 1145 4 0 127
5018276 123 1028 2 1 127
118 57 33 16 0 57
6040668 46 1797 23 0 127
-1298 43 124 22 1 43
419471 -234 1097 2 1 127
-17427 -155 846 24 1 0
-447317 -237 570 31 0 -127
-238820 110 429 26 0 108
-11556 -36 1526 21 1 0
-473079 -96 1928 10 1 0
1558 130 638 17 0 127
-123 157 1134 12 1 123
344017 -97 1805 15 1 127
-118 133 750 1 0 -127
-1250661 -209 959 3 1 0
-439493 250 1550 0 0 -127
-508 101 258 31 1 101
-26123 -68 10 20 0 -68
-95 75 83 3 1 0
-1958 118 1609 0 0 -127
211058 -111 1472 28 1 0
29744 -99 1357 22 1 0
1719 235 945 0 0 127
-490911 -127 2045 14 1 0
-518763 -95 1421 21 1 0
30259 222 916 0 0 127
7632321 156 293 5 0 127
-7374 61 265 23 1 61
18300 -117 1398 8 0 127
1979409 -61 1034 9 0 127
-1059 -207 444 14 1 0
111 -143 916 4 0 127
-1847416 130 804 26 0 108
-86025 227 1849 2 0 -127
1058 43 896 23 1 43
22827 93 1121 2 1 127
-1061421 -57 388 25 0 -69
-1775 180 584 3 1 0
-4363200 93 1371 15 0 -127
-20 -121 1311 29 1 0
-9762 -214 667 25 1 0
-428 -159 1598 21 0 -127
-1000 105 822 19 1 103
-1859 122 1809 15 0 19
80 -22 703 18 1 0
107 -157 1023 10 1 0
-21577 62 1635 29 0 62
-36559 -205 1386 9 0 -127
-128 -21 669 21 0 -21
-362 -200 1109 18 1 0
-462342 -42 446 27 1 0
-951237 -55 1026 27 0 -62
15 254 161 26 0 127
332733 -226 53 2 0 127
41 0 1260 24 1 0
13802 84 2017 28 1 84
28808 -158 1924 29 0 -127
-88 114 1976 27 1 114
186437 -164 177 23 0 -127
-15527 -52 1116 21 1 0
-1353 -231 1256 13 1 0
-6571973 139 258 24 0 38
-197192 -105 986 8 0 -127
-290 62 154 5 0 -127
24557 -131 731 2 1 127
-25724 -191 1564 11 0 -127
7804026 238 1305 26 0 127
309462 -208 1323 20 1 127
5495681 -77 1165 19 0 127
8019056 58 1326 10 1 127
-38 -196 92 2 1 0
-1664 201 75 29 0 127
1332 -15 552 24 1 0
28540 248 714 17 0 127
-6137507 -63 1615 11 0 -127
-938 83 1381 26 1 83
-245413 166 71 8 0 -127
-1072 -4 462 16 0 -12
-55 174 354 27 0 127
17699 107 1104 7 1 127
124521 16 639 2 1 127
421576 -255 1456 27 1 0
-4000 -239 173 14 1 0
1147 48 993 3 0 127
5258731 -52 363 20 1 127
197933 202 1276 20 0 127
123 -151 1437 4 1 127
-2009381 233 1652 12 0 -127
-8457 -134 166 5 1 0
29 -65 10 28 0 -65
-111 -42 129 26 0 -42
818 -235 391 28 0 -127
-1871 228 1496 20 1 127
-8351568 69 1861 20 1 0
-1584 -54 360 4 1 0
-3 185 1387 13 1 127
7044624 -51 687 27 0 -15
-42 -205 636 19 0 -127
-54 0 1960 21 1 0
25645 98 1290 26 0 98
-5070278 127 1079 17 0 -127
-449058 -250 1697 23 0 -127
-2845464 -201 1186 5 1 0
-51 -77 198 6 1 0
798805 239 250 25 0 127
1982 -171 278 13 0 -104
-1537 177 478 30 0 127
22783 81 357 0 1 127
-19736 -119 1889 7 0 -127
-4461306 -89 181 8 1 0
-3378 15 1350 23 1 14
-23131 -103 632 4 1 0
18018 76 1882 5 1 127
-115 -162 1694 13 0 -127
2018 224 369 29 1 127
267198 162 897 9 1 127
-285781 -63 1411 22 1 0
-731 -44 859 4 0 -127
-5431 -225 1129 16 1 0
1918 -141 394 1 0 127
70 -129 1242 2 0 127
-29 -215 433 20 1 0
-41 9 1590 9 1 0
181286 150 1826 31 1 127
49 -48 1792 17 1 0
-8016 -25 1933 11 0 -127
-116 69 1092 5 1 0
-4879083 -149 743 7 1 0
13229 -42 740 28 0 -42
-719183 -127 262 16 0 -127
-494407 -199 1248 0 1 0
7511494 59 231 27 0 72
-25817 212 712 8 1 0
191 -43 1108 23 0 -43
-117 252 1375 20 1 127
-4038343 34 1581 31 0 31
838 243 741 26 0 127
-183 4 1158 16 1 1
29727 168 1493 25 1 127
-90 -236 1615 10 0 -127
24226 6 444 29 0 6
7761992 185 1122 6 1 127
1505 -155 84 0 0 127
-346 36 1326 22 0 36
-167338 233 1677 20 0 -35
490856 -108 171 25 0 -105
-128 116 1950 31 0 116
4609516 211 1567 0 0 127
-4578515 19 1206 15 0 -127
19030 -176 1022 13 0 127
-1999 39 1077 16 1 6
-2035 -238 723 25 0 -127
42 -116 527 19 0 -116
4193444 213 553 19 1 127
124855 3 1207 24 0 12
-3233400 -123 1001 4 1 0
-3930233 9 1934 12 1 0
4558961 186 943 7 1 127
-332031 -173 785 15 1 0
147078 104 778 14 0 127
-465336 -231 1220 14 1 0
17597 149 24 17 1 127
-7744 223 432 13 1 0
18474 225 1376 30 1 127
-42 142 1229 25 1 127
-73 11 772 15 0 9
90 98 1339 0 1 127
-124 -19 1030 1 1 0
-5627771 -159 1114 16 1 0
195490 220 318 16 0 127
458260 -182 739 19 0 127
493463 -27 2008 7 0 127
6695246 54 568 29 1 61
-43 64 838 23 1 64
-39 -27 1346 20 1 0
-5013391 -82 643 31 0 -84
-13858 -202 933 27 0 -127
56 -91 99 27 1 0
32575 -154 690 16 0 127
16 4 1904 30 0 4
-31435 -119 463 0 1 0
127 151 1873 26 1 127
60 9 1416 31 1 9
-170290 205 2001 8 1 0
-237727 -17 653 17 0 -127
6562857 -210 260 13 1 127
6508816 32 379 25 1 106
-123334 -155 1167 12 0 -127
7621430 48 1964 30 1 62
-7101050 215 1764 17 1 0
7905 158 1852 20 1 127
-23897 -220 68 2 0 -127
1711 -180 1872 8 0 127
-173 -59 569 1 0 -127
-5767 -226 1977 6 0 -127
-6058087 12 1055 31 1 9
388 56 617 6 1 127
31906 247 177 22 0 127
1768 80 1254 7 1 127
1114 -170 1703 26 1 0
-1344 147 251 5 1 0
-2410964 204 1587 11 0 -127
359685 100 1150 7 1 127
-161 -133 420 8 0 -127
-27690 128 474 6 1 0
17745 3 1783 16 0 127
-77 -189 446 23 1 0
-103 84 305 1 0 -127
22876 -174 572 3 0 127
-1566 -160 974 15 1 0
-30 -179 1389 19 1 0
4928029 -134 1885 12 1 127
-574475 178 971 9 0 -127
-3458 210 1796 13 0 -127
-2 71 1173 16 0 71
1008 -105 175 18 0 -104
25332 167 488 26 0 127
-8039 53 286 10 1 0
1176 -147 1267 30 0 -127
-7779336 -13 9 25 1 0
81 -23 1510 11 0 37
-1085 12 1932 23 1 12
-11239 -116 556 15 0 -127
27265 -172 881 21 1 0
-1994 101 852 28 1 101
13 193 79 16 0 127
97712 137 1851 6 1 127
20424 98 1888 23 1 103
222702 -126 1426 23 1 0
5 -106 633 8 0 -94
113138 -28 1961 22 0 25
-161 -124 1446 0 1 0
-19 13 1182 0 0 -127
28541 -86 530 25 1 0
-2026576 160 1246 2 1 0
-3046 200 1477 7 0 -127
-7868 198 1873 12 1 0
5518 -219 953 4 0 127
53 167 977 21 0 127
-928 -202 604 27 0 -127
-6415461 -233 2046 26 0 -127
-1095 123 815 22 1 123
-246566 -199 1253 3 1 0
-544 -244 17 4 0 -127
3301635 -1 1449 12 0 127
5530 -13 1398 3 1 127
-85 -7 797 8 0 -127
-40 -27 236 27 1 0
31863 145 691 7 0 127
7617898 -233 693 16 0 127
-706 165 358 6 1 0
-1227 -77 156 14 1 0
-5220304 1 287 2 0 -127
-1040 88 1249 11 0 -127
102 -43 1695 11 1 41
3574102 -78 626 16 1 127
-8281075 -29 1921 30 1 0
-58 170 262 7 1 51
4350103 -196 924 3 0 127
-2344 24 149 18 0 23
-65787 -73 464 20 0 -102
25609 244 1468 3 1 127
-13204 -253 17 21 1 0
-115 -51 383 8 1 0
15531 231 1779 30 1 127
-1766362 221 1635 25 1 127
-329497 68 1952 30 1 67
-1376 -130 1316 12 1 0
-48 -12 333 17 1 0
-6 -228 110 24 1 0
29711 197 641 28 1 127
-4185142 -212 1224 11 0 -127
6799980 201 10 29 0 127
406 228 825 4 0 127
42 212 1544 10 0 127
-9225 -151 658 18 0 -127
70 -71 471 15 0 -70
-26713 184 1994 23 0 127
118 194 242 29 1 127
433686 -160 314 12 0 127
-7412 -212 55 7 1 0
7687809 -34 1878 28 0 20
-21234 -147 790 18 0 -127
-2268396 -255 276 19 0 -127
-3697 91 1876 28 0 91
-1505 163 1400 0 0 -127
-394699 -176 857 13 0 -127
344175 123 1252 17 1 127
-124 212 1712 22 0 127
-359492 252 1578 7 0 -127
12 69 1786 3 0 127
-7303616 53 1423 25 0 -127
31342 -126 1601 20 0 -78
21850 -119 1741 10 1 127
28146 90 325 3 0 127
-24316 122 969 18 0 32
3601 -210 2030 6 0 127
-91136 -97 507 0 0 -127
5006723 -130 226 9 1 127
-59 61 332 16 0 61
-7177229 119 1683 26 0 -61
-1798 -81 290 26 1 0
-1849 233 1474 5 1 0
1573 67 1557 7 1 127
-4926813 -108 1038 28 1 0
-6322 -50 151 2 1 0
6798038 174 356 9 1 127
449373 -57 1941 3 1 127
98 -102 301 4 0 127
-55 -174 1332 6 1 0
376930 236 752 21 0 127
55162 -84 1488 5 0 127
302342 -179 1726 23 0 -117
-1888 -138 490 3 1 0
1557 205 1962 4 0 127
-83 201 518 10 1 127
-26 -147 1827 13 0 -127
3466 -171 1011 14 0 43
1752 -192 489 3 1 127
-1192 -77 1604 3 1 0
-74 -198 895 23 1 0
7860 -11 710 3 0 127
2956930 11 1117 13 1 127
56 201 1775 20 0 127
458074 136 1420 30 1 127
-105 110 1521 26 0 110
498 -100 1456 3 1 127
4766 215 694 8 0 127
74 -137 540 16 1 0
6242743 -69 724 17 1 127
1092 -176 1755 2 1 127
-66 -133 1956 12 0 -127
-56 -89 248 4 0 -127
1708 -76 3 16 0 -76
242730 70 1558 3 1 127
6409831 247 948 13 1 127
-114 -101 406 24 1 0
1426 -87 1293 29 1 0
110 116 665 8 1 127
-2521 134 1226 14 0 -55
351014 253 1790 11 0 127
-3127 240 964 9 0 -127
461595 -207 149 0 1 127
-421275 -168 1348 26 1 0
-103 126 241 10 1 102
8118653 102 1330 10 0 127
610 129 1773 7 1 127
-7087855 -36 39 27 0 -38
45861 75 1252 20 0 127
1194 202 331 23 0 127
357 141 329 0 1 127
7125602 -96 1675 29 1 0
-11448 165 438 17 1 127
-2341994 -144 1958 5 1 0
-67562 176 1677 12 1 0
94486 156 1933 23 0 127
18 182 790 1 1 127
1744 -155 467 31 0 -127
28424 -170 580 12 1 127
8724 109 649 27 0 109
403 -104 642 18 0 -103
10642 -135 1190 6 1 127
2514663 -131 634 16 1 127
-16158 215 984 31 0 127
-1987 81 1987 17 1 51
-70 94 1010 13 0 85
-7798847 46 904 17 0 -127
73 79 282 28 0 79
29421 13 1386 2 1 127
323 -2 1945 30 1 0
-1043 28 1139 0 0 -127
-3149763 -253 888 3 0 -127
483 -113 1036 27 0 -113
-67 55 1514 22 0 55
-6191947 5 2034 30 0 -7
-438676 120 1820 11 1 0
4060767 31 2000 6 0 127
-410 214 825 9 0 -127
8 109 276 1 1 127
127870 54 1119 28 1 55
119 34 1374 19 0 34
-119 186 1823 1 0 -127
1695 201 528 27 1 127
513866 -104 263 19 0 127
9925 -209 1105 13 1 127
-122817 162 1211 19 1 0
365052 -124 1750 30 0 -123
70 109 127 24 1 109
-90 -36 895 18 0 -36
347020 -127 1590 14 1 127
-7173540 -172 223 23 0 -127
-278675 -184 1206 17 0 -127
16124 135 317 25 1 127
5215828 155 129 2 0 127
4601730 -111 848 19 0 127
-411202 114 226 25 0 111
5753 24 1978 16 1 127
-26720 40 356 11 0 -127
3766 233 1279 21 1 127
244637 -217 985 7 0 127
31 -13 1271 31 0 -13
6363 -63 462 16 0 -18
-13416 137 1384 28 1 127
-30566 8 579 17 0 -127
-524127 -223 1266 30 1 0
-418 -115 1759 9 1 0
-296794 199 953 14 1 0
-2 -27 509 28 0 -27
-88 -82 156 31 1 0
-97761 173 1308 27 0 127
-521198 160 1019 23 0 97
-6455817 94 1776 1 0 -127
302968 244 1972 22 1 127
-15754 22 198 1 1 0
5972710 83 1563 6 1 127
1862951 159 178 14 0 127
432431 -120 264 27 1 0
144 -32 527 11 1 5
-7328246 191 1051 9 1 0
-3347697 177 1615 5 0 -127
-31384 218 923 22 1 127
17577 174 105 29 1 127
3419471 131 757 2 0 127
-13 -71 1182 27 1 0
-376479 -121 1150 9 1 0
5477 108 2027 20 0 119
-766 112 818 31 1 112
-53325 158 987 21 0 127
7020410 137 595 0 1 127
-14444 149 267 10 0 -127
1879 112 1082 1 1 127
32037 -32 1981 6 0 127
7400961 -133 1317 7 1 127
-27568 -254 1802 22 1 0
1665 174 644 4 0 127
-21230 -81 462 16 0 -127
1416 -220 1407 30 1 0
985 -59 1713 12 1 127
3616609 -248 1187 23 1 127
6964053 137 1570 6 1 127
-69 -98 1597 14 1 0
26123 96 1205 4 1 127
-2648 249 1170 28 0 127
-875173 -146 1134 8 0 -127
-21444 12 2013 18 0 -127
-23671 168 463 19 1 127
86816 -13 1480 5 1 127
113 208 1664 8 1 127
-565 149 842 9 0 -127
-40 105 56 31 0 105
-87 -255 1359 4 0 -127
-1030085 161 1599 0 0 -127
124 -81 1466 10 0 97
4417737 -122 1714 5 0 127
-46 -107 863 17 0 -107
15302 -100 496 7 1 127
-3376 7 1895 8 1 0
-466255 -135 291 29 1 0
-289763 -39 1387 29 1 0
-218948 -143 643 9 0 -127
-123 100 1219 8 0 -127
545 55 471 7 1 127
52881 222 486 14 0 127
-770114 -217 1024 24 0 -127
1853 146 1790 12 1 127
811 -239 960 19 0 -127
2718057 -218 1674 4 1 127
-348 -229 800 30 0 -127
1831 0 841 23 0 0
7911043 169 1388 9 1 127
-2510 -199 1461 8 1 0
4949967 -118 621 14 0 127
23404 127 1963 17 1 127
-5327 -220 53 23 1 0
-2247 -174 1416 21 0 -127
1809584 -102 1763 28 0 -90
-167120 217 1677 27 1 127
7395120 -244 68 8 0 127
21212 -247 2022 25 1 0
-1067 -25 1697 6 1 0
-13670 155 1423 29 1 127
-33 -88 1507 27 0 -88
1528 189 426 4 1 127
-49 114 357 2 1 0
-1115113 92 938 12 0 -127
6942485 -239 123 1 1 127
-121642 143 1680 3 0 -127
93 110 1872 20 0 110
-13228 -246 1680 16 0 -127
280091 211 900 15 1 127
8927 -43 1392 24 1 0
-549 -115 595 22 1 0
-1232 252 889 8 1 0
819 19 655 6 0 127
-1725 180 85 8 0 -127
14 -160 1120 14 1 0
-18705 -125 963 6 1 0
-786 -12 955 2 0 -127
1557481 -122 1490 26 0 -87
-7022319 -171 1276 19 1 0
-120 -71 1470 23 0 -71
-473 -47 1589 19 0 -48
7677449 185 992 1 0 127
1472 10 669 6 1 127
178 -177 1573 22 0 -127
83634 54 1013 11 0 127
-8152717 -238 1120 6 0 -127
451 -25 1100 13 0 36
31156 143 916 14 0 127
25487 125 1560 12 1 127
-2532 70 1895 8 0 -127
-1295 -43 1075 5 1 0
-222 39 1939 9 0 -127
-1546 -164 374 18 1 0
-394387 -168 206 8 0 -127
-8361 3 106 1 1 0
-8179221 -233 1406 11 0 -127
-4120138 91 616 13 0 -127
31 163 1575 27 1 127
-1422 -248 226 14 1 0
426380 -88 1737 2 0 127
3281353 219 367 17 1 127
-23021 -111 1267 21 1 0
19444 -206 587 31 0 -127
21964 -70 1475 1 0 127
54 -72 17 5 1 0
5861614 253 623 19 1 127
4197 -205 1020 3 0 127
-2991 -47 1531 20 0 -51
-17575 215 1375 19 1 127
-3782904 -95 1012 29 1 0
1628 244 647 25 0 127
-164 74 1617 20 0 74
-1569 66 593 11 1 0
-351986 77 186 2 0 -127
-85 102 125 30 1 102
-16 -93 740 10 1 0
405629 -205 1175 1 0 127
13438 129 1940 29 0 127
-302688 84 1994 31 1 84
3 -13 1587 11 1 0
-316617 110 1781 1 0 -127
4199318 81 1015 29 1 89
-5209351 -212 1785 7 1 0
1437 -120 106 8 1 127
455 3 1606 28 0 3
5592 95 2044 2 0 127
-65 181 1327 31 1 127
28986 -235 1621 27 1 0
-515610 136 1652 15 1 0
12 252 681 21 0 127
27537 -223 1929 15 1 127
120 222 2020 27 0 127
-1484189 -23 949 29 1 0
-1224 137 64 2 0 -127
-10702 93 1251 30 1 93
-1641 44 1844 8 0 -127
31579 34 1266 24 0 36
6855410 127 1287 11 1 127
43 107 1658 1 0 127
83 139 896 30 0 127
-21805 191 1415 8 1 0
-26007 -137 2035 1 1 0
346 227 1714 16 1 127
521082 125 471 12 0 127
1027 139 1605 16 0 127
-96 155 1936 20 1 127
-3935247 -48 113 30 0 -48
-3261 -14 1276 13 0 -127
-1846555 -132 1749 31 1 0
-41 46 1058 19 1 46
1465 85 293 21 1 85
60 243 505 9 0 127
-2912439 77 1933 29 1 67
307919 -95 153 10 1 127
-3706 -198 2045 25 0 -127
2869446 255 1623 24 1 127
-938 111 271 3 0 -127
-377106 203 249 7 0 -127
-1486 -175 1606 30 1 0
-23263 129 1055 13 1 0
-459 33 1656 3 0 -127
-31663 -72 1568 16 0 -127
-75997 184 1868 21 1 116
-7100004 -138 534 31 0 -127
-25371 156 508 17 0 58
29169 -202 546 15 0 127
-4952275 -106 792 9 1 0
1396929 216 1398 31 1 127
-69 10 1123 9 0 -127
471 -111 26 5 0 127
11 -33 823 14 1 0
14240 -152 722 12 0 127
714 -66 284 17 1 0
18 -138 1681 17 0 -127
110 -43 1506 30 1 0
70 -26 1333 19 1 0
91914 174 1549 31 1 127
505071 13 726 21 1 127
351473 -155 786 18 0 127
-13076 -108 1392 29 0 -108
4 -46 642 11 0 -45
-22258 88 174 14 0 -127
22 -244 1779 24 0 -127
18416 134 1107 4 0 127
-487938 -86 1048 4 1 0
-83 -139 1294 6 1 0
-889 170 849 14 1 124
-337979 50 1280 6 0 -127
-931 125 1926 4 0 -127
-5910336 -27 709 8 0 -127
-23587 185 579 8 0 -127
12795 -59 1932 15 0 127
-25470 104 189 17 0 67
115 -97 556 7 0 127
297 -91 1732 24 1 0
-182828 84 1080 24 1 72
7972 -224 1859 21 0 -127
-2980096 118 189 29 1 117
-6773157 125 21 14 1 0
-406 -28 1995 30 1 0
2043 72 1235 27 1 72
41 131 285 15 0 127
25429 -252 979 25 1 0
891 96 443 23 1 96
90 -112 882 15 1 0
-176 -214 1618 26 0 -127
197078 5 1530 13 1 127
-413 75 1269 1 1 0
61 47 115 3 1 127
7735319 -62 721 17 1 127
-266261 -78 610 6 1 0
3151643 -137 972 17 0 127
1489014 46 426 12 0 127
-832 -105 561 22 0 -105
459610 -152 1764 27 1 0
-182225 -5 1616 23 0 -40
3098554 233 1471 5 1 127
-1654 243 479 21 1 127
24369 245 321 5 0 127
-236629 -254 506 14 1 0
-4644849 -117 1116 7 1 0
-1351 -42 1806 11 0 -127
-27029 -210 362 28 1 0
17876 189 1162 31 1 127
-1201384 54 860 23 1 0
46 125 246 21 1 125
-4412601 251 289 23 1 99
0 -249 55 17 1 0
66984 16 120 8 1 127
-196043 -92 1964 0 1 0
29 -180 1361 29 1 0
1390 253 830 20 1 127
-218401 -219 1328 15 0 -127
-234676 -200 805 12 0 -127
7141590 156 243 20 1 127
-73239 -1 16 2 1 0
-105 79 399 19 1 79
4615227 128 268 8 1 127
1423 149 50 20 1 127
149863 85 621 20 1 127
1351 -231 859 2 0 127
-5338703 209 1086 11 0 -127
-47 176 1496 20 1 127
341187 -2 249 29 1 0
-263736 -121 1312 0 1 0
24229 -162 60 11 1 127
-6548131 28 1565 23 1 0
169 80 533 20 0 80
-97 102 1808 17 0 101
2120144 -129 2014 16 1 127
593 -63 1650 11 0 127
1150460 -180 648 29 1 0
1813 -88 1177 28 1 0
7918586 -55 1372 3 0 127
-7129 -44 1704 3 0 -127
3896370 41 1022 1 1 127
121 135 215 7 1 127
241595 -218 189 29 0 -127
182818 151 248 18 0 127
-104 246 1861 11 0 127
-416322 34 550 30 0 34
-1146 -171 1175 17 0 -127
-120 133 764 13 1 122
-3667763 103 1766 5 1 0
655 221 1415 31 0 127
-466471 114 1298 31 0 114
-27752 -202 877 3 0 -127
16003 127 550 5 0 127
28280 -123 1233 30 0 -123
-1133322 135 169 15 0 -127
-914228 -95 1563 10 1 0
-97 133 329 8 1 8
-213689 174 1217 12 1 0
59 -158 428 24 1 0
-6 53 354 31 1 53
-8123990 178 37 10 0 -127
6623 70 1198 21 0 74
-727 -66 1164 2 1 0
-89 -212 18 0 0 -127
-31352 51 227 13 1 0
8691 -227 550 3 0 127
6883378 131 1372 17 0 127
-670 192 1153 20 1 127
68 -195 1324 3 0 127
-475206 -27 786 3 0 -127
1025 55 991 24 1 55
682 78 1304 22 1 78
-303701 205 1937 25 0 127
-19590 136 1003 9 1 0
-28528 -155 1141 7 0 -127
-7058409 -200 410 1 0 -127
297709 -9 558 24 1 1
5204838 14 1592 14 1 127
125 -31 407 18 0 -31
-151891 211 1376 13 1 0
411253 120 592 10 1 127
1221 -25 916 27 0 -25
1117 -49 1516 6 1 127
535 -58 1319 12 1 114
1160 -233 676 27 1 0
357591 97 1663 16 0 127
-36 89 383 15 1 89
21 -194 1541 13 0 -127
22232 35 295 28 0 35
-5632889 170 104 3 0 -127
113 69 118 14 1 70
-481 219 1118 18 1 127
1174 182 2003 21 1 127
114 -62 523 20 0 -62
2001688 -123 2035 10 0 127
6124722 63 10 22 1 78
-20752 84 147 5 0 -127
-5517 -29 301 0 0 -127
-25705 -76 80 18 1 0
108 10 1337 18 1 11
7678423 -240 398 25 1 0
1823 251 566 30 1 127
-20452 -204 852 10 0 -127
7799283 -156 1966 9 0 127
-3002181 -195 134 25 1 0
-774 -151 42 8 1 0
32561 -204 1295 18 1 0
-245 101 1605 16 1 95
-94943 23 540 10 1 0
-85 27 1412 10 1 0
24290 247 511 26 1 127
423438 -159 964 21 1 36
1678 -24 1996 4 0 127
-1749 238 1611 11 1 0
-36 171 1992 23 0 127
-1271334 198 1365 19 0 -127
1267 57 854 30 1 57
-929 -188 460 5 0 -127
1750 -237 215 3 0 127
882920 -171 1453 13 1 127
-7656412 33 878 23 1 0
1252020 221 1276 31 1 127
515576 -48 747 17 0 127
103 -66 1677 27 0 -66
401 -89 677 12 0 -23
3492720 -19 1306 31 1 0
1741 191 2033 16 0 127
-3014352 -66 742 9 1 0
17 129 1771 12 1 127
2017 152 466 14 0 127
-17499 -20 444 21 1 0
21029 230 1296 18 0 127
-717730 -48 1927 6 1 0
-4588821 5 468 22 1 0
-297198 59 1622 14 1 0
-1399 156 413 23 1 127
-3982637 147 1375 9 1 0
-19698 -148 899 8 1 0
-20791 -133 1597 29 0 -127
87 175 634 10 1 127
7646609 -134 1459 4 1 127
-118520 -211 1649 24 1 0
5970183 237 1276 28 0 127
4660758 59 495 18 0 127
14 37 1668 0 1 127
22874 -11 1043 1 1 127
220334 -13 1257 27 1 0
-19486 -5 1345 11 1 0
3147232 -226 1493 29 1 0
6144 84 2019 9 1 127
-4772 193 1707 28 0 127
223 36 1320 19 1 37
-324831 52 1013 28 0 51
112007 119 1866 31 0 119
-103 138 914 1 1 0
-107266 132 217 24 1 127
-4028 178 1691 1 0 -127
172364 82 1981 16 1 127
1098 222 518 6 0 127
1945 -118 1187 23 0 -118
1070 52 1749 21 0 53
174126 -123 808 20 0 11
-10994 170 173 23 0 127
-243739 -153 180 0 0 -127
48 -152 1524 9 1 0
-1163 -232 1741 29 0 -127
4535 215 821 14 1 127
-381782 -163 961 26 1 0
-26331 94 1606 1 1 0
-1338 -122 1121 16 0 -127
141705 -213 29 18 1 0
-396374 213 1461 31 0 127
-115922 6 1804 11 0 -127
75 -199 1968 30 1 0
20 -167 1622 17 0 -127
-22449 215 1724 5 1 0
1380 69 362 13 0 127
-302376 -11 1054 10 1 0
-13087 -237 644 4 1 0
-47262 -82 1144 22 1 0
-2396736 -36 1845 8 0 -127
174035 148 715 12 1 127
-24389 -164 758 18 0 -127
31847 -246 1458 23 0 -127
-7157769 133 415 0 0 -127
-65 -91 412 3 1 0
6356860 159 559 23 1 127
-94 238 748 10 1 127
-6998847 191 29 22 0 127
2431981 -243 1819 22 1 127
84499 -109 1185 28 0 -109
19432 -120 641 23 0 -119
-22114 -203 1924 14 0 -127
-538 -160 765 1 0 -127
1400 131 657 15 0 127
-958 -185 545 15 0 -127
-25720 -159 633 29 1 0
-339 -125 1549 5 1 0
3450522 -90 48 26 1 0
-329607 235 1618 21 0 -19
1155 -154 208 27 0 -127
-730397 -204 280 17 1 0
13032 -21 596 31 0 -21
-279420 212 264 21 1 127
-127 86 667 24 0 86
75 -17 369 22 0 -17
3025 88 919 15 1 127
-1226 -24 799 2 1 0
1960 -91 392 25 1 0
7151468 -199 961 12 0 127
-22048 -43 1333 22 0 -50
-164896 196 562 24 0 127
-240477 -74 773 13 1 0
29251 -27 871 13 1 127
272917 -163 1499 27 0 -127
41 -200 1365 12 0 -127
3821516 -188 1849 21 1 127
-5655053 -215 338 13 0 -127
28 -23 2023 22 0 -23
7741989 13 1916 30 0 27
-64937 139 1048 15 0 -127
27 -137 1025 31 0 -127
-7527178 202 1013 25 1 0
-1112 -231 251 23 1 0
-5997976 88 917 3 0 -127
-14948 200 1468 11 0 -127
-21714 -63 2036 23 1 0
-32 184 184 25 0 127
76359 49 876 4 0 127
-43 71 482 16 0 71
-757 -26 1769 5 0 -127
6028083 -8 1 15 1 127
60963 -200 1936 7 0 127
-125 95 1923 26 1 95
-279177 -12 520 1 1 0
748 237 1430 18 1 127
1242 -180 1346 9 1 127
975 -120 1085 10 0 127
-428 57 850 31 0 57
22488 -50 965 12 0 127
-551 -157 1149 18 0 -127
-106 136 1288 29 0 127
399 -114 1385 1 0 127
95 121 1406 15 1 125
-939 105 1225 27 1 105
21 -61 287 22 0 -61
18409 26 399 19 1 40
26972 36 971 9 0 127
7575034 21 800 16 1 127
-11270 -232 81 29 1 0
122 186 1485 28 1 127
-1522 129 81 2 0 -127
-95 123 205 28 0 123
70 143 1472 16 1 127
7 90 194 9 1 93
-540 95 225 5 1 0
-166 133 1799 16 1 127
-234 -145 1610 11 1 0
74 -242 1606 17 1 0
-6721 -107 2024 15 0 -127
-519 77 873 16 0 70
131748 -194 1361 4 0 127
17 -228 525 7 0 -127
5681284 -196 1553 19 1 127
-25 -207 798 18 0 -127
-17508 151 637 1 0 -127
279006 88 1388 15 1 127
1570 238 1259 29 1 127
-83264 70 1020 1 1 0
-92 207 219 18 0 127
-49539 -23 125 0 1 0
6196915 200 598 13 1 127
-4851362 -17 2028 0 0 -127
1465 -102 1907 5 0 127
109 -234 619 8 1 30
-3111 -208 1814 24 0 -127
95 103 1367 26 1 103
-1993 219 1351 16 1 127
1040 -28 1610 17 0 -15
2728 250 1487 31 0 127
-47459 188 1862 17 0 -127
343300 -35 1057 13 0 127
-486209 166 630 30 0 127
-28421 -38 539 19 0 -67
2343192 -236 410 24 0 -127
44 6 385 7 0 127
351435 -19 326 2 1 127
298203 99 1798 12 1 127
309441 125 782 16 0 127
-127473 -196 1729 30 0 -127
647 106 1778 16 1 124
-1956 12 1921 18 1 0
-79 -244 558 18 1 0
-386416 -145 45 9 1 0
-1 -242 1314 29 1 0
-72 -184 857 11 0 -127
22116 -102 1702 27 1 0
-1700100 -5 40 27 0 -6
-219 236 1092 2 0 -127
-299 -249 1378 0 0 -127
-23120 -48 924 13 0 -127
12543 37 350 0 0 127
7599960 -98 45 7 1 127
-180 67 308 10 0 13
900 -207 631 1 0 127
-68 132 1851 9 0 -114
-1841024 -35 192 14 0 -127
1299 107 219 29 1 107
-1288 -46 150 27 0 -46
-35 -237 1252 2 1 0
-78494 248 962 5 0 -127
-1167 -173 35 11 0 -127
423076 -1 1506 1 1 127
-1686 173 265 11 0 -45
24676 89 242 7 0 127
6101666 -49 86 28 0 -47
3331330 195 1437 31 0 127
21195 -194 365 20 0 -127
-282622 -109 1706 8 0 -127
386 225 1226 29 0 127
-26172 -19 1901 30 1 0
-17573 169 280 29 0 127
27965 -216 1454 25 1 0
304021 -62 975 23 1 0
14623 -223 1209 23 0 -127
226778 135 1644 3 0 127
-355342 -36 1555 24 1 0
-1402300 -1 1258 23 0 -127
31895 225 1990 11 1 127
260 -160 1213 17 0 -127
5561950 -158 1648 7 0 127
-29565 -3 497 24 1 0
-49 237 606 27 1 127
330628 211 166 24 1 127
2029 207 160 7 0 127
16932 115 529 30 0 115
-5769262 162 1898 26 1 0
4828813 -193 52 1 0 127
31362 85 1374 8 0 127
1551 59 108 18 1 60
-6594 -117 666 20 1 0
-7638706 -9 1986 10 1 0
5172888 243 1735 29 0 127
76 -66 361 23 1 0
-118 -162 1905 17 0 -127
-32624 228 1839 18 1 0
-503245 29 828 4 0 -127
-118 -96 1532 26 0 -96
-871 177 606 17 0 127
446 -215 1348 17 1 0
-69973 -58 1775 20 0 -127
117 246 1013 12 0 127
-78 205 346 1 0 -127
-11439 60 1632 16 0 -127
712 221 1965 9 0 127
4925501 -217 1958 13 1 127
7333 -100 826 22 0 -99
-94 -90 1447 10 1 0
2930977 56 1904 5 1 127
62 -246 1123 8 1 26
121 -117 1680 0 0 127
-110119 72 1155 19 0 -127
16624 17 1728 26 0 17
-31857 -42 1393 27 0 -42
-135869 120 1370 4 1 0
-726 133 1346 27 0 127
1475 -212 1413 15 1 0
12 58 1684 21 0 58
-5 70 717 16 1 70
14717 -116 316 5 1 127
-2683 67 607 22 1 67
17268 -3 235 18 1 12
-3746016 -249 873 3 1 0
2124614 -92 1361 23 1 127
29139 88 278 20 1 96
17024 -33 1063 14 0 127
114 221 1119 21 1 127
-1926925 144 1768 31 0 127
-3717673 -223 710 22 1 0
1452 15 1418 11 0 127
4036 124 141 7 0 127
107464 123 491 19 1 127
68291 168 1590 6 1 127
1443 197 607 19 1 127
135692 206 1100 11 1 127
79 235 493 16 0 127
45 -237 1520 10 0 -127
14 240 166 21 0 127
71 247 1592 3 0 127
1364 -1 172 11 1 114
-7247297 -50 950 21 0 -127
6931150 47 1373 9 1 127
21445 -138 963 15 1 127
-8161682 54 778 16 1 0
86 48 94 17 0 48
87 -246 1304 29 1 0
-7583944 71 497 13 0 -127
-729 -93 365 20 1 0
-40 113 1356 25 1 113
116 42 1374 23 1 42
-2604936 -61 578 29 0 -64
18716 103 788 9 0 127
-8407 252 1704 28 1 127
3177619 -32 1422 14 1 127
-12564 -23 13 16 1 0
-19232 47 2012 15 0 -127
93 232 1358 3 1 127
-87 -119 1456 30 1 0
-132725 174 1027 25 1 127
-5530 18 188 19 0 16
89 -132 31 24 1 0
-5241084 7 241 17 1 0
3 -232 21 11 1 0
70 189 448 28 0 127
25230 161 1653 31 1 127
-1074558 -86 106 11 1 0
-1972 91 1264 7 0 -127
578 217 620 17 0 127
-934 -100 1424 2 0 -127
283 -245 599 6 1 127
-110 196 1167 10 0 71
908 -47 117 11 1 5
-4523981 -12 33 12 0 -127
6873456 -250 1569 19 1 127
-29 -5 560 27 1 0
-3576625 -70 1337 22 0 -127
520 202 1045 26 1 127
453173 181 501 11 1 127
1455 149 192 10 1 127
-70 92 822 16 1 91
1819 235 69 24 0 127
-112 -219 576 4 1 0
-69 -178 1313 21 0 -127
597 -164 545 9 0 127
-7648 122 1452 3 1 0
-8533 -84 726 18 1 0
-57 174 561 16 1 127
-118 86 251 24 0 86
-13824 13 1932 9 0 -127
19083 -211 424 14 1 127
-60 -203 1442 11 0 -127
-476814 -26 1980 12 1 0
-41 171 537 21 0 127
267253 -211 654 12 0 127
-221 85 359 10 0 8
90 -140 238 8 1 0
820 207 420 12 1 127
-421280 -51 385 2 1 0
102 102 1690 9 0 127
-35061 -163 1407 15 1 0
-12224 214 798 17 1 127
-3318 -9 822 28 0 -9
15678 -21 105 0 0 127
53365 -45 776 29 0 -45
-26 147 1895 19 0 127
-11832 5 507 2 1 0
-18 -225 185 3 0 -127
77 246 1400 6 1 127
-276 212 1133 29 1 127
-4519 -13 731 24 1 0
-27485 -118 1273 1 1 0
-3403796 59 692 24 0 -81
1465 -230 1124 10 1 127
-28383 -122 244 7 0 -127
1758116 -160 387 16 0 127
16861 -33 216 13 0 127
-11 127 1325 8 1 70
128096 -88 1147 24 1 0
14 205 1593 1 1 127
-1867698 23 89 18 1 0
1438 110 46 20 0 110
-369924 -249 550 12 1 0
-1261 41 729 20 0 40
-5866 126 411 13 0 -127
-7851707 202 1234 12 1 0
-2321801 127 809 26 1 99
1343 -94 1120 10 0 127
-5267436 234 1958 29 1 127
5685881 -170 557 7 0 127
1631 -1 1703 7 1 127
-66 107 282 13 1 105
-126577 -103 898 19 1 0
-261842 -204 318 9 0 -127
-12114 148 96 25 0 127
238694 193 260 10 1 127
6444633 -38 810 31 0 -36
8161714 -197 1698 13 1 127
-6480167 -228 1199 23 0 -127
439621 143 59 3 1 127
1398 173 428 22 1 127
24 131 936 19 0 127
19756 67 0 21 0 67
-324 -252 1200 18 1 0
-19 226 1730 18 0 127
375429 229 2015 3 0 127
263 -67 1305 2 1 127
-522128 104 1329 20 0 -127
-57201 219 864 3 0 -127
0 -226 379 19 1 0
1633 171 763 11 1 127
379106 145 372 8 0 127
-1569282 228 644 30 0 127
105 -45 589 10 0 15
-498784 -253 1835 14 1 0
-1194099 -7 773 4 1 0
-82 204 146 9 1 127
722 -215 856 4 1 127
378491 -4 1736 6 1 127
-58993 74 1183 4 0 -127
-91376 236 1915 18 0 -127
86 222 208 17 0 127
-164658 -203 1183 16 1 0
-10143 58 352 28 1 58
46 -246 796 21 1 0
-1123 -114 1408 25 1 0
-4754189 -96 769 4 0 -127
114 51 831 1 1 127
-117 -224 389 2 1 0
515918 -32 663 3 1 127
71 67 1153 22 1 67
-3705135 -131 661 28 1 0
-100962 -101 56 21 1 0
107 0 648 14 0 4
112 -16 1928 23 1 0
386100 -133 596 31 1 0
-4 153 844 3 0 -127
1365 -168 1274 10 0 127
-102 114 580 11 0 85
20 205 1960 19 1 127
1844 153 1708 10 0 127
-91 148 557 20 0 127
1405 -187 1646 21 0 -127
-86 51 8 26 0 51
1034 85 1894 7 0 127
1972 66 333 10 0 127
5871219 205 1034 17 1 127
-1067 -252 1452 30 1 0
-4436 8 575 26 0 8
-1453 94 959 10 0 -127
-38 -65 1153 3 1 0
-63 -133 469 13 1 0
-643 83 1035 17 0 78
432 83 849 29 0 83
-11687 61 840 16 0 -89
-1499863 101 1793 1 1 0
-1588 166 1434 2 0 -127
-2765 156 244 4 1 0
-819 -147 845 25 1 0
3036765 50 1854 21 1 127
-136911 -226 226 3 0 -127
-51 -169 780 8 1 0
7635556 186 2005 24 1 127
14561 62 813 7 0 127
19452 125 358 0 0 127
89 -228 659 19 0 -127
-118 4 1882 18 1 3
552 -168 1768 23 0 -127
1179 -55 1892 13 1 127
-1750 -27 1846 16 1 0
293169 161 217 19 1 127
77327 -68 1094 7 0 127
-563 -159 995 24 0 -127
-62 -118 1813 19 1 0
-61 254 208 30 1 127
-101 -159 857 4 0 -127
187613 -205 1841 22 1 0
-4465444 -208 352 11 1 0
-17490 127 1883 6 1 0
-765 -8 1226 30 0 -8
-2711064 203 824 31 0 127
-14849 158 739 9 0 -127
-2100867 0 1459 13 0 -127
-118 145 168 9 1 106
2886863 -102 756 15 0 127
-26 -211 459 10 1 0
-28659 -101 564 25 0 -101
431967 186 134 22 1 127
-1222 -198 1905 27 0 -127
1563 35 173 27 1 35
100 172 494 2 1 127
20450 57 1227 6 0 127
3451081 -85 2009 1 1 127
-387 -68 1064 22 1 0
324526 184 1104 5 1 127
-6332147 3 1126 5 0 -127
171067 -248 133 21 0 -127
-90790 48 1798 28 0 47
6989748 230 1505 19 0 127
-6643543 68 188 10 1 0
1941896 19 583 2 1 127
-26932 -181 85 23 1 0
-62 37 1918 13 1 22
-6834 71 708 31 0 71
-118 225 523 16 1 127
136827 102 1709 16 1 127
2822079 205 1463 1 1 127
-465438 -194 941 14 0 -127
13231 -136 1189 0 0 127
-117 130 65 3 0 -127
-17933 -13 1071 19 0 -50
-515 158 842 31 0 127
-465859 -242 1188 14 0 -127
29372 -241 1631 2 1 127
28 5 28 23 0 5
-5392176 8 953 25 0 -127
-7505967 -212 889 16 1 0
-6421986 191 1420 22 0 -127
-29232 12 1222 12 0 -127
-1398 -180 1691 4 0 -127
-134335 62 269 22 1 53
637469 -118 1369 17 0 127
14911 -178 1091 21 0 -127
4628576 84 1589 30 1 91
-7304 220 1640 23 1 127
6634366 -237 1807 12 1 127
5789226 -155 519 1 0 127
-983 89 1800 23 0 89
-1209 -97 1330 10 1 0
-956 53 1128 20 0 52
60 -1 1532 22 0 -1
-8222 168 785 15 0 -29
-24511 171 1574 30 1 127
1123 -70 1085 7 0 127
-50 -154 1803 31 0 -127
-250288 -77 1635 15 1 0
8248784 -73 1459 27 0 17
2479741 207 1345 1 0 127
-1327 -135 2036 9 1 0
1749880 79 183 21 1 127
-18605 18 1122 28 1 18
499880 -59 360 28 0 -58
868 103 427 19 0 104
11340 31 540 11 0 127
1112 41 1719 23 1 41
-1043 -145 1979 30 0 -127
4914486 -199 1387 2 1 127
566 -65 2011 11 0 127
5386 -164 1195 16 1 0
-772909 111 854 20 1 0
-5542 -44 1040 27 0 -44
-566 -243 525 30 0 -127
712 -151 1399 30 0 -127
933 -11 1345 0 1 127
-76 -46 1356 6 1 0
301193 255 160 27 1 127
-798961 -200 528 24 1 0
-476830 -208 636 2 0 -127
297122 -133 1644 28 0 -127
-288052 212 174 3 1 0
-26013 -239 1416 10 0 -127
-21 99 1073 4 1 0
-7545 -137 960 14 0 -127
-41863 -175 1305 15 1 0
-67572 125 1650 9 1 0
-24 -65 198 8 0 -84
97 210 320 17 1 127
702 139 322 22 1 127
100 -187 1152 4 0 127
-55 66 1267 29 0 66
8695 -28 1735 21 0 -21
6781748 181 2014 0 1 127
-77 -9 250 10 0 -28
117 220 1773 25 1 127
-1712 50 463 16 0 38
-7129993 -98 1087 19 1 0
8167086 29 1041 17 1 127
-304108 -205 80 0 1 0
-6653770 195 1464 8 1 0
-6119918 189 1403 23 0 -127
569 -66 560 3 1 127
-3966680 -172 1133 22 1 0
-460855 -129 1791 6 0 -127
28384 -248 690 3 1 127
890 -238 918 14 0 -127
496788 187 1874 5 0 127
750 194 394 25 0 127
-6601700 101 117 11 0 -127
-103 102 1156 16 0 100
-105 -179 1801 21 1 0
342 -170 1459 6 1 127
32123 -194 1437 0 1 127
406161 -104 749 4 1 127
-5763310 39 827 22 1 0
-25272 3 1610 29 1 3
28 -248 574 21 0 -127
-16265 249 1052 4 1 0
15 -48 263 2 0 127
297 -178 874 0 0 127
22352 42 19 2 0 127
-672 -47 742 0 0 -127
42 59 2043 21 0 59
51782 204 562 28 1 127
-110 -96 32 23 0 -96
-763829 227 1373 3 0 -127
-47118 -63 131 17 1 0
-15091 80 1642 19 0 33
25 55 1097 19 1 55
86 -163 208 10 0 -127
-30551 -132 719 9 0 -127
-5437320 225 1878 21 0 -127
11 -206 666 23 1 0
641 -247 299 26 0 -127
406725 29 1749 15 0 127
3767942 -50 1005 0 0 127
53 14 747 20 1 14
363305 80 1018 22 1 127
-5379354 -176 409 30 0 -127
31448 71 783 0 0 127
-4 211 1038 27 0 127
6029372 -253 974 13 0 127
-8294941 199 1087 23 0 -127
-1780 40 536 29 1 40
-341853 -197 961 14 0 -127
-5571 26 883 14 0 -127
-1960 -130 1521 3 1 0
-4372620 75 1075 7 1 0
-100 46 1228 18 1 46
80 32 795 22 1 32
258826 57 449 16 1 127
-1484 -53 1767 8 1 0
487 -136 327 14 1 0
8084 156 131 21 0 127
4300 94 1819 29 0 94
6535168 191 657 23 0 127
119 197 1341 25 0 127
-1927 167 1794 5 0 -127
-5119 250 627 10 0 -127
-74 -40 1261 1 1 0
-285667 -226 1660 16 1 0
466507 9 1806 22 0 127
3324 -212 1427 7 1 127
-6661048 176 872 0 0 -127
1655 -254 1415 26 1 0
-18695 -97 1420 13 0 -127
65 -55 908 1 1 127
-13505 -62 410 11 0 -127
54 126 1754 14 0 127
-74 -68 232 21 1 0
-14 43 1685 26 0 43
26064 147 407 30 1 127
1059 -132 1360 14 1 0
6 -76 1483 26 1 0
89 -139 1579 24 1 0
-114 -120 213 4 0 -127
1837 -92 60 26 0 -92
-31060 -184 692 3 1 0
2305407 135 1961 26 1 127
1970564 -87 1102 28 1 0
1091 -188 1764 3 0 127
-65 -118 965 1 0 -127
46 -249 1688 5 0 127
-1406 148 811 21 0 127
-98 -29 584 30 1 0
76 144 1946 12 1 127
-2256836 229 165 13 1 0
-1494635 -101 1598 12 0 -127
-4399 77 1787 19 1 62
1206 31 1226 6 1 127
-3913436 -149 1386 28 1 0
-330 -52 1571 2 0 -127
-4280549 254 1240 10 0 -127
-1500 -243 1727 9 0 -127
-31153 78 1347 27 0 78
-22694 -224 366 2 1 0
1311 -162 1636 19 0 -127
-379178 135 1893 3 1 0
-2109 230 201 4 0 -127
-81 0 899 26 0 0
-513533 177 973 13 1 0
-346169 171 1917 1 0 -127
9191 -217 397 2 1 127
458254 -112 1689 17 0 127
-1115 11 131 8 0 -127
-269093 174 981 6 0 -127
-4952 180 1602 24 0 127
-499100 195 1242 14 0 -127
8342312 -195 688 25 1 0
-57 -172 133 1 0 -127
6866943 -35 567 2 0 127
-246391 198 72 0 0 -127
116190 -248 954 8 1 127
216725 -151 328 16 0 127
-3254959 -91 607 22 1 0
700 103 501 6 0 127
7416749 -113 418 12 0 127
382 61 1477 27 1 61
-6086499 -9 512 19 1 0
-169 152 1777 20 0 127
-107 32 924 17 1 31
12 12 1606 1 1 127
16296 -11 1846 1 0 127
518427 -210 1289 19 0 127
24832 -61 1782 9 0 127
-107 -224 1383 22 0 -127
-106 85 941 25 1 85
-760 -231 1353 31 0 -127
1260 40 799 7 1 127
-85 -189 217 2 0 -127
-7522445 224 630 23 0 -127
-90279 180 1078 25 1 127
1011 -86 1589 11 1 127
1993 -125 1961 28 1 0
23 178 867 7 0 127
-647 -113 50 13 0 -117
-1485 105 156 3 0 -127
-81119 -59 1234 9 1 0
-32 -209 1705 25 1 0
1940 223 677 7 0 127
34 204 1764 7 0 127
-4334461 62 1202 0 0 -127
-1999 151 1538 12 1 0
-9731 -32 1667 4 0 -127
-4439284 -58 1135 19 0 -127
284315 136 798 21 0 127
2457 -186 167 14 0 -127
-4523 21 1510 13 1 0
1073 -106 952 7 0 127
-1941 78 1660 25 1 78
-1304 218 1958 6 0 -127
1983 153 1826 19 1 127
-469451 -141 862 31 1 0
598 233 1953 18 0 127
31901 230 674 5 1 127
1117 2 1946 25 1 2
-161875 218 889 2 1 0
-353811 -132 1298 15 0 -127
-158809 -159 1776 9 1 0
-1845 194 805 8 1 0
10152 -246 1121 28 1 0
11299 111 260 25 1 111
-70 -229 620 31 1 0
380915 -248 1505 11 0 127
4207065 -113 1236 4 1 127
-423392 233 82 21 0 127
-6982542 -195 1310 22 1 0
336645 -197 1527 5 0 127
-466 169 509 28 1 127
25975 118 583 0 1 127
-47 235 222 27 0 127
8873 -109 1694 15 0 127
-7311725 -100 1012 7 1 0
1267060 -168 928 30 0 -127
-68903 -146 1460 15 1 0
-210792 -169 689 12 1 0
-73394 -9 209 9 1 0
32537 234 1176 27 1 127
-115 -155 2022 3 1 0
6638157 8 1745 10 0 127
82984 111 1961 2 1 127
85 106 1885 1 0 127
-961 1 1154 25 1 1
-238860 -141 1655 7 1 0
-281588 55 520 3 0 -127
-1114 119 2018 22 1 118
6110 81 138 2 1 127
14915 -132 1652 9 0 127
-510701 -31 575 31 1 0
-3856978 95 728 7 1 0
-3920 37 1440 29 1 37
-7484 114 1533 19 0 92
-98 -70 1622 16 0 -72
2232676 239 1419 12 1 127
8380853 255 728 4 1 127
-73 -85 1350 1 1 0
42 56 1462 8 1 127
-13402 -185 2046 19 1 0
780 -254 691 21 1 0
-411705 -118 923 18 0 -127
16368 -144 1325 20 0 -123
-449462 -178 1156 16 1 0
-24112 -38 1090 11 1 0
-234471 228 603 29 0 127
1382 194 1764 31 1 127
-394110 -71 1764 14 0 -127
84 209 1909 10 0 127
-1584 147 663 26 1 127
17168 -4 936 10 0 127
44 -148 593 20 1 0
-114 -37 1536 27 1 0
5075644 -17 1793 23 0 127
-30 -142 1677 6 0 -127
-11546 -230 1977 18 1 0
24658 84 346 5 1 127
-519 -44 1424 21 1 0
243 -232 1478 7 1 127
-5446 -98 1303 25 1 0
-27232 87 180 26 1 87
1448 218 1924 24 1 127
-841 85 100 22 1 85
-1763440 14 1894 30 1 11
-169218 180 236 6 0 -127
-5075182 244 1181 20 1 0
-217 112 1325 3 1 0
65 -207 1751 18 0 -127
-519 -36 1853 9 0 -127
-300656 154 1875 16 1 0
-19654 -113 169 10 1 0
-98594 -84 423 15 0 -127
-86 0 1106 25 0 0
-502193 161 1482 20 0 -127
-100 88 1323 20 1 88
6838249 -188 1958 26 0 12
6401574 -194 2028 2 0 127
-51 210 117 30 1 127
5623859 -15 904 28 0 4
-233462 -246 970 0 1 0
-6498892 -202 794 1 1 0
-277 -20 513 16 1 0
-1512199 14 1260 9 0 -127
14071 201 1413 16 0 127
-2366248 -141 1047 26 1 0
3599376 46 687 20 1 127
1407 148 295 22 1 127
232438 -23 306 14 0 127
-324885 217 1784 16 0 -127
389468 -190 1933 25 0 -127
5 58 1978 16 0 58
1141 124 1700 16 1 127
1313 225 575 27 0 127
-2094 130 1901 31 0 127
1393691 32 1118 10 0 127
-73 167 308 26 1 127
-42 220 1705 9 0 80
-40 0 1890 19 0 0
-453571 -190 621 7 0 -127
-947 42 1943 23 1 42
1403 -183 1911 26 0 -127
11559 -29 949 14 0 127
-438122 -166 1688 20 0 -127
917 -39 829 4 1 127
351440 71 1075 14 1 127
42 141 747 13 1 127
-118 57 1966 4 1 0
-41475 158 1550 23 0 127
-4 220 1484 18 1 127
-29329 -30 1324 4 1 0
80459 215 1767 31 0 127
507642 41 733 4 1 127
-13 -60 484 17 1 0
-50 -252 1873 7 0 -127
4445969 205 623 17 0 127
-1837 98 1607 2 1 0
-1838 -7 867 17 1 0
-5 -16 396 2 1 0
18962 -74 424 31 0 -74
-485862 -1 2009 3 1 0
6523772 -135 287 16 1 127
1912 198 1804 24 0 127
-3921993 -1 683 11 0 -127
-332757 -221 1087 23 1 0
222 -36 265 13 0 -29
1241 24 1672 9 1 127
27 -133 1302 5 0 127
236958 -119 46 22 1 0
247526 -113 1837 3 0 127
5475870 -90 1484 6 0 127
-1851 240 269 31 0 127
4571 224 223 0 0 127
-82 197 1038 1 0 -127
-46 -205 1057 13 0 -127
4077 25 1510 15 0 127
5053 -34 1118 26 0 -34
0 96 780 9 0 96
-175286 -22 1910 18 0 -127
-1825 -47 2038 5 0 -127
-5271423 -139 17 23 0 -127
740 -165 1709 4 0 127
-80176 52 537 12 0 -127
-7482 176 1318 12 1 0
-5246992 -150 609 6 0 -127
-4661389 42 197 18 0 -127
5088393 -195 1241 3 1 127
27492 -78 1338 18 0 62
5585567 147 301 20 0 127
-29 182 794 11 0 127
-103 -74 1015 21 0 -74
95 162 131 31 1 127
467828 -115 834 11 0 127
795 -116 1485 23 1 0
14494 55 1050 11 0 127
27805 57 822 18 1 127
-7209250 200 883 30 1 127
258075 -114 1695 22 0 -10
-25 42 28 30 0 42
1408 -154 617 0 1 127
-5450503 189 1852 11 1 0
3287300 -119 1731 1 0 127
-2286339 -145 363 10 0 -127
15978 -254 587 23 1 0
-3413014 236 1803 30 1 127
185007 111 1473 28 1 112
121 -159 1176 5 0 127
-31127 -173 2003 1 1 0
-1176462 -104 983 29 1 0
54 -160 512 5 1 127
-203994 199 176 25 0 127
24 -154 592 0 1 127
219 -114 1128 13 1 0
28372 107 1649 5 0 127
-281822 215 147 1 0 -127
24 113 1834 21 0 113
-5372490 242 1378 15 0 -127
-2305 -57 336 8 0 -127
-83 -63 307 19 0 -63
-261087 232 1236 6 0 -127
-1369 193 1353 10 1 0
-110 186 54 28 0 127
-11 -43 488 2 1 0
-4860363 -132 801 26 0 -127
-17905 -222 994 24 0 -127
78 -212 646 15 1 0
336500 43 1186 15 1 127
-6100498 -16 1587 3 1 0
27 -204 1656 29 0 -127
33 -186 104 29 1 0
28075 206 1559 3 0 127
-319441 -108 896 29 1 0
-6409077 161 345 22 1 0
3493 -82 2030 3 0 127
-4073382 -34 528 0 1 0
8219052 -49 962 23 0 127
154488 -246 1911 10 1 127
251589 71 1622 22 0 127
-2060485 69 796 6 0 -127
76 -38 2018 24 1 0
-31 -95 1280 29 0 -95
-5684 208 1155 9 1 0
-5183539 -170 1012 20 1 0
8 190 1974 30 0 127
-12151 -253 1261 10 0 -127
-364 -6 73 30 0 -6
-187 1 41 6 0 -119
-113 92 129 1 1 0
-6381519 37 1818 4 0 -127
-275294 -137 2010 11 1 0
-1097 -248 458 21 0 -127
7266772 140 872 21 0 127
-370397 226 672 30 0 127
-775 -184 261 15 1 0
-6601 -112 452 22 0 -113
-26280 -72 569 5 0 -127
-7290680 217 947 13 1 0
-63 176 198 26 1 127
-15 -112 196 7 0 -127
6323903 -103 1939 25 0 127
-1408 143 1466 12 1 0
145 255 676 0 1 127
1215224 -235 1557 15 0 127
-36984 -93 638 16 0 -127
-26877 246 1190 23 0 127
-1648 175 1195 7 0 -127
-3884196 37 432 12 1 0
2879862 -70 1145 23 0 127
932 236 1810 15 0 127
6648 -98 1615 23 0 -97
-307 -96 945 5 1 0
-1060 -118 619 5 1 0
-7842970 -29 915 11 0 -127
111 -201 1684 26 0 -127
-150 146 369 8 1 0
85 -195 12 14 0 -127
19085 -227 647 14 0 127
203 -6 1394 24 1 0
-6629 49 1717 23 1 48
-1265 -46 902 19 0 -48
65 -244 839 5 1 127
-22773 -148 1566 16 0 -127
28579 136 112 22 1 127
36 -143 1714 5 0 127
-22966 231 1155 24 1 127
-1368744 -104 279 10 1 0
29498 101 749 0 1 127
106 172 267 18 1 127
285214 -181 804 10 1 127
121 -35 558 3 0 127
6019895 14 473 27 0 35
-3868830 208 402 6 1 0
-118 -37 1868 25 1 0
-5934136 -142 1184 18 1 0
9871 -207 1807 29 0 -127
-40 -42 580 17 0 -42
-197440 -154 744 27 0 -127
1228 -158 186 16 1 0
-1783 197 1044 30 0 127
402931 -58 1573 24 1 0
-54257 -34 1805 18 1 0
861 159 1367 14 1 127
-13902 -124 508 9 0 -127
-2749603 -114 1301 28 0 -127
-1643 137 810 19 1 127
-59 -204 1662 4 1 0
-568 -182 1369 11 1 0
-1829 -235 788 18 0 -127
1993 -116 1552 15 0 -22
542 -203 288 31 1 0
117 35 1267 5 1 127
109088 219 458 20 0 127
2825198 -136 251 24 1 0
61911 -138 252 3 0 127
-3 -222 1044 30 0 -127
1912 -64 1165 12 1 127
-1680 -198 87 23 0 -127
-22 120 1627 17 0 120
72671 -64 204 25 1 0
-5792361 -206 1890 25 1 0
100 -90 653 17 0 -90
-115 111 515 1 1 0
191653 -105 146 13 0 127
-18107 -93 1905 18 0 -127
-736 -247 1278 24 1 0
-235499 -73 237 21 1 0
17449 -136 551 24 0 -127
-261119 208 363 22 0 127
76 79 1649 2 0 127
75 -228 1291 8 1 127
355559 49 406 18 1 127
-12 -167 550 21 0 -127
-418187 56 688 25 0 47
-283 203 657 10 0 21
-39 -9 1327 3 1 0
326 -123 974 21 0 -123
23142 69 1738 30 0 69
-13550 -192 535 27 1 0
-31 -3 1412 17 0 -3
-18162 117 1922 6 0 -127
6861190 113 1925 6 0 127
-3716462 224 832 10 1 0
-287970 4 395 23 1 0
-615 89 803 12 1 0
-7290337 195 1516 14 1 0
-10825 -243 1959 15 0 -127
-15490 -11 647 13 1 0
295847 107 1302 30 1 107
-108 -177 1190 30 1 0
-347759 -239 936 6 0 -127
-29309 98 39 23 0 98
-1491 103 1370 10 1 0
17623 28 848 23 1 30
-19081 -15 1774 17 1 0
-12 169 96 29 1 127
3486 242 1374 11 1 127
-3372 -143 2033 15 0 -127
550 -250 72 26 0 -127
-5794157 -242 173 18 0 -127
-1582 4 1955 29 0 4
5584666 181 1798 31 0 127
-124 49 1225 2 1 0
-5825493 -65 556 31 1 0
-437445 229 359 0 0 -127
-7166714 -106 1834 21 0 -127
-1221 -145 1232 17 0 -127
2343 109 811 22 1 109
83 -63 422 21 0 -63
-68 -234 568 1 1 0
6260748 -140 594 12 0 127
8540 186 1246 8 1 127
243 -175 1008 28 0 -127
-122 -195 837 23 1 0
-6866258 -224 1603 7 0 -127
-1913 154 699 0 1 0
99 -139 91 24 1 0
-37 -47 739 23 1 0
118769 -81 2006 11 0 127
0 -175 361 17 0 -127
-20 -143 1601 12 0 -127
-512700 136 892 3 1 0
-59 -117 708 9 1 0
-1646 -16 1125 24 1 0
-50 -46 115 16 1 0
-3898 3 1883 18 0 -25
-133 97 1951 25 0 97
-1615 221 1940 14 1 30
-7937259 104 2020 2 0 -127
54 -197 863 1 1 127
28734 -151 119 27 0 -127
37 -102 1636 30 0 -102
-472768 231 87 24 1 127
-127 102 312 16 1 101
7 -219 773 9 1 0
-254823 186 863 7 0 -127
-35 135 985 26 0 127
141923 44 832 0 1 127
-2008 -94 304 18 0 -96
-4131893 127 33 22 0 94
-122 32 1358 21 1 32
-1765 63 1202 24 1 63
61 10 1166 13 1 19
-31724 159 786 5 1 0
6254772 108 1602 9 1 127
73 90 320 21 0 90
-17003 -118 1840 7 1 0
-52 -3 1932 19 1 0
-139637 -247 441 3 1 0
1855 -175 9 16 0 -127
54 69 373 24 0 69
4122777 -167 804 28 1 0
-22136 -153 1753 12 1 0
-824 159 1642 25 0 127
-993 25 1189 10 1 0
-11 -1 885 21 0 -1
1360 -63 1746 8 1 127
105 178 970 14 1 127
-24392 -12 1176 9 1 0
-2298364 94 75 12 1 0
992 211 709 20 0 127
-486 -16 383 8 1 0
9503 175 1189 8 1 127
-703 35 1225 25 0 35
-103003 -217 1919 26 0 -127
-519113 228 428 11 1 0
56 146 1995 19 0 127
13641 -58 519 6 1 127
1202 133 218 4 1 127
11916 195 1568 17 1 127
309202 -15 983 8 0 127
-2003 -19 1126 0 1 0
-27 185 1274 28 0 127
3761937 -6 1982 21 0 127
327693 -219 245 16 0 127
208699 -77 1977 20 1 127
3580460 -15 2004 26 0 92
5 -26 893 26 0 -26
674 72 1846 9 1 127
3222803 -221 1096 18 1 127
-3401 -41 1884 25 0 -41
1495 66 153 10 0 127
107 -52 895 27 0 -52
-90 -224 1677 4 0 -127
1487905 99 411 17 1 127
-74 142 915 27 0 127
11808 -42 519 27 1 0
-12562 65 721 6 0 -127
1591706 -234 963 21 0 127
-14 96 97 3 0 -74
-87 -16 303 27 1 0
109 73 1231 19 0 73
93 -101 1864 11 0 -16
-475436 -135 1752 10 1 0
-473 -241 830 25 0 -127
20995 -206 280 30 1 0
37 207 778 17 0 127
8762 -104 337 11 0 127
49 166 1786 2 0 127
351523 186 1330 13 1 127
-14286 42 1415 3 1 0
-11225 3 1594 10 0 -127
-1110 -250 801 28 1 0
-82281 -50 750 15 1 0
-230858 -213 17 14 0 -127
18392 179 1487 8 1 127
90 91 578 0 1 127
-4893643 69 1213 4 0 -127
1934 92 281 13 0 127
1361 61 1728 3 1 127
-511191 -212 1969 22 1 0
-702577 -160 1039 20 1 0
-60 -1 440 20 0 -1
-21901 208 882 9 0 -127
1731 -159 670 10 1 127
-1138 -159 479 11 0 -127
26393 -162 1405 28 0 -127
-1988 107 948 24 1 107
-23352 -169 1675 6 1 0
7517327 -143 1202 6 0 127
784527 139 1978 28 0 127
466314 208 1713 24 0 127
3581936 138 705 31 1 127
280153 87 63 21 0 95
8054403 -216 1469 15 1 127
95 -186 1899 10 1 0
506850 -211 1347 3 0 127
-449864 -31 269 17 0 -127
103 38 1995 4 0 127
-1640 53 1530 19 0 48
5429071 -229 17 30 0 -127
-24697 57 845 21 1 47
4897153 -198 1706 19 1 127
3839705 -27 1626 10 0 127
73 27 1492 16 0 29
275124 -228 1290 28 0 -127
151412 -245 96 0 1 127
-764 -115 1067 27 0 -115
27906 14 1747 6 1 127
-10042 -68 163 24 1 0
38 14 1292 22 1 14
3786815 241 19 0 0 127
-44 199 1719 3 1 0
-506121 -98 463 26 0 -101
28385 143 202 6 0 127
772 -161 1066 23 1 0
15414 129 1546 16 0 127
860 -46 1319 2 1 127
2209999 68 730 9 0 127
1830 -30 852 30 0 -30
3034 -87 276 23 0 -87
208 -3 1965 8 0 127
79 2 1868 8 0 127
-71 102 1330 21 1 102
2294393 252 926 2 0 127
-136724 115 271 11 1 0
1 82 717 22 1 82
1840 -171 718 27 0 -127
27872 -243 1786 3 1 127
-6068588 30 567 3 0 -127
-502236 164 1971 5 1 0
331608 55 1823 20 1 127
499010 -181 1230 20 1 127
-8774 89 1113 11 1 0
-56448 -223 1073 24 1 0
5751771 85 741 2 1 127
-32 168 303 21 0 127
996 -136 612 2 1 127
394181 -143 527 29 1 0
-103 65 1405 9 1 0
-15124 -103 1739 28 0 -103
-2813831 28 1268 22 1 0
-561 163 689 7 1 0
23630 -203 72 18 0 -127
-51259 249 1488 27 1 127
27748 -35 1347 25 0 -34
428821 203 908 3 0 127
68 80 369 1 1 127
-451165 12 1742 18 0 -127
27688 122 221 6 0 127
843 192 1549 31 0 127
6627070 79 1568 22 1 127
1865 94 2039 13 0 127
483891 -66 364 31 0 -66
23748 163 1611 17 0 127
-258027 -69 138 29 1 0
5 -238 1095 8 1 0
13645 73 271 15 0 127
-2727233 -138 1825 16 1 0
513074 179 681 15 1 127
111 29 1474 10 0 127
28665 105 1192 13 0 127
1532 26 1386 22 0 27
-6827734 63 1447 22 1 0
1591 -141 1656 27 1 0
-451799 -205 1504 23 0 -127
-53194 199 41 22 1 127
2609866 136 1630 31 0 127
-1219566 21 439 10 0 -127
-7455 -180 726 27 0 -127
-232092 154 396 5 0 -127
429610 84 171 6 1 127
19753 -154 1540 3 1 127
-184790 -98 471 1 1 0
-98 63 1980 20 0 63
-19 -17 980 27 1 0
-7429397 161 731 28 0 127
21543 219 819 1 0 127
-33 -84 138 2 0 -127
-3637906 -217 1360 29 0 -127
97863 171 787 13 1 127
-1494 -188 2026 16 1 0
21842 -106 1571 18 0 25
1375 8 1883 18 0 18
-112 -30 572 7 0 -127
-120108 249 526 15 1 0
31158 -53 210 8 1 127
-1549 -15 879 14 1 0
-2529780 223 176 3 1 0
-409372 73 897 5 0 -127
30509 -179 1343 20 0 -127
86 -174 1884 5 1 127
-7467396 3 276 13 1 0
-741 -199 1266 16 0 -127
897 44 1840 30 0 44
-1749 202 181 15 1 127
-1429 -169 1624 6 1 0
-429 95 1635 17 1 90
1291048 132 1586 4 1 127
8012072 38 863 21 1 127
142801 125 49 6 0 127
-4766519 193 269 17 1 0
725 -54 466 20 0 -54
-5967970 2 1603 25 0 -127
-17 -150 227 4 0 -127
4762204 -70 1403 15 0 127
4323719 71 1197 12 0 127
119 -193 249 26 0 -127
66061 183 79 4 0 127
-62145 220 242 1 1 0
-7906262 -42 1445 14 1 0
-4893 166 1856 31 0 127
-464 -103 418 4 0 -127
4258860 -72 2005 7 1 127
97 120 1385 2 0 127
-392589 -207 1978 28 1 0
-1921 -175 481 5 1 0
1588 -187 1765 22 1 0
890 173 1238 24 1 127
-7239166 -229 1832 14 0 -127
19692 -67 1673 30 0 -67
-68 -205 1451 19 0 -127
-973 -86 1587 13 0 -127
6145791 -31 410 6 1 127
19392 137 230 18 1 127
311211 -70 1111 7 0 127
82 -159 1664 19 1 0
-523 -18 1432 18 1 0
-360536 -138 520 31 1 0
-120338 57 581 3 1 0
-27 33 1517 6 0 -127
111 215 608 10 1 127
-1097457 -89 1911 21 0 -127
-27958 -184 832 3 0 -127
-225 -9 1620 12 1 0
93 -244 996 29 0 -127
9 221 1180 15 1 127
-15094 -156 370 4 1 0
-1112 -220 792 22 0 -127
1942 56 446 10 0 127
-3102562 167 1087 18 1 0
-97 -245 159 18 1 0
9704 -203 592 26 0 -127
114 226 1371 24 0 127
-1215 160 1190 17 0 127
478336 -217 1848 0 1 127
-14 178 455 11 0 127
-2162 217 863 23 1 127
7081236 136 1733 11 0 127
20 17 1786 6 1 127
19041 148 1678 14 1 127
431870 205 845 13 0 127
172993 208 1978 13 0 127
-6100884 -252 1252 6 0 -127
18 109 592 23 0 109
2040651 -202 549 12 0 127
-184425 -11 2008 18 0 -127
175638 -95 932 14 1 127
-350224 -224 924 3 1 0
206516 -226 682 5 0 127
7736463 192 360 6 0 127
-90 -177 950 10 0 -127
-108 -222 863 21 0 -127
14034 116 1895 26 1 116
-3610379 -188 195 14 0 -127
-4705 111 1908 21 0 107
-105 204 790 25 1 127
-1215 32 507 23 1 32
170 -70 295 1 0 127
-480441 -124 1012 6 1 0
-97800 120 640 30 1 120
-3289 179 1326 10 0 -127
1547224 -107 1408 5 0 127
-6004751 -7 669 9 0 -127
1276 87 426 29 1 87
1707 133 49 3 1 127
-29159 -222 1115 10 0 -127
5877356 206 1113 8 1 127
962059 -3 1823 7 1 127
571 4 480 13 0 37
-472 28 1586 24 1 28
-1043476 150 1578 21 1 0
78 -95 386 14 1 0
163336 -171 1837 27 1 0
7 233 1007 27 1 127
-97 68 1432 27 0 68
-105 -2 1270 13 0 -18
6982822 -70 2040 18 1 127
67 238 1443 0 0 127
-178507 112 289 22 1 100
-6907 251 1839 30 1 127
-20269 219 1129 1 0 -127
1745 -187 71 10 1 0
-6726534 -98 337 30 0 -100
-423108 -81 1044 20 1 0
15896 -43 1257 4 1 127
162 129 534 20 1 127
-12 96 166 14 0 96
-127 174 270 30 1 127
1838 -90 1266 9 1 127
7803895 -138 1860 12 0 127
7613 65 1209 16 1 127
57367 -221 158 5 1 127
-460588 61 1566 17 0 -127
-8228396 -112 171 24 1 0
-611 -67 542 12 0 -127
-116 137 774 23 1 127
-61 -123 309 1 0 -127
-51 141 1443 9 0 -3
-1283 -242 898 2 1 0
2471195 90 570 20 1 127
-3154800 185 808 31 1 127
-22151 -139 1354 2 0 -127
-6769 -1 1961 5 0 -127
-402686 211 1093 30 1 127
8 -97 1964 18 1 0
-24859 138 815 26 1 127
6806 34 1393 14 1 127
4582957 -254 1229 2 0 127
1909 -194 503 8 0 127
-28927 80 1114 2 1 0
6422280 -58 1621 20 0 127
-566 -2 363 2 0 -127
-98 103 95 18 1 103
105 52 1398 17 1 53
-4981330 -81 1585 24 0 -127
-257918 -62 974 13 0 -127
-9910 -203 1376 22 0 -127
-117 -14 1951 26 1 0
-17394 -239 596 4 1 0
-8156944 -169 2046 16 0 -127
-4506 -92 128 13 0 -127
29938 -82 573 7 1 127
85 -235 792 20 0 -127
10365 -16 860 28 0 -16
3503669 113 1910 30 1 119
-6834333 -26 1294 24 1 0
212400 -200 1406 26 0 -127
7132025 -231 1499 3 0 127
-2098337 -49 216 24 0 -76
-2 -67 1245 2 0 -127
-64690 -92 254 23 1 0
478379 -159 1893 7 0 127
-440867 -12 1725 10 1 0
23805 152 152 13 1 127
358267 253 1020 31 0 127
-206787 139 466 12 0 -127
-17836 -256 735 26 1 0
20665 6 520 19 0 26
-6041886 -128 1781 14 0 -127
-36 -149 505 23 0 -127
6449081 229 472 24 0 127
1950 -170 242 14 1 0
-200064 -166 148 21 1 0
27486 -95 1526 21 1 0
-359153 -231 1328 0 0 -127
-202796 226 1685 23 1 127
62 -36 1261 20 0 -36
-502136 -161 1256 2 0 -127
-2413 -222 574 4 0 -127
-24218 -89 726 30 0 -89
-1571 -55 568 28 0 -55
-379 -113 1631 29 0 -113
86 -26 1026 15 1 0
-1768 -100 1337 11 0 -127
3008182 -246 609 16 0 127
189096 70 995 12 1 127
-5932576 23 1155 26 0 -79
3400 164 1548 24 1 127
-5191801 8 367 19 0 -127
-358556 -47 1248 20 0 -127
43 -195 794 29 1 0
-106 203 464 17 1 127
149761 77 1369 27 1 79
-481335 242 1672 5 1 0
787 101 949 11 1 127
1984 242 294 11 1 127
-486424 -144 748 13 0 -127
-1 -108 38 11 1 0
-3003329 201 1505 4 1 0
-1290 -229 455 25 0 -127
-1017 -237 827 31 0 -127
21 33 630 7 1 127
-1917 -228 2004 14 0 -127
22443 28 1747 11 0 127
1597 -83 1573 8 0 127
-96 -46 1711 21 0 -46
-25756 -78 1884 21 0 -101
1029 7 2023 21 0 8
77992 -185 870 17 0 127
17424 116 581 24 1 117
84 3 792 15 1 5
1255 -231 999 18 1 0
16631 113 981 20 0 127
3859135 43 1767 31 1 46
-60 105 923 11 0 78
9203 -121 1221 12 1 127
-1221 -198 62 26 1 0
-88 -216 1040 28 1 0
223749 30 749 9 0 127
-120 238 1467 2 0 -127
-32006 -123 1140 19 0 -127
9 -106 1316 3 1 127
-472941 -229 1255 4 0 -127
-105 147 454 2 0 -127
31 220 1500 1 0 127
-9 -11 1830 23 0 -11
-1289 208 1753 18 0 127
3423704 192 374 10 1 127
-295 -17 567 9 0 -127
-110 -93 1805 25 0 -93
55 -26 1872 29 1 0
-1605 -20 1598 3 0 -127
-174045 67 552 29 0 67
205827 -242 699 22 0 -127
-67 55 707 5 0 -127
-64 -182 1427 22 0 -127
2483897 -77 874 22 0 127
-7367867 -41 577 1 0 -127
9012 -68 1347 12 0 127
-15957 84 1627 13 0 -127
-180663 205 1217 25 0 127
7556685 228 1704 14 0 127
-13858 -23 993 12 0 -127
20791 3 24 11 0 127
9027 -21 1791 27 1 0
1 114 1496 7 1 126
8150698 183 1147 5 0 127
-7681057 175 607 29 0 127
389045 96 1287 5 1 127
-9643 -174 524 5 1 0
92 -203 1408 21 1 0
445561 -212 574 9 0 127
-308599 111 186 7 1 0
743 110 1051 25 0 110
-412729 -70 108 27 1 0
-193 245 963 30 1 127
-164697 -93 52 13 1 0
-72361 139 1552 10 0 -127
-1634230 -76 1891 12 0 -127
-413291 -228 1406 31 1 0
-4906525 -31 780 4 0 -127
-85 -227 238 27 1 0
-23559 35 1160 11 1 0
4719890 246 1403 21 1 127
956 245 1154 31 0 127
-111 28 1213 2 1 0
-1194 12 439 18 0 10
-7940491 49 1024 8 0 -127
-264 61 232 28 1 61
-467598 223 1018 28 1 127
18082 -132 558 13 0 127
338432 196 1047 2 0 127
79 -59 564 18 1 0
17525 120 1763 28 0 120
-112 17 1779 22 1 17
-1128 -31 752 3 0 -127
107294 39 1244 7 1 127
68 39 1095 0 1 127
-301340 -24 1298 20 0 -127
521783 152 684 13 1 127
-61 3 1884 14 1 0
-3103 246 62 26 1 127
45 156 92 23 0 127
660 232 1322 2 1 127
-2085811 110 1479 6 1 0
-103 1 813 8 1 0
-16436 224 648 5 1 0
-25432 -213 750 12 1 0
-371210 180 1642 17 0 -127
111 61 1977 22 0 61
-101 -214 1548 16 1 0
-3630941 -163 1090 30 0 -127
-186454 -209 638 20 0 -127
2932 -12 189 6 1 127
438879 136 1262 10 1 127
-28379 86 512 22 1 83
-149175 113 1876 30 1 113
-22 9 747 23 0 9
-475629 161 1955 0 0 -127
922730 104 1526 9 1 127
-722998 4 1734 18 0 -127
-1549 71 1556 30 0 71
-250759 221 1142 0 1 0
27 131 581 14 1 127
7186141 48 1166 23 0 127
376178 172 1594 11 0 127
48 207 632 29 1 127
-48 231 1166 10 1 127
-503831 -204 52 21 0 -127
30 131 781 0 1 127
55 74 262 8 1 127
123121 179 848 8 0 127
-2315317 -78 443 4 0 -127
348 -132 914 22 0 -127
-107 -189 1616 13 0 -127
186 -42 1570 13 0 -6
83975 205 161 9 0 127
19181 253 418 9 0 127
-93 132 1811 8 1 0
416766 105 1631 11 0 127
-138143 -122 1132 4 1 0
4845361 17 1658 20 1 127
371526 117 1278 10 1 127
2 -234 1435 13 1 0
-107 -234 1021 0 0 -127
-269393 -138 1453 7 1 0
-52 -147 245 4 0 -127
-8065229 216 1223 1 0 -127
365590 -1 1290 2 0 127
-438007 240 444 14 0 -127
-8012495 42 1738 31 1 36
-116 -90 321 27 0 -90
29391 66 576 26 0 66
3883093 110 1785 18 1 127
-19460 107 1725 25 0 106
2662043 222 1673 22 0 127
7911798 -109 385 26 1 0
-8254935 38 15 7 1 0
-15204 -13 1943 6 0 -127
-7057454 -22 1523 25 0 -127
96 -50 111 4 0 127
-1631 -15 1364 4 0 -127
-5947 -234 1959 8 0 -127
-719 225 1340 12 1 0
37 -182 1567 6 0 127
-522701 -163 437 23 0 -127
-244869 123 924 12 0 -127
65660 237 1168 0 1 127
26844 -164 2045 31 1 0
7643 -233 1771 27 0 -127
118587 -176 1471 3 0 127
-7147874 45 1617 19 1 0
373324 -233 1731 27 0 -127
-94929 -132 1029 18 0 -127
340585 0 1708 19 1 127
-83 7 767 28 0 7
-19 35 412 28 0 35
311871 20 1162 18 1 127
6582076 -212 1465 22 0 127
-91 38 148 26 0 38
5222072 113 1707 12 0 127
-8 50 1717 25 1 50
-17451 215 561 26 0 127
5027 -90 1261 16 0 7
60 132 16 13 0 127
1259 -39 551 10 0 127
-212774 -43 1678 2 1 0
1907 -221 1316 25 1 0
-180441 -249 1228 9 0 -127
6075916 160 1957 10 1 127
-4772 101 1779 20 1 93
-99 211 1084 23 0 127
-7960486 -4 1629 23 0 -127
492799 227 1585 2 0 127
2933544 -142 421 4 0 127
-1264098 235 403 2 0 -127
55514 69 1748 1 1 127
770 60 539 20 0 60
-3521678 194 1013 13 0 -127
-18360 -12 843 12 1 0
1647 142 229 1 0 127
-1300 43 1610 23 1 43
-90 35 1870 16 0 32
63 227 969 5 1 127
63 97 860 8 1 127
303194 -89 1800 25 1 0
11 153 1768 25 0 127
25561 -165 320 15 0 85
-21714 -171 1501 21 0 -127
24138 171 732 8 1 127
24 -9 543 26 1 0
66477 -155 1225 27 0 -127
1645506 72 980 15 1 127
320 -149 1230 20 0 -127
-384402 56 1337 19 1 0
3117490 -181 389 11 1 127
-138686 51 1191 17 1 0
-1389 37 808 0 1 0
45 -53 17 18 0 -53
639 216 1356 12 1 127
-25 201 1633 15 1 127
-2903553 176 1542 6 1 0
-393758 56 49 26 0 56
-212549 -102 363 6 1 0
-828 173 1745 18 0 127
565 11 1805 5 1 127
9701 -255 512 0 1 127
807 202 716 1 1 127
-36 129 1900 29 1 127
-18527 -197 1562 30 1 0
-466 89 255 5 0 -127
-41207 -203 941 31 0 -127
280237 -133 412 5 0 127
-17725 -13 1660 1 1 0
25894 206 1160 11 1 127
126 -51 1748 23 0 -51
1950826 230 1919 24 0 127
-1250 -228 1324 25 0 -127
-413873 -101 1513 16 0 -127
-409430 -79 839 23 0 -120
9233 -192 1143 13 1 127
-18 248 1036 4 0 -127
-2726816 -150 83 13 1 0
-1995242 182 1067 20 0 -127
-527 -210 1138 24 1 0
447019 209 1126 22 0 127
-3292209 -106 809 24 1 0
-7517028 -153 1735 28 1 0
56184 10 1379 9 0 127
2478235 101 266 15 0 127
13 -71 2004 25 1 0
-32542 -71 1591 8 1 0
1672 -130 912 9 0 127
-1119 -204 980 20 1 0
3246716 166 1931 30 1 127
-340723 -179 17 29 1 0
31 8 1961 6 0 127
130468 217 1509 6 0 127
-84 200 458 31 1 127
-1455 -206 170 3 0 -127
395966 -169 1321 2 1 127
234810 -77 1580 6 0 127
-6025 -191 1602 27 1 0
-40 -82 1201 24 0 -82
-2029 87 893 11 0 -127
-1 -7 258 18 0 -7
-28573 -114 101 2 1 0
-113048 -164 840 17 0 -127
-5909981 180 348 2 1 0
338533 110 81 3 1 127
81 -193 1995 31 1 0
391 -154 655 3 0 127
123 188 700 0 1 127
448118 182 728 4 1 127
-518153 -76 107 13 0 -127
-65971 -96 1295 3 1 0
2993029 151 192 22 0 127
214565 209 386 24 0 127
-70 -126 714 28 1 0
-3083152 -124 806 14 1 0
408795 96 1289 7 0 127
16701 -241 992 18 0 -127
699 -95 1816 26 0 -95
-636 211 310 25 1 127
-12 -16 399 11 1 0
-1070 47 544 30 0 47
-161 -55 787 16 0 -57
188310 -131 1701 30 1 0
-7495151 137 1705 2 0 -127
379847 73 1939 23 1 127
-36 -171 1982 6 1 0
5772207 221 488 11 1 127
69 60 465 10 0 91
444697 -220 286 13 1 127
-7459712 -115 1202 9 0 -127
373 -127 1661 29 0 -127
-41 132 1188 4 1 0
-17 -115 1938 24 0 -115
191802 252 138 6 1 127
97356 -133 1227 22 0 -105
-37 -75 156 17 0 -75
1374 -35 657 25 0 -35
1166 -145 86 9 0 51
-769 231 1052 0 1 0
446 175 1952 9 1 127
20320 61 1330 25 0 62
425267 -202 908 14 0 127
16861 89 822 10 1 127
76 201 1522 12 1 127
-6171122 131 675 11 1 0
6 -77 649 24 1 0
268 -76 1108 9 0 127
-13328 -37 949 11 1 0
301742 184 653 22 1 127
101 -163 1725 15 0 -127
-497760 169 1928 17 1 0
-87342 89 417 26 1 88
25157 -149 2018 2 1 127
-31592 -172 978 14 1 0
18007 -119 1409 31 1 0
4367096 -190 1328 24 1 127
-394 -43 296 29 0 -43
183978 72 299 6 0 127
-4395745 172 835 13 0 -127
-26160 -113 928 6 0 -127
28809 196 1433 28 1 127
1950 -237 1978 23 0 -127
-5 252 709 27 0 127
-10516 37 1853 7 1 0
4189 -255 1701 28 1 0
-428176 -73 1674 1 1 0
-3852046 -168 1581 9 1 0
450457 112 1838 14 1 127
1677 -139 632 6 1 127
42 111 1063 26 1 111
-2046 -91 644 13 0 -127
797 181 49 10 1 127
61 245 1276 6 0 127
2948119 -167 678 11 1 127
713005 21 347 18 0 127
-8005 68 734 26 0 68
-61 22 579 6 0 -127
6481056 108 450 18 1 127
-257079 -168 1838 18 0 -127
-18948 157 1751 19 0 94
-3188247 99 1262 14 0 -127
7589 254 1286 9 0 127
-4107 142 722 24 1 127
239053 -78 1318 18 0 127
-127491 -100 746 31 0 -100
-315217 9 31 11 1 0
1896 105 1579 29 1 105
8002795 236 2006 4 1 127
-6993906 -185 383 0 1 0
64 -82 4 11 0 -82
190103 -175 926 13 1 127
28895 16 2036 5 0 127
-9503 -109 1135 30 0 -109
1162 138 98 18 1 127
11775 -187 1997 6 0 127
-1650 -195 363 20 0 -127
-15425 -40 532 18 1 0
805 227 1615 13 0 127
477273 -75 1793 17 1 127
11 -159 708 24 0 -127
3733 57 391 29 1 57
-20804 -59 1966 4 0 -127
-1984 -206 1087 31 1 0
125 178 1640 24 1 127
-27330 203 574 8 1 0
-381876 -135 2016 3 1 0
-1876 -209 2 31 0 -127
25029 192 1632 6 0 127
-120 -111 1859 23 0 -111
11 190 1468 21 0 127
-517801 -242 1381 4 0 -127
-8169457 30 932 18 1 0
-2117 215 544 10 0 -127
-307969 -49 1141 23 1 0
250003 -59 1095 23 1 0
1896 37 1252 8 1 127
-387881 225 2034 26 0 127
513875 212 635 23 0 127
-78 -21 1659 8 1 0
26 62 659 22 1 62
11430 21 1208 25 0 21
-7199913 -119 1805 23 1 0
-3557717 -183 1513 2 1 0
-419664 -40 1540 25 0 -59
24602 -150 26 11 0 127
-2353407 -160 977 4 0 -127
1081 251 466 13 0 127
-119 47 609 12 1 29
-1529 -171 188 24 0 -127
-529 -229 867 12 1 0
30838 -205 770 17 0 -24
961 -242 845 11 1 127
14392 79 348 31 1 79
-3848 -179 505 9 0 -127
1851 228 146 15 0 127
2099 123 788 15 0 127
-5392570 11 1573 27 1 0
-5677 -42 1447 24 0 -42
-1192 203 283 17 1 127
10008 221 1460 10 0 127
2995 140 1702 23 0 127
-1614 238 1955 21 1 127
-332825 -29 1293 6 0 -127
6711149 81 1262 15 0 127
-54 184 239 20 0 127
187592 83 1278 21 1 127
38 254 766 29 0 127
-5045625 -37 1728 25 0 -127
210 -184 168 21 0 -127
-2492583 153 189 18 0 -127
-491 84 1698 16 1 71
96 -139 669 19 1 0
-433620 -193 1925 20 1 0
280943 -22 1468 6 0 127
-4416298 -30 169 20 1 0
7731 -101 907 19 0 -88
5661 176 1361 27 1 127
-16918 201 1758 30 1 127
116 10 1975 2 1 127
-631833 33 1454 14 0 -127
-70 145 729 24 0 127
11 147 184 22 0 127
-60392 -53 1293 18 0 -127
-752 165 1829 22 0 127
-816 141 516 7 0 -127
16122 -148 577 28 0 -127
1027646 -143 988 4 0 127
108 -241 691 3 0 127
-4477710 -29 1274 13 1 0
314350 -100 1053 9 0 127
-1848 -142 476 12 1 0
103940 -112 885 21 1 0
-516939 130 1235 31 0 127
-274416 200 1674 30 0 127
-347 191 664 18 1 127
118 113 601 27 0 113
-6323995 -124 1343 21 1 0
-21785 101 1170 2 1 0
-1446 210 264 22 0 127
-1683 -152 431 23 0 -127
-26647 -11 1160 30 0 -11
-104104 -174 1759 12 0 -127
905 2 1946 28 0 2
-862439 135 137 5 1 0
286 -100 397 27 1 0
-276 -96 427 0 0 -127
5 -82 2002 2 0 127
2289375 213 1253 22 0 127
-66 10 1192 12 1 0
4222179 -107 55 6 1 127
1230 73 830 23 0 73
55 -27 1260 0 0 127
-277279 184 126 25 0 127
-105760 175 865 5 0 -127
7010 81 1589 5 0 127
-4398040 -14 1287 11 1 0
-5706 -99 1008 2 0 -127
-255660 159 1763 2 0 -127
-335 -29 1639 19 1 0
59 161 70 7 0 127
-41089 -247 64 18 0 -127
-155775 -109 1046 12 1 0
-28308 -129 1150 2 1 0
3467 244 501 18 0 127
-83 -192 1294 7 1 0
41 87 599 4 1 127
-4495370 71 892 14 1 0
4846691 107 1603 17 0 127
2695283 208 150 27 1 127
5630444 14 1831 12 1 127
467758 -111 60 15 0 127
-3694787 -64 306 28 1 0
102 145 1353 5 0 127
34410 -171 1896 8 1 127
1838 -225 930 25 1 0
775 10 963 21 1 10
-21862 255 254 11 1 0
2472914 -76 1216 23 1 127
-295 -219 1599 12 1 0
-13447 -96 445 14 1 0
-3004283 -136 368 26 1 0
79 -171 704 29 0 -127
-867 158 1733 22 0 127
-54 -65 443 4 0 -127
31632 23 384 25 1 23
-772 -80 1048 21 0 -80
340 187 50 12 1 127
104 139 1150 28 0 127
-1718984 158 1874 7 0 -127
1642 -182 2014 31 1 0
8121463 52 751 4 0 127
-1821 141 763 1 0 -127
-281963 -44 1919 27 0 -48
332855 -60 1155 26 0 -54
-68 -225 1460 30 0 -127
-399155 -37 1111 26 1 0
-718 209 1941 20 1 127
3336907 247 659 15 1 127
-94 -254 1987 25 0 -127
79 -235 1858 21 1 0
1620 -137 604 27 0 -127
-463095 -160 1192 4 1 0
-1158678 44 382 20 0 -127
-1076921 43 467 29 0 42
-31 86 1453 12 1 75
452 114 2029 21 1 114
126 -51 1474 24 1 0
10209 81 1039 3 1 127
489272 135 8 21 1 127
-1241528 -82 915 26 1 0
-1715 -209 1706 30 1 0
7756813 -236 1205 30 0 -127
-158605 31 143 12 0 -127
2650323 -32 687 13 1 127
-106 -74 1598 27 1 0
256582 113 1477 2 0 127
32592 -128 1584 9 0 127
-1079 35 1435 21 0 34
-113 -184 16 10 0 -127
-260545 -200 79 15 0 -127
465148 51 1321 0 0 127
-32044 -226 510 9 0 -127
0 -19 111 1 0 -19
-274112 -147 1305 26 0 -127
-19621 -182 1567 0 0 -127
22927 142 354 27 1 127
-6774649 -27 1910 29 1 0
1457 -11 775 7 0 127
-1262955 192 1339 16 1 0
10 210 1498 9 0 127
-14984 -109 2002 8 1 0
-28467 -235 709 6 1 0
395360 156 1241 1 0 127
-42 -19 1914 1 0 -127
89 16 606 5 1 127
64259 -217 159 8 1 127
-1720 -54 1821 23 1 0
34 -58 1088 5 0 127
-29226 231 673 1 0 -127
22 145 1304 11 0 127
13775 -173 1735 13 1 127
24026 7 1006 27 0 7
18536 132 550 30 0 127
-36 -147 2004 8 1 0
-4533786 61 890 17 1 0
-28770 121 501 19 0 94
-25801 -102 772 20 1 0
-16415 -111 1272 4 1 0
63 -35 1245 4 1 127
10365 103 1980 24 1 104
377329 174 850 26 0 127
-3441 -27 1710 2 1 0
-1043 -146 1129 23 1 0
-4671402 186 31 2 1 0
-2668546 233 1974 7 1 0
-83 178 448 18 0 127
-3684233 145 191 15 0 -127
31073 -15 844 10 0 127
2322967 60 765 14 0 127
64 53 110 9 0 67
69 29 1252 30 0 29
732348 52 1824 0 0 127
6535 -64 546 10 1 127
-8335 159 246 20 1 127
-1183 -179 1801 2 0 -127
2030 -132 1989 12 0 127
-1478 28 1561 28 0 28
6584154 233 436 26 0 127
-65019 -46 944 3 0 -127
-1268 27 1955 10 1 0
61 140 1131 23 0 127
567 42 1437 2 1 127
-15796 -77 1584 30 0 -77
529 181 938 28 0 127
-5135 190 11 17 1 127
1717 29 1955 20 1 32
-5796661 22 252 8 0 -127
1764 247 479 29 0 127
-36786 195 325 29 0 127
26131 -240 1373 28 0 -127
154779 -140 813 23 1 0
1113 200 1820 29 0 127
32 131 698 10 1 127
-2797351 -57 1745 7 0 -127
-1889 -218 877 20 0 -127
-519 124 299 3 0 -127
-23334 129 999 29 0 127
-60 -73 1258 22 1 0
8282436 -133 1520 28 1 0
-73457 -150 575 17 1 0
-170476 -60 910 26 1 0
2179815 118 1117 2 1 127
7006765 -191 239 28 1 0
31226 15 945 7 1 127
-80 64 875 0 1 0
-865 -112 1315 4 1 0
93250 172 1382 14 1 127
-74 -197 138 31 0 -127
1916 -246 483 29 0 -127
29884 208 2012 17 0 127
-816 63 733 31 1 63
-5503698 205 1854 16 1 0
-6796807 -255 464 16 1 0
30045 31 216 2 0 127
1646 -50 512 6 0 127
-232334 -129 941 8 0 -127
88 164 811 6 1 127
-114751 82 1267 20 1 0
-1954 111 585 20 1 110
2045 -180 1920 8 1 127
-850881 -207 1433 4 0 -127
-478398 -134 665 10 1 0
-336 204 529 9 0 -127
-4501543 188 1825 0 0 -127
-108888 5 1124 6 1 0
-502831 -190 1420 16 0 -127
-3673547 -241 1763 14 0 -127
-508995 -49 1133 24 1 0
-7887 49 1853 4 0 -127
-32736 -62 981 20 0 -93
-598 128 1651 31 1 127
1155 -28 1142 3 0 127
-6998304 -87 2020 11 1 0
242286 -85 1860 16 1 127
431874 -112 215 21 1 0
21 234 1925 23 1 127
16001 186 1068 17 0 127
2818299 29 1514 17 0 127
3700833 -64 63 29 0 -64
-51290 219 405 13 0 -127
897025 48 1570 2 1 127
1635 -108 2027 22 0 -107
-233 107 1456 25 1 107
244911 133 628 8 0 127
19363 208 1313 8 0 127
-24499 125 286 4 0 -127
-29793 234 106 1 0 -127
-6253379 -133 88 0 0 -127
24998 -19 1225 2 1 127
339018 6 1423 20 0 127
5011688 14 863 7 1 127
-17893 216 740 18 0 127
73 56 902 17 0 57
-1092 -75 122 24 1 0
446142 -127 96 18 0 36
105 -64 53 3 1 127
-5693945 -161 1930 6 1 0
1110 61 320 31 0 61
20 -165 1976 30 0 -127
-879 -19 1705 19 1 0
50 -90 1932 6 1 127
-25077 -242 857 30 1 0
-4120 -163 69 4 1 0
-585588 -50 858 5 0 -127
-103 -146 703 18 1 0
-61 -242 394 29 1 0
-84799 162 1195 27 1 127
-41 4 798 31 0 4
-21331 188 1332 26 0 127
-3746664 183 1441 13 1 0
-62 -75 279 18 0 -75
-620 -86 1146 27 1 0
-1490443 166 359 17 1 0
-458511 17 399 28 0 16
-2919138 44 493 10 0 -127
128433 23 77 30 1 23
-99 188 1227 19 1 127
-1016 128 714 27 1 127
24590 -35 516 6 1 127
-1907192 241 148 12 0 -127
-1768 -251 101 16 1 0
8 171 709 14 0 127
35 48 1833 13 1 56
2119182 7 1065 11 1 127
-12439 147 443 16 1 63
-256067 162 1806 27 0 127
-16143 59 317 8 0 -127
29877 72 1398 31 0 72
-46 -182 141 17 1 0
-20254 -30 627 14 1 0
-9180 -19 1458 22 0 -22
996 -190 1840 5 1 127
-477331 147 747 27 1 127
-7658 -239 1410 23 1 0
22670 219 751 28 0 127
-5 39 549 21 1 39
5814 -172 2020 21 1 0
-203 204 1168 18 0 127
398146 168 1007 3 0 127
-2185543 -206 1812 15 1 0
-25 220 493 28 0 127
-466488 -52 482 13 1 0
1550010 38 26 7 0 127
5452262 -164 515 30 1 0
1987 -49 1775 7 1 127
-1991 -240 1565 25 0 -127
335 -185 1814 26 1 0
1477314 141 1710 30 1 127
1366423 -32 1470 0 0 127
-5193562 -247 242 15 1 0
20 170 468 3 1 127
14334 130 970 6 0 127
-5867327 157 1482 8 1 0
-4155774 110 1253 7 1 0
1218 79 1041 19 1 81
301148 58 421 6 1 127
-6641347 73 658 17 1 0
-2433714 -191 944 24 0 -127
-3281 -151 908 2 1 0
-648 -256 885 26 1 0
70 -239 1734 14 1 0
2685828 143 1797 24 0 127
-85 92 69 2 0 -127
632 -139 2008 13 0 16
-89 18 1786 30 0 18
-19416 99 1737 31 0 99
424604 -153 756 16 0 127
-1965 -193 1373 27 1 0
-464 49 194 6 1 0
-21549 -89 1599 10 1 0
439532 180 5 6 0 127
3976066 -130 1643 23 0 127
1454 -228 901 22 0 -127
-4 136 170 23 1 127
1548 229 1702 4 0 127
407 224 1188 31 1 127
-364972 108 1903 13 1 0
-59 87 652 18 1 87
22 -143 1064 20 1 0
-287224 84 126 2 0 -127
1458 94 99 1 0 127
-413777 -82 1925 14 0 -127
454860 53 1778 3 0 127
-49 188 1351 18 1 127
-24093 67 738 14 0 -127
347776 63 574 21 0 127
15 -147 480 16 0 -127
461466 -103 986 0 1 127
91 -41 1318 15 0 -37
3713 131 1319 8 1 127
297606 -228 1674 11 0 127
-752 195 109 5 0 -127
6 94 1784 18 0 94
-92 -192 1046 26 0 -127
-179461 -165 1719 0 1 0
-214 220 681 12 0 127
-34 13 1645 24 1 13
1818252 22 840 21 1 127
1956 -12 1364 18 0 -2
368 -218 1551 30 0 -127
-3729 88 365 31 1 88
-57 43 110 8 0 19
116945 -61 1076 29 0 -61
1782 233 130 23 0 127
516186 228 35 13 0 127
1777 -127 1445 12 0 127
1203 -17 1142 31 1 0
-316 -160 1542 5 0 -127
99 -138 1631 27 0 -127
-236 72 1295 3 0 -127
30156 -35 606 17 0 104
2562943 -66 1207 7 0 127
-21272 189 1287 18 0 85
-103 -91 1353 1 1 0
5514024 -54 1477 13 1 127
1811 1 768 19 0 4
-17443 -167 66 16 1 0
14181 99 288 24 1 99
66054 -133 1357 25 0 -127
55 -138 860 31 1 0
-1866652 -174 1697 6 0 -127
42080 -110 2033 12 1 127
416 -131 1138 2 0 127
79 58 1882 22 0 58
931 -161 1485 2 1 127
-48 -142 740 20 1 0
-1463493 -12 438 3 1 0
-1922 -18 904 1 1 0
-79987 -77 1745 27 1 0
-509 -156 1939 20 0 -127
5658 196 993 31 1 127
-117922 70 854 12 0 -127
125 129 1611 16 1 127
-22059 22 161 14 1 0
-12918 89 2036 29 1 89
16043 -140 1410 8 1 127
-370858 34 848 25 0 25
-35128 -96 914 14 0 -127
-7696559 -75 1984 20 0 -127
-22554 175 430 6 1 0
-688 -106 1116 10 1 0
4458306 29 651 8 0 127
-1502899 -225 1518 8 0 -127
-230 60 362 18 1 60
-596 -105 1340 17 0 -111
-350976 -156 970 26 0 -127
123 73 1077 21 1 73
-8236284 180 464 7 0 -127
184915 -95 319 22 0 -81
-17322 -92 1809 26 0 -92
-24923 8 1579 20 1 0
467 224 792 14 0 127
-24453 -195 1180 31 1 0
-98051 96 903 20 0 12
20543 119 1915 26 0 120
2528084 32 748 6 0 127
491502 -178 772 22 1 0
165170 23 688 25 0 26
6384997 -122 860 12 1 127
-6752 225 34 21 1 127
456722 -127 1623 12 0 127
9480 163 1286 22 1 127
-97 -151 366 14 1 0
87840 103 952 17 0 127
-25303 -39 1818 27 1 0
1395363 -67 408 4 0 127
-1434 -102 1540 7 1 0
205600 -116 700 4 1 127
-117396 -16 1451 15 1 0
2493 -219 1743 21 0 -127
-11030 16 1893 12 1 0
-513416 -209 1138 20 0 -127
7005367 232 1216 28 1 127
-17495 -123 1706 30 0 -123
-267977 85 1411 30 1 85
4080631 45 1175 8 1 127
-543 14 885 0 1 0
-351562 -197 696 16 1 0
33 -211 1660 2 0 127
-127 251 1591 21 1 127
578 71 1336 12 1 127
-2101047 -30 505 24 1 0
7988 -241 333 10 0 127
-8229544 239 277 22 0 -127
100 167 151 5 1 127
450046 207 1224 7 1 127
645 -252 1445 29 0 -127
82 -177 937 2 1 127
14188 149 740 25 0 127
-1963 -178 1854 16 0 -127
1753764 -220 1143 31 1 0
33 -63 936 18 0 -63
688 88 765 0 1 127
99 -186 54 6 0 -102
-9454 -202 2032 9 0 -127
3697136 -35 578 15 1 127
2395677 -21 1496 29 1 0
-24 -108 1608 26 0 -108
3422227 -103 703 17 1 127
30 -129 1294 26 0 -127
27121 158 452 6 1 127
-121 -36 1105 21 1 0
253948 147 1489 5 0 127
-19151 232 1740 13 0 -127
30958 -113 1204 26 0 -112
675567 -30 1913 4 1 127
-256726 -188 930 29 1 0
-28447 160 1021 9 0 -127
-43378 38 113 13 1 0
16867 40 255 3 1 127
-153939 90 329 8 1 0
-255687 -141 1334 20 1 0
391926 -14 797 1 1 127
-2034 55 795 30 1 55
278047 -41 1078 15 0 127
16 -254 935 0 0 127
321113 112 1877 18 1 127
-6 160 13 17 0 127
1457 -194 1752 12 1 127
17844 82 675 16 0 127
256922 -129 605 20 1 19
731624 51 1856 31 1 52
-6466949 99 1482 14 0 -127
171414 207 1307 14 0 127
84 -72 1697 3 0 127
-5472807 88 118 30 1 87
-1316145 -73 420 28 0 -75
50 90 1638 4 1 127
-102 -134 773 29 0 -127
68 -254 2001 6 0 127
-14098 24 709 25 0 24
37295 -203 318 26 0 -127
-115 -67 722 29 0 -67
-108 193 1813 23 1 127
37 94 66 1 0 127
-10926 -218 571 2 0 -127
-391 -20 1929 4 0 -127
1337779 254 689 4 1 127
-34 131 1191 11 1 111
12365 -46 1643 28 1 0
3652001 53 526 8 1 127
570688 8 639 23 0 51
1204 -233 56 27 0 -127
15 -72 1142 18 0 -72
572842 -68 1183 31 0 -68
-74 -146 1408 7 1 0
29668 229 559 15 1 127
7295 -247 1709 8 0 127
129106 -99 1955 1 0 127
-169794 -146 1253 18 0 -127
-37828 104 1019 27 0 104
-176770 157 1770 21 0 8
-1109 216 1230 1 1 0
-13183 -196 1754 20 0 -127
1699 215 1925 0 0 127
11652 -111 1747 13 1 127
-13327 -32 1853 25 1 0
538 243 866 27 0 127
232588 -92 1963 11 1 127
-24901 -56 214 5 1 0
7871 209 926 24 1 127
-19298 164 1810 5 0 -127
3083887 -10 728 9 0 127
97 202 878 14 1 127
-1900 -13 1045 20 1 0
-679 -15 1028 7 1 0
54 32 1774 6 0 127
-3612959 -42 1646 28 1 0
-516458 -158 2045 5 0 -127
-43 -49 1388 28 1 0
49 246 280 10 0 127
336200 -106 439 21 1 0
122 -254 1726 28 0 -127
-542 -13 938 14 1 0
28 224 1517 9 0 127
1537 145 747 2 0 127
-1428 -71 117 7 0 -127
-8275032 -109 1915 14 1 0
-24053 117 1807 1 1 0
423678 117 1869 16 0 127
-1104 104 1344 5 1 0
508 220 683 29 1 127
1548 -247 1738 4 0 127
-5757646 -168 1536 11 0 -127
-3272770 118 1798 0 0 -127
18876 253 175 13 1 127
-86 -93 986 30 1 0
302151 67 695 17 1 127
1356 -135 899 15 0 -98
246 -155 1631 6 1 127
-7309673 228 1195 16 0 -127
378248 236 641 28 1 127
-3120745 165 1320 15 0 -127
1213 94 848 12 0 127
4718 222 1095 4 1 127
-18056 -108 783 29 1 0
313826 -160 1471 26 0 -127
-1322 41 584 16 1 29
911 120 1565 23 1 120
-523646 213 1792 9 1 0
435308 -188 579 4 1 127
-138 -175 1796 10 1 0
-75 128 2022 23 1 127
-1669 -126 1886 8 0 -127
28894 -125 1251 24 1 0
-12 -1 1576 17 0 -1
-568 20 1158 24 1 20
-104 26 912 26 0 26
81 197 631 17 1 127
21617 175 1924 4 0 127
-16 -149 1066 28 0 -127
68 42 1205 28 1 42
478635 -252 442 19 1 127
60 -178 634 5 0 127
-86 194 576 16 0 127
4488804 138 294 3 1 127
-22726 236 1286 8 0 -127
-1713 104 1629 18 1 93
-4775506 -253 1868 28 0 -127
-10 41 1496 29 0 41
1883 187 878 14 0 127
-178455 -79 985 29 1 0
5207 -176 779 27 0 -127
-1266 -129 1318 5 0 -127
3331871 -75 271 25 0 -48
818 -232 246 6 1 127
-4223481 -242 1670 22 0 -127
-492578 -171 909 29 1 0
626 54 663 9 0 127
29798 -182 9 22 1 0
-440051 189 1945 24 1 127
108 -206 1900 9 1 127
-3 214 1999 5 1 27
1359467 19 1772 5 0 127
-1158364 -180 1818 10 0 -127
14383 -198 1987 14 0 127
4077346 46 1767 30 1 53
-263270 201 1319 7 0 -127
992 253 56 18 0 127
-957 -149 503 25 1 0
-398321 110 947 4 0 -127
-35389 209 1983 3 0 -127
452 82 1264 12 0 127
-2805955 -66 1867 2 1 0
-4277 -151 218 18 0 -127
111 73 733 12 0 93
-6464241 202 119 19 0 -127
1446 62 526 16 1 74
-41 -152 1929 16 0 -127
-97 -225 223 30 0 -127
125 -180 1474 5 1 127
903 -112 626 4 0 127
-82 90 1489 27 1 90
4278072 77 442 20 0 127
-12 -113 515 15 1 0
-24276 -165 885 16 1 0
12922 28 1112 0 0 127
14 -190 1701 10 0 -127
-158218 248 821 23 0 127
3594900 -40 1714 17 0 127
-73 -148 1041 3 0 -127
837 149 594 13 1 127
-859 -113 923 21 0 -113
-1851 -118 1340 23 0 -118
993324 110 1172 10 1 127
-11244 -180 1755 23 0 -127
228408 63 125 29 1 63
-469060 -77 12 7 0 -127
-2017393 -98 325 18 1 0
282051 114 2011 2 0 127
-126 -127 516 25 1 0
-26796 65 705 6 1 0
-479996 124 43 2 1 0
1571 -78 1365 25 0 -78
-9 39 1429 7 1 0
-271273 -200 527 9 0 -127
-8965 188 1778 31 0 127
488857 114 391 16 0 127
-226530 -241 1586 31 0 -127
-3 220 2025 15 1 127
-656 23 1073 31 1 23
10057 208 782 8 1 127
26708 226 1525 24 1 127
-299740 -142 1578 10 0 -127
1890 120 1662 5 1 127
151066 226 737 14 1 127
-1648 96 1081 6 1 0
224212 -197 1686 27 0 -127
117 -210 685 24 1 0
-253650 48 1496 6 1 0
62 -92 58 15 0 -92
-17741 242 891 22 1 127
74 -169 1947 3 0 127
37 -56 1303 15 1 0
-1445072 151 328 18 1 0
-1065 110 818 18 0 107
1474 -218 1927 6 1 127
-66146 72 392 4 0 -127
79 -240 1540 30 0 -127
-110114 -209 1371 9 0 -127
-470685 72 1801 2 1 0
-23986 -75 1357 9 0 -127
89 -177 602 25 0 -127
-5004598 249 1312 3 1 0
-251778 -229 91 30 1 0
757034 -37 180 23 0 -21
-16 -84 1838 4 1 0
1617547 163 885 23 1 127
-17407 3 506 17 0 -64
125 -68 1767 23 0 -68
1770 215 814 17 0 127
399983 85 569 29 0 85
481238 213 1311 20 0 127
-11996 57 706 2 1 0
-981 -122 1805 20 0 -124
-33 145 1011 1 0 -127
-51 -179 1164 23 1 0
7308640 -84 231 19 0 127
29348 233 307 18 0 127
650 55 1687 31 1 55
-82 79 1981 28 1 79
-29883 -64 358 27 0 -64
173877 128 1110 11 0 127
54 196 46 22 1 127
471606 135 830 16 1 127
-25076 -144 793 23 0 -127
231 -126 255 3 0 127
-25417 -164 66 20 1 0
10266 89 357 10 1 127
-6734617 122 348 30 1 120
414079 135 1148 1 0 127
89 1 1977 6 0 127
-103 -223 1274 8 0 -127
112 54 1995 8 1 127
-4924085 -190 1418 23 0 -127
7865567 -18 1567 14 1 127
415 144 930 11 1 127
24 -117 323 16 1 0
862 -146 162 22 1 0
259073 240 1488 19 0 127
46 -246 371 12 0 -127
-199796 84 1429 0 1 0
1698 143 707 25 1 127
-95 235 1641 19 1 127
24151 143 35 1 1 127
-30 -93 375 4 1 0
1864 -178 583 13 1 0
-105 63 1968 8 0 -127
1190292 48 573 29 1 49
173 102 870 29 1 102
-424 17 872 7 0 -127
1687 -85 777 10 0 127
1777 222 1959 30 0 127
-34 -22 1333 8 0 -127
-521377 -63 1058 11 1 0
-34559 67 1978 7 1 0
-8049 91 63 23 0 91
112 241 1962 11 0 127
324 74 711 9 0 127
-612 19 720 31 0 19
570 -224 1770 14 0 -127
196523 -197 979 7 1 127
-124264 -1 1521 31 0 -1
50 -75 943 6 1 127
-396621 75 2011 23 0 -20
79 130 1232 3 0 127
72495 -46 459 18 0 81
-18729 -241 1528 17 0 -127
-244025 214 817 1 1 0
50830 16 324 27 0 16
-4288936 -110 1591 20 0 -127
-5022095 -136 582 27 0 -127
-1570 190 399 11 0 -116
114 -256 776 23 1 0
-6219195 101 1086 25 1 0
-29883 32 507 18 0 -26
111 15 1327 14 0 24
-30591 -156 1071 29 1 0
30469 -255 1024 10 0 127
1694 -120 887 27 1 0
232768 -73 804 25 0 -67
-5481886 -188 1296 22 0 -127
84 207 89 24 0 127
-4085357 170 2009 29 0 127
-29970 11 1676 24 0 8
9258 -105 1643 1 0 127
423910 108 173 26 0 109
117 -162 1415 2 0 127
-32 188 2043 5 1 0
6919354 192 1813 3 0 127
-1796139 234 1294 30 1 127
-6823305 235 1086 29 0 127
3014754 -192 720 14 1 127
264068 -149 1631 29 1 0
-1241 -246 748 1 0 -127
4207568 198 189 2 0 127
252 242 621 11 0 127
7630976 245 430 1 0 127
-750 -139 1554 26 0 -127
-469 6 1134 12 0 -124
7926 39 619 16 1 114
-90511 -229 1742 14 1 0
19512 -91 505 25 0 -91
-666 -113 403 26 1 0
222 174 964 7 0 127
1904788 113 1241 26 0 127
-120 49 1058 31 0 49
-1645 236 1801 13 0 -126
-68881 -149 1939 26 1 0
-71 49 331 9 0 3
-828 184 1426 6 1 0
-29373 247 613 26 1 127
-127 14 2042 21 1 14
382054 207 158 20 1 127
2197392 249 1271 17 0 127
-121 -219 1238 16 0 -127
-108 -25 1841 24 0 -25
-498365 66 372 20 1 0
544241 31 1923 27 1 39
-410 16 1648 7 0 -127
-227267 -114 871 10 1 0
37 -178 1676 29 1 0
-27418 142 389 14 1 0
44 -86 472 7 0 76
-7193519 86 927 17 1 0
-54 10 1022 3 1 0
-114 -27 696 5 1 0
340475 72 1701 23 0 127
427 -55 177 28 0 -55
-91 -103 926 18 0 -103
-1817 236 955 11 1 0
2478 254 1752 15 0 127
-7100381 -254 193 10 1 0
832 34 1606 25 1 34
-19003 238 1769 12 0 -127
-6 73 158 13 0 73
-338778 122 1972 12 1 0
5458825 243 923 20 1 127
206371 -189 1895 7 1 127
-30108 -212 1202 16 0 -127
-30143 221 744 31 1 127
25554 -14 1141 1 1 127
54 -181 1546 21 1 0
23692 -101 2021 14 0 127
79 166 738 15 1 127
-1486 -131 257 21 1 0
520459 110 529 24 0 126
122 -256 775 4 0 127
-146 -250 1510 11 0 -127
4633 -127 1410 28 0 -127
-25877 -84 1388 19 1 0
-909 -39 239 2 0 -127
-39670 -33 1155 12 0 -127
7381949 -2 568 6 0 127
22706 188 1736 31 1 127
-52 -135 367 12 0 -127
358914 58 253 4 0 127
-105123 35 380 11 1 0
100 54 1501 22 0 54
-1247 69 77 24 0 69
136 21 1991 14 0 38
-21658 -152 322 7 0 -127
10951 28 1581 22 1 32
233 -164 261 26 0 -127
-4176202 226 749 22 1 0
95 -147 1281 10 1 0
-889 -6 1496 9 1 0
19588 26 1612 31 0 26
79 -45 342 9 0 8
-171699 -223 1487 24 1 0
-5087498 -28 1455 20 0 -127
734 -112 1402 20 1 0
3 185 1841 25 1 127
-25498 -76 1929 13 1 0
9787 197 1506 17 1 127
-1061 -161 1506 27 0 -127
-696 46 1534 25 1 46
-7690136 -66 103 16 0 -127
490 58 17 20 0 58
-14034 103 142 17 1 88
-119 13 1514 15 1 8
-110 -52 150 26 0 -52
41 101 926 3 0 127
16613 -79 170 26 1 0
-24596 -252 261 25 1 0
53 85 1489 24 1 85
-78 68 1393 4 0 -127
115 -68 39 1 0 127
3061548 -135 1680 10 1 127
-3 -207 648 26 1 0
224350 -164 266 21 0 -127
1560869 242 1514 19 0 127
72 -158 731 0 1 127
-1899406 -96 1332 20 0 -127
-389730 252 1951 12 0 -127
545265 217 1500 14 1 127
-453684 -156 756 24 0 -127
-337321 -155 966 2 0 -127
-49 -116 378 23 0 -116
-25238 -164 1333 29 0 -127
-37 -52 1763 19 1 0
-1251 35 297 21 0 35
-96 124 937 3 0 -127
-1811 252 1829 20 0 127
-10134 42 299 26 0 42
-5442469 -227 1763 2 1 0
-4772757 -28 1555 18 0 -127
-21192 89 1310 25 1 88
-108 225 816 8 1 0
1289 -244 913 28 0 -127
18 -186 160 9 0 -127
-38798 -176 478 31 0 -127
1566 -104 1071 10 1 127
-704 163 1849 1 1 0
103 -226 1873 30 1 0
-56620 -231 291 23 1 0
-1277 127 442 31 1 127
-8 -87 2020 28 0 -87
6911278 162 477 15 1 127
-19 -90 673 19 0 -90
1783 -13 1971 24 0 -13
29 -104 66 31 1 0
243 -172 307 18 1 0
-1336 -65 1526 17 1 0
55 -52 1256 1 0 127
2088603 6 530 24 1 72
2186987 123 1843 8 1 127
-80 -225 1629 12 1 0
-142218 -119 56 0 0 -127
63 -70 1737 19 1 0
7651 -238 1773 25 1 0
-19834 -27 839 16 0 -127
-4441900 -82 319 29 0 -85
-452296 161 1609 16 1 0
76059 -184 393 31 1 0
5138273 -6 1639 28 0 25
-530 -114 1537 25 0 -114
-134112 102 1223 22 0 63
7172825 42 1594 28 0 85
104 134 119 3 1 127
402074 -30 811 23 0 9
3810656 -109 1889 25 0 106
41 -240 945 1 0 127
1325 226 1467 9 1 127
-233 -153 909 0 0 -127
114 -136 1109 26 1 0
817279 211 353 13 1 127
355023 167 1955 23 0 127
-25135 -93 436 8 0 -127
6489 -256 687 1 0 127
-43 14 160 5 0 -127
537 -42 1913 31 0 -42
-5776178 15 1234 7 0 -127
15153 -161 1323 2 0 127
13437 -233 553 12 1 127
-363 215 99 2 1 0
86 -168 600 7 1 127
5915802 42 657 0 1 127
289969 227 1487 21 1 127
124412 -161 1206 23 0 -127
-2413412 139 1802 27 1 107
578 -81 450 17 1 0
-26382 -49 6 21 0 -49
7190945 -115 434 12 0 127
-34 167 567 11 1 127
-6863531 -207 11 22 1 0
198571 206 659 0 1 127
71491 88 1015 7 1 127
-319961 140 854 20 0 -121
153 76 881 27 1 76
-49 220 295 17 0 127
96 -87 1916 15 1 0
365523 -74 1547 6 0 127
-108009 162 1784 28 0 127
303 -53 1706 14 1 0
-361064 -100 788 19 0 -127
631 -165 5 17 1 0
113 -53 1956 10 0 127
255929 -204 1123 30 0 -127
-742 -165 1099 27 0 -127
-8933 -121 1965 27 1 0
1302130 195 2011 8 1 127
-66 16 559 18 0 16
452542 230 610 10 1 127
-55 141 462 26 0 127
-13 59 1896 31 0 59
87 -152 1839 26 0 -127
-18164 -4 1862 2 0 -127
-2014 102 1099 18 0 94
393481 -65 1744 16 1 127
-347759 -190 1478 22 1 0
-14930 185 662 3 1 0
122 -38 323 5 1 127
-1641 68 1645 0 1 0
-88 78 1806 5 1 0
-7812013 -22 390 7 0 -127
-8331611 20 1466 21 1 0
-1298311 247 737 1 1 0
280 191 709 29 0 127
-240592 46 1401 19 1 0
-68 254 1053 27 1 127
-1190 242 476 30 0 127
517375 -50 1140 15 1 127
155885 162 535 30 1 127
-8254 -142 1746 25 1 0
-131 -64 144 20 1 0
-27403 -80 1326 17 0 -127
-68518 255 1181 19 1 101
19310 75 1875 21 1 92
60197 -175 1403 6 0 127
-29 -199 1075 19 1 0
-25755 55 1392 17 0 -127
-352476 178 1998 22 1 10
2551978 -65 1699 12 0 127
1844223 -62 962 2 0 127
20637 -8 572 31 0 -8
174379 -47 841 14 0 127
1599 -166 1173 22 1 0
-24414 -47 515 4 1 0
10 212 1467 10 0 127
-17647 239 1044 6 0 -127
119513 125 1831 0 1 127
-77 229 1867 18 1 127
-16 -195 985 9 0 -127
307563 107 1084 23 1 127
-332384 221 942 15 1 0
141370 44 1362 18 0 127
13106 64 184 19 0 69
-1829 -239 1180 15 1 0
972 -160 1393 20 1 0
27638 -113 1017 20 1 0
7516957 219 1785 14 0 127
18568 -156 202 2 1 127
-155163 54 1470 2 0 -127
-2921225 -211 1148 9 0 -127
-29 245 565 0 1 0
-21821 -141 481 1 0 -127
-18870 50 1635 7 1 0
-7204908 -185 423 9 0 -127
6658720 5 1568 4 1 127
1358802 -8 1314 25 0 45
-466018 175 302 17 0 -127
-4822710 -68 1647 12 1 0
875 100 1072 16 1 114
-356939 108 836 2 0 -127
-1127 -246 980 22 0 -127
-6743147 99 1250 5 1 0
-1751 -204 1995 3 1 0
-4498670 -36 271 8 0 -127
32 235 1461 19 1 127
-110180 113 1781 11 0 -127
1142 12 1963 4 1 127
-25837 -141 1856 31 0 -127
-678 205 34 28 0 127
5738346 111 540 8 1 127
-39 229 1664 30 0 127
5418986 8 1347 7 1 127
-5 22 1272 14 1 22
101 0 1268 28 0 0
-1016 0 225 28 1 0
-5374960 234 159 23 1 127
6 -241 1173 15 0 -127
-1457 240 1751 13 1 0
3018913 96 41 15 0 127
358466 -241 1958 10 1 127
8180472 -73 1941 0 0 127
7181828 24 796 25 0 127
186376 162 44 15 0 127
9123 180 348 23 1 127
-471482 241 1774 31 0 127
-21 109 1753 1 1 0
-817 54 1549 14 1 0
21066 -12 473 3 0 127
2706106 46 171 15 1 127
-14146 -38 1249 19 0 -72
-5983310 -147 575 20 1 0
8216453 88 1946 10 1 127
0 -99 275 12 1 0
51 -141 1935 26 1 0
-673 -120 615 2 0 -127
1101 -10 1461 10 1 127
6543854 -198 1853 9 1 127
1885 -233 1591 5 0 127
16849 -253 1788 16 0 127
-63 6 427 11 0 -7
-4551036 239 17 14 0 -127
-7152 -149 311 25 1 0
-125 -58 1076 9 1 0
-117 -45 160 12 0 -50
320915 144 316 5 0 127
1877 131 1638 25 0 127
4453230 30 1478 27 0 79
1854 219 1916 16 1 127
-6028064 -252 2040 7 1 0
-115 -50 514 26 0 -50
-1441 -252 38 30 0 -127
-322212 -28 1696 20 1 0
-11145 -144 1261 29 0 -127
3688532 -151 1559 28 1 0
-172084 7 1824 22 0 -68
-22712 179 22 9 0 -127
4200690 -117 1589 0 0 127
-6829949 -86 928 28 1 0
-19271 -116 1240 5 1 0
73 -135 1198 0 1 127
474824 129 272 10 1 127
1306 -251 265 24 1 0
115 -27 1911 9 0 127
-509656 -60 1604 11 0 -127
-6729154 120 43 4 1 0
397514 -11 1232 2 1 127
22520 77 87 28 1 77
-25114 -160 1919 2 0 -127
-7 -214 1848 9 0 -127
32076 -107 1451 25 0 -106
27793 3 105 29 1 3
-689864 -172 1991 2 0 -127
-294100 -13 1878 17 0 -127
-1063 152 1937 30 0 127
-1749 50 1950 29 0 50
99 63 622 29 0 63
-7201157 -94 1223 19 0 -127
-5644 -231 1187 2 1 0
-1038833 153 1661 31 0 127
515890 237 358 20 1 127
-12439 -161 1393 7 0 -127
7382 143 609 22 0 127
57526 -255 1739 31 0 -127
-533701 -219 1101 24 0 -127
5172018 -48 1304 13 1 127
-25017 -178 636 25 1 0
-451996 -118 1777 24 1 0
-287667 155 708 25 1 127
-14 87 1774 15 1 86
404516 47 1364 12 0 127
13879 140 1735 2 0 127
-216987 -78 742 1 1 0
-74 29 307 23 0 29
2183930 188 395 27 1 127
-38 193 1351 23 0 127
-1898 -72 1325 27 1 0
99 -52 804 16 0 -51
-691693 96 1219 9 1 0
1516127 -241 1967 7 1 127
109 -134 244 31 1 0
608084 158 1678 17 0 127
-26732 -90 1472 12 0 -127
662 82 1449 20 0 83
112 234 1035 5 1 127
384 166 2044 9 1 127
3633664 26 346 26 0 45
582 -243 1409 31 1 0
-97 -133 943 1 1 0
-4576866 -33 1770 15 0 -127
72 -253 1808 8 0 127
-60 60 1735 1 1 0
-6804126 -122 1755 6 0 -127
2606545 -54 1926 20 1 127
99 -224 772 28 0 -127
4585116 215 683 10 0 127
21881 37 198 27 1 37
72602 59 589 0 1 127
30226 -161 1913 14 1 127
316925 -93 1718 21 0 127
-1493355 -121 1992 8 0 -127
-5166806 90 250 3 1 0
-56 -162 1164 21 0 -127
-4955985 -158 1311 9 0 -127
287 -248 1127 8 0 127
8244395 -104 1450 14 1 127
-180 12 1488 10 1 0
10 23 1363 21 1 23
-504 41 2045 2 1 0
-13153 10 177 28 0 10
4620931 -169 1728 24 1 127
8459 250 918 18 1 127
-73 135 942 7 1 0
-316 -13 332 31 1 0
-21 -51 1666 21 1 0
-857 85 1967 18 0 79
1439 -132 259 3 0 127
-52 -57 151 11 1 0
23007 143 511 4 0 127
-1979 191 481 3 1 0
-4187774 -196 1086 19 0 -127
-22739 126 1233 23 0 123
119 106 248 20 0 106
-1167594 241 135 9 1 0
-1005 -140 1957 7 1 0
3942701 -2 1524 10 0 127
409502 196 1719 6 1 127
-123 210 789 16 1 127
290 -208 1541 31 0 -127
1163 118 931 31 1 118
-1560 -146 697 4 0 -127
8010996 203 1924 1 1 127
88 -235 509 0 0 127
123 29 897 3 0 127
-515646 -128 1624 5 1 0
-2 177 791 20 1 127
-887 62 1579 7 0 -127
-64 -222 545 21 0 -127
681 -27 1274 12 1 127
814 -70 317 28 1 0
-13766 -185 1222 5 1 0
-1483303 -147 744 23 1 0
-29535 -181 1660 22 0 -127
3259 166 1797 15 0 127
202743 116 1117 28 0 117
1824 -65 1334 30 0 -65
1625 78 1137 14 1 127
-3811101 212 1546 23 1 0
-5884313 -55 1965 15 0 -127
510486 -41 109 20 1 12
-2718899 -248 252 10 0 -127
30093 75 1251 1 1 127
1318 -208 869 12 1 72
1647 217 1780 6 1 127
2053327 221 571 19 1 127
105734 -55 417 7 0 127
-22247 117 72 30 1 117
7385321 232 313 8 0 127
26480 -57 494 29 1 0
44 -50 1558 0 0 127
20018 234 305 23 1 127
-218743 -62 640 0 1 0
-5547532 -127 1666 7 1 0
-409863 -220 237 3 1 0
-29475 -136 1104 25 1 0
-20036 24 1705 17 0 -127
17 69 74 8 0 74
-10829 228 1324 25 0 127
-1280555 10 243 6 0 -127
4384194 -204 1259 18 1 127
1193636 -183 1539 16 0 127
1988726 -43 1534 2 0 127
-20 133 1140 24 1 127
-1217 -101 10 9 0 -125
394429 41 240 24 0 47
91 -78 912 15 0 -75
198273 -39 363 15 0 127
-29 -80 1557 7 0 -127
-361512 -200 1536 15 0 -127
332097 -159 540 23 1 0
-29432 82 641 19 0 46
2037 -105 1348 24 1 0
186061 72 1177 4 0 127
-5 200 1686 15 0 127
-1953 231 1389 17 0 127
-466793 71 527 27 0 69
23102 -207 1421 30 1 0
-8776 -155 1443 8 1 0
-367 180 1360 13 0 119
10707 -57 1735 17 1 85
-10714 37 1708 4 0 -127
-319625 -24 434 18 1 0
2888 187 57 16 0 127
1033 -5 432 1 1 127
497802 237 287 0 1 127
-45 197 1312 22 1 127
5855 -83 541 21 0 -81
182966 219 50 21 1 127
113 -114 1026 12 1 0
-7961056 -211 1767 5 0 -127
-1484 -224 1073 5 0 -127
32747 -139 110 30 1 0
7338347 198 1301 15 0 127
-9102 216 615 31 1 127
-5419672 58 1389 0 1 0
4481430 1 1628 9 1 127
-10188 129 322 7 1 0
137 48 1630 11 1 127
249 -85 1943 14 0 -55
-8272 -61 288 20 0 -63
-476094 -152 660 22 1 0
-24367 -189 398 19 1 0
4472241 61 102 24 1 88
622 -178 827 9 0 127
-341824 90 279 30 0 90
1183110 18 339 1 1 127
133980 173 903 19 0 127
-31799 -114 1137 31 1 0
12 121 1420 10 1 127
5894353 -168 1719 31 0 -127
25548 146 686 15 0 127
-115 27 182 19 1 27
156451 -32 1021 4 1 127
-2473299 117 734 8 1 0
-5048155 -62 559 3 1 0
-16066 -30 529 14 0 -127
-66 -55 313 24 1 0
7965 88 593 13 0 127
23167 11 2043 22 0 22
-479451 154 240 18 0 -127
-4200439 -20 1118 24 0 -127
-7259559 13 1674 5 1 0
-27529 131 631 8 0 -127
-2630119 116 481 2 0 -127
7229527 36 863 10 1 127
-27 -234 761 11 0 -127
8076 21 588 15 0 127
87 9 949 12 0 29
-26910 -84 1190 31 0 -84
809 -240 371 22 0 -127
1216 -247 570 31 0 -127
6626590 114 1587 3 1 127
-348314 244 502 6 1 0
-741 -216 142 25 1 0
-31 -76 1031 11 1 0
-187707 -109 1684 26 0 -114
427342 231 823 30 1 127
644 -178 1850 2 1 127
-471428 134 1401 5 0 -127
-1563 -15 157 17 0 -17
382085 235 1172 3 0 127
500460 216 63 19 1 127
-395014 -142 1019 20 1 0
-896 255 1814 22 0 127
7700119 -12 1735 24 1 127
26635 -16 2003 23 0 -10
32547 -106 1916 14 1 127
2721 212 482 30 0 127
-408 207 1060 22 1 127
355203 184 1008 28 1 127
-32335 52 1800 7 1 0
75239 158 1715 9 0 127
47 -230 2019 5 0 127
-8569 -164 1645 28 1 0
-29709 171 202 7 1 0
950 -98 1264 22 0 -98
27097 252 1883 19 0 127
-1577 24 186 23 0 24
7526436 -25 87 23 0 53
37 -140 796 22 1 0
11812 92 229 15 0 127
-25096 234 1085 28 1 127
216 -118 538 29 0 -118
-121 -189 1772 26 1 0
72703 238 501 29 0 127
49 -115 1537 12 1 0
-246078 -188 742 6 0 -127
26444 -218 1272 19 0 -127
18205 -173 925 23 1 0
-1795 -127 466 26 0 -127
1664 -74 890 12 0 127
18944 35 498 6 0 127
-8112 222 1621 15 0 -127
12642 -237 1082 23 1 0
65 -126 1592 15 0 -123
-53 -46 301 18 0 -46
-353068 -119 530 8 0 -127
91 -91 277 14 0 -89
975987 98 1132 18 1 127
-14722 -158 1584 8 1 0
65 -211 128 2 1 127
112873 -237 1805 3 0 127
-5539737 109 269 12 0 -127
-517883 -89 562 24 0 -106
-73 -140 256 11 1 0
372238 163 420 4 0 127
7974564 -136 1161 19 0 127
-4203 -244 617 31 0 -127
446753 206 728 12 0 127
26680 -254 1685 16 1 127
27622 -206 1345 9 0 127
412778 -111 818 3 1 127
18439 226 1481 3 1 127
-5029030 -172 654 15 0 -127
-5233405 226 248 24 0 127
29153 -242 527 2 1 127
109 -134 771 23 0 -127
854205 79 1601 12 1 127
65 -173 1490 6 1 127
161 45 1827 25 1 45
53 93 1275 17 1 94
1787546 188 1880 25 0 127
2029 -145 296 25 0 -127
25556 4 1494 3 0 127
-1543 27 87 9 1 0
-986 -11 1475 20 1 0
31035 51 1094 5 1 127
5958300 -121 1695 13 0 127
-976 40 554 6 1 0
-412425 -74 1366 18 0 -127
3772636 -125 706 1 0 127
6667315 81 2013 12 1 127
-1426 128 863 14 0 53
-7218868 -99 817 28 0 -121
-58 237 800 24 1 127
41 -124 191 9 0 -109
496180 -220 910 14 1 127
-20989 -233 626 1 0 -127
-288439 -64 575 30 1 0
-6 -105 1627 7 1 0
169509 163 189 24 0 127
-2285680 13 230 22 1 0
-47 171 1448 27 1 127
-104 -75 1883 11 0 -127
-13890 -186 83 23 0 -127
289114 -213 482 28 1 0
-1847381 -36 1774 1 1 0
-62 -111 1788 0 0 -127
138602 -141 1329 17 1 127
474 -96 934 24 1 0
-83 217 186 28 0 127
-520974 -14 707 7 0 -127
1337947 179 1903 8 1 127
-14483 -172 774 7 0 -127
-1985888 29 1446 30 1 26
1040 224 675 26 0 127
7362670 -201 1320 3 1 127
-24935 -5 105 14 1 0
6486618 -46 1947 26 0 127
12012 14 1783 29 0 14
719 -70 1577 9 1 127
-1222 180 1622 0 1 0
1987185 52 605 6 1 127
-1 -109 1517 27 0 -109
-46 -68 695 10 0 -99
221766 -229 1450 9 0 127
-239 -60 1655 9 0 -127
-7148285 -78 252 21 1 0
457709 117 809 2 1 127
247 181 106 26 1 127
-170839 -234 1905 11 1 0
1452 164 1787 22 1 127
20253 -39 897 16 1 127
2 -177 60 26 0 -127
141698 -45 1012 10 1 127
248175 202 1269 16 1 127
7708183 113 2034 30 0 127
-26883 29 988 14 0 -127
-89 -169 1517 1 0 -127
-822381 139 1364 19 0 -127
-269579 108 14 27 0 108
-9386 -189 400 14 1 0
74442 238 1436 22 0 127
-31309 140 995 16 1 0
-411604 -157 182 14 0 -127
97 173 2003 28 0 127
1725088 -256 1178 8 1 127
-64 90 1756 26 1 90
26899 125 178 7 0 127
1030 10 950 11 1 127
-12734 181 307 16 0 121
-46 254 316 7 1 127
-102 -207 25 26 0 -127
77 -78 1607 30 0 -78
-12979 -115 464 23 0 -116
-1365 242 200 3 1 0
-1537 212 1339 6 1 0
-98 78 206 21 1 78
-159796 26 1323 22 0 -24
1200 215 90 11 0 127
8158 -4 1372 21 1 1
497770 228 309 9 0 127
11424 5 56 6 0 127
490 208 240 22 1 127
642 -32 1406 23 1 0
-56 215 1029 29 1 127
-103 180 287 26 0 127
73 -46 686 15 0 -44
603005 -215 1401 30 0 -127
27 52 296 24 0 52
-211721 -92 360 27 0 -93
-285683 -12 292 22 0 -32
-7491983 -68 1340 28 0 -105
-10 63 690 20 1 63
-14480 -217 1591 11 0 -127
1628 206 907 2 0 127
-116 132 1833 23 0 127
-79 -77 241 10 0 -96
30840 17 1726 22 1 30
3445841 206 1767 22 0 127
-164267 -248 1406 15 0 -127
-20529 -245 1120 8 0 -127
129608 17 454 23 0 24
2389923 156 1905 24 0 127
-3348059 38 1397 5 1 0
418 -252 433 10 0 -75
24 -246 429 25 0 -127
3715378 209 1253 4 1 127
-89 -158 149 9 1 0
419 -44 612 10 1 127
-17724 -46 1900 25 1 0
57 77 1211 7 0 127
-18188 -224 1788 3 1 0
490938 -149 173 27 0 -127
89839 -9 1160 26 0 -7
1558 79 1437 27 0 79
-1624 20 311 31 0 20
7598248 -136 729 5 1 127
-2074246 234 1088 7 0 -127
-12998 -161 1262 12 1 0
7069532 177 1619 13 0 127
-1802 -226 419 2 0 -127
-1960 109 1885 11 0 -127
125820 174 1785 15 1 127
30 -235 297 30 1 0
-48 -51 1715 17 1 0
627 -128 283 13 0 -106
-845835 -35 103 9 0 -127
153299 95 1182 29 0 95
-7319380 113 904 27 1 64
719 118 627 8 0 127
-18 -81 1044 4 0 -127
874065 -66 120 5 1 127
-339385 125 822 9 1 0
465 -67 1460 12 1 99
-15520 -111 859 11 0 -127
435 26 488 9 0 127
611 -70 404 17 1 0
1262 -65 719 2 1 127
-17601 -152 590 30 1 0
-11 172 1885 23 1 127
-28756 237 1418 1 0 -127
-23651 -104 1094 12 0 -127
-6849776 168 770 30 1 127
-17398 65 886 26 0 65
-1398 51 567 13 0 -46
-107049 -86 1366 1 1 0
24119 212 199 22 0 127
-63 18 1999 31 1 18
-390106 -44 415 6 1 0
-1720 108 1881 29 1 108
-100 -154 147 7 0 -127
-5940985 99 1704 3 0 -127
1357 106 166 3 1 127
1867 167 1926 20 0 127
-71 -236 1198 8 1 0
27495 30 187 8 1 127
594 -225 312 18 1 0
1875 -193 896 29 0 -127
-1636 -70 1807 3 0 -127
1331 119 1726 25 0 119
-455855 -108 819 7 0 -127
-133331 131 837 0 1 0
-66 -88 626 29 0 -88
30 -152 1107 21 1 0
-2469 -252 1850 7 1 0
-14007 200 919 24 1 127
-269343 17 461 11 0 -127
3244271 140 731 12 0 127
-482 -172 1411 1 0 -127
-5630180 172 321 1 0 -127
-39 96 653 15 0 95
70 37 427 21 0 37
85354 64 68 21 0 67
42 61 554 21 0 61
-53 222 756 23 1 127
-5555 29 517 21 0 28
-1589730 -53 1467 21 1 0
1502 241 1517 25 0 127
-27907 -208 698 7 1 0
-720 90 951 2 1 0
-6689529 -173 909 2 0 -127
-1980 127 1519 13 1 0
-2702822 -136 86 12 1 0
254667 22 1662 21 1 127
1036 58 640 21 0 58
-36 -159 698 0 1 0
439332 -149 527 29 1 0
-7488866 201 1843 7 1 0
28775 -132 516 8 0 127
7387 -20 1526 7 1 127
30 -201 1689 18 1 0
-171812 -31 95 13 1 0
-103 -99 247 25 0 -99
0 -192 224 9 1 0
-4733269 74 507 18 0 -127
2347339 -154 1023 27 0 -127
-112 -249 7 31 1 0
2910674 -231 1809 6 0 127
-711018 165 1870 27 1 127
-1060 -143 819 0 1 0
389084 188 1490 29 1 127
10168 51 352 1 0 127
53 94 59 9 0 100
-101 231 1972 29 0 127
-24389 -85 882 10 0 -127
-558 -60 1155 1 0 -127
-4509794 -193 965 3 0 -127
-408485 -241 1691 30 1 0
-16178 -231 162 28 1 0
1430 -206 897 0 1 127
-23220 149 388 3 1 0
5711883 -63 1352 27 0 -5
-5823454 47 1596 26 0 -91
344842 185 1100 27 1 127
3121409 135 102 17 1 127
37 -126 1296 4 1 127
51 -87 109 16 1 0
-27618 -228 613 1 0 -127
15575 147 823 12 0 127
-8214 -186 668 21 1 0
45 231 844 16 0 127
-121614 74 743 31 1 74
2262747 -104 983 11 0 127
18335 -163 1407 31 0 -127
1259 191 14 17 0 127
194431 -163 1529 11 0 127
-1362 176 367 7 1 0
72 -68 1565 15 1 0
-1117 -34 289 11 1 0
30735 35 1018 24 0 37
474 -20 464 22 0 -20
-31312 -84 1459 9 0 -127
-49 148 1803 31 0 127
17654 236 863 9 1 127
-3770379 -39 1798 1 1 0
524089 -140 565 1 0 127
-349935 71 949 16 1 0
1724 130 820 0 0 127
-225426 -27 623 7 1 0
107 11 279 16 1 11
19030 -187 1276 23 0 -127
122916 31 437 21 0 57
-58 49 906 9 0 -54
-268 -32 727 3 1 0
23 70 1620 15 0 71
309489 -133 1824 31 0 -127
-94 -106 1583 0 0 -127
40 113 610 26 1 113
-95 101 320 23 0 101
16948 -143 722 23 1 0
-125 -247 92 10 0 -127
3634 -158 1651 19 1 0
5119161 -107 1819 18 1 127
-9519 53 1130 9 1 0
-9217 -166 81 1 0 -127
-59511 192 1863 30 1 127
476521 125 1421 26 0 127
1237 -48 1830 25 0 -48
257114 -57 1550 16 0 127
640 173 1205 16 0 127
-1879 56 569 0 1 0
120 66 1448 10 0 127
686611 43 962 11 1 127
-13726 -8 1266 30 1 0
-2685472 175 943 27 0 127
2418879 119 1770 12 0 127
114 -205 9 9 0 -127
2965909 242 374 18 0 127
-28249 15 1320 8 1 0
-12127 -58 598 28 1 0
-96 62 1585 21 0 62
-704 -244 2040 25 1 0
5817246 -235 685 0 0 127
-476932 209 1371 22 1 53
43 -141 1979 23 1 0
-17610 -166 1725 29 0 -127
-29548 -160 457 5 0 -127
435 74 781 30 0 74
-2320019 69 381 1 0 -127
-1750 226 795 12 1 0
2173520 198 1781 5 1 127
27821 10 624 18 1 76
4073953 172 804 5 1 127
178859 -204 896 22 1 0
-5125647 -171 1008 9 1 0
-1639862 -188 791 24 0 -127
-4565375 -99 1336 29 0 -110
-648 -15 919 23 0 -15
402567 -139 306 23 1 0
6973865 151 669 9 0 127
-489956 -199 1101 9 1 0
-158430 -62 614 3 0 -127
-8893 -248 615 31 0 -127
1247 125 107 26 1 125
49 -220 1071 10 1 0
108 203 1291 20 0 127
-616 -125 1596 5 1 0
-20003 131 2005 14 1 0
4925000 37 1813 6 0 127
1116 -78 1355 12 1 127
331493 123 383 19 0 127
862057 206 172 19 1 127
2468607 -230 1280 25 1 0
91 -194 1007 18 0 -127
2590 -235 746 11 0 127
-4591174 -179 1407 28 1 0
-53 -31 1834 12 1 0
2636 -110 1367 13 0 127
-167552 138 709 24 1 127
-109811 178 814 4 0 -127
83 -12 1360 10 1 98
223882 201 1713 16 0 127
-338677 -218 1780 24 0 -127
-169090 181 816 25 0 127
-356016 210 67 10 0 -127
-574 -254 464 15 1 0
6446911 -87 1002 2 1 127
-17901 250 628 11 0 -127
-2855939 -191 1274 11 0 -127
1481 184 986 14 0 127
-6148 219 317 12 1 0
-1266570 206 503 20 1 0
-15 -96 1029 0 0 -127
-4467527 -77 1747 4 1 0
-1954 110 845 19 1 107
-106113 -69 1994 20 0 -127
289818 102 2005 13 0 127
-20126 137 1085 17 0 -30
-319898 -141 48 15 1 0
-14971 16 1677 25 0 15
26227 -69 819 6 1 127
103 206 170 29 0 127
447869 -109 1884 26 0 -96
-10793 59 145 12 0 -127
-528 -130 655 24 1 0
-4923520 -5 124 29 0 -6
-28984 184 1577 8 1 0
-3828280 -189 1915 21 0 -127
10533 192 201 6 1 127
-16591 241 709 1 0 -127
-1315 27 1297 17 0 14
-407682 -49 1600 22 1 0
-5872 -205 679 30 1 0
-148669 56 222 18 1 0
-7731 -156 2031 20 1 0
13850 103 8 0 1 127
-4043 -116 947 29 0 -116
-7843 -62 2044 0 1 0
460733 109 1683 7 0 127
-391959 38 1449 20 1 0
88 125 1536 15 1 127
-297786 -201 1871 28 1 0
-312592 -15 411 4 1 0
-755 -90 703 31 1 0
7051755 -171 1600 17 1 127
8273809 2 1425 11 1 127
-89 134 1420 25 1 127
-1916 118 1038 15 1 57
1650538 97 781 11 1 127
2991345 113 1712 22 1 127
-109 -232 584 2 0 -127
-113 19 108 7 0 -76
337408 20 2030 24 1 61
27738 16 1710 27 1 16
-49 75 335 14 1 74
-42 219 1146 4 0 -127
4394737 -55 291 21 1 127
-195935 -133 237 5 0 -127
3606 66 1331 3 1 127
-28997 27 1820 27 1 27
1386880 246 152 0 0 127
-227502 -48 422 28 0 -48
-343546 -142 1931 18 1 0
113 -34 1641 15 0 -28
-241 103 696 9 0 -127
3405605 -149 1002 18 1 127
-817 -95 1071 16 1 0
-3600995 128 829 10 1 0
9 -179 1438 0 0 127
19863 207 1758 21 0 127
12762 -244 1601 25 0 -127
-264806 42 1374 14 0 -127
431313 78 1720 2 0 127
-1711 -126 427 24 1 0
-1710 196 1722 26 1 127
-6809 -67 1759 9 1 0
36 60 367 1 0 127
233644 -8 1939 9 1 127
-16 -156 605 13 1 0
23629 -210 1463 31 1 0
-89 168 932 1 0 -127
-105 -110 936 17 0 -111
-2091468 -218 1815 26 1 0
21482 -165 404 28 0 -127
-7725 -204 1634 1 1 0
-243 253 554 31 0 127
5237536 -110 622 3 0 127
-210582 -17 949 4 1 0
117382 18 811 26 1 19
119767 150 1826 0 0 127
24997 219 1710 13 0 127
-188701 -103 644 13 0 -127
-18 94 488 20 1 94
-1968 -71 1781 19 1 0
-4214698 -100 1391 20 0 -127
25881 -246 1664 7 1 127
56480 -125 1177 12 0 127
1921 -226 226 20 0 -127
344026 44 1601 7 0 127
-37 48 1420 23 1 48
-17932 153 550 22 1 127
-1803 142 524 21 0 127
412 109 642 14 0 125
-22347 244 1512 2 1 0
4902508 28 1142 24 1 127
999 -215 1524 7 1 127
-1763 139 1980 23 0 127
-508940 -118 644 19 0 -127
80 -86 1517 24 1 0
9133 -194 385 5 0 127
-270 -196 1752 23 1 0
113205 61 1787 24 0 73
-849 -231 90 23 1 0
-1282 -166 13 15 0 -127
-117074 223 1589 24 0 127
48 187 1617 26 0 127
-17338 71 783 28 1 71
978 -108 28 4 1 127
1568 91 1044 27 0 91
20181 -121 2010 2 1 127
9 92 1608 23 1 92
3968163 91 1872 1 0 127
18 202 457 13 1 127
24626 251 778 31 1 127
-13367 -169 351 10 1 0
16 103 234 18 1 103
1830 -168 2043 29 1 0
-1961 132 728 11 0 -127
-7693151 -122 156 10 0 -127
2057296 254 1591 16 0 127
8204010 238 400 3 0 127
64 176 1539 12 1 127
-1736 58 1584 15 0 -26
109 -69 734 0 0 127
2 -251 430 1 1 127
-91 146 1433 28 0 127
249910 9 1036 4 1 127
22314 -86 1019 6 1 127
-5209621 -52 815 14 1 0
-481 -116 903 22 1 0
-1468 -116 1345 21 0 -117
-104 -232 1615 16 0 -127
-1604 34 1152 18 0 27
8183230 158 605 25 1 127
-81 113 914 4 0 -127
10900 45 666 6 1 127
-466689 233 1810 19 0 -127
-6489384 15 1966 17 0 -127
-149524 3 1013 29 0 3
-5614 21 1784 0 0 -127
154590 205 1136 3 0 127
473069 -154 730 24 0 -127
-118 204 1956 30 0 127
3772568 240 939 0 1 127
-2214096 -145 1430 18 1 0
-42 206 1092 15 0 127
-124 -56 249 18 1 0
-396 -162 737 19 0 -127
99 158 554 8 1 127
114 -95 1484 4 0 127
-47 -246 1760 0 0 -127
-5966469 10 1800 31 1 5
-5979570 193 1800 22 0 -127
209523 94 465 15 0 127
997 -63 1172 3 1 127
1564 31 654 24 1 31
5632 239 437 28 0 127
25604 -180 1980 17 0 127
90 52 646 1 0 127
-1116 -197 1796 23 1 0
81 73 1046 27 1 73
1697 -232 1545 25 0 -127
120 -13 940 24 0 -13
-4359489 -200 1904 29 0 -127
-111124 109 1008 13 0 -127
29674 -248 171 9 1 127
11050 42 219 24 1 42
-4158 128 1347 16 1 43
-983 -90 857 27 1 0
2653803 -82 1472 18 1 127
15412 182 942 27 1 127
414159 -252 1830 30 1 0
4583765 241 1941 25 0 127
-7690602 -243 686 5 0 -127
-11937 68 1174 17 0 -39
-48 -1 345 18 1 0
57 -165 1126 20 0 -127
-11652 242 1765 31 0 127
-512549 -81 940 21 0 -127
98 187 1972 13 1 127
1546941 235 1465 25 1 127
593 182 1422 24 0 127
-432985 162 1533 31 1 127
-468 169 947 6 0 -127
-2006 36 1077 23 1 36
1442 7 1448 23 0 7
20006 -111 956 2 0 127
-441225 -58 31 15 1 0
-23799 33 1621 3 0 -127
646 -99 1037 5 0 127
336254 -123 824 19 0 127
4609575 -172 43 14 1 127
-4441 -15 1598 31 1 0
-5947021 -176 1707 8 1 0
-809 -96 1163 29 1 0
1924 222 1155 8 0 127
-23033 206 1720 30 0 127
-498460 119 410 15 1 0
36 -166 551 24 0 -127
-396116 -24 970 6 0 -127
40 138 1896 16 0 127
-29 -111 1223 1 0 -127
-681 183 873 10 1 0
201638 72 1945 26 0 78
907141 52 895 17 1 127
439604 173 1701 10 0 127
1193985 -41 1472 2 0 127
-5966427 -238 501 11 0 -127
7929290 98 894 23 0 127
-3683385 134 1203 5 1 0
540 181 1063 12 1 127
-1193 12 526 15 0 -7
932 -153 1708 8 1 127
-31 231 801 12 0 127
1626515 160 217 1 1 127
4076978 202 1557 29 0 127
506961 -36 1990 15 1 127
32 -176 818 3 1 127
1554 165 873 18 1 127
-59213 136 927 8 0 -127
30564 -31 1050 5 1 127
54 -149 882 23 1 0
-102 214 42 18 1 127
366730 125 1515 9 0 127
5464845 110 1028 21 0 127
25701 -221 806 17 1 0
-108 -52 1846 15 0 -58
29105 -184 1845 16 1 127
-440296 31 976 28 0 29
-832 -13 1149 14 0 -71
757 46 1775 19 0 49
-13273 101 732 2 0 -127
261624 -250 759 7 1 127
-210874 250 1078 8 1 0
-809 131 1721 23 0 127
111 244 1048 5 1 127
-31912 248 1020 31 1 127
-321187 -254 69 1 1 0
5792756 239 771 26 0 127
261 4 180 8 1 127
-297586 -33 607 21 1 0
4 -203 1453 24 1 0
826 -28 153 16 1 0
-30 125 1630 24 1 125
-5402943 -137 971 26 1 0
369 114 1954 18 0 117
-2584 -253 945 24 0 -127
468197 -165 277 14 0 127
-36 -156 1467 3 0 -127
1105 135 313 13 1 127
743 -145 1389 30 0 -127
38 -53 557 15 0 -52
-17181 125 1496 8 1 0
117 250 1426 25 1 127
-54 -52 1839 23 1 0
48 122 97 6 1 127
-578 -202 1715 0 1 0
-1952 -90 66 21 0 -90
-104630 -213 978 0 0 -127
6625500 153 488 26 0 127
-1454 232 1592 9 1 0
1746 -131 1409 13 0 127
116 136 1165 25 0 127
1231 93 12 29 0 93
4553771 -2 377 15 0 127
-848 -87 1872 19 0 -90
-16085 -207 993 19 0 -127
778 -41 1243 25 1 0
2612692 -63 1485 7 1 127
-45 143 1815 29 0 127
-9580 241 1100 6 1 0
-109284 8 1545 5 0 -127
-4 139 998 3 1 0
429 -16 1353 14 0 19
-1885 -210 855 8 1 0
-1565 -184 28 29 0 -127
-246019 -189 821 14 1 0
20 190 569 25 1 127
-1259 -169 629 23 0 -127
-76 226 649 28 0 127
-1799 5 1968 26 0 5
30942 -221 1608 11 0 127
160164 -56 1813 14 0 127
-4883513 -198 1651 9 0 -127
14606 -70 1557 10 0 127
44968 83 775 15 0 127
-5478836 -68 908 9 0 -127
394 69 477 4 1 127
-2503 25 1165 16 0 -19
-362326 252 1650 12 1 0
-264377 195 1770 4 1 0
457294 -185 1007 12 1 127
-245191 132 166 30 1 127
-1390 -163 1898 18 0 -127
504584 -162 57 31 1 0
-13636 234 668 30 0 127
-246875 189 2017 28 0 127
-87 232 743 6 0 -127
-125 -70 1770 22 1 0
-1535 -47 842 7 0 -127
-8022 -185 1766 2 0 -127
-253306 -9 1600 25 1 0
2074852 -7 177 4 1 127
598 94 1579 19 1 96
-1755 135 1914 0 0 -127
-2532098 138 910 9 1 0
-1075 -181 170 21 1 0
-199813 -72 957 23 1 0
8271697 -206 1286 13 1 127
20783 -21 1192 29 0 -21
112310 -75 1780 10 0 127
-130605 -247 515 11 1 0
88 -245 855 27 0 -127
-23594 -145 649 5 1 0
1151 59 1455 29 1 59
-14810 -5 1789 14 0 -127
104 -178 826 10 0 -94
-463 179 1495 11 1 0
-8315549 -182 818 21 0 -127
-5303449 56 1726 28 1 22
-581 76 1742 11 1 0
-1283 -138 870 30 0 -127
108 52 1002 26 1 52
-27 91 1114 25 1 91
-18398 -6 212 13 0 -127
102 -176 180 8 1 0
-623 53 1487 1 0 -127
514 -117 568 23 0 -117
-373 204 608 28 0 127
64780 158 221 12 1 127
-89 -67 330 23 0 -67
63 110 592 1 0 127
48 44 987 10 0 90
22906 51 1964 15 1 127
650 -51 1593 16 1 0
-111 122 107 26 1 122
1988 204 1848 2 0 127
1793 144 1634 8 1 127
-1480 -128 660 14 1 0
-440071 194 905 2 1 0
5600 -86 730 17 1 0
268705 129 901 19 0 127
1605 -70 616 23 0 -70
-80 -74 1707 30 1 0
-292166 -45 46 7 1 0
-1123 170 1465 30 1 127
-63 -248 995 9 1 0
-1317 186 1135 5 1 0
-6875738 255 833 20 1 0
-21 68 653 5 1 0
8278349 73 1777 2 1 127
-282937 13 1252 31 1 13
-43190 -225 890 19 0 -127
-30367 -8 1649 6 1 0
-1231372 44 305 27 0 41
1417000 26 1331 3 0 127
-13 218 105 10 0 127
1876 -189 1896 17 0 -127
54 -54 1929 23 0 -54
-723 142 1158 13 0 40
2383647 -62 379 3 1 127
-1603 -129 1493 12 0 -127
-2031 -171 1594 31 1 0
1894588 132 422 20 1 127
-5 -117 1157 19 1 0
-6363052 154 1680 3 1 0
-1250 -4 921 20 0 -5
5643278 -199 884 24 1 98
785 229 453 23 0 127
-2035 -104 2023 27 1 0
-28 5 1075 4 0 -127
-433156 160 1134 24 0 127
-273916 -132 1163 12 0 -127
7 41 1263 29 1 41
-613354 185 582 29 1 127
621 -21 737 15 0 -7
1237 28 1170 27 0 28
-10495 -192 465 2 1 0
4122455 236 647 12 1 127
-511 -212 206 26 0 -127
-579085 90 1173 28 1 87
-429811 3 1548 25 1 0
433454 206 1457 12 0 127
1243 31 515 9 1 127
12 116 1796 26 0 116
-190730 220 69 19 0 127
-6376598 -183 50 17 0 -127
-8184096 76 526 13 0 -127
-380 23 1152 18 1 21
98 232 155 5 1 127
-22967 28 1548 31 0 28
1376 -255 744 28 0 -127
103 152 789 24 0 127
-1101155 -174 1576 4 1 0
53395 243 682 13 0 127
271220 143 260 14 1 127
-70 -225 59 4 1 0
-1944 4 1013 14 1 0
794 10 1001 11 1 127
-6291028 112 560 27 0 86
12155 156 1133 17 0 127
-16938 65 597 14 0 -127
1593 -32 949 25 0 -32
195 83 1292 9 1 127
8373 217 574 4 1 127
-4905870 -85 506 11 0 -127
2021986 78 9 28 1 78
-329825 11 450 24 1 2
-1498 -133 810 14 0 -127
1341 26 97 9 0 127
-8135083 47 867 3 0 -127
6 -49 1359 3 1 127
-496 124 895 17 0 121
-1987540 -55 1975 10 0 -127
-24239 26 2038 14 1 0
13151 -127 1441 22 1 0
-420366 -155 222 10 1 0
26 -151 421 5 1 127
22561 142 358 27 1 127
-98 187 1238 7 0 -127
-1318 249 1585 2 1 0
29560 -185 57 4 1 127
-180655 58 1180 26 0 55
-115 54 1600 13 1 32
1539 -114 1185 28 0 -114
2801 -186 1671 20 1 0
-190273 138 1831 18 0 -127
173199 119 1622 13 0 127
-126 209 848 19 0 127
11 18 877 24 0 18
-610725 92 1071 9 1 0
-173245 27 978 22 1 0
340671 212 44 21 1 127
-199 -48 1958 29 0 -48
347380 115 1795 9 1 127
6266996 146 414 31 1 127
69 163 1818 2 1 127
-946 230 2033 24 0 127
1212447 -198 734 18 0 127
119 -76 1348 31 1 0
119 -172 1051 3 1 127
358980 -155 1171 2 1 127
1828 106 1738 19 0 112
-71 127 2010 13 1 110
3 -30 2042 1 0 127
-339426 60 1210 6 1 0
-375968 48 545 29 1 48
-6049141 139 368 3 1 0
4515610 -171 436 22 1 127
374972 -172 668 19 0 127
306565 18 1365 21 1 127
34 -245 355 0 0 127
-4873874 120 1758 6 0 -127
-18 134 276 8 1 115
311622 -52 818 19 0 127
24615 24 1148 28 0 24
170187 -147 473 4 1 127
-1959 101 930 7 0 -127
386 -139 2021 29 0 -127
13 -118 1490 20 1 0
-449916 37 1750 14 1 0
-1104 172 864 12 0 -61
1583 3 1454 4 1 127
-21662 -47 1705 24 0 -49
-16353 -203 1147 0 0 -127
-504873 -156 685 25 0 -127
14 33 988 18 1 33
275 -109 2010 7 0 127
21441 99 1118 16 1 127
-3946981 227 67 8 0 -127
1956 -209 297 18 0 -127
-2209 -143 2041 10 1 0
411482 84 723 14 1 127
-19 194 362 1 1 0
-122 -105 1446 28 0 -105
1986 93 1758 15 1 127
-290942 -65 993 21 1 0
46 -58 1093 6 1 127
-128 -171 172 30 1 0
-1555 23 671 18 1 19
-313 182 1235 28 0 127
-410410 -34 218 31 0 -34
130883 -255 1336 9 0 127
-24962 3 670 21 0 -5
-29268 -209 1100 19 0 -127
-60 -107 526 2 1 0
-4955884 29 206 26 1 14
436157 36 704 13 1 127
5282 89 337 4 0 127
-81 -193 1421 21 1 0
-24494 -86 1415 7 1 0
-1561 -208 343 2 1 0
-30 53 345 2 1 0
-3974743 171 622 25 1 97
-51340 37 1434 21 1 2
332807 15 1121 5 0 127
2832 241 995 8 0 127
-1528 -54 1276 30 0 -54
23838 38 1167 10 1 127
-88091 -104 902 22 0 -123
432601 -181 1684 23 0 -94
-720 55 522 3 1 0
103 73 6 22 1 73
-73393 -49 640 28 1 0
-1622 202 1319 20 0 127
5085698 -31 1542 31 0 -27
1456 34 742 3 0 127
-2179719 30 20 26 1 29
449322 -23 1506 18 0 127
-1888 158 139 12 0 94
-2012963 95 1022 30 1 93
22801 212 833 26 0 127
170690 192 1530 24 1 127
-220064 58 571 23 0 43
-1468724 -23 158 4 0 -127
5198 30 160 8 1 127
-4760277 -78 1877 29 1 0
1755 122 244 20 1 122
-2670401 91 1852 26 1 17
-4127 -251 556 2 1 0
-418966 114 1085 28 1 112
36698 38 707 5 1 127
26005 -157 2042 0 0 127
4774724 -249 1543 13 1 127
-270 -102 336 18 1 0
1261 -80 1440 13 0 127
-851 23 44 13 1 18
-1932 -113 895 27 0 -113
2041 -1 1044 0 0 127
-2174421 77 1434 5 1 0
-110 -105 1219 10 1 0
-23167 -28 1786 10 0 -127
-4759 -97 1347 14 1 0
-237 -222 826 17 0 -127
169563 -61 1006 22 1 0
521178 -25 1591 11 1 127
-436 28 1551 31 0 28
4493737 -71 1446 6 1 127
1829 4 218 0 1 127
129 -251 91 12 0 -127
501760 -143 1690 29 0 -127
3227372 -167 202 22 0 -12
-10146 -123 1294 30 1 0
-674 -191 1279 19 0 -127
-85888 75 1633 2 1 0
24273 -126 187 4 1 127
-21 -209 1059 2 0 -127
471330 198 1420 22 1 127
-94 152 1457 29 0 127
338561 217 650 12 1 127
-6 -114 511 13 1 0
28524 -96 641 31 1 0
99036 -59 1561 25 1 0
65 -165 966 30 1 0
11465 120 1044 31 0 120
21484 39 767 19 1 70
1700 -41 1299 1 1 127
-26509 -85 43 17 0 -94
-88 199 1172 31 1 127
28 12 760 2 0 127
-331959 192 1913 28 0 127
-728 -193 1029 14 0 -127
-23 172 1361 2 0 -127
-3381247 -141 5 29 0 -127
-330463 164 1018 0 1 0
-3454496 -25 1420 27 0 -62
470 180 496 29 1 127
8133399 -154 1347 10 1 127
4165 -230 815 21 1 0
-40788 -147 1749 1 1 0
4169936 50 279 21 1 127
63 200 184 8 1 127
-1460 -161 1567 2 0 -127
15664 -125 115 18 0 -118
-26367 82 965 29 0 82
-9 78 1603 25 0 78
78 56 657 17 0 56
23872 -21 2040 15 0 127
400260 108 1900 29 0 109
-8142 -207 43 9 1 0
21773 -4 1768 5 0 127
6880 -6 1230 18 1 26
98 -225 1316 18 1 0
-9399 -83 1435 13 1 0
-1851 149 1756 21 0 127
-17866 189 1425 6 0 -127
201772 -74 288 5 0 127
-314095 167 1178 21 1 0
-23527 247 2027 14 1 0
-4159002 -3 1828 28 0 -31
67 -39 1762 2 0 127
-32 220 1052 28 1 127
1695 -90 371 19 1 0
106 -153 1929 12 1 0
-26557 222 48 22 0 127
-35561 208 1973 30 0 127
-4421 220 1388 18 1 127
1424 -77 944 27 1 0
-2249458 52 640 0 1 0
127 189 662 21 0 127
1572880 -29 1497 17 0 127
3265031 -76 905 30 1 0
136769 -54 1981 9 1 127
-6371666 231 1634 9 0 -127
-16137 39 952 8 0 -127
1460 -95 1843 25 0 -95
939 34 321 6 1 127
12598 56 399 8 0 127
82 -17 754 1 0 127
-67 61 1330 20 0 61
477297 178 1278 23 0 127
-439100 141 338 6 0 -127
-54 -80 1624 15 1 0
6830049 119 805 0 1 127
1944 69 775 23 0 69
-106 93 1637 13 0 72
-27786 -193 320 2 0 -127
-461798 -155 73 13 1 0
669 113 439 17 0 115
-16165 -188 972 21 0 -127
15372 -130 1037 17 1 0
148 159 282 24 0 127
477915 170 1138 30 1 127
-19400 43 1131 25 0 42
85 -208 1111 0 0 127
-5141114 239 1397 21 0 -127
-3632142 224 377 14 0 -127
-683 -94 882 25 1 0
-773 76 1522 15 0 40
-225056 -124 1423 2 1 0
-419 -17 1301 8 0 -127
61871 52 1957 20 1 127
518858 238 588 11 0 127
-264 79 275 22 1 79
-4307192 123 29 31 1 123
-20565 -198 323 25 1 0
-305826 124 421 11 1 0
29 -45 1821 17 0 -45
-96 18 1898 18 1 17
21402 -139 1728 26 0 -127
-373721 150 2045 11 1 0
-1698 -8 595 18 0 -12
111 -33 830 18 0 -33
-246880 135 175 4 0 -127
-290476 -117 1646 4 1 0
-565 -79 1587 10 0 -127
34 16 1015 3 0 127
5741412 111 1854 13 1 127
-35784 -130 1669 19 1 0
1493 -119 1600 19 1 0
366855 78 711 16 0 127
-223797 103 458 27 1 102
-41 -33 511 1 1 0
6282 -71 640 15 1 52
-605 -31 719 4 1 0
1766517 144 880 22 1 127
1863024 -256 1987 2 0 127
4144999 -79 1032 26 1 0
98 210 788 25 0 127
-1 53 903 12 1 53
-101 17 11 21 1 17
79 8 89 21 1 8
6087248 -245 163 7 0 127
1452 -74 664 26 0 -74
1635314 -85 1504 22 0 127
74971 48 1682 11 0 127
29163 125 401 22 0 127
815 88 985 2 0 127
16133 -221 155 28 0 -127
1721 117 1015 11 0 127
-35 81 1773 11 0 51
-1844018 -48 1108 14 0 -127
-19867 196 1427 9 1 0
-28452 -239 1148 17 1 0
6835346 202 303 31 0 127
86 68 247 7 0 127
33 -2 1815 16 1 0
1428 81 1438 28 0 81
15 -107 1466 2 1 127
-32 -135 673 21 0 -127
-316768 -7 562 18 0 -127
-44 34 138 28 1 34
-1602999 -122 795 28 0 -127
-341059 -132 219 6 1 0
-1770 27 207 30 1 27
63391 146 791 11 1 127
-22620 131 1836 2 0 -127
-1117137 -67 822 23 0 -127
21 10 42 9 1 12
47554 -37 2018 28 0 -37
265252 -169 1856 3 1 127
-84 -134 131 22 1 0
357904 215 1676 1 0 127
196657 72 272 20 0 123
3565514 -205 639 18 0 127
6 -25 1995 6 1 127
24 84 568 18 1 84
1824 170 915 26 0 127
-12029 -218 1247 5 0 -127
-47 110 1098 16 0 109
-4608270 134 1656 13 1 0
10010 130 1698 20 0 127
-106 -18 897 20 1 0
-2795904 -191 52 21 0 -127
26 -60 1297 7 1 127
-307 76 236 20 0 76
-24456 170 125 19 1 127
8137882 244 1924 25 1 127
28349 92 352 16 1 127
-3965804 -70 1343 2 0 -127
58 -23 1965 16 0 -21
-1125 -133 1303 30 1 0
75049 -152 1659 10 1 127
-6776325 -186 525 13 0 -127
32 -176 1485 9 1 0
8166770 -99 1016 7 0 127
-1117 -57 1670 0 1 0
124 -211 1408 14 1 0
-15426 -191 1821 4 0 -127
45 181 2005 9 0 127
71 235 1507 22 0 127
-92 27 1489 6 1 0
2968 -203 45 3 0 127
-4374895 -44 75 30 0 -44
403689 -68 1656 21 0 127
-25810 232 81 28 0 127
-95 49 942 17 0 48
5212779 45 1741 27 1 113
-19032 134 1004 26 1 127
26506 -236 247 5 0 127
19687 -208 589 8 0 127
-414795 -37 1317 6 0 -127
872 184 822 29 1 127
27809 -171 335 19 1 0
92 -32 75 12 1 0
119 -116 820 18 1 0
11233 -79 916 12 1 127
-82728 81 1037 7 1 0
1644 -254 1001 17 0 -127
51 -128 1287 9 1 0
1473 -193 700 7 1 127
2680594 151 180 24 1 127
52 193 486 21 0 127
-2082015 198 1468 20 1 0
-3950827 -74 1988 10 1 0
4165355 -59 1618 5 0 127
-51 160 934 27 1 127
38 31 100 30 1 31
414753 150 1368 31 1 127
30833 149 1499 6 1 127
65 -34 1431 22 0 -34
87 93 16 27 1 93
30 -141 1625 25 1 0
58136 -233 653 9 1 127
-158488 240 1551 22 1 127
12733 184 12 1 1 127
-1268724 -45 990 17 1 0
-8161389 237 560 20 1 0
-55 163 278 30 0 127
6991252 142 135 17 0 127
-7249789 186 574 5 0 -127
-74 83 1550 14 1 76
9 26 131 29 1 26
-559 -193 1758 14 1 0
1209 -124 1824 22 1 0
391262 -252 729 31 1 0
970287 -26 421 21 1 127
-6652789 135 1096 20 0 -127
-17091 -13 1457 25 1 0
-1558 61 886 25 1 61
18 128 110 6 0 127
6006749 133 1488 30 1 127
-1780 -110 1572 6 1 0
-110 43 134 11 0 36
71 -2 338 13 1 1
-515027 -119 1266 6 0 -127
-5 -178 456 22 1 0
2 -230 769 2 0 127
189005 170 57 23 0 127
-1428964 -232 1678 11 1 0
-1519 -138 348 2 0 -127
-1219 41 1848 31 0 41
-10078 191 655 29 1 127
81 -251 1348 24 1 0
305977 31 1171 29 0 32
134 -137 1660 16 1 0
5769440 104 364 14 1 127
-94 207 1902 10 1 32
13028 255 576 17 1 127
-613 -128 1187 3 0 -127
53012 158 977 15 0 127
1512 75 996 18 1 81
-116 166 884 31 1 127
118 -151 1398 9 0 127
-299046 86 752 30 0 86
-107 -192 625 30 1 0
-20970 92 1710 25 1 91
59 -67 1392 6 0 127
18502 -132 1720 18 0 -11
33 -240 1340 11 1 0
-25975 225 695 5 0 -127
20272 66 251 29 0 66
416 98 1036 13 0 127
-107 -190 88 16 0 -127
122572 -242 987 31 0 -127
-273997 -28 2003 15 0 -127
-1352 -189 841 20 0 -127
7496 -178 261 13 0 61
119 -29 1421 23 0 -29
14764 76 1251 5 1 127
401051 -249 535 17 0 127
-100 77 148 15 1 77
-77 -9 1919 9 0 -127
247439 94 1959 31 1 94
329380 20 1286 29 0 21
68057 7 395 4 0 127
-159 -220 1546 12 1 0
-513573 -215 1215 12 1 0
329 14 20 4 1 127
6593209 -250 1828 8 0 127
3078133 141 357 14 0 127
58 -246 1066 11 0 -127
467345 107 546 29 1 107
63 44 1498 19 1 44
2022 -49 1596 6 0 127
394011 107 1844 29 1 108
193282 -122 885 10 0 127
303659 14 220 6 0 127
-2722198 14 842 14 1 0
116 -82 786 30 1 0
618 -1 798 28 0 -1
42181 227 1742 27 0 127
665 -80 1342 28 1 0
4 -14 1901 25 0 -14
16823 -46 1680 14 0 127
-4070172 -238 1027 12 0 -127
-8102635 228 639 11 1 0
60590 -213 210 14 0 127
7108166 71 1780 6 1 127
-285476 227 1795 16 1 0
523612 27 1015 29 0 28
-6744593 -138 713 11 0 -127
74 198 1924 21 0 127
-180 -185 1765 11 1 0
-511580 -176 56 31 0 -127
10677 181 396 20 0 127
-41387 148 1896 2 0 -127
2321479 -12 191 20 1 127
-97 203 1733 5 0 -127
-11150 161 158 1 1 0
247175 104 1331 29 1 105
141387 108 1381 15 1 127
-56 -16 1611 1 1 0
20251 -148 1597 29 1 0
1211 221 268 29 0 127
56 215 1618 14 1 127
7526885 -116 1356 23 0 127
115791 -184 1393 26 1 0
-23295 -16 599 28 0 -16
-10377 28 1605 29 1 28
-21288 -190 767 11 1 0
-93 60 1960 3 1 0
-21586 -17 609 9 1 0
-1406616 120 1426 21 0 -127
-58 -190 1083 13 1 0
7971724 -204 1228 26 1 0
-21836 -1 1637 20 0 -35
-31 2 94 25 1 2
-52224 195 142 5 0 -127
-247248 170 228 19 1 62
-1308 -224 1051 6 1 0
-3919434 137 605 16 1 0
-5791904 -47 829 2 1 0
-326975 199 164 7 1 0
-29172 62 1266 28 0 62
-1113 127 1837 19 0 123
287174 13 558 16 0 127
9139 -139 767 13 0 127
-6414911 124 1046 25 1 0
17746 -196 1960 30 1 0
-43 190 295 26 1 127
-1705 -33 425 3 0 -127
-41 -248 1360 11 0 -127
133164 76 1568 16 1 127
-19742 -231 1713 21 1 0
-12015 50 930 26 0 50
-1935 -210 964 5 0 -127
73 106 187 10 1 119
125952 -204 594 14 0 127
-46 -165 955 29 1 0
39 218 198 31 0 127
103 -211 1883 5 1 127
92 208 292 13 1 127
-353872 -199 1766 31 0 -127
-23 -117 77 30 0 -117
-203805 254 1750 4 1 0
39 -44 114 17 1 0
20070 134 628 10 0 127
-94 108 275 2 1 0
5563079 127 681 5 1 127
-488 -163 1804 19 1 0
272816 -140 1540 11 0 127
32833 186 723 20 0 127
-31201 128 1359 6 0 -127
10046 -99 405 31 1 0
349881 -219 1835 11 1 127
1781 212 829 23 0 127
21140 -187 247 6 0 127
-134212 -244 191 14 0 -127
-4796006 112 435 24 1 0
0 -74 661 12 1 0
65 -252 1164 16 1 0
1424647 248 772 1 1 127
-1527458 -159 960 1 0 -127
-1854963 -155 1383 21 1 0
26267 218 1091 23 1 127
-373720 254 1439 30 0 127
5098367 235 1017 6 0 127
66 -147 1814 15 1 0
-291545 114 801 16 0 -127
60 93 1817 26 0 93
6220 139 77 27 0 127
-1132 245 376 5 1 0
1282 142 702 17 0 127
4937135 205 1023 26 1 127
322732 253 228 1 1 127
-22469 144 1840 8 0 -127
1611 219 15 4 0 127
114 3 1612 0 1 127
120 59 1380 26 1 59
7716334 -22 1561 4 1 127
-15 220 71 14 0 127
-1296 90 792 0 1 0
411 -9 1338 7 1 127
-25 42 1695 14 1 39
148 29 642 6 0 127
-1895 56 1424 16 0 15
-79 98 1286 22 0 98
509970 -164 471 6 0 127
6029946 -143 1696 8 1 127
371546 -145 1876 18 0 127
-541 -55 295 10 1 0
-29 176 1932 0 0 -127
12 -130 1896 22 0 -127
5459552 102 1185 21 0 127
26144 28 1661 10 1 127
-7 -185 456 1 0 -127
3809307 154 575 20 0 127
4474 -169 1595 29 1 0
-103 -92 315 31 1 0
916975 -144 811 22 1 33
-100 -184 1707 9 1 0
-356439 4 1073 5 0 -127
-4306 50 1859 15 0 -127
331 -227 1390 21 0 -127
-448 79 521 29 0 79
11826 173 30 2 1 127
464468 31 1772 0 1 127
-843073 -117 1951 27 1 0
-4142188 42 1464 12 0 -127
24943 194 1059 23 1 127
-5092974 -26 621 31 1 0
5335291 -27 231 3 1 127
370 174 1226 22 0 127
-125 -211 1573 15 1 0
1 -142 1066 18 1 0
1304 114 984 10 1 127
106364 11 840 4 1 127
76 42 116 18 0 42
-70 -75 1075 13 1 0
-22813 52 1119 4 1 0
-46 159 353 4 1 0
-186411 241 1610 29 0 127
5957778 10 199 5 0 127
58 88 1736 25 1 88
73400 134 156 7 1 127
-412968 33 1131 15 0 -127
102 -230 1083 29 0 -127
-76 182 1727 30 0 127
-2027990 -175 1332 2 1 0
-21606 -71 865 31 0 -71
112 62 971 31 0 62
-22476 69 1157 0 1 0
-23732 -184 956 14 0 -127
-3667583 27 1040 16 0 -127
-26 177 784 9 0 127
7339302 250 831 14 0 127
501973 102 1723 14 0 127
16094 -81 1199 7 1 127
105 108 1247 19 1 108
-4695 -202 1287 30 1 0
26 136 41 12 0 127
10798 168 1372 7 0 127
80771 118 1933 30 1 118
-1906 -100 1025 23 0 -100
-1749 217 515 15 0 127
25 253 1493 3 0 127
20496 60 307 13 1 127
-1264 -171 1799 9 0 -127
4175194 -145 634 14 1 127
-1170550 -205 1595 7 1 0
-214732 -157 1400 30 0 -127
-7082 -57 693 12 0 -127
-576063 93 1277 14 1 0
27 32 1523 24 0 32
32 -210 254 3 1 127
516 20 1293 12 0 127
-1089137 -95 772 19 1 0
114 84 1981 8 0 127
-15926 -244 387 1 1 0
-106 168 1792 18 0 127
70 -133 1286 19 0 -127
109 -249 1837 9 0 127
-123 -67 1020 12 0 -98
21750 188 1332 28 1 127
27795 224 1786 1 0 127
-725 -254 1257 7 0 -127
-747 -79 1385 10 1 0
4566226 -107 185 27 0 -101
1956 -12 1 2 0 127
1188 -216 285 17 0 -127
645 84 179 15 1 88
-1775 6 1688 27 1 6
173 198 695 25 1 127
1753 -226 548 4 0 127
2036 -210 459 31 1 0
852040 -116 1072 19 1 127
-5412 -173 1460 20 0 -127
38 224 1571 16 0 127
-169026 216 1108 6 0 -127
40 82 224 28 0 82
-98 -26 791 23 1 0
-23 -211 535 19 1 0
-10017 89 54 12 0 -43
-112 -208 291 19 0 -127
1120558 -131 1233 7 1 127
-22292 -102 1260 7 1 0
156733 252 1832 14 1 127
-67723 192 979 7 1 0
59 -146 1095 16 1 0
-347927 237 1015 21 0 69
20562 -58 1684 18 0 74
465615 6 103 17 0 127
-53 -183 1430 18 1 0
87 -199 895 22 1 0
11002 193 778 11 0 127
-20552 249 1693 29 1 127
314832 -154 631 23 0 -127
1854 136 1425 14 0 127
-2261798 -138 978 19 0 -127
1285 155 1841 11 0 127
-2771101 141 18 14 1 0
373468 49 1656 24 0 86
-24487 239 633 17 1 121
3839736 227 1388 7 1 127
-56 125 1278 9 1 0
351703 223 1611 20 1 127
-1334 -133 743 29 0 -127
-3459437 54 172 3 0 -127
428346 169 1978 18 0 127
19527 11 432 5 1 127
1255 -7 1187 6 1 127
-28 243 226 20 0 127
2512774 -26 466 18 1 127
-14979 -93 951 9 1 0
-16070 -159 409 14 1 0
-3 -37 1189 0 0 -127
-15015 204 44 25 0 127
-423 176 1410 8 0 -127
-263594 -47 2008 24 0 -79
-116 -146 240 21 1 0
25976 -148 1031 29 1 0
8127912 102 1878 17 0 127
-12493 -41 551 10 1 0
6450640 -81 278 26 0 -54
97416 152 38 12 0 127
-115 -35 818 25 0 -35
390881 -95 1920 23 0 -6
-18622 -154 1914 17 1 0
-1141 -23 981 20 1 0
3633393 -209 1753 13 0 127
93428 -185 1940 22 0 -127
-72 -8 13 29 0 -8
-2369380 200 731 31 1 127
-21814 132 637 20 1 119
757 -110 247 3 0 127
-31843 -217 90 25 0 -127
73 -195 1796 12 1 0
-19398 195 37 4 0 -127
502203 -25 711 31 0 -25
-346021 49 75 24 0 47
-114 -255 792 27 0 -127
-357099 10 1853 28 1 8
895 64 1835 6 1 127
43 -246 1073 20 1 0
5677351 236 748 7 0 127
974 151 2041 28 0 127
372813 -107 1194 13 0 127
619 74 1465 18 0 77
1623 -178 1548 2 0 127
-323112 -47 355 18 1 0
-313919 -76 1663 27 1 0
6817731 -18 1927 6 0 127
207535 -138 1250 5 0 127
-85405 -252 1361 5 1 0
58712 -143 1639 31 1 0
789 -178 1809 20 1 0
-2040 13 1637 27 1 13
-545 -81 1733 30 1 0
348202 -87 1479 9 0 127
1614 -170 29 15 1 0
105 53 1509 5 0 127
28601 -120 256 5 1 127
628 -90 157 28 0 -90
-4747 -126 235 7 1 0
-267920 98 1683 10 0 -127
-16138 -238 719 16 0 -127
4444421 -118 399 22 0 127
17021 -37 586 8 0 127
557338 20 191 4 1 127
-47 -58 225 14 0 -59
-7347167 75 990 6 0 -127
-44793 44 1402 9 1 0
-6905 54 1113 17 1 0
-2309 123 1598 2 0 -127
317707 -152 168 28 0 -127
16790 178 321 25 1 127
-10 150 1458 18 0 127
-7987296 -51 1527 0 0 -127
110 116 1314 22 1 116
149073 104 1666 22 1 127
-18539 218 446 19 1 127
-12059 -45 1603 2 1 0
3728103 72 1613 30 0 78
1 146 1039 26 0 127
-23309 -127 959 19 1 0
-22 42 1301 25 0 42
37 -117 2027 16 0 -116
-1371 252 1774 19 0 127
5159179 -106 258 9 0 127
137016 102 483 27 0 102
140207 -194 1258 19 1 127
-502100 -137 689 30 0 -127
29790 44 333 5 1 127
1951585 249 839 11 1 127
-107 -19 266 27 0 -19
7053206 173 1849 7 1 127
4179787 70 1218 2 1 127
7379252 -131 1060 27 0 -73
-316082 138 187 27 1 127
-128841 -176 1145 8 1 0
8251024 -119 499 3 0 127
82348 -125 706 1 1 127
617 92 822 6 0 127
-1292891 -152 1652 11 0 -127
1423 215 1360 31 0 127
1426 65 541 31 1 65
-272705 221 120 12 1 0
-303 -155 129 29 1 0
200431 177 479 11 0 127
-31740 -214 1157 0 1 0
-21368 -189 667 22 1 0
6651 80 240 13 1 127
-38707 -16 1912 30 1 0
25 63 895 22 0 63
-152757 -30 60 4 0 -127
-75 -218 498 12 1 0
1822163 191 1420 11 0 127
-21951 -253 883 11 1 0
35 150 643 27 1 127
-32 62 982 10 1 31
331109 163 1926 10 0 127
7812172 -65 453 14 1 127
-15159 18 1598 20 1 0
-29117 -92 1509 4 1 0
-50 -150 1416 10 0 -127
0 -145 1765 1 1 0
371521 109 882 28 1 110
3951945 51 124 15 0 127
13 -41 1557 19 1 0
-328649 -94 2000 5 1 0
-5280067 -227 1992 18 1 0
7996708 218 1313 2 0 127
20035 -225 42 30 0 -127
-17845 206 1894 28 0 127
13944 53 386 17 0 94
-107826 166 745 10 1 0
-5261624 91 123 1 1 0
-1091 -62 1144 15 0 -100
76 122 29 24 1 122
905 242 1105 9 0 127
-97 -139 763 14 1 0
1716 -135 1465 17 0 -116
-65 -247 1490 24 0 -127
203780 58 1704 10 1 127
-3541184 50 1 19 1 43
-74 164 5 21 1 127
2037 -75 1530 10 0 127
1800 39 1261 22 1 40
-62 -118 1990 16 0 -120
-68 -156 693 18 0 -127
22 -82 375 7 0 -18
4728633 -233 1884 18 0 127
-25571 1 1057 15 0 -127
-120 -220 1385 29 1 0
-40 126 209 25 0 126
4 -227 1807 26 0 -127
1063 -226 206 29 0 -127
-26726 12 759 4 1 0
-221291 -210 709 27 0 -127
-1587 -6 1572 16 0 -44
20626 -170 461 5 1 127
1816931 -193 1216 14 0 127
-331179 100 62 0 0 -127
-22880 -178 807 30 0 -127
-29113 -143 1638 28 1 0
-850 179 439 6 1 0
-119 39 714 28 1 39
252650 -175 1256 18 0 127
-814 210 639 3 1 0
-50 -7 1686 13 0 -17
77 18 554 21 0 18
-5981486 -66 101 23 1 0
-122 155 1051 3 1 0
-71781 226 1309 1 0 -127
817 -118 1364 12 0 127
-60 -194 534 5 1 0
111 205 1475 15 1 127
-21295 -57 815 21 1 0
379036 -39 241 8 0 127
19350 -197 1164 15 1 127
-384 -62 6 25 0 -62
-4827579 0 897 0 1 0
102 -62 880 26 1 0
352162 -95 3 27 0 -95
88 -156 1179 13 1 0
-4103 214 1552 22 1 127
-98 107 1604 1 1 0
-6833236 -93 167 20 1 0
1791 -196 297 17 0 -127
-3069150 196 1592 25 0 50
-399884 196 838 21 0 36
-6654023 40 67 3 1 0
-5829345 253 1296 1 1 0
-611 -151 1934 11 0 -127
-34 -27 1667 25 0 -27
27716 96 1385 20 1 127
804 140 1329 25 1 127
28667 -23 149 27 0 -23
-27618 224 670 21 0 127
783 244 372 31 1 127
14151 -160 1650 28 0 -127
389 54 857 17 0 57
10048 -203 1836 13 0 127
31284 31 1984 29 1 31
-1704 141 1451 18 0 127
31292 147 22 9 0 127
332437 229 175 1 0 127
-75 -113 1763 5 0 -127
39104 106 833 1 1 127
3556862 -117 485 31 0 -116
30777 -119 1578 5 0 127
-94 50 403 28 1 50
-9139 -239 564 7 1 0
266657 -187 948 16 1 127
-80805 171 1363 11 0 -127
457661 -241 1246 15 1 127
377736 7 1040 22 1 101
12 133 417 27 1 127
18451 127 1865 30 1 127
-26370 -24 1536 13 0 -127
-229387 -213 363 18 1 0
2734347 59 168 19 1 127
32 -229 713 3 0 127
-1937933 -255 746 4 0 -127
7936726 88 1591 22 0 127
7412808 12 1327 6 1 127
1333 -50 1367 1 0 127
344141 48 186 8 1 127
-428654 23 1485 4 0 -127
16927 208 1651 11 0 127
440007 64 1501 20 0 127
-1813763 -35 210 12 1 0
30452 -205 678 7 1 127
18474 57 907 6 1 127
74 204 765 12 0 127
-40 -255 1897 6 0 -127
-28761 -106 319 23 0 -107
89 -153 1748 21 0 -127
-126744 138 796 29 0 127
95722 -43 1394 31 0 -43
4243597 -231 1477 30 1 0
-6140627 -146 1534 31 0 -127
5193577 120 1762 18 1 127
-31093 -253 729 13 0 -127
-7712168 220 1412 5 1 0
1503 -239 880 8 0 127
864561 103 116 30 1 103
-6496 -172 1778 29 0 -127
1296 42 1860 21 0 43
-4124882 14 199 14 0 -127
1459 148 1483 16 0 127
1163 90 589 6 1 127
124 -159 1557 12 0 -112
2577132 -188 1791 8 1 127
2515 58 1416 28 0 58
-53 68 1259 30 1 68
6294 -201 392 19 0 -127
-15007 -33 1409 23 1 0
201368 -155 1988 17 1 127
5431 27 62 5 0 127
-243100 78 857 8 1 0
5341 -43 924 18 1 0
-5450 -89 426 20 1 0
-5382054 -113 317 6 1 0
63 -188 2009 20 0 -127
28543 -179 685 22 1 0
-448308 235 933 19 0 -127
-2225 -129 1557 22 0 -127
-37 -28 813 5 1 0
-23480 207 1329 18 1 88
-68 -239 1337 7 1 0
-4574933 -35 1724 0 0 -127
503329 213 569 9 0 127
-6732096 219 1535 27 1 127
7300 -154 270 5 1 127
-19262 -250 1258 10 0 -127
15 34 129 3 1 127
-1647075 128 1375 22 1 0
123 -75 479 2 0 127
1149 -167 212 7 0 127
-6107 -22 1489 29 0 -22
1810 -239 151 22 0 -127
29405 -246 443 30 0 -127
-3923310 -53 1694 2 1 0
82481 -47 597 15 1 127
-7549708 159 1511 28 0 117
1578 -59 1279 23 1 0
-390932 158 1610 11 1 0
-500338 -47 555 13 1 0
366079 119 942 31 0 119
-2777767 141 1803 16 0 -127
94 -252 1226 8 1 127
1896567 -137 774 19 1 127
29 -14 805 27 0 -14
-1547 10 1520 25 0 10
-4 105 744 1 0 -127
369 43 1609 16 1 52
-77958 13 1764 16 1 0
152492 -1 32 3 0 127
-7652703 -1 339 26 1 0
113 156 1648 25 0 127
9 -130 914 8 0 -98
-881 231 1332 21 1 127
25590 93 1087 22 0 100
-1089 -33 1807 25 0 -33
-7187 -201 1460 9 0 -127
-95293 -1 1260 2 1 0
-280224 -34 1340 30 0 -34
275282 144 624 20 0 127
-315763 -128 1694 13 0 -127
962 17 260 6 1 127
2925572 244 247 14 0 127
-2393735 207 746 19 0 -127
-523037 -105 1002 31 0 -105
-212738 -85 292 2 1 0
21921 228 148 17 1 127
6661589 -217 681 27 0 -127
-111 -18 85 28 1 0
6015574 -159 845 20 1 127
-24639 160 868 24 0 127
-1158 -35 78 11 1 0
-452 181 1534 6 1 0
23 -3 1261 18 0 -3
96372 -26 582 30 0 -26
-5940395 -238 651 15 0 -127
29601 -143 184 11 0 127
-17300 -28 1685 16 0 -127
-500 55 765 10 0 -127
-23274 182 21 6 0 -127
113 15 647 4 1 127
-6799 -169 1594 30 1 0
-5110 -185 883 1 0 -127
292580 -45 159 23 0 -39
-4408179 223 1862 17 0 -127
-1785 51 504 11 1 0
2994495 141 1521 12 1 127
-1368 255 1034 22 0 127
-17702 -130 729 9 1 0
111 199 105 12 0 127
115699 141 1599 3 1 127
-4160848 111 922 23 1 0
-1703 97 1169 3 0 -127
3644 175 1403 31 0 127
-1501 -82 1134 10 0 -127
-16045 131 2047 3 0 -127
-841 236 1208 5 1 0
131988 181 769 23 0 127
-225180 -163 990 12 1 0
6382054 -165 421 22 1 127
3325648 125 1796 30 1 127
1017 71 1986 31 1 71
3784736 31 1028 6 1 127
-20783 24 367 27 0 24
471515 209 1916 14 0 127
-29 253 46 30 0 127
-13522 160 214 28 0 127
113 -244 14 6 0 -127
3201 203 25 13 1 127
-4309643 153 1715 26 1 43
11571 15 264 6 1 127
7141583 20 1819 8 1 127
9 14 1939 17 0 14
-83087 -112 345 12 1 0
48 13 616 9 0 71
19062 167 1401 6 1 127
-67 203 1980 3 0 -127
-3 -90 713 27 1 0
-339753 91 1507 15 0 -127
4750471 205 184 15 1 127
195075 218 1687 15 1 127
17 -27 1720 9 0 30
8283243 -106 1756 16 1 127
478430 -244 1455 11 1 127
-8271816 224 1750 11 0 -127
351 126 599 27 1 126
-3243458 200 1750 12 1 0
-3253024 111 616 22 0 -127
970 105 2021 11 1 127
437065 89 1761 11 0 127
-4598262 100 600 29 1 95
3929265 181 869 31 1 127
-8156981 -91 1426 15 1 0
-17537 -234 97 17 1 0
-2984735 -142 1244 2 0 -127
99 116 1231 16 1 118
8154 -179 1913 8 1 127
12740 120 1657 13 0 127
-104 -21 414 10 1 0
-538902 106 1279 27 1 101
122955 -98 1881 9 1 127
961 189 437 15 1 127
348848 -69 846 12 0 127
-25249 -66 1768 18 1 0
27419 95 1978 8 0 127
-221 -179 931 14 0 -127
-3975240 -24 215 17 0 -127
27717 45 849 0 0 127
-4096284 -214 472 26 0 -127
-626 -22 2000 28 0 -22
-51 91 960 1 0 -127
-111 -213 905 16 0 -127
101 -33 437 5 1 127
-1608 -212 930 9 0 -127
5700898 -246 987 13 0 127
-6 32 540 7 0 7
1266799 148 953 25 1 127
-1538 -153 707 16 1 0
346308 -236 272 21 0 -127
-27 -13 364 3 0 -127
312441 36 1791 28 0 38
1894 58 1655 25 1 58
646 -90 1392 5 1 127
-10310 247 93 2 1 0
33 -35 1996 8 1 127
-6442368 191 161 7 0 -127
-20 92 485 20 0 92
-6924001 -225 531 20 0 -127
-6195023 -18 491 29 0 -24
31 98 1441 24 0 98
-99 -27 1560 15 1 0
-112 -211 329 5 0 -127
68 94 539 7 1 127
-8636 242 1683 20 1 127
24752 -58 1796 14 0 127
8319331 132 869 26 0 127
1942 137 1845 11 0 127
-103 217 751 2 0 -127
-989 -92 454 9 0 -127
-1355118 -77 1992 18 1 0
21 95 1932 26 0 95
-654 -162 1501 23 1 0
249593 187 85 18 1 127
1720358 -211 1140 24 1 0
8343211 101 1277 3 0 127
-119 204 1045 20 0 127
-20600 -113 893 11 1 0
115 -176 1759 21 1 0
358 76 1388 26 1 76
-488590 -89 1392 28 1 0
2061006 -18 245 30 0 -18
-1534 -64 1845 8 1 0
-5065373 -100 1648 3 1 0
-781 76 1628 30 1 76
-30003 6 223 16 1 0
27342 -51 1677 28 1 0
8960 235 1082 8 1 127
16289 24 1615 12 1 127
6098770 69 1741 3 1 127
-103 -169 663 9 1 0
-495251 -202 766 5 0 -127
-30104 2 1384 22 1 0
14 -44 1694 9 0 2
-8 111 1110 24 0 111
68023 8 1539 25 0 11
8478 -159 1 4 0 127
413906 -77 1282 8 1 127
157203 239 451 9 0 127
-114 167 312 16 1 127
104 37 587 3 1 127
6076744 -248 407 7 1 127
1361 -231 427 26 1 0
-1567 29 975 24 1 29
1772 -111 1685 29 1 0
-302097 177 791 13 1 0
95 148 115 0 0 127
44 213 1578 2 1 127
-19404 148 993 27 1 127
-403905 -56 340 30 0 -56
15781 97 1107 3 0 127
80710 207 1808 8 0 127
1065 23 627 13 1 105
474 173 296 10 0 127
1651 -165 959 30 0 -127
57981 -184 970 19 0 -77
-32 -206 328 12 1 0
396732 75 2 27 0 75
-7650780 46 2015 31 1 39
70197 -88 7 14 1 0
-447 -241 1694 30 1 0
18582 -202 1391 31 1 0
1381 -251 1233 29 1 0
-22266 -48 1691 21 0 -66
-1264 -14 78 31 0 -14
-115 -127 189 24 0 -127
-457 70 256 8 0 -127
-44448 16 335 8 1 0
-1224 5 1276 26 1 5
-493006 136 6 17 1 113
-9628 19 1666 6 0 -127
4697 -60 515 4 0 127
214002 0 1150 8 1 127
-1914 -46 1315 15 1 0
36 -186 1255 25 1 0
100 -37 507 21 0 -37
45 -156 1599 5 0 127
150060 219 365 30 1 127
-472450 128 1208 14 0 -127
-4726696 122 1508 14 1 0
153378 -6 1861 20 0 127
30 -139 1633 31 0 -127
8312 -163 1873 25 1 0
-38 93 203 30 0 93
4616 -113 571 28 1 0
-230776 -249 1542 11 1 0
-23685 -120 977 17 0 -127
466717 105 1841 8 0 127
924 29 398 10 0 127
-293393 -100 900 21 1 0
-8395 -93 1177 28 1 0
421 -59 562 25 0 -59
12539 -197 1105 9 0 127
85 245 1566 18 1 127
7731030 31 853 5 1 127
-1815 -192 2023 25 0 -127
-180 10 218 31 0 10
-14 -32 225 16 0 -32
28700 -153 1704 19 0 -60
105334 -232 1904 14 1 127
-1 49 705 25 1 49
16366 118 477 1 0 127
-36338 147 452 9 0 -127
-7562067 -6 1852 25 1 0
952 198 1904 8 0 127
3 33 551 16 0 33
-5031 165 365 12 1 0
14851 -91 930 22 1 0
-5570186 -67 389 13 0 -127
1760 -182 1965 28 0 -127
307465 -114 1079 8 0 127
-1894 -55 1773 15 0 -127
3086358 239 1792 8 1 127
-1998 -143 1456 31 1 0
2158631 -119 20 11 1 127
113 25 800 9 1 127
-30985 -236 1770 20 1 0
-4093634 187 505 9 1 0
89818 188 1855 6 1 127
-1491 -221 1937 12 1 0
-29 189 1900 1 1 0
483221 53 1527 4 0 127
-191371 201 677 16 0 -127
271513 -61 1581 13 0 127
7104091 -208 287 28 1 0
-7456946 -145 1466 8 0 -127
-24 70 55 13 0 70
42 44 1967 25 1 44
-8379424 55 28 7 1 0
-1630 253 105 29 1 127
61740 -28 14 22 0 -28
-23 124 1091 2 0 -127
-1136 26 1598 30 1 26
-6949636 3 980 7 0 -127
-4824761 100 84 0 1 0
-353 -204 564 22 1 0
-384561 -12 159 28 0 -12
8152 30 1822 15 0 127
8092 -236 598 15 1 0
1158 84 2021 22 1 85
225666 244 801 13 1 127
-95 169 722 8 0 -99
-9131 -134 1095 27 1 0
336511 -207 579 18 1 127
1341 -34 297 26 1 0
-13511 247 1375 25 1 127
1589 -109 1901 20 0 -106
-15731 -78 233 11 0 -127
-1234 -225 497 23 1 0
-7861 229 1531 17 0 127
-206754 -27 1607 9 1 0
131284 -24 672 10 1 127
401734 148 1089 20 1 127
1401 -253 869 26 1 0
-29855 -174 1703 15 1 0
405 -188 796 21 1 0
-94 -222 1030 11 0 -127
104825 240 1468 22 1 127
-638 -19 1426 5 1 0
-1262 -139 94 19 0 -127
-1523 -61 1401 7 0 -127
-35610 46 1407 23 1 40
1933 -5 592 18 1 0
151487 22 2005 5 1 127
663453 -193 802 30 0 -127
16 145 1139 28 1 127
21920 128 1288 26 0 127
76 234 626 11 1 127
255546 -27 1824 6 1 127
-47 -26 1305 14 1 0
857 -56 1022 22 0 -56
-3071699 64 1183 8 1 0
-6276896 2 913 21 0 -127
-1176 65 495 27 0 65
27567 94 1725 28 1 94
-6 -70 1460 11 0 -74
87 230 1705 11 1 127
-535 -190 1413 10 0 -127
-16378 -38 1446 10 1 0
-350094 85 1738 3 0 -127
1504 -241 1231 26 1 0
-6920918 231 1340 0 1 0
-372614 -123 23 14 0 -127
-21204 -45 1003 26 0 -45
-12 194 1045 23 0 127
-7165329 42 244 31 0 41
2 -18 827 11 1 0
24640 150 2024 21 0 127
-2902832 125 986 31 0 124
108 -155 985 14 1 0
-14876 87 1086 25 1 87
11622 -147 532 25 1 0
169045 29 1771 25 1 38
6332980 20 1888 10 1 127
36 11 531 14 0 12
-1304 122 1452 23 1 122
16 -132 1022 6 1 124
884 31 349 2 0 127
288148 -203 1138 25 1 0
17713 -165 351 20 1 0
-68 64 1033 27 0 64
2 -118 95 27 0 -118
-14505 10 1973 22 0 3
-2781404 -228 1302 31 1 0
993 -100 1664 6 0 127
-2014 -104 1429 9 1 0
-519758 -142 127 24 1 0
23928 -53 1937 15 1 127
-92 -13 108 30 1 0
-9997 -224 137 0 1 0
85 116 1589 31 1 116
5934 -215 730 9 0 127
-970 -216 452 31 1 0
-10 229 647 22 0 127
-125 222 1268 0 1 0
-4811239 -33 495 15 1 0
13311 128 1108 25 0 127
1195660 102 1070 27 1 112
1485 220 513 9 0 127
35 49 566 23 0 49
-141732 -230 203 28 1 0
28 1 909 13 0 4
-55 191 282 17 0 127
19461 -7 381 9 1 127
-952 -195 1345 0 1 0
-16 180 409 22 1 127
442214 176 311 20 0 127
1800 149 1088 20 0 127
10 65 124 24 0 65
4969 172 1821 1 0 127
-3226335 222 1209 21 1 0
61 -73 537 16 0 -73
-21325 -200 554 17 0 -127
-8985 2 1480 5 0 -127
-4344247 238 1534 27 1 127
5389674 -81 72 16 1 127
0 111 852 9 0 111
1600 48 1161 19 0 52
63 107 273 30 0 107
2845808 -220 150 20 0 127
-4610205 -240 1336 28 0 -127
-398229 -135 201 28 1 0
104 -243 378 31 0 -127
42366 -225 1393 22 1 0
1207 147 805 27 1 127
-274745 -117 533 22 0 -127
-51 -231 663 25 0 -127
-4867 -207 378 17 0 -127
409510 -48 1561 10 0 127
19598 69 1677 23 0 73
312160 244 203 4 1 127
19 -84 1663 29 1 0
23058 127 1528 0 1 127
-186 137 1470 25 0 127
-67 -102 247 7 1 0
1487 162 176 24 0 127
-392947 -176 693 21 1 0
519911 47 1554 2 0 127
-71310 131 1941 18 1 0
-16860 -20 370 11 1 0
-32568 -73 1004 6 1 0
365660 -255 141 20 1 0
211758 99 477 14 0 127
-322 -6 592 27 1 0
9529 -100 486 21 0 -98
11541 -256 1541 2 0 127
-1407390 -52 1504 29 0 -56
-14 -219 671 0 1 0
17249 64 1622 6 0 127
89 -86 1136 14 0 -80
6564 -152 316 6 1 127
38 207 638 21 1 127
8166 141 936 5 1 127
5648 80 282 8 1 127
48 -143 1426 28 0 -127
69 -208 1536 18 0 -127
-148244 100 1538 26 1 97
-351109 107 514 20 0 -65
11191 -83 666 5 1 127
-32092 153 1244 27 1 127
-5001687 -2 1701 30 0 -10
-1011 -36 1854 23 0 -36
31476 71 1280 16 0 127
-18280 221 528 17 0 127
5862 -168 1705 0 0 127
-29999 69 87 16 1 29
497 -235 320 22 1 0
49 -244 1100 0 0 127
-1478 117 1415 19 0 113
6125 205 294 20 0 127
-40366 -198 775 8 0 -127
323821 -250 551 12 0 127
4407940 -124 398 26 1 0
-99 220 720 7 0 -127
-60148 -124 344 19 1 0
1524764 -110 1603 6 1 127
-5286 196 1823 0 0 -127
5482499 -67 496 11 0 127
42 186 1407 14 1 127
310746 -84 1609 13 1 127
-114696 153 173 24 0 127
109 -186 796 0 1 127
111004 -94 1754 22 1 0
-8165 -210 785 15 1 0
23263 181 200 26 1 127
-5852 -120 1997 15 1 0
-223721 146 342 13 1 0
34 -60 1790 18 0 -60
-1938 112 1889 7 0 -127
307901 115 911 0 0 127
7431202 88 458 17 1 127
-2059 107 1667 31 1 107
-193 77 1188 24 0 77
994 102 1139 7 1 127
-6237 40 370 14 0 -101
63 10 1451 5 0 127
4433512 -42 163 0 0 127
-282 152 1537 24 1 127
9 27 1689 19 0 27
4187037 131 1616 0 1 127
17630 -5 1402 30 0 -5
-25847 182 825 8 0 -127
509212 -60 1128 25 0 -43
14359 -199 231 11 0 127
564 205 1177 17 0 127
-5654 225 907 19 1 127
1904 132 1225 8 0 127
-32717 -215 522 16 1 0
486315 73 1201 27 0 77
-379 -242 1282 26 1 0
-84 -115 311 12 0 -121
22368 -217 950 30 0 -127
-31204 183 1125 16 0 -127
-32012 225 1105 6 0 -127
-385 148 504 3 1 0
20191 0 1098 11 1 127
428369 -144 2040 1 1 127
3935928 -107 1184 27 0 -72
-1264 55 1640 17 0 39
-20514 157 1219 20 0 127
15276 180 1782 10 0 127
-129 -21 1190 12 0 -58
-36 27 1389 3 0 -127
-61 223 1338 29 0 127
-17 66 1314 0 1 0
2469865 -18 1486 19 0 127
1272 128 1707 19 1 127
50 -213 409 29 0 -127
138970 31 1402 18 0 127
-80 -15 1711 12 1 0
15868 199 644 1 1 127
-104 55 1899 0 0 -127
-758 -46 490 20 0 -46
155656 194 246 3 0 127
-278081 248 0 7 1 127
-18769 -68 436 18 0 -99
-205 79 757 2 1 0
-250006 58 1574 8 1 0
76 -150 1553 17 0 -127
-40 -118 764 24 0 -118
1236082 -46 1259 27 1 0
476610 167 843 8 1 127
-23 23 590 15 1 23
17502 -149 1764 0 0 127
8313847 -164 149 19 1 127
32 -37 1283 27 1 0
-60 210 278 21 1 127
18709 -59 1682 10 1 127
111 -238 984 4 1 127
299 -204 8 13 1 0
-338 7 1445 24 0 7
112026 226 1371 26 1 127
841700 -185 336 4 1 127
-269303 127 1579 8 0 -127
127 234 2035 7 0 127
94 241 184 22 0 127
-6539971 -90 443 8 0 -127
1323 173 419 1 0 127
19769 253 658 4 1 127
-516 -7 364 8 1 0
-1953 -172 934 20 1 0
-60 159 539 14 1 127
5504679 46 196 11 1 127
-1332 -234 745 26 1 0
-41 31 1766 20 1 31
36536 -108 275 1 1 127
-1915208 18 1516 1 0 -127
-19915 100 1885 2 1 0
-5618991 -32 2015 23 1 0
-1014446 -144 908 30 1 0
4544079 -155 1090 30 0 -127
10561 24 485 11 0 127
-354682 96 404 15 1 0
-23092 192 1143 13 0 -127
4934959 -189 1636 26 1 0
113 196 472 1 1 127
23678 -28 503 22 0 -25
123106 -16 111 16 1 127
-30 -50 1010 26 1 0
-3608 165 1904 27 0 127
412267 9 1863 15 1 127
926 200 2011 21 1 127
-15175 -232 369 10 1 0
-1243 102 1623 19 0 98
-264576 212 1930 6 1 0
-4078 -38 996 4 0 -127
83 225 1743 30 0 127
52 -99 1077 31 1 0
6120868 132 1671 15 1 127
-913 -181 1739 1 1 0
-498514 57 529 21 0 -69
-20349 96 1147 5 0 -127
-99 -175 258 29 1 0
457436 -56 1361 16 0 127
-193626 -29 570 27 0 -30
-1944 -223 257 19 1 0
-59 -240 869 18 1 0
-696 23 306 17 0 21
-4807 133 289 5 0 -127
-402667 -141 150 8 1 0
-7453 -53 831 30 0 -53
-231645 74 480 5 0 -127
12709 -224 1298 25 1 0
-357888 144 1193 8 0 -127
41671 82 1544 2 0 127
-3647659 242 1612 0 0 -127
1850 100 1647 29 1 100
-4387358 -38 1972 30 1 0
303326 169 442 18 1 127
-183402 231 1962 19 0 -127
3866996 -132 1815 18 1 127
2 -8 1071 9 0 -4
2560626 42 670 26 0 68
21 107 1719 22 1 107
-2789 -46 1632 19 0 -55
3933220 125 126 15 0 127
680 -207 2026 26 1 0
-516190 95 1868 13 1 0
-434 37 1633 22 0 37
-75 171 614 27 1 127
54 -74 779 28 0 -74
-1126289 243 616 3 1 0
1 -58 319 9 0 -57
-393606 -99 133 15 0 -127
-108 -116 52 11 1 0
16218 226 1051 12 0 127
-118 -63 209 19 0 -63
1336113 145 765 15 0 127
6783 179 388 4 0 127
757 -243 567 28 0 -127
293750 252 355 23 0 127
21404 -181 1001 14 0 127
-4319 -57 1562 0 1 0
-65 90 533 1 0 -127
28870 222 1612 12 0 127
1746 -186 1834 8 0 127
8687 -159 365 14 0 35
-4496 -65 182 11 0 -127
11172 -232 8 14 1 0
-31480 158 1711 4 0 -127
-5698515 63 1314 21 0 -127
15 236 1137 28 1 127
-3065258 -61 174 31 0 -61
-477632 236 1367 26 1 127
1298 -141 141 27 0 -127
17469 199 1301 11 0 127
462294 138 1581 3 1 127
-957 -40 1033 14 1 0
388839 -210 258 16 1 127
-20927 225 529 18 1 127
21157 71 1066 16 1 127
495799 107 1928 4 1 127
1750 39 1055 5 0 127
-4802 0 1200 8 1 0
210886 -175 1539 26 1 0
-1260674 192 829 14 1 0
-1065 58 1645 11 0 -127
4383617 -202 856 16 1 127
59 -149 704 27 1 0
-493983 60 997 20 0 -127
-15 16 1187 25 0 16
1793 -136 710 10 1 127
-101 234 90 23 1 127
-31922 -171 1967 2 0 -127
1627 -50 452 9 0 127
11115 -21 687 18 0 8
-4679935 -149 850 0 1 0
-2429109 -118 1078 23 0 -127
-1301 236 1965 17 1 127
-214916 68 473 29 1 68
-9520 -138 846 24 0 -127
-51813 39 485 11 1 0
282171 -172 1303 2 0 127
13596 -133 49 15 1 0
5846899 129 420 24 0 127
-484 28 989 2 1 0
-1633 38 881 1 1 0
-506 -15 188 1 0 -127
6899764 220 435 15 0 127
-1685 -107 138 4 0 -127
-62 -194 538 29 1 0
-242861 212 11 30 0 127
-4028131 -47 1252 12 1 0
225929 13 1041 10 0 127
9869 -31 449 19 0 -23
1857 -207 1957 17 1 0
553 110 1110 7 0 127
-11039 149 814 19 1 127
57 -114 376 4 1 127
133202 205 573 2 0 127
-638263 96 1308 9 1 0
-602 -54 321 9 0 -127
687 54 386 1 1 127
1318 -222 191 10 0 24
-67 -233 416 3 0 -127
12 85 295 1 0 127
19583 -11 2017 13 1 127
-234888 191 646 12 1 0
316299 -131 31 17 1 0
1298 -199 1224 10 0 127
5130247 55 1253 0 0 127
24040 43 1480 22 0 51
-25291 -104 1697 20 0 -127
32305 162 1496 24 0 127
-127 40 707 20 0 40
13671 148 1508 18 0 127
-497 -141 1387 25 1 0
120 184 1667 0 0 127
523113 16 1258 18 1 127
-5399240 -53 1474 21 1 0
-1150 -124 201 27 1 0
-8028084 56 868 18 1 0
17768 149 1981 27 1 127
285095 16 1543 19 1 127
127 167 334 2 0 127
24386 -117 1406 31 0 -117
17205 163 837 17 0 127
-1111 9 1261 8 0 -127
-7885557 103 1216 28 0 67
467038 -6 1724 7 0 127
6796194 232 1457 12 0 127
3396583 -153 1499 16 0 127
-9905 1 1305 19 1 0
215673 -83 1634 19 0 127
23145 -98 1084 29 0 -98
-13 135 1328 11 1 127
1496 54 6 17 0 54
-163119 -115 206 15 1 0
450755 138 681 6 1 127
437983 -249 1323 7 0 127
7867 -190 1041 19 1 0
107491 -249 755 14 1 127
-18052 8 49 21 0 8
-4312919 -237 228 25 0 -127
83 -173 269 10 1 0
484058 -160 1389 16 0 127
40446 219 159 23 1 127
-90 170 287 19 1 127
-24847 -67 352 25 0 -67
-1042547 -20 472 2 1 0
-26749 -35 1004 4 0 -127
-25196 -90 430 31 0 -90
-224355 42 842 0 1 0
-14123 -198 113 7 0 -127
270 80 102 15 0 81
-15173 247 1569 8 1 0
127574 -111 2034 7 0 127
-555065 189 89 22 0 127
19627 -236 1356 22 1 0
-409003 40 1742 1 0 -127
427241 -137 267 20 1 0
1710 -171 2041 4 0 127
6558034 151 1604 29 1 127
837 180 1915 21 0 127
-46497 -233 1104 8 0 -127
-502141 -95 1438 14 1 0
-1452 -155 1358 15 0 -127
-109 -161 1316 2 1 0
124 -63 1968 9 0 127
-1999 -32 954 12 1 0
-5 157 1127 24 0 127
-3897315 -41 120 16 1 0
-353494 -174 1747 26 1 0
-463950 145 1952 2 1 0
28187 198 789 0 0 127
1531 -226 583 18 0 -127
28015 132 1395 27 1 127
191074 -56 152 5 1 127
-22757 122 463 17 0 42
-1529 60 643 2 1 0
52 63 5 18 1 63
863 180 163 6 0 127
-27315 -228 1280 30 1 0
-498142 -102 1268 18 0 -127
346911 -129 672 12 0 127
1498 -255 1551 18 0 -127
7498 -198 1421 20 1 0
-842085 -144 1525 19 1 0
1844 221 982 0 0 127
-1155 163 1006 6 1 0
7 242 45 12 1 127
-154955 88 1198 16 1 0
3192177 43 1603 16 1 127
221 -249 1185 5 0 127
16382 -111 76 30 0 -111
-1049 211 1212 0 1 0
-2435262 77 1814 14 1 0
66 -34 1120 0 1 127
1601 -44 1374 7 0 127
53 114 128 9 0 127
-65 -85 1413 14 1 0
-40 -208 38 21 1 0
-296308 -37 1369 1 1 0
-1285639 -239 231 28 1 0
-52 -5 1959 15 0 -8
117340 77 376 5 1 127
-1116 -46 1026 0 0 -127
148431 249 820 15 0 127
15 144 1219 14 0 127
-585 56 79 4 0 -127
-61 -30 1446 27 1 0
316740 -173 719 29 1 0
-501147 -9 306 29 0 -9
-1954 -57 1088 5 1 0
-151 69 545 20 0 69
-381756 -9 1652 12 1 0
201495 -149 1688 17 0 127
1177 -48 1461 6 1 127
-29499 -123 971 25 1 0
-20497 20 1323 10 1 0
-729 -81 1173 8 1 0
-49605 168 752 3 1 0
9 10 653 31 1 10
-1354686 -10 1584 10 1 0
47 116 849 25 0 116
295915 -47 1737 4 1 127
14 -23 1369 0 0 127
-783 187 1768 19 1 127
250157 -51 134 26 0 -51
-84 52 1162 22 0 52
-7485625 -169 1207 29 0 -127
-39435 -226 299 19 0 -127
2107 -28 223 18 1 0
-1991 -197 1603 28 1 0
3493 2 1797 31 1 2
-7339254 -210 1936 16 1 0
783 -16 1871 8 0 127
68 184 697 26 1 127
-392434 -166 1282 19 1 0
950 219 262 17 1 127
-122 -41 893 5 0 -127
24880 -209 403 26 0 -127
-5162076 -235 1632 26 0 -127
-846311 -97 1654 12 1 0
-1671 144 121 12 1 95
74088 30 282 4 0 127
-502083 73 1692 28 0 70
-32 50 1409 26 0 50
1404 73 1657 7 1 127
-4523518 -181 810 14 0 -127
-5605814 -184 962 4 1 0
-6209 -133 0 10 1 0
-24256 154 855 2 1 0
-96 -213 1691 10 1 0
22757 -86 944 17 0 78
102 -30 546 18 1 0
-160385 177 494 8 1 0
-79 -12 1502 29 1 0
7098 -246 859 18 0 -127
-281877 49 733 8 0 -127
-26280 194 988 8 1 0
-853 20 1461 29 0 20
1303 -243 284 18 1 0
-211721 -229 695 15 1 0
227370 -143 330 15 0 127
-69 -15 1738 14 0 -22
104 92 1991 2 0 127
29016 -209 321 4 1 127
-1099 -207 742 31 1 0
366191 -218 1732 1 0 127
460883 -156 433 23 1 0
10 2 1884 13 0 4
983323 -222 341 16 0 127
-12845 130 340 26 1 127
6656604 -136 1550 24 0 127
288 -69 422 13 0 -54
-608 -202 1222 3 0 -127
4864 -51 1941 27 1 0
271203 85 909 5 0 127
11680 137 1789 13 1 127
-400366 114 710 13 0 -127
226016 -13 985 19 0 127
-521277 -157 1131 20 1 0
1752441 188 1831 31 1 127
-20279 134 1393 18 0 26
-51 110 1125 11 1 82
1 -1 1495 16 0 -1
1104 7 1216 13 0 127
-1789 76 1368 4 0 -127
31349 242 1879 1 1 127
-7655802 122 1852 20 0 -127
-2569 -196 1559 2 1 0
-66 157 1593 12 1 127
1018 134 141 16 0 127
-13333 -207 693 25 1 0
-80 -197 1240 21 1 0
518253 0 2024 16 1 127
7055832 -204 1887 2 0 127
45 -201 165 16 1 0
-59 176 1848 9 0 -37
10088 73 1610 23 0 75
-7251 -2 1480 10 1 0
-8413 235 54 20 1 127
-109733 74 908 15 1 0
1757 156 1500 18 0 127
9140 215 427 12 1 127
-4189470 -109 543 21 0 -127
212503 93 1482 28 1 94
27019 72 1827 7 0 127
20342 53 873 25 1 54
-1720 7 1252 30 0 7
-1535 -245 222 21 1 0
-878 -86 2044 13 1 0
-171142 90 867 29 1 90
-30588 -123 245 27 0 -123
5572032 -159 478 16 0 127
3540346 152 1232 16 1 127
-111 -65 1942 13 1 0
-7198814 -224 1659 9 1 0
1258 17 26 14 0 19
-33 -205 983 12 0 -127
1378 -78 804 26 1 0
1518197 -169 1171 19 1 127
212660 96 320 4 1 127
126 -46 707 17 0 -45
101 -7 730 22 1 0
13391 -150 52 21 0 -127
426877 203 602 26 1 127
-2621471 -95 903 26 1 0
453921 -113 1987 16 0 127
181982 -58 832 23 0 -40
-43 -116 897 19 1 0
93 -84 79 22 1 0
429294 -15 6 5 0 127
-120 -73 319 19 0 -73
-1467 -28 1975 9 0 -127
817 -143 1075 8 0 127
27299 -88 1066 12 1 127
6902265 -122 67 10 1 127
-1985731 -238 517 17 1 0
-1570594 228 21 6 1 0
-7686 26 882 29 1 26
-160642 -38 1393 8 0 -127
7118071 129 1605 0 0 127
-1012 164 1578 15 1 115
701 -221 698 18 0 -127
-381123 49 1574 8 1 0
2314898 -118 204 0 1 127
23 34 1854 16 1 35
120 -128 1352 14 1 0
-1134334 -52 541 26 1 0
-109048 47 1073 6 1 0
-72 56 1092 1 1 0
-31129 -187 1875 28 1 0
80 184 1614 0 1 127
-89 -142 947 3 0 -127
-29199 -9 560 28 1 0
74 19 1944 17 1 20
185193 9 127 1 0 127
307524 247 123 18 0 127
401 178 2032 27 1 127
-54 213 1025 6 0 -127
-1948 196 1983 4 0 -127
356571 190 710 19 1 127
-6151288 -36 430 9 0 -127
-482546 -231 1183 2 1 0
-64 -127 1652 12 1 0
4064847 6 1075 24 1 127
-3694 -143 411 3 1 0
2638727 198 284 11 0 127
-56 -108 482 25 0 -108
-11590 -138 372 22 1 0
-5338791 -42 1878 22 0 -127
472 -132 28 28 0 -127
-5084729 157 1515 8 1 0
1076923 221 31 3 1 127
97 10 538 4 1 127
-494741 -9 13 4 0 -127
1371 96 2030 0 0 127
18471 -216 507 29 0 -127
13685 54 294 26 0 54
213703 -41 601 20 0 81
-1604 46 1113 9 1 0
-21853 25 168 2 0 -127
-264150 17 113 0 1 0
-561360 203 180 13 0 -127
-88 67 578 15 1 65
25006 115 275 31 0 115
-5 -123 1199 29 0 -123
-308391 -100 1935 8 1 0
-21338 -135 1245 29 1 0
113763 -117 204 22 0 -111
67068 -186 473 22 0 -127
-231804 -149 598 1 1 0
4901602 100 619 4 0 127
5793318 -39 1379 27 1 21
61 10 801 30 1 10
3874 8 944 6 1 127
-424473 77 1819 11 1 0
-78 170 1943 25 1 127
16832 -209 87 8 0 127
-116 -161 1760 18 0 -127
23188 -102 360 26 0 -102
-230048 214 1170 20 1 0
744 148 637 9 0 127
-1532 136 452 6 1 0
14804 51 159 0 0 127
-75764 53 412 14 1 0
-37195 -24 880 13 1 0
254245 -175 1895 24 0 -127
-3493 -34 0 3 0 -34
5635321 26 976 11 0 127
451388 129 915 4 0 127
30766 162 1954 16 0 127
-28737 -127 1842 4 0 -127
-2339 118 710 0 0 -127
-99 243 1872 19 1 127
56 -108 859 20 1 0
19824 242 154 31 1 127
25311 72 718 25 0 73
-179878 177 425 24 0 127
30467 109 390 9 1 127
27924 112 1553 9 1 127
23 -30 1810 28 1 0
-244 38 1062 13 1 6
-1336003 206 530 28 0 127
93 240 109 18 1 127
-293703 -120 655 15 1 0
-200183 206 1910 2 1 0
-1302 -124 1829 12 0 -127
-547 -25 1829 17 0 -33
6215361 171 1868 17 0 127
30791 120 63 2 1 127
2698 -93 7 28 1 0
-407604 76 302 21 0 17
1122 119 1811 8 0 127
-25206 -205 577 11 0 -127
-395 -169 691 11 1 0
-1136 130 912 31 1 127
-16990 -189 1245 28 1 0
480673 214 754 9 0 127
87 116 128 2 0 127
-25114 -203 1727 31 1 0
1513 -106 835 9 0 127
-17677 125 1177 10 0 -127
-5733802 67 1539 10 1 0
32 -245 1877 20 1 0
-29163 42 1826 1 0 -127
102436 -172 210 1 1 127
-1580 -2 1733 15 0 -86
450 -169 245 22 0 -127
91489 95 505 4 0 127
1857 92 1051 14 0 127
116 164 18 29 1 127
-2370 194 128 27 1 127
32520 -109 1257 8 0 127
-439895 -94 451 28 1 0
-813 35 1025 5 1 0
-264561 74 1848 9 1 0
146152 39 1400 5 1 127
251239 228 833 5 1 127
1412 -142 1969 20 0 -127
-1315 -34 1458 11 0 -127
-510312 203 642 31 0 127
3563969 235 1910 14 1 127
-399297 144 1213 9 0 -127
-19006 2 1746 11 1 0
15154 124 58 9 1 127
-2 -81 410 2 0 -127
-9827 213 349 11 0 -127
8097447 -177 1617 13 1 127
-463 246 1607 8 0 -127
-6870983 -83 229 3 1 0
19278 210 419 19 0 127
27481 243 1684 17 1 127
-27412 -211 915 26 0 -127
270014 -128 1153 0 0 127
12 -147 1844 28 1 0
-19043 -227 218 21 1 0
92554 -9 1171 28 0 -9
-6339 -67 1953 17 1 0
701 -249 682 23 0 -127
11 -118 1379 8 0 -59
1536 -124 745 9 1 127
15 -80 447 8 1 0
2041 -50 1751 4 1 127
-1515 -174 393 28 1 0
-96 84 49 5 0 -63
-7079 107 753 0 1 0
19 -237 1710 11 1 0
-162 233 14 16 0 127
-15007 -71 811 5 0 -127
-437 -255 1339 3 1 0
-564 -39 1655 6 1 0
102 -179 1011 2 1 127
-113 -38 125 30 0 -38
96 223 1191 14 1 127
1757 221 1383 0 1 127
-61 -234 1320 3 1 0
885 64 81 9 0 127
14681 82 908 16 1 127
71493 198 999 3 0 127
-249 -156 1082 23 1 0
-9173 -53 270 25 1 0
-208228 -25 1557 17 1 0
-50 83 957 22 0 83
-510441 17 1936 22 1 0
-1588 -193 667 13 0 -127
-13969 -127 979 18 0 -127
112 154 1671 12 0 127
-20377 -134 1811 28 0 -127
8554 1 436 29 0 1
2661486 239 815 27 0 127
90 -147 1986 2 1 127
2224004 114 1718 5 1 127
-4953038 228 455 17 0 -127
-3359217 220 1888 1 0 -127
-3210 -107 1576 19 1 0
84 228 495 5 0 127
-33 167 1696 10 0 112
1392 31 521 10 0 127
380662 101 1806 22 0 127
-859 8 1168 0 1 0
513327 56 981 14 0 127
-1604 94 75 25 1 94
4326398 153 1440 22 0 127
-114 -233 889 19 0 -127
-27331 252 181 26 0 127
-1252998 -115 794 17 1 0
-1988 -68 86 1 1 0
-169537 67 1751 16 0 -127
-387778 157 1412 28 0 127
-244504 -249 1788 6 0 -127
-7912 241 179 4 1 0
-1079 90 287 29 1 90
-297026 -91 257 2 0 -127
3773 -207 111 20 1 0
-9924 138 1290 10 1 0
28856 -184 1426 16 0 127
17690 -241 1266 8 1 127
4667994 -69 1795 31 1 0
4790062 173 1244 26 1 127
-21204 245 1487 9 1 0
12975 -168 952 30 1 0
-1301 184 835 20 0 127
97 -44 1580 2 0 127
700 -6 1769 12 1 127
27978 162 1262 0 1 127
355441 -139 764 9 0 127
143233 5 1153 12 1 127
71 -71 60 8 0 -54
-139391 -224 1695 20 0 -127
-5261070 22 1191 24 1 0
-270727 60 2034 0 0 -127
-9732 -251 1895 4 0 -127
-4629074 -23 1797 4 1 0
-345642 -185 1548 2 0 -127
13894 30 2030 22 1 37
17825 9 5 4 1 127
14468 137 228 27 0 127
-1484 -116 1041 3 0 -127
438167 114 1867 5 1 127
1062 -248 699 30 0 -127
-18489 2 928 26 0 2
-8901 171 1430 13 0 -127
-5537 81 147 22 0 81
109 36 669 26 1 36
181984 -53 909 7 0 127
-4538455 -66 2044 7 0 -127
-71 -216 523 15 0 -127
-27353 -231 987 11 0 -127
7248798 189 1250 1 0 127
5698149 -43 1765 27 0 32
-1901 -13 223 8 0 -127
-19159 -143 512 9 0 -127
-40 157 887 24 0 127
24507 -109 734 25 0 -108
-128 -124 796 29 0 -124
-399572 31 9 19 1 24
233320 -203 1660 29 1 0
178 -217 1569 3 1 127
4 217 1389 24 1 127
-19436 -208 183 17 1 0
-59 25 1498 21 0 25
-53 198 1153 30 0 127
670 136 865 2 0 127
62 64 703 14 1 67
-10556 143 1908 0 1 0
-4013334 -223 1107 27 0 -127
-115 191 415 9 1 98
-28 -125 1427 17 1 0
1447 96 1409 11 0 127
-124491 165 720 15 1 0
1819 26 1898 29 1 26
-18834 -219 1194 24 0 -127
1574 -121 879 17 0 -110
5291917 -7 1462 10 1 127
-878417 -216 2006 28 0 -127
-9078 140 1678 11 1 0
6980512 -102 226 23 0 86
-283038 137 1704 23 0 80
-2464108 -200 1269 5 1 0
6436 -182 1410 13 0 127
-105 -108 290 4 1 0
1321 -173 323 11 0 35
-249405 -173 1959 3 1 0
3341730 -54 1136 27 1 0
247221 -231 981 16 1 127
-3016505 -139 557 15 0 -127
-8822 93 1802 14 0 -127
69 134 1844 23 0 127
329331 -122 833 22 1 0
32404 84 1818 29 0 84
-10 57 464 20 1 57
-77 44 177 27 0 44
460232 50 1304 10 1 127
36 -81 1707 22 0 -81
32021 31 300 17 1 104
23 -82 1418 27 0 -82
-2179521 -119 1424 13 0 -127
-12 -161 823 8 1 0
-315118 117 249 26 0 116
15855 180 1686 23 0 127
-19279 20 374 9 1 0
-569686 79 161 3 0 -127
-433016 -239 202 9 1 0
-229507 -166 1112 26 0 -127
-1365 52 1585 18 1 44
-2492091 6 1655 3 1 0
3102324 -70 1691 6 1 127
348574 119 1624 6 1 127
-9522 56 4 17 0 56
-855 -9 1610 31 1 0
-169 8 1657 20 0 8
26058 -52 254 7 1 127
-1199 -163 1307 12 0 -127
-402619 -230 1508 24 1 0
11687 -200 216 11 0 127
-56340 -112 285 18 0 -127
38129 -210 467 11 1 127
4865174 4 926 26 0 71
-24751 147 2013 31 1 127
-365118 -85 102 13 0 -127
868 172 1860 17 0 127
431281 -176 147 21 0 -127
-376 155 993 24 0 127
-60 171 980 24 0 127
-9 -18 140 3 1 0
-6843 13 60 4 0 -127
-926 187 2024 27 1 127
-4951 132 1860 1 0 -127
-4006878 86 303 11 0 -127
84648 146 1528 15 0 127
-23356 107 1368 14 1 0
-14736 110 1566 17 1 0
-1839 -46 1893 20 1 0
170 137 917 10 1 127
-1423 45 1596 23 1 45
-55 -116 1832 18 0 -116
32 -52 1651 17 1 0
28 -224 1340 28 0 -127
26 232 667 17 0 127
-10 -84 1294 6 1 0
154797 30 207 30 0 30
-102 227 1196 26 0 127
-403944 251 1191 15 0 -127
-5383257 -229 1524 9 0 -127
-1263 -157 1309 14 0 -127
-737711 48 1841 16 1 0
-24746 -145 77 19 0 -127
82 -12 45 27 1 0
1033359 -164 299 29 1 0
20875 -118 1895 9 0 127
-332589 -179 1427 30 0 -127
-1642 219 355 3 1 0
835628 110 433 12 0 127
123346 -53 1345 15 0 127
-105918 10 969 31 0 10
1812 -157 1280 18 1 0
42 120 1404 20 0 120
4367239 121 26 4 0 127
-270406 -90 1163 20 1 0
1016 -85 338 23 0 -85
6685124 -89 93 5 0 127
-44 246 1948 29 1 127
-27046 -148 1583 7 0 -127
-1420 -149 800 29 0 -127
-66 150 659 28 1 127
41 20 1875 5 0 127
-17216 126 350 14 1 0
29755 134 1404 3 1 127
-361 -203 1004 8 0 -127
-22400 113 889 15 1 0
-7481566 246 463 13 1 0
195102 -2 538 11 1 127
-22857 151 341 16 0 32
-177480 120 645 1 0 -127
-38065 250 1110 27 0 127
1980 82 656 18 1 87
-782410 -217 490 28 0 -127
-1855 254 1502 0 1 0
323 -8 1976 4 1 127
-371786 -190 603 6 1 0
293544 230 1787 31 0 127
-93 -32 1049 27 0 -32
3118055 -251 590 21 1 127
-217322 137 21 20 1 127
5426836 -204 946 28 1 0
-496020 -199 677 20 0 -127
-468270 133 965 4 1 0
-915 19 225 14 1 6
-5300 -110 1177 17 1 0
3684681 -84 1700 10 1 127
-1060 -235 1751 24 1 0
-927 -8 1049 3 1 0
-5 175 152 30 1 127
13344 -231 141 4 0 127
-83 -45 833 24 1 0
-84 54 1316 14 0 47
-118 -9 449 8 1 0
-7154827 -216 590 23 0 -127
349711 -78 1146 23 0 -30
-856 55 1562 19 1 52
-170948 -19 470 28 0 -19
-100 100 1130 6 0 -127
-17834 207 1262 17 1 35
1457 252 1011 0 0 127
261 -56 162 25 0 -56
-2990 -81 423 24 0 -81
16339 -64 1235 27 0 -64
2571 30 1335 26 1 30
407 152 193 24 0 127
-2018 -205 810 14 0 -127
-5409282 117 620 27 0 92
75 -88 757 26 1 0
-7 231 11 12 0 127
-3468496 9 1301 28 1 0
-87 166 1134 27 1 127
-13810 129 351 1 0 -127
-1377 143 1855 29 1 127
372637 10 1577 6 1 127
-1628227 224 1820 7 0 -127
-63 61 462 4 1 0
-114 -117 368 5 0 -127
-417013 14 759 8 1 0
-295339 107 1833 4 1 0
107 21 695 18 1 21
-388626 -246 1670 24 0 -127
101 216 781 16 0 127
-93 -127 115 18 1 0
-1 58 1866 12 1 58
-26 -4 1879 13 0 -10
-4409228 -28 1804 29 0 -43
1810 96 1584 30 0 96
23574 -252 527 6 1 127
4123448 40 179 11 1 127
268 55 970 21 0 55
618 107 518 15 0 117
104 -191 1483 14 1 0
-13668 -24 272 28 0 -24
2916987 196 679 29 1 127
-64 -85 1289 22 0 -85
-1808 -101 94 2 1 0
-104032 -224 1020 7 0 -127
-120 103 453 25 0 103
-1884 -127 1381 1 0 -127
-105 -137 1854 14 0 -127
7642541 224 307 6 0 127
-3754739 -25 755 5 1 0
1250 -11 626 26 0 -11
-15325 99 419 7 0 -127
-10 -125 447 12 1 0
15205 141 132 5 1 127
-1312 -2 1593 13 1 0
-3637048 228 1239 26 1 127
473 19 650 2 1 127
3874 35 488 7 0 127
-34 -166 1555 0 1 0
-1227 -151 364 21 1 0
-75 93 787 15 1 91
1289455 39 1470 11 1 127
1798 -165 794 28 1 0
-80 -222 529 19 0 -127
72 -129 618 30 0 -127
-484391 207 388 26 1 127
-1486 -174 633 8 0 -127
1086 -53 754 12 1 127
1863380 151 924 7 0 127
-6421857 238 581 6 1 0
169 164 1635 10 1 127
127 111 1053 7 1 127
-112 173 472 15 1 127
-362676 -111 1747 21 1 0
-1584 184 902 8 0 -127
7804442 -93 620 2 0 127
7014808 153 626 25 0 127
-6006946 -186 1158 13 1 0
114 129 233 10 0 127
-728 254 1651 13 1 107
-69 -183 736 25 1 0
-164300 -200 673 12 0 -127
6643929 -108 1798 10 0 127
-1448 -244 1818 25 0 -127
-3 -4 2026 9 0 -16
-1233 -151 826 29 1 0
27304 -14 29 14 1 34
-5943655 -174 253 29 0 -127
-46 -223 1752 12 1 0
-178699 96 1614 3 1 0
-289624 78 643 31 1 78
124 -26 1380 7 1 127
-3 147 769 4 0 3
-25914 209 153 21 0 127
-4956 -183 779 11 0 -127
8440 165 411 29 0 127
29053 -125 794 22 1 0
-60 85 1153 26 0 85
363147 -211 1077 3 0 127
109 60 1706 31 1 60
1842 -209 1610 19 1 0
-522 -80 962 22 0 -80
9050 34 1547 9 0 127
-438384 97 1036 21 0 -120
-1966 51 386 24 0 51
-336730 235 1585 23 1 127
-18898 -254 1475 8 0 -127
-6455088 -48 956 5 0 -127
-20957 -123 1105 26 0 -123
379662 -201 1046 30 0 -127
-1051 235 1741 19 1 127
3986971 153 1498 13 0 127
-611 23 1810 20 1 22
1983 -243 166 14 1 0
3831184 0 982 18 0 127
-4 228 179 31 0 127
-435815 -54 1133 9 0 -127
5718636 80 2019 14 1 127
-30397 -229 1479 17 0 -127
-7005 107 1672 30 0 107
-2027 -113 1808 26 1 0
3 -12 1021 29 0 -12
-15656 179 995 10 1 0
9008 164 636 19 1 127
-411960 -198 1370 14 0 -127
28008 -143 723 30 1 0
-210720 -223 965 22 0 -127
1922 -50 610 23 1 0
107 -110 1864 0 0 127
1537091 -6 1516 24 0 127
231675 173 1798 4 1 127
990 186 1999 23 0 127
432629 26 1265 6 1 127
28911 86 1548 9 0 127
-7 -25 1883 9 0 -51
88 -218 1245 5 0 127
-488 -222 451 17 0 -127
1041600 235 455 10 0 127
95 -115 601 11 0 -87
-181 -249 1633 9 0 -127
79 212 174 18 0 127
419948 -112 1272 11 1 127
-2279 45 748 12 1 0
31040 158 473 19 1 127
15 -190 88 18 0 -127
333 -215 1769 6 0 127
-19952 -211 1894 17 0 -127
-30375 109 357 0 0 -127
854 191 571 15 1 127
-375523 164 1623 29 0 127
14811 -157 852 18 1 0
5222682 -155 322 13 0 127
-8573 -69 1685 16 1 0
1431 -73 722 20 0 -72
531 -144 1537 24 0 -127
101 147 776 25 1 127
103 -51 1346 30 1 0
-7268128 -202 1023 15 0 -127
126 96 1173 2 1 127
-96 175 79 23 1 127
645 195 153 18 0 127
-3984499 125 1579 18 1 0
493 127 1534 31 1 127
446 -13 1337 4 0 127
97 -142 1623 30 0 -127
-1900483 -184 659 21 1 0
-3272 -163 1993 16 0 -127
-24867 -254 1840 29 0 -127
-3266568 -138 571 23 1 0
1922 202 1113 9 1 127
-466863 165 1350 5 0 -127
-383002 220 1339 28 1 127
2772307 38 1335 30 1 41
87277 69 1530 21 1 127
339003 164 2044 9 1 127
3242979 -154 1119 6 0 127
-32184 -3 531 13 0 -127
-22889 -102 1344 18 1 0
2589533 195 1540 31 1 127
98 128 846 20 0 127
-8211261 -86 75 0 1 0
3985 -97 673 0 1 127
107 168 569 13 1 127
-6005032 -164 314 29 1 0
2956911 -74 470 2 1 127
5104161 76 468 22 0 127
10521 99 377 12 1 127
-2885365 -89 1472 7 0 -127
-2431 -24 1323 5 0 -127
-182047 -5 1322 23 0 -34
23 -47 1621 23 0 -47
-1446990 -91 1783 3 0 -127
-161 56 1832 24 0 56
7418737 -108 1941 9 0 127
9400 -231 877 10 1 127
-594 -68 898 7 1 0
-97 -247 1385 19 1 0
-2787358 142 982 4 0 -127
4398153 69 74 14 1 127
-609 155 1606 23 0 127
19346 -207 409 29 1 0
908 9 1038 17 1 16
13 -139 1950 13 1 0
3 23 1138 22 0 23
-4362756 -3 1370 26 0 -92
9331 -78 1029 30 1 0
94 -192 1365 18 0 -127
566 -50 788 19 1 0
682 -148 795 4 0 127
163652 159 1914 26 0 127
0 -105 516 28 0 -105
1010 -255 418 30 0 -127
-56203 -220 1644 13 1 0
-328378 173 603 0 0 -127
-32 -129 1795 17 0 -127
445003 -139 566 18 1 127
12670 -240 1615 17 0 -84
3371821 -84 469 3 1 127
-6855315 -2 1486 23 1 0
5769045 -161 899 15 0 127
-105 -13 236 21 0 -13
1142 -231 721 30 0 -127
-61 152 399 16 0 127
-5727895 86 1543 20 0 -127
3802763 -28 355 31 1 0
261470 183 1263 19 0 127
577 88 1563 27 0 88
57 -180 1633 17 0 -127
-91 27 1653 2 1 0
185431 18 114 22 1 23
12313 -130 1202 18 1 0
121 24 1758 19 1 24
-115 -59 1676 21 1 0
1837 193 983 9 0 127
12511 94 1619 6 1 127
-87 171 581 7 1 0
617 76 1873 11 0 127
435445 -47 1730 2 1 127
82 206 581 0 1 127
-74 89 1630 27 0 89
-39334 -116 182 5 0 -127
-12914 165 909 28 1 127
14853 -90 507 21 1 0
-79919 68 1764 28 1 67
1819 -16 1944 20 0 -13
-271971 -60 1940 2 0 -127
7474504 116 530 18 0 127
260115 22 1445 20 0 127
6676417 -237 1835 22 1 127
-157872 97 6 0 1 0
1670 -60 750 16 1 0
1407393 -212 1313 2 1 127
-1753 42 1103 6 0 -127
-106 -176 700 21 0 -127
204 192 1651 16 1 127
-12570 -135 868 27 0 -127
1231 -156 1947 31 0 -127
9543 -226 177 19 0 -127
1743 -35 2035 10 1 127
82544 125 1400 15 0 127
3165912 -178 952 28 0 -127
-271 -129 944 21 1 0
-32516 -232 1579 30 1 0
-5194088 -48 974 25 0 -127
-1801 63 1796 26 1 63
42782 -13 1214 12 1 127
-759 -92 439 10 0 -127
-575 -184 1307 31 0 -127
-7346783 -130 1232 0 1 0
-5798340 -240 1237 8 0 -127
1353670 235 864 11 1 127
6148121 -12 168 25 0 19
594 -187 1395 17 1 0
-31332 253 993 29 1 127
304 213 70 15 0 127
-4455 -2 807 5 0 -127
100 217 1954 5 1 127
9716 57 870 28 1 57
377930 -14 1078 12 1 127
31121 -188 1691 7 1 127
-54 143 1728 27 1 127
501736 -191 1505 1 0 127
-111 239 1315 0 1 0
3629575 -56 782 31 1 0
415 17 1645 1 0 127
481 -237 1201 0 0 127
-1616463 -124 1908 4 1 0
1797 158 1609 15 1 127
6435840 -67 372 3 1 127
-7415197 173 755 26 0 90
-821 -223 502 25 1 0
6064474 -212 954 8 1 127
15805 65 1439 17 1 127
-45 -185 1579 11 0 -127
-6934262 228 1146 19 1 0
-48 236 88 27 0 127
60 -219 114 11 1 0
-6026450 -161 1905 24 0 -127
597 -208 1109 22 1 0
4890577 -9 1917 20 0 127
1620 48 407 28 0 48
-502288 -180 1459 29 0 -127
44 137 911 5 1 127
-1430 5 1601 0 0 -127
-12765 249 1659 27 0 127
-380962 -72 1333 16 0 -127
-213685 -59 1056 26 0 -62
-348376 15 302 16 0 -127
687 145 743 9 0 127
-712 -19 998 26 1 0
94 -24 1278 9 1 127
18507 48 1781 15 0 127
394 132 284 28 1 127
-2047 -49 176 18 0 -50
-301768 -187 555 6 1 0
107 -195 1075 12 0 -127
1971680 -74 760 0 1 127
50055 -74 1177 24 0 -70
26615 218 185 0 0 127
38 -181 558 17 0 -127
16 122 1453 1 1 127
1583229 -227 556 16 1 127
12847 -50 621 12 1 127
468453 -56 279 14 0 127
11 -128 1965 2 1 127
-16286 21 762 12 0 -127
-1366 -253 1285 31 1 0
544 -27 1874 7 0 127
-675 -99 1016 26 0 -99
23286 238 616 30 1 127
367403 -38 641 19 0 127
1556 50 1914 14 0 127
-173 -126 1262 18 1 0
-11892 188 1622 27 0 127
-520 -20 1736 0 0 -127
407220 -106 227 9 1 127
1911 86 867 17 1 99
21 77 947 0 0 127
214 -66 1622 6 0 127
1780 -63 30 24 0 -63
-19277 171 485 5 1 0
49 -165 1061 26 1 0
1270 227 465 11 0 127
-3211763 160 1682 7 1 0
19421 176 60 24 0 127
-1971 -54 616 15 1 0
-86610 -64 426 11 0 -127
-10 163 1058 14 1 127
18917 -75 1284 17 0 110
2951 -108 130 12 1 0
16622 -70 1128 7 0 127
1781530 -91 1807 7 1 127
-165604 34 1980 19 1 0
104 -30 186 18 1 0
8615 -75 1027 7 1 127
-6084972 -57 1341 7 0 -127
239 -242 1513 18 0 -127
1069 -209 173 0 0 127
11 115 1273 28 1 115
1680 -108 783 28 0 -108
-66 117 1466 7 0 -127
-118 155 628 18 0 127
2015 -79 1844 13 0 127
-572 8 1712 25 0 8
7405508 -133 1577 10 0 127
6254155 -190 865 22 0 127
-153950 -8 2018 21 1 0
-9828 -181 1502 28 0 -127
1323500 -160 740 11 0 127
-4792996 -70 427 25 1 0
-4185115 -49 1211 30 0 -54
1822 137 1026 6 1 127
-217357 -88 1915 1 1 0
791 -109 1343 2 0 127
-3784 41 1471 4 1 0
12 147 984 5 1 127
-493355 147 1680 13 0 -127
-7754609 -94 59 0 0 -127
-3813717 4 43 31 0 4
940 60 1766 4 0 127
65302 -165 1027 1 0 127
876 150 1422 28 0 127
4208293 -245 1032 25 1 0
422690 114 1855 13 0 127
27 195 1881 13 0 127
7840434 -22 459 16 1 127
280515 -4 848 11 1 127
58 10 1480 20 1 10
-96 -200 433 5 0 -127
1194 46 1643 11 1 127
-31835 13 371 1 1 0
-12 -181 1098 29 1 0
29821 12 363 30 0 12
5829921 -67 333 25 0 -9
1329 -164 94 7 1 127
-206268 6 56 3 1 0
45 183 77 30 1 127
-38 -185 373 4 0 -127
100 224 1005 23 0 127
990680 31 541 25 0 47
1153 156 1582 27 0 127
-566 63 747 25 0 63
-1952539 249 377 10 1 0
431816 -175 344 9 0 127
1822315 -245 1837 17 0 127
495834 -158 166 23 1 0
-118 -193 1850 31 0 -127
636623 -159 1680 11 0 127
473132 210 392 11 1 127
-90 -224 1622 13 0 -127
-13284 -159 732 12 0 -127
13 122 1211 22 1 122
12612 -50 314 18 0 -35
117 -202 244 2 1 127
-1351 107 345 4 1 0
-26215 -254 1680 17 1 0
1576 139 1573 13 0 127
27586 -246 989 5 0 127
-13 74 1189 18 1 74
309027 -52 74 25 1 0
-2497549 -242 1422 27 1 0
60 220 85 0 0 127
118 117 1239 0 1 127
29498 -194 1242 14 1 127
-487237 -140 1297 9 1 0
963561 229 1160 7 1 127
-25298 -24 1616 29 0 -24
1513 -163 963 21 1 0
40 -244 729 4 0 127
-22273 102 1677 26 1 101
6601640 -6 734 4 1 127
-1271853 173 907 31 1 127
-48 159 1471 24 0 127
-96 255 125 4 1 0
114 143 1719 6 0 127
3850678 83 60 3 0 127
-157 20 1900 22 1 20
-48 -240 1313 29 1 0
305355 -12 1701 9 0 127
-1865089 -35 234 28 0 -37
1211 147 1310 19 1 127
29263 40 1041 15 0 127
219607 -40 298 8 1 127
6613964 130 843 18 0 127
2 110 1565 2 0 127
-3701 199 372 3 0 -127
-6042 -151 1429 10 0 -127
-16 117 1428 16 1 117
-29650 -231 902 22 1 0
956906 13 195 0 1 127
-65 -205 758 11 0 -127
-1499425 169 1041 5 0 -127
6493263 -9 979 17 1 127
-261810 253 789 30 1 127
306121 -141 1009 31 0 -127
-636 120 1803 21 0 119
1012 -243 1595 31 1 0
39892 -45 68 14 0 121
-469958 245 26 10 0 -127
1902965 -215 1942 28 0 -127
-104 -41 1080 26 1 0
-88 -161 106 29 1 0
-5735672 -64 125 5 1 0
-432291 19 1719 8 1 0
-20 131 1036 11 1 121
-3353692 145 229 23 1 53
64 30 788 11 0 55
113 211 1768 26 0 127
-106 -174 4 16 1 0
-318830 -118 78 21 1 0
12859 -231 447 13 1 127
498 212 426 26 1 127
86258 193 445 24 1 127
-371 144 1482 18 1 127
22454 -50 99 13 0 127
73 -201 1463 16 1 0
-7436560 -176 269 24 0 -127
115 -14 1234 26 1 0
14940 -105 468 21 0 -102
-106 -60 1964 10 0 -127
-1180 9 1133 18 0 4
7190725 -223 441 9 0 127
-355338 -124 84 0 1 0
383518 -42 811 4 0 127
1180 -235 427 7 0 127
93 -247 1348 18 1 0
-312935 13 1952 10 0 -127
-367225 -196 1352 1 0 -127
7971681 -246 1186 30 1 0
3809 -222 958 26 1 0
127 49 108 24 1 49
-357996 -128 649 17 1 0
5660802 110 1572 6 1 127
-5730384 -190 266 30 0 -127
54 2 508 15 1 3
-28 64 1623 12 0 53
-20 -111 683 7 1 0
-5173963 22 2013 3 1 0
-68 231 246 31 1 127
6750233 -192 1968 25 1 127
28117 204 640 3 0 127
-7825335 -75 1563 18 1 0
1 -178 1730 4 0 -70
-9 -146 1525 15 0 -127
5981543 -44 1490 29 0 -27
-1252 -19 1613 0 1 0
-16234 -171 83 30 1 0
104765 -200 341 5 0 127
-58 -209 1535 15 1 0
20 186 828 31 1 127
133 -183 1508 2 1 127
-74 -13 323 0 0 -127
63 -64 448 11 1 0
820 -222 468 29 0 -127
1566 232 597 30 1 127
130959 -118 586 1 1 127
-7757937 207 1823 25 0 -127
-28459 243 739 28 0 127
-25 103 89 11 1 102
-57 157 974 4 1 0
-3392809 -111 1564 25 1 0
2984631 -23 425 27 0 -14
-16740 -23 637 10 0 -127
3623 -198 1612 28 0 -127
-927512 -123 1028 2 0 -127
6264381 210 1863 19 0 127
2441296 -166 1489 20 1 127
11803 -71 1853 29 1 0
-1502254 127 1979 27 1 105
5508440 115 901 19 0 127
-1724 172 1288 15 1 104
1413 -226 1778 6 1 127
-654 -7 891 6 1 0
-22560 -252 1124 18 1 0
-5650105 131 632 2 1 0
67564 -114 1337 4 1 127
1493 -8 348 25 0 -8
-26 -153 270 27 1 0
-479050 -158 579 1 1 0
86 251 1153 17 1 127
96 -97 100 22 0 -97
-5144 -18 375 17 1 0
-525 -45 894 22 0 -45
-6351 42 1800 27 1 42
-32196 -78 1381 10 1 0
-271568 117 1992 1 0 -127
-1530 191 682 8 0 -127
5635826 -243 1696 27 0 -127
-8843 90 1110 6 0 -127
-720 241 348 3 1 0
1914 237 2018 13 1 127
-22804 113 476 20 1 103
-36 -242 1823 5 0 -127
19671 59 1842 30 0 59
1615 -176 993 31 1 0
1758 193 1781 9 0 127
-45 47 1320 30 0 47
1577578 130 274 19 0 127
432023 -76 1554 17 0 127
1522 61 366 28 0 61
89132 -82 1962 26 1 0
-1222 118 457 27 0 118
67 -152 243 19 1 0
138 142 1391 3 1 127
26 -221 722 8 1 0
-14 -191 1138 2 1 0
285486 37 1422 6 1 127
30 204 1245 8 0 127
-5501125 -188 374 16 0 -127
-66 84 616 20 1 84
207891 193 1439 22 1 127
4820013 -121 1017 4 1 127
-20198 -143 1616 5 0 -127
-6884886 -37 1605 17 0 -127
-58 -38 889 8 1 0
56 118 1294 23 1 118
163474 -124 1379 18 0 127
88 237 763 24 0 127
-249807 129 461 6 0 -127
-25738 224 149 21 0 127
1408 -191 1054 14 0 -100
998 -82 2022 23 1 0
32424 2 1805 6 1 127
-305203 -166 894 4 1 0
-177 48 1989 1 0 -127
-100 2 2043 26 0 2
14602 -54 1972 13 1 127
11091 19 195 26 1 19
47 -78 217 4 0 127
-72 10 1258 26 1 10
-127 143 967 25 0 127
-7025281 189 1395 15 0 -127
123378 99 2028 21 1 127
11066 -16 536 19 1 0
3732294 221 1169 10 1 127
3529844 133 1819 26 1 127
107 47 1821 7 1 127
3630245 -63 124 7 0 127
25062 229 1453 1 1 127
-290348 176 17 0 0 -127
74 184 271 28 0 127
-90403 117 1429 23 0 102
378018 -49 1630 25 0 -31
-25231 -103 1007 27 0 -103
6052834 -104 73 5 0 127
-5553 126 607 13 1 0
-1096 1 573 12 1 0
127 -66 1650 31 1 0
-434798 -42 1635 13 0 -127
5653415 -10 1310 25 1 127
17 -190 1060 16 0 -127
13231 -87 1907 13 0 127
6675989 -245 1855 19 0 127
-69 6 1196 13 0 -4
2210 96 943 31 0 96
1844 133 1729 3 0 127
8 -15 618 29 1 0
-39136 180 107 10 1 0
1481 -36 250 24 1 0
-74 -34 555 4 1 0
-66 3 551 7 1 0
55847 208 1614 5 0 127
-24232 -249 1948 27 0 -127
16863 -238 1092 26 1 0
-1298 61 803 9 0 -127
-1455 205 298 31 1 127
3504647 -32 1355 9 0 127
-83 189 1582 25 1 127
-11631 86 218 22 1 85
-3533809 -120 1156 16 1 0
-14369 14 3 20 0 14
-1984 81 39 7 1 0
101 -59 377 15 0 -58
-127 156 1122 0 1 0
-849 221 773 3 0 -127
7236414 -161 271 18 0 127
19128 -167 1312 18 1 0
27124 57 1927 6 1 127
-3004258 -173 330 17 1 0
18873 204 644 22 0 127
28566 -86 1338 17 1 127
-78 205 1239 23 1 127
-288447 58 677 22 0 11
-9603 -207 1861 8 0 -127
16186 -139 1881 25 1 0
2288823 68 1314 27 0 90
-1995986 59 508 27 0 51
-1859 -222 243 17 0 -127
-1658072 -145 1342 13 0 -127
3074457 8 957 5 1 127
-5787062 216 998 10 0 -127
13968 -82 2006 2 0 127
103 172 1701 8 1 127
14 198 1937 29 0 127
315413 126 1083 30 1 126
-301196 241 1244 3 0 -127
732 83 226 17 0 84
-42 -240 1063 9 0 -127
-104 94 1573 31 0 94
-8157438 -190 1567 30 0 -127
-4188 -145 1698 19 1 0
30907 91 1938 18 1 127
1234 -95 1894 18 0 -86
-26384 149 44 26 0 127
-26892 -243 1622 29 1 0
1941 55 1027 11 0 127
470964 -43 1901 8 1 127
-14414 39 35 6 0 -127
27562 174 1456 26 1 127
50 178 1806 4 0 127
283 -227 284 15 0 -127
-358754 134 1861 9 0 -127
-1767 149 253 27 0 127
66 174 1513 17 0 127
80 -18 1459 17 0 -17
2259 -111 683 20 1 0
125 -61 1689 17 0 -59
-951158 -116 1265 27 1 0
-1237 133 496 15 1 114
45617 -150 4 6 0 127
-14347 241 512 9 0 -127
-400785 -10 605 29 0 -10
24603 -208 822 0 0 127
-30244 70 1029 5 0 -127
5982 -61 1401 23 0 -60
113 237 541 20 0 127
-31223 150 2037 5 0 -127
-124 -59 1984 26 0 -59
-695 -145 1540 3 0 -127
8140934 -29 107 29 0 -27
313 -249 872 22 0 -127
-31836 -110 68 9 0 -127
-1080 133 648 19 0 127
205644 115 1642 9 0 127
-1063071 -90 1772 3 0 -127
-25399 243 990 16 0 -127
-334 -165 1733 6 0 -127
-20844 -122 1465 16 1 0
29432 -168 19 1 1 127
-368480 117 1844 16 1 0
676 -6 2023 30 0 -6
15063 128 280 2 1 127
6521252 -215 1507 2 1 127
1891 -91 1965 31 0 -91
-2362217 210 1251 10 0 -127
127 -205 890 11 0 -127
24602 -131 1661 21 0 -112
838 227 905 1 1 127
332186 254 2040 9 0 127
329831 35 512 11 0 127
3061 209 484 12 0 127
33 97 1832 27 1 97
25877 251 1607 22 0 127
259130 -34 1362 9 0 127
2747629 104 472 20 0 127
-3119883 88 746 11 0 -127
17522 67 136 28 1 67
5766474 66 272 10 1 127
-19099 -138 477 13 1 0
2369507 -120 1209 18 0 127
-36548 -247 1530 22 1 0
-13469 245 1444 5 1 0
-26 97 1326 11 1 80
21973 -179 762 25 1 0
385717 82 1633 10 1 127
-95 219 1909 27 0 127
-30051 -162 1406 24 1 0
-81 74 561 13 1 68
-19210 -73 218 11 0 -127
-240214 -86 1118 10 0 -127
-712852 204 1020 28 1 127
-13 44 1332 30 1 44
99 110 940 28 1 110
-90 18 1465 2 0 -127
-401695 244 587 25 0 127
42 -81 1595 24 0 -81
33 100 724 27 0 100
629 -180 1389 26 0 -127
-468895 -215 273 19 1 0
-4766117 -92 1420 17 0 -127
460 47 279 17 1 48
91809 240 1197 19 1 127
1835 148 425 2 1 127
28533 -74 1716 25 0 -73
-116902 -253 33 17 0 -127
6727019 101 962 24 0 127
-234376 96 874 9 0 -127
-106 62 1668 10 0 -111
-252 -157 2025 20 1 0
-206822 -184 986 15 0 -127
25745 246 1135 18 0 127
-28198 -140 84 8 0 -127
1879 24 897 16 0 50
53 -241 720 26 0 -127
5565 -253 1971 12 0 127
-6459684 -127 1459 17 0 -127
122 116 1592 28 1 116
-278782 -201 1203 19 0 -127
-92 172 107 7 1 95
156243 102 1746 19 1 127
-5527526 169 895 16 0 -127
-4090052 13 1579 3 0 -127
-128 68 27 14 0 68
-13 128 43 21 0 127
-78 96 551 6 1 0
-521948 -105 1305 25 1 0
16956 65 89 13 0 127
1641 87 1729 16 1 127
2 -23 237 21 0 -23
3 -145 1579 24 0 -127
4508673 -52 1411 12 0 127
3 -229 1123 8 0 -127
-54 -134 1007 4 1 0
2072860 -71 719 15 1 127
-51 -133 1215 0 1 0
-6699328 -195 492 10 1 0
-7764321 -31 783 17 1 0
327963 -201 1131 29 1 0
-214 -17 935 11 1 0
248729 199 191 30 0 127
-104 224 1523 28 0 127
16 -96 123 10 1 0
-161142 114 1753 2 0 -127
1050 -29 1838 14 1 89
-118 -174 793 3 1 0
-45 -223 411 15 1 0
97 -47 1041 5 0 127
-64 -230 44 0 0 -127
3804894 137 1905 31 1 127
-9524 -83 751 9 1 0
35 99 1633 17 1 99
-1899 44 571 12 1 0
60 135 911 24 1 127
-94 20 550 11 1 0
538238 -85 1051 19 1 127
-105113 -227 1305 9 0 -127
-1288 181 316 2 0 -127
-168441 -243 302 30 1 0
5019353 -145 313 29 0 -127
55 192 343 5 1 127
-99 242 1662 15 0 127
26 135 1078 13 0 127
-1944 -199 1743 2 0 -127
-1321 235 1747 21 0 127
30416 -172 23 31 1 0
22151 152 495 31 1 127
23480 -26 199 2 0 127
254662 -238 1698 31 1 0
69 192 1704 13 1 127
-1026 31 778 21 0 31
-204589 -151 1374 11 0 -127
-64 17 30 17 0 17
-235578 -86 1774 5 1 0
-24873 -12 434 6 0 -127
1547342 227 117 24 0 127
705846 8 176 28 1 8
-32393 82 1671 1 0 -127
8125 -152 2016 9 1 127
-5 -3 1709 9 0 -20
-261988 -232 447 28 1 0
-8 -129 1831 19 0 -127
1498 -83 1987 12 0 127
-90009 -30 2046 16 1 0
-15 -3 390 3 1 0
-1838979 190 652 3 0 -127
-30886 -113 776 24 1 0
474597 -229 437 17 1 127
-1250 27 728 12 1 0
-2 117 935 30 0 117
18554 -117 1413 30 0 -117
-161643 -216 252 6 1 0
6633537 -209 361 24 1 0
-18 93 126 31 0 93
-1155160 -230 208 16 1 0
-267916 78 1021 19 0 -127
15224 -52 2001 31 1 0
-516047 -85 1375 18 0 -127
-1500 -37 391 7 0 -127
-102 246 1642 28 1 127
1855 66 1588 16 0 111
31586 237 1820 0 1 127
1394423 -152 288 0 0 127
12414 -184 181 13 0 90
-29 43 333 22 0 43
7224151 -218 158 28 0 -127
-5910181 -198 419 10 0 -127
-28703 -253 1118 0 0 -127
-165214 -212 1044 19 1 0
-4013748 8 1860 22 1 0
18496 -236 818 2 0 127
31611 -207 1265 17 0 98
18138 226 1066 15 0 127
2718 215 1563 10 0 127
364283 -34 589 10 0 127
-970126 74 1030 21 1 0
429020 -73 1358 4 0 127
781 101 436 7 0 127
5700869 214 1059 30 1 127
-1526 -226 1347 11 1 0
-244 -110 1359 1 1 0
2666 -153 349 7 1 127
15343 -6 1100 4 0 127
210941 -71 523 29 1 0
-121 -90 1296 24 0 -90
-415376 -245 536 9 1 0
-79 -26 286 20 0 -26
433 -86 1369 21 1 0
-686 177 1501 19 1 127
-4658621 0 1006 28 0 -17
-5668604 -196 335 5 0 -127
-577593 -120 1905 5 1 0
-100 -251 1298 10 1 0
-1827 10 1697 4 1 0
-13108 -79 197 28 0 -79
126 201 1072 12 1 127
452510 211 132 3 0 127
700 -171 1743 12 0 127
1006 -2 1565 31 0 -2
65330 -130 1669 9 1 127
-393 -93 1165 17 1 0
-1690 -111 1377 4 1 0
9915 -26 1152 14 1 127
-1452 -231 735 21 0 -127
5559295 -43 749 1 1 127
-918801 63 831 21 1 0
-79052 91 1645 7 0 -127
-22815 -213 1316 6 0 -127
247530 35 96 23 1 38
75828 95 818 13 0 127
-6281532 -22 624 24 0 -127
15 11 1081 11 1 19
-180073 164 1840 18 0 -127
746 -203 800 2 0 127
-7852876 -84 800 7 1 0
-21364 -226 600 23 0 -127
-401981 -150 745 30 1 0
1437 -143 1167 12 0 127
101 -94 753 3 0 127
-73 233 413 0 0 -127
-686652 87 960 15 1 0
-37 -23 1620 26 1 0
-7716323 -26 1688 18 0 -127
3124351 172 1719 13 0 127
-9080 -152 1515 27 0 -127
62447 -153 1027 26 1 0
120225 -163 494 21 1 0
-1760 93 1434 19 0 88
-2957 -73 81 3 0 -127
29 154 1584 20 0 127
-1467 -165 1962 9 0 -127
8407 57 2016 29 1 57
124 -221 225 26 1 0
60 -22 567 5 1 127
2807233 -120 93 8 1 127
156 203 936 9 1 127
1584 -140 1305 30 0 -127
-1413 -130 1522 23 0 -127
43 240 178 26 0 127
-343190 -255 296 24 1 0
-293200 12 1692 12 1 0
-5140 160 398 17 0 127
7056435 -211 775 1 0 127
-1240 -60 43 13 0 -67
1871 157 934 19 0 127
-11188 -175 1842 29 0 -127
-449091 -240 965 27 1 0
-341775 42 791 6 1 0
-1224742 -69 1540 22 1 0
-19 -25 395 20 0 -25
-215287 85 289 20 0 26
232 204 1965 28 1 127
1712 -68 419 31 0 -68
409845 -36 227 30 0 -36
4920664 191 1408 26 1 127
2520 19 1999 30 0 19
-52 -15 854 2 0 -127
-294202 230 1134 19 1 0
-18116 15 1477 6 0 -127
-3337807 -98 1911 25 1 0
-5039 -42 245 5 0 -127
-25275 -51 217 16 1 0
-73 10 1332 7 1 0
-21486 -8 1605 26 1 0
1216152 -40 765 29 1 0
2031 -73 1963 3 1 127
-844462 137 1097 31 0 127
61 -236 420 31 1 0
7275555 77 575 7 0 127
2468420 3 834 1 1 127
522054 125 536 22 1 127
-1994621 -191 504 29 1 0
371295 -130 157 10 1 127
5175 -25 54 6 0 127
-14 -199 1959 25 0 -127
1489 158 278 22 1 127
-229718 10 355 31 0 10
3526098 -113 1990 17 0 127
61 104 1606 1 0 127
-226237 148 1798 27 1 127
292096 100 943 11 1 127
-61819 -18 1137 30 0 -18
-507183 -232 802 6 0 -127
-1210136 -106 1676 14 0 -127
-518624 -171 1687 0 1 0
508836 -169 1422 28 1 0
13787 -27 627 13 0 127
-327 -127 1923 3 0 -127
-383 243 989 13 1 127
-63 75 599 9 0 1
-6963746 -156 1402 14 0 -127
61 219 401 26 0 127
82 -74 1722 0 0 127
-1 118 511 19 1 118
6652495 150 904 18 1 127
-17530 -131 1521 31 0 -127
12793 15 348 26 0 15
1323320 142 107 31 1 127
1120 -251 1568 18 0 -127
-163874 31 319 13 1 0
-6458 -55 1635 3 0 -127
29341 151 884 30 1 127
66 233 326 27 1 127
-128 77 1010 11 1 14
2729344 -3 413 29 1 0
-1964 -15 1563 26 0 -15
-54 -194 378 9 0 -127
-2534341 -112 876 6 0 -127
-6858089 53 754 4 1 0
-30454 -20 607 8 1 0
-1036 62 1307 8 1 0
1896 17 1910 10 0 127
-11638 -26 2021 3 1 0
-1652 -175 557 7 1 0
4525584 -198 910 21 1 127
16062 -124 722 6 1 127
-37 155 1510 7 1 0
-25002 -145 2020 30 1 0
15758 188 90 8 1 127
-1683 -26 1777 23 1 0
-75 -40 1468 24 1 0
21620 153 1615 2 1 127
285 -231 500 21 1 0
-1643333 -98 1476 5 1 0
-2479687 75 1648 9 1 0
28892 176 1165 1 0 127
-6343639 -216 2031 21 1 0
181157 184 97 10 0 127
-2003 231 1767 14 1 15
506 182 1979 12 1 127
-5474764 -44 1531 5 0 -127
770 22 1611 27 0 22
-7997513 193 1761 29 1 127
1659 38 519 4 1 127
-4998214 206 1595 10 0 -127
-57713 -183 944 16 0 -127
-1594 191 1179 4 1 0
-5661300 -21 398 25 0 -88
-96 -192 1055 23 0 -127
39 57 1409 26 0 57
-128 211 985 20 1 127
103 -25 1368 10 0 113
-1422 127 1076 18 0 121
-122 253 413 10 1 127
-590962 181 1604 15 0 -127
108 211 1524 10 1 127
-319832 -23 1566 25 0 -38
-7178822 233 160 21 1 0
70811 12 1342 15 0 127
-195743 -61 869 29 1 0
-1569 -136 217 26 0 -127
2896159 195 541 6 1 127
-1199 103 266 8 1 0
26878 -5 965 7 1 127
13773 -142 1510 8 1 127
22392 128 1659 24 0 127
-22 241 20 29 0 127
259401 -59 179 23 1 0
-9811 -69 1857 17 1 0
-6 13 707 30 1 13
-8340407 -57 348 16 0 -127
49 -54 820 23 0 -54
6641943 194 1115 10 1 127
-455449 212 559 25 1 127
183258 -205 530 26 1 0
-72 -76 208 5 0 -127
282537 -116 380 3 1 127
374475 -240 684 6 0 127
30229 -48 353 9 1 127
5269 -137 2007 31 1 0
175284 53 439 13 0 127
261393 -100 696 11 1 127
123 -171 283 7 1 101
-2055 -197 1726 8 1 0
20 -165 904 7 0 -24
-3278512 217 223 1 0 -127
3795554 152 1721 24 0 127
5361731 -151 1380 20 1 127
3687 244 1599 24 1 127
15281 226 1825 10 1 127
-156004 204 176 20 0 127
-463704 -37 315 0 1 0
-4899450 131 889 10 1 0
27846 136 2039 22 1 127
116 -44 751 28 1 0
8921 147 530 11 0 127
-9464 93 662 28 1 93
-15442 202 1280 17 0 51
442705 -16 1619 19 0 127
50695 7 390 31 1 7
2323 216 172 29 0 127
-648332 -250 1601 24 1 0
16885 -212 1478 7 0 127
-228341 133 1527 14 1 0
4903229 67 1162 9 1 127
691 13 1734 16 1 31
-211413 93 2027 9 0 -127
-1955 -226 1439 22 0 -127
-7626498 -13 731 28 1 0
883 -148 1786 9 1 127
142 -10 365 11 0 15
-21127 -256 1002 15 1 0
-1301 93 1750 18 1 84
-1401 -191 940 12 1 0
-478974 196 685 1 1 0
6278 -123 329 6 1 127
-472763 -205 1912 27 0 -127
368312 228 957 18 1 127
17574 85 289 3 1 127
-31583 -136 127 1 1 0
9 -35 7 13 0 -35
-106 255 1329 18 1 127
1239307 191 102 6 1 127
-27306 -5 860 7 0 -127
25 -35 4 7 1 0
-4030317 -50 861 23 0 -127
-576 -45 364 26 0 -45
3896111 29 848 24 0 127
-10332 72 1991 21 1 62
10425 -71 866 25 0 -71
26947 220 1187 22 1 127
5986997 107 1771 23 1 127
27200 194 647 3 1 127
-61 -24 758 30 1 0
108508 25 825 26 0 26
-1623 -57 1623 12 0 -127
21 -139 205 15 0 -127
589 243 1760 7 1 127
-7147 20 124 13 1 0
-955 -200 1646 5 1 0
-33 -174 2042 25 0 -127
-25113 -199 1525 6 1 0
32289 -133 2027 16 0 127
-467 122 287 17 1 121
2033 203 289 11 1 127
20024 -156 84 5 0 127
-2050700 175 1203 9 1 0
4661394 -133 1218 9 0 127
-30700 -23 1171 6 1 0
-64262 227 1611 13 0 -127
127 -216 1231 0 0 127
-11 -162 421 3 1 0
-1786781 141 1478 29 1 127
19006 60 763 26 1 60
-1031 -125 510 27 0 -125
-4625 94 1110 9 1 0
589 -192 1518 19 0 -127
114 47 1335 10 1 127
-1394 -83 1730 10 0 -127
412115 80 1048 21 1 127
-1288 -169 1618 19 1 0
-433 -201 1384 15 1 0
6437954 181 1187 1 1 127
108 -125 278 3 0 127
1009 151 797 24 0 127
29722 -172 749 4 0 127
-84 98 1246 0 0 -127
-20343 -185 1062 20 1 0
2 -191 455 6 0 -127
-1011656 -31 1220 13 0 -127
653 -137 1629 26 1 0
222160 140 513 18 0 127
8485 132 521 19 1 127
-1735 -120 1283 22 0 -121
-7515407 130 1759 30 1 118
-10 180 119 26 1 127
-4822209 -47 1336 5 0 -127
-54 -191 946 22 0 -127
-1355425 101 408 25 0 85
-19561 -250 929 2 1 0
23841 31 455 9 1 127
-86 127 1256 2 1 0
6535496 -208 1530 29 1 0
-419706 185 1051 2 1 0
-13 151 662 29 0 127
1812 -165 1707 21 0 -127
88 -72 402 13 0 -68
-2026 -116 669 10 0 -127
-127 -150 1606 6 1 0
-7111 -218 1825 27 0 -127
-1450 -220 140 13 0 -127
1380 -160 959 29 1 0
762 -28 511 15 0 -16
-400933 -32 907 22 1 0
-16 109 135 7 1 92
4256433 68 1671 6 1 127
-95 -223 383 6 0 -127
5309 71 234 3 0 127
-3087470 -135 1469 2 1 0
-16373 15 1248 28 1 15
-565 160 1459 4 0 -127
3790692 11 1466 7 1 127
1161735 -167 583 3 0 127
18078 244 665 13 0 127
-29 58 1609 28 1 58
232441 -173 1047 25 0 -127
-306025 -118 798 13 0 -127
-103 -131 1864 7 1 0
-19036 -35 1398 11 0 -127
34 197 272 23 1 127
-4271916 -105 1338 25 0 -127
-1772 231 782 5 0 -127
6115951 -85 797 7 0 127
3991 198 1950 31 1 127
105 -220 55 21 1 0
-6429 -223 388 19 0 -127
393620 209 1293 19 0 127
22257 211 1991 30 0 127
25137 -140 361 0 1 127
1621 -127 1686 31 0 -127
-16 -205 1245 13 0 -127
399 181 1730 15 0 127
85 95 1162 15 0 98
-15190 -17 1151 4 0 -127
-332436 -179 822 14 1 0
-25363 226 590 10 0 -127
-411855 117 557 7 0 -127
-1535 31 693 28 1 31
-29624 -60 1959 4 0 -127
116 15 18 7 0 31
502 -180 1258 18 1 0
-20297 -165 736 23 0 -127
-287 -221 1517 5 1 0
-6 246 854 0 0 -127
319539 85 1467 2 0 127
6320099 121 1872 19 0 127
-232019 55 1866 15 1 0
-122 119 2025 31 0 119
1087943 -183 1028 10 1 127
-32544 -139 92 2 0 -127
825 -82 1633 30 0 -82
494332 242 892 19 0 127
669 23 663 28 0 23
1182 -153 244 1 1 127
21416 237 13 13 0 127
-701 -137 1732 21 0 -127
-24094 102 1255 31 1 102
18260 22 22 17 0 25
-510357 -229 983 7 1 0
-84 204 486 5 0 -127
21927 -114 249 23 0 -113
-486589 -242 721 29 1 0
-25703 -11 1514 22 0 -20
-913 -232 225 5 0 -127
-2030 -76 113 31 0 -76
1516 -226 251 2 1 127
-7166042 220 699 23 0 -127
-556 55 1681 7 0 -127
-257257 -252 1838 15 0 -127
121 -197 1551 7 1 127
1522 126 1167 18 0 127
-28897 214 733 29 0 127
-57 -13 463 7 0 -127
381420 179 219 0 0 127
1630 -145 1433 14 1 0
458 174 1991 22 1 127
-4983314 21 1571 31 0 17
21513 34 522 29 0 34
-113 -75 1833 13 0 -100
-404143 -171 1559 23 0 -127
724 240 971 27 1 127
288305 75 1303 10 1 127
-113600 -121 930 29 1 0
-711 245 437 6 0 -127
-11738 93 1486 7 0 -127
-386553 -71 1479 16 1 0
-98 -234 2026 28 0 -127
-1930495 108 86 22 0 68
-158857 -227 1431 13 0 -127
-1658 -96 266 15 1 0
-6570790 67 1348 26 1 0
-1986 146 672 31 1 127
1608 -178 388 30 1 0
-31286 15 1106 10 0 -127
1157 -81 712 18 1 0
-6156380 126 313 26 1 97
1085 180 1504 19 1 127
31653 32 186 26 0 32
6226005 -109 1017 0 1 127
-1056 80 1620 14 0 -24
859 -98 1973 16 1 0
-815 -240 1369 23 0 -127
87709 -196 1162 12 0 127
-24369 44 924 28 1 44
7108631 -14 917 30 1 0
126942 11 943 16 1 127
4687959 22 205 15 0 127
17827 -162 1478 31 0 -127
-116 -87 1679 9 0 -127
13883 54 978 14 1 127
-35 -165 45 16 0 -127
113 -195 1792 18 1 0
-8194463 -25 1185 12 1 0
-20 -236 1905 26 1 0
24548 -97 239 2 0 127
-277 -14 1515 15 1 0
-87 -156 1932 20 0 -127
7006287 199 1056 7 0 127
1589 -170 87 10 0 -35
26279 186 1468 27 0 127
2854220 99 100 12 0 127
24804 -181 777 18 1 0
82 116 1058 27 1 116
4686363 87 1298 26 1 127
-33 -93 442 6 0 -127
226316 -128 848 31 0 -127
481131 26 1870 29 0 28
-42 254 1903 1 0 -127
-34 -217 1893 27 1 0
79051 -6 1321 8 1 127
-4635903 -114 1826 1 0 -127
3220496 -179 1017 23 0 127
3285 -171 1800 31 0 -127
27057 -217 462 5 1 127
716 203 1803 21 1 127
11360 -120 970 16 1 48
1941 -246 299 27 1 0
2814831 -3 18 24 1 0
-585 -231 1135 2 0 -127
-20632 -9 867 14 0 -127
4046996 -195 953 1 0 127
-1107 -177 1990 13 0 -127
-11111 164 1103 6 1 0
-95 140 1627 27 1 127
451595 80 1039 10 1 127
4473880 -249 1295 20 1 127
-281 -233 2029 10 1 0
-532 51 1998 4 1 0
96 -213 1065 13 0 -127
6370 18 177 5 0 127
-2007 133 1119 5 0 -127
-1606 -151 1708 4 0 -127
-196012 -201 662 14 0 -127
92 -17 320 19 1 0
-2396885 148 892 6 0 -127
11535 -117 1624 7 0 127
30 80 1250 24 1 80
454583 -146 479 25 0 -127
185771 -98 1346 10 0 127
-32089 -233 1921 2 0 -127
13587 128 1475 6 1 127
-25 152 1693 5 0 -127
56 -27 1678 9 1 127
-4701 28 2025 14 0 -127
-6540605 -251 1660 17 1 0
4442896 -165 104 18 0 127
30543 144 603 29 1 127
-98 55 223 13 0 52
-86 214 1837 25 1 127
-1850 65 1960 8 0 -127
4800 227 688 16 1 127
-128 -133 1066 20 0 -127
-49 -35 1371 5 1 0
1119067 -110 1233 21 0 127
-31 216 1043 10 0 127
-13 -151 444 14 0 -127
-5178109 183 1960 29 1 127
1815 168 1780 0 1 127
-2999021 184 1186 28 0 127
-2432095 -214 1483 13 0 -127
52 -176 419 9 0 -127
2833 229 142 26 1 127
-3969439 -221 1540 12 1 0
-1851809 240 1155 7 1 0
345593 93 362 8 1 127
141 -186 1288 30 0 -127
120 74 957 16 1 76
286752 -171 1690 3 1 127
-20394 237 1428 23 1 127
-32 61 761 12 1 55
-3304430 75 1757 27 1 32
4243166 -120 1909 6 0 127
886 -221 1029 26 0 -127
4690545 -239 1543 21 1 127
-1806 -128 605 6 1 0
-529 -242 1739 0 1 0
-3744953 -170 126 27 0 -127
779 -102 1419 19 0 -100
5396942 211 353 26 0 127
1334 101 565 4 1 127
112408 87 417 7 1 127
-6847347 -4 1978 21 0 -127
-8162940 -171 517 0 0 -127
-4378093 231 121 4 1 0
-8265 149 1507 6 0 -127
-14481 205 1208 4 1 0
-1577 -190 1884 16 0 -127
-1479 219 1990 30 1 127
-464624 -48 517 2 0 -127
1163 147 2041 7 1 127
-6965 -35 1557 18 1 0
735235 12 499 9 1 127
2513939 170 207 0 0 127
-3865 53 525 10 1 0
2486218 -222 78 7 0 127
102 -8 1280 19 1 0
711 -147 319 8 1 127
-121298 -134 352 27 0 -127
-763 -6 1820 23 1 0
120 150 1504 11 0 127
17029 33 252 19 0 41
220201 12 1205 5 1 127
1546 -92 1186 4 0 127
516757 15 1795 29 0 17
-6933298 60 1695 24 0 -127
1591 -250 281 11 0 -32
-369789 -231 269 0 1 0
-15445 90 388 0 1 0
110 188 1767 30 0 127
-114 233 1536 20 1 127
25242 7 1249 2 0 127
-335480 112 516 29 0 112
-19023 102 139 4 0 -127
19956 -141 1503 10 0 127
-785 68 227 2 0 -127
-785560 125 570 29 0 124
-371892 -136 1602 26 0 -127
-58 32 599 9 0 -36
1924 6 972 13 0 127
1971 116 1390 4 0 127
-27644 -109 53 5 1 0
418450 -101 481 16 0 127
5384724 218 1212 27 0 127
6312878 -214 1322 0 1 127
705 -130 535 6 1 127
-3335747 -244 1826 4 0 -127
55 245 685 12 0 127
-135120 -36 403 16 0 -127
890664 -36 1789 13 0 127
-29727 -178 1888 26 1 0
733 -243 313 7 0 127
-735 18 27 8 1 0
-223 -167 1775 23 1 0
7611 -196 1288 10 0 127
-496806 72 911 18 0 -127
1770 181 757 10 1 127
-1292 62 1586 25 1 62
-11568 96 1208 18 1 43
-41270 150 1930 21 1 112
-2251184 36 1360 10 0 -127
30225 -119 1236 6 0 127
22653 -72 591 1 0 127
-7132068 94 1700 1 1 0
4065185 -168 1829 29 0 -127
-7915654 201 591 10 1 0
-203655 -233 1834 23 0 -127
-15497 -242 883 12 1 0
69217 148 1595 7 1 127
1921 223 1223 3 0 127
-64 -194 1405 25 0 -127
1275 79 1444 24 0 79
654 -28 1451 17 0 -21
-1377 -137 657 31 0 -127
425 212 256 0 0 127
481851 -50 1282 19 1 127
-941 -89 1296 18 1 0
-399 -69 1922 7 1 0
-3206 242 600 3 1 0
4749706 255 459 28 0 127
-503356 168 1932 29 0 127
23998 -238 1521 5 1 127
-21350 -111 82 29 1 0
13734 103 756 0 0 127
31 -128 327 22 1 0
7624162 194 1964 29 1 127
-114 141 1365 21 0 127
-28526 -213 504 31 0 -127
-7495011 -32 6 10 0 -127
-1402898 -49 870 4 1 0
-32018 -230 522 29 0 -127
9 -44 191 2 0 127
3311783 89 1371 27 0 123
1367 -153 1283 14 0 -46
135836 128 1305 26 0 127
3267006 235 1096 1 1 127
-70 -28 837 27 1 0
-119 32 150 10 0 15
99 -2 615 8 0 127
266718 58 1089 4 0 127
8842 232 413 17 1 127
860 -19 1314 4 1 127
-83078 186 291 11 0 -127
-200 -5 1663 28 1 0
10039 210 1149 22 1 127
118 -142 1155 30 1 0
-116 9 643 6 0 -127
77 221 617 12 1 127
127 -31 1351 3 1 127
-274210 -160 842 29 0 -127
-1613576 -46 1429 11 0 -127
233 219 1047 5 0 127
868 -192 1337 13 1 0
-8212925 -215 354 9 1 0
563 236 964 2 0 127
-17356 217 1438 22 0 127
-1918 -2 221 24 0 -2
1786 -142 1754 15 1 0
7950 213 271 13 0 127
3012 152 52 13 0 127
518233 0 1538 15 0 127
14096 -65 1904 3 0 127
5662879 146 375 5 1 127
-50 212 1799 3 1 0
113073 20 1256 4 0 127
-4410122 57 1565 2 1 0
-6713461 113 1632 27 0 31
189598 -168 1846 4 1 127
6344774 84 998 11 0 127
7498066 220 1994 15 0 127
-298475 115 692 7 0 -127
-24831 85 51 25 0 85
889 -217 1419 11 0 127
562 211 242 30 0 127
-51266 -34 353 19 0 -69
-6658473 -97 1299 11 1 0
6202861 -203 910 4 1 127
-28285 -153 1709 3 1 0
35 150 63 13 0 127
1616 -127 57 15 0 -124
73 -200 581 26 1 0
-130 -37 171 9 1 0
8229279 -2 752 28 0 21
16104 -40 1120 14 0 127
-1898 170 581 12 0 -99
-105 127 951 11 1 78
-13593 -186 517 22 0 -127
-923 -209 1938 31 1 0
1045 -154 334 13 1 0
-34 58 976 1 0 -127
112 15 94 30 0 15
-351256 28 45 8 1 0
-68 103 397 1 0 -127
1057 160 1798 13 0 127
26136 100 643 18 1 127
21357 54 1517 7 1 127
25660 -119 1173 10 1 127
1061 31 917 25 1 31
289667 73 1289 11 0 127
-28605 48 833 3 0 -127
1475678 30 1001 23 1 127
-16 31 316 27 0 31
-61 -118 1013 20 0 -118
208546 -50 1006 29 1 0
-31 16 365 20 0 16
269 -172 79 25 1 0
-90 -224 693 1 0 -127
4725918 84 299 17 0 127
507740 238 1456 19 1 127
1326 69 1571 14 1 127
25997 -177 1727 26 0 -127
-29339 -23 1700 5 1 0
122 -81 1208 1 0 127
12359 28 1954 23 0 31
-14760 138 709 19 0 118
-2433699 -204 127 2 0 -127
-12945 83 1029 16 1 0
63 -101 1335 15 1 0
31036 -19 1490 28 1 0
62945 -31 616 9 1 127
-436439 3 714 13 0 -127
3711 80 778 14 0 127
-27162 -144 1839 14 0 -127
-85 -242 790 10 0 -127
-4849955 205 346 8 1 0
70 227 1023 19 0 127
-7001 -67 1188 23 1 0
-1179 -77 673 5 0 -127
-420027 34 1094 18 1 0
-267512 -41 1973 30 0 -41
323390 -123 1410 17 1 127
1444 -210 1162 30 1 0
7768994 -20 838 5 0 127
1974 168 680 20 0 127
22580 99 856 24 0 100
8 76 127 3 0 127
-773 23 888 14 1 0
3829420 254 12 25 1 127
-3294839 -222 652 13 1 0
88 -205 198 7 1 0
-125 -78 1446 7 1 0
455205 216 1937 14 0 127
-7536196 -208 806 17 1 0
40 -41 37 23 1 0
-68 91 1293 11 1 48
-6055630 -168 1732 3 1 0
4097401 210 1152 27 1 127
624 -113 1822 28 1 0
-3588052 -69 144 31 0 -69
-4721535 -82 1955 30 1 0
-78 -252 745 22 1 0
-4 -187 46 4 1 0
70 213 1757 13 1 127
-98 -95 905 13 0 -106
-402389 -107 274 24 0 -114
-645 49 713 1 1 0
-340 72 1968 25 1 72
2774 21 292 11 0 127
297 -69 1532 2 1 127
-42 -224 1573 26 0 -127
-75 213 1328 8 0 -127
2308553 59 75 8 1 127
72 43 1321 14 1 49
-140858 -48 1885 14 0 -127
5499715 158 205 17 1 127
28 -233 1112 4 0 127
-23253 167 786 19 1 127
1490 104 1858 23 1 104
99231 76 1870 8 0 127
-306885 31 323 6 1 0
6350045 125 1331 18 0 127
1130 -171 817 16 0 -127
1542169 94 1658 13 1 127
-123 -7 1393 25 0 -7
-652 -38 304 1 0 -127
-175239 198 501 12 1 0
18839 -209 910 16 1 53
303448 199 1627 2 1 127
-111 -152 799 18 1 0
-1021 -6 1246 10 1 0
-324230 -182 899 31 1 0
-287913 -198 350 3 0 -127
-11387 129 738 0 1 0
2036454 -158 1311 16 0 127
-9 241 165 11 1 127
456240 155 1819 27 1 127
4707301 -111 344 10 0 127
1269 -208 1583 26 0 -127
-115 -214 446 4 1 0
-21 40 592 18 1 40
-389442 57 322 25 1 53
821 -77 417 18 1 0
7378 -74 598 6 1 127
-15622 -102 1822 25 1 0
-98 14 1895 29 1 14
-4408027 132 1497 16 1 0
-3029726 130 945 1 0 -127
7827390 -91 70 0 0 127
1717435 -114 1336 29 1 0
-99 219 310 22 0 127
5033973 -227 185 26 0 -127
1409 222 1836 23 1 127
4854544 165 648 11 0 127
-1873826 -88 1951 21 1 0
-100724 193 1736 11 1 0
-861 149 2012 14 1 43
7058602 6 1347 28 0 41
176 58 1333 12 0 115
35371 -89 1816 3 1 127
317122 -25 1736 17 1 127
-18248 -37 1261 3 0 -127
73 190 304 7 1 127
-90695 1 33 21 1 0
-74 -106 1630 23 1 0
1483 234 821 9 0 127
-963 182 376 27 0 127
40 66 1546 6 1 127
1456050 232 1494 25 1 127
102 81 1050 19 0 81
-16683 139 697 21 0 127
-792 -35 1122 28 1 0
-1144 -149 267 4 1 0
275 201 1858 31 1 127
182975 -114 1864 28 1 0
480084 61 736 28 0 62
-1687 9 1999 25 0 9
-839 232 1118 1 0 -127
-1082 107 1187 17 0 97
-63029 143 1062 18 1 0
-2885369 -145 1508 8 1 0
-127 -108 1091 10 1 0
-15647 192 1488 4 1 0
16151 187 2045 17 1 127
-19919 79 1752 6 0 -127
-20852 -66 937 3 0 -127
-98 49 1489 27 1 49
-285005 -225 1926 26 1 0
11797 204 1619 18 1 127
126 39 92 24 0 39
-8550 120 192 14 1 20
2786333 -3 1801 24 1 127
-7465514 195 1357 26 0 44
-7665 -82 1934 16 0 -127
-612 4 1142 27 1 4
-458852 91 1224 5 1 0
-302113 -198 1174 7 1 0
-83349 195 1023 27 0 127
64 148 304 26 0 127
-1248667 25 99 19 0 -127
3971521 -76 712 25 1 8
-2447028 -143 1905 0 1 0
-4693768 -34 671 20 0 -127
6531996 -251 1901 24 1 127
-453908 -159 1114 10 0 -127
593 255 544 26 0 127
3443136 80 1866 31 1 83
75 44 569 2 1 127
73 -10 2035 3 0 127
4 206 1779 2 0 127
725 -111 878 1 1 127
-189915 -214 1911 5 0 -127
-7533006 -69 18 12 0 -127
-115 119 1704 19 1 119
-1475 -39 1716 16 0 -78
-22 -7 1427 12 0 -15
-741 106 1013 21 0 106
2507693 250 1561 0 1 127
-2742988 -110 1911 22 1 0
-2333881 -142 1039 21 1 0
-21040 111 1829 4 0 -127
-24472 -105 255 26 1 0
-1308 251 1410 19 0 127
-239 205 572 0 0 -127
-84 160 1367 17 1 127
793 92 1890 26 1 92
-7603542 -63 1486 20 1 0
-4534 -205 825 9 1 0
-23117 -115 938 20 0 -127
40 8 1317 1 1 127
-6809588 -86 1663 9 1 0
-19738 -23 1321 23 0 -26
-2549580 -179 1073 6 0 -127
-116 230 20 13 1 127
-236287 218 1428 9 1 0
-264 -82 1618 9 1 0
1709 252 373 24 0 127
-2435747 117 334 3 1 0
5731085 -47 1959 16 1 127
2786199 -107 1235 26 1 0
211105 230 1774 3 1 127
13185 67 605 29 0 67
25407 36 1455 26 0 37
-9049 155 1928 2 1 0
-31 158 737 0 0 -127
1171 239 554 21 1 127
-1603694 -13 936 16 0 -127
-4 -9 170 27 0 -9
348601 -152 468 8 1 127
45 219 257 22 1 127
6089637 80 749 8 1 127
-8280486 5 1160 31 1 1
-2042 243 125 23 0 127
85 -51 572 20 1 0
-3056 -170 1039 18 0 -127
-19433 -137 1057 25 0 -127
1158 166 1311 26 1 127
-63011 242 1018 18 0 -3
15099 0 1186 22 0 4
-959 -239 1672 2 0 -127
27104 -252 554 0 0 127
-7761 98 1073 8 0 -127
7153 -159 1449 26 0 -127
25190 -140 1298 16 0 127
157 -200 1347 5 0 127
-8 -131 182 31 0 -127
-335032 -143 1927 22 1 0
-25 233 1903 0 1 0
-1595 68 629 10 0 -127
-3079 -189 1714 27 0 -127
27 -208 1938 24 0 -127
-902 81 592 19 0 80
-167 221 442 7 0 -127
-4178900 -35 436 6 0 -127
2498324 -174 1411 2 1 127
-264013 -237 704 10 1 0
-7219434 -48 1831 26 0 -127
-59 -176 215 21 0 -127
110 196 1954 11 1 127
105 80 18 23 0 80
-16751 8 1299 14 0 -127
-26085 -212 1739 22 0 -127
-14575 -118 292 20 1 0
-441742 -119 891 4 1 0
78 5 828 20 0 5
68778 136 476 3 1 127
25 133 497 18 1 127
-310901 133 516 15 0 -127
5141406 65 137 4 0 127
-127 3 189 21 0 3
191678 174 1079 19 1 127
-292815 187 237 29 0 127
-8022180 25 1220 26 0 -121
22749 -74 1472 28 1 0
1976 -243 665 20 0 -127
156813 23 1394 9 1 127
-2859 154 944 23 0 127
32 -126 905 12 1 0
72 65 688 15 1 67
1358 -119 234 8 0 127
7448113 -223 849 27 0 -127
-8 81 17 2 0 47
-108 -54 1786 18 1 0
4505190 199 632 31 0 127
-56 160 245 4 1 0
23982 -20 876 23 0 -17
13889 92 362 11 0 127
5111300 104 1896 17 0 127
121 -41 783 9 1 127
-3043808 -85 1355 8 0 -127
-86 158 27 18 1 127
-13741 110 581 27 1 110
318 233 1845 21 0 127
27 144 673 10 1 127
83 -213 1953 3 0 127
-20341 -202 1524 5 1 0
1337 -109 1213 28 1 0
-5663221 110 578 7 1 0
-6698201 44 621 10 1 0
-114 39 1653 17 0 38
-23 -20 402 26 0 -20
146654 199 2026 17 1 127
165 92 1762 17 1 94
-881 187 315 9 0 -127
-6737576 189 1479 13 0 -127
787 92 1078 3 0 127
1236 85 1745 25 0 85
-5362959 230 1094 17 1 0
3998086 135 1679 1 0 127
-352708 234 725 4 1 0
1132 -6 245 14 1 11
5983648 -225 1345 22 0 127
-31 -13 1808 6 1 0
18977 -36 1886 10 1 127
17724 88 1167 19 0 127
-5844756 -160 23 9 1 0
-7463721 -133 998 1 1 0
-16616 161 1223 30 0 127
6493029 -152 1753 13 1 127
50 -75 1526 23 1 0
-1987 90 1342 2 0 -127
-1331 -28 1120 16 0 -51
34 134 649 8 1 127
-30110 -49 215 31 1 0
-1423 189 1379 17 1 127
1176 231 760 1 0 127
-6136 -110 720 22 0 -111
-5183890 -17 379 17 0 -127
-139493 -237 1417 27 0 -127
-317646 249 954 19 0 -127
29 -102 1150 7 0 127
-7349026 91 2006 2 0 -127
-55505 72 698 9 1 0
2412145 -116 1487 1 0 127
-9436 23 192 30 1 23
-79 -146 1239 19 1 0
-896 -122 359 30 0 -122
-1358 92 1634 11 1 0
-216186 226 214 6 1 0
23586 16 1701 17 0 127
-21302 -197 1411 13 1 0
-6155198 -50 53 1 0 -127
1794675 205 1165 27 0 127
-81 116 2038 0 0 -127
-312 196 1844 6 0 -127
85 46 1101 11 0 92
25710 174 757 10 0 127
28571 -122 222 10 1 127
1247 -51 174 17 0 -49
-2753075 66 285 8 0 -127
4723639 36 147 23 1 119
137 -63 1359 0 0 127
-2958746 169 1978 31 0 127
-24376 253 1065 25 0 127
-73 -193 1103 29 0 -127
-51941 -243 1639 21 0 -127
-25468 -126 673 21 0 -127
-126 -171 1365 2 0 -127
281454 -227 1233 31 0 -127
-4211352 19 214 2 1 0
3455628 -194 1137 10 0 127
-332002 -55 700 15 0 -127
-66 130 1777 14 1 123
29339 142 1175 9 0 127
1513422 53 834 30 0 54
94360 147 355 1 1 127
435 125 1457 12 0 127
-31 -115 1013 13 0 -119
-96047 193 258 15 1 0
-1840 -248 1369 26 1 0
-583131 219 415 25 0 127
75 242 1112 4 0 127
-91 218 980 23 1 127
133141 140 305 5 0 127
3330662 36 1829 27 0 81
-6208 -172 561 4 0 -127
-1048 185 1231 20 0 127
-68 129 2041 1 0 -127
-259 -209 1487 20 0 -127
-775504 24 551 1 0 -127
1634 -8 367 15 0 10
-88 24 1593 8 1 0
-157380 -43 1791 2 0 -127
12622 190 359 0 0 127
29449 -24 4 16 0 -22
-101 138 1799 31 1 127
-121 -118 406 20 1 0
26754 -244 314 18 1 0
-50 127 1925 5 1 0
-6886575 -106 663 17 1 0
-57697 -121 1277 21 1 0
7977 180 132 21 1 127
2022 246 1456 4 1 127
17536 255 1970 21 1 127
8328165 59 522 15 1 127
344698 253 1912 0 1 127
64 175 912 1 1 127
-66377 25 1746 25 0 22
-14815 102 512 29 1 102
47 -35 545 30 1 0
314973 244 293 14 0 127
-2742 -169 415 13 0 -127
1033 -12 752 25 0 -12
496423 129 1000 5 1 127
-55 -164 152 4 0 -127
7495 -200 1993 6 1 127
1227 -44 1558 9 0 127
83 -45 501 16 1 0
66106 252 20 13 1 127
-98 75 1129 21 0 75
-5125652 -56 1232 22 0 -127
1486 -249 448 17 0 -127
-3394739 137 884 11 1 0
11615 175 593 14 0 127
-5829234 39 1746 13 1 0
-82107 207 497 15 0 -127
392470 27 439 11 1 127
259460 154 483 20 0 127
-57 61 1086 21 1 61
-1033 -178 1751 11 1 0
7918 32 785 13 0 127
-827 109 1563 12 1 0
-12 -194 419 15 0 -127
-2495183 -163 1263 19 0 -127
34 -92 185 11 1 0
6761851 121 194 21 0 127
5522884 -104 1895 22 1 127
993 -178 1499 18 0 -127
-2022 -220 1684 24 1 0
1838 79 931 22 1 79
74 -191 633 13 0 -127
55 13 1629 27 0 13
-316686 102 978 21 0 -46
7800 21 162 15 1 60
8034988 146 1045 4 1 127
28976 -229 1962 29 0 -127
-524 11 864 16 0 4
18516 -27 768 16 0 127
-1584 120 798 21 1 119
-1484 -235 1914 16 1 0
-7254 -230 1391 19 1 0
-110 -245 1623 9 0 -127
-26198 -198 416 9 0 -127
-294275 -38 1553 24 1 0
487633 -122 893 16 0 127
-12896 111 1366 7 1 0
128185 35 1249 3 1 127
398908 128 825 20 1 127
1181786 -253 321 15 1 127
72814 -178 413 15 0 127
-332334 -236 1438 31 0 -127
10702 -236 1085 2 1 127
-917 -249 1689 17 0 -127
-4609025 238 664 1 0 -127
12489 -161 897 15 0 127
-2157 72 1433 5 1 0
863 -65 532 5 1 127
-862 46 1884 22 0 46
407639 237 468 8 0 127
56 -250 840 22 0 -127
-660 51 397 29 1 51
2865092 42 600 30 1 44
-1792498 -80 1150 17 0 -127
-50 -147 1680 0 0 -127
-799 -12 827 2 1 0
-8174559 94 1382 19 1 0
-1429 104 1621 23 1 104
1033 -70 895 24 0 -70
1016 -55 901 17 0 -48
-119 212 161 15 0 127
22170 -159 842 22 0 -127
272871 -121 315 12 1 127
81 -23 713 23 1 0
375223 -94 1165 3 1 127
-7791309 47 632 21 0 -127
-44 208 1966 30 1 127
-939 181 1384 10 0 -127
-251016 -170 622 29 1 0
6879763 151 1346 1 1 127
44 171 756 12 1 127
-58469 238 1682 16 0 -127
-298 13 593 6 0 -127
-75437 61 422 7 0 -127
-199880 131 1983 24 0 107
-509233 21 1451 19 0 -127
35 166 1463 19 1 127
-24256 165 1342 14 0 -127
354579 -143 1719 2 1 127
25496 160 426 19 0 127
-7554 207 1394 25 0 127
-104 99 1593 18 1 98
-1102 -138 1513 4 1 0
-4238811 -177 1120 24 1 0
-546369 -6 1193 12 1 0
-72 122 1223 11 1 79
505553 30 991 7 0 127
-173 -141 1818 11 0 -127
98589 16 199 27 1 16
-125 189 170 13 1 127
7743349 -152 147 23 0 -16
-3764 -39 39 31 0 -39
12349 187 1562 20 1 127
3198143 -175 206 29 1 0
555 -124 498 8 1 127
249 -51 2046 16 0 -43
-1783 -139 1085 15 1 0
-463010 185 1968 3 1 0
-17689 102 309 8 0 -127
-62423 102 1768 30 0 102
7796 129 1622 25 1 127
-45 -8 1848 14 1 0
-30415 254 452 24 0 127
-1551 -57 1269 31 0 -57
-118 -127 1774 9 0 -127
266 -167 5 13 0 -127
-2918868 20 583 12 0 -127
-52 248 607 13 1 127
-4635227 69 1563 27 0 15
202717 50 470 19 1 127
-66 183 1043 25 0 127
19564 218 1427 26 1 127
-481 2 1943 0 1 0
2300487 -156 1964 8 0 127
-10209 -130 919 24 1 0
389 -138 1775 19 1 0
-224966 -129 1137 19 0 -127
510322 -5 570 29 1 0
-10294 20 1030 7 0 -127
-6279 -64 1047 11 0 -127
109 143 1408 30 1 127
34 217 1727 1 1 127
-30027 217 70 18 1 127
186083 -199 1361 21 0 -78
-210652 -52 702 28 0 -53
3717521 -198 1556 3 1 127
405 -217 230 2 0 127
3929078 84 632 9 0 127
292 16 1974 27 0 16
-18 -49 631 5 1 0
26731 201 852 14 1 127
51 -189 432 3 0 127
30495 5 1901 20 1 60
-43 -187 1120 28 0 -127
27938 70 1207 0 0 127
1692 200 439 28 1 127
-985 -196 1127 9 0 -127
15 -191 1780 27 1 0
-5292103 39 2000 19 0 -127
31669 31 1900 10 1 127
6192653 -4 1899 24 0 127
-1252 -161 762 12 1 0
-6819293 -212 1893 2 1 0
10318 27 1410 31 1 27
5933007 -156 53 18 0 127
464917 -161 854 1 1 127
-459513 57 198 7 1 0
-7637926 205 75 31 0 127
81 86 85 21 0 86
-15 65 1950 17 0 65
252152 8 1298 19 1 127
-6784497 -253 718 18 1 0
28358 5 1598 21 1 27
-270 -159 1657 7 0 -127
-260 -187 1176 30 1 0
-3988491 -99 688 28 1 0
-5086090 -88 1114 4 1 0
-7577 28 1611 22 1 25
-467 -134 843 11 1 0
176513 134 605 0 1 127
47 -67 1967 26 1 0
-17 179 1100 5 1 0
7879871 131 1662 13 1 127
-50 133 229 16 1 127
27992 120 1430 25 0 121
-100 192 1911 13 1 127
-61 166 53 27 0 127
-441119 143 1682 21 0 -127
-94 -151 735 16 0 -127
-1134 17 1449 22 1 17
-5186 228 1778 17 0 127
-1165 244 1569 29 0 127
3380906 -247 624 25 1 0
382391 152 782 5 1 127
1791 -163 1134 14 0 -39
119223 -179 1469 31 0 -127
14468 -256 112 20 1 0
21338 -198 1897 8 1 127
-187 -14 130 15 1 0
241116 233 974 11 0 127
1542 -158 1176 10 1 127
-97 -174 1575 11 0 -127
-79 -168 1237 9 1 0
-104 -218 480 18 1 0
498192 -238 1457 9 1 127
68 -228 1261 18 1 0
32 176 1067 10 0 127
-477 -38 445 29 0 -38
-6810635 99 1121 26 0 -15
5704469 -43 1879 1 0 127
103 -174 446 5 0 127
-440551 139 1595 29 1 127
290395 225 435 28 0 127
-123 133 1907 4 1 0
-1369 -227 41 0 1 0
-47 167 46 26 1 127
-29 185 1894 13 0 127
107876 -208 1607 0 0 127
-503353 226 304 28 1 127
-6333965 224 1736 2 1 0
-450761 167 1357 13 1 0
1132 233 860 19 0 127
-454 -41 816 23 0 -41
879 -253 1899 29 0 -127
-138 118 388 4 1 0
-3232281 -158 1742 26 0 -127
-68 -98 187 27 0 -98
1715633 153 707 16 0 127
-23869 -72 1504 13 0 -127
283790 -21 2012 18 1 127
32127 -119 709 2 1 127
-682 -212 189 24 0 -127
3076644 -17 1090 21 1 127
-7672010 -194 1942 3 1 0
-5300 179 581 17 1 127
957 -91 976 2 0 127
6855325 33 427 31 0 34
4573 239 1263 15 0 127
-2668984 -75 1230 9 1 0
107 -94 2008 10 1 116
-3 -182 1770 28 1 0
-6327323 118 1536 12 0 -127
500912 109 569 30 0 109
36024 179 1326 19 1 127
-6769603 138 1064 19 0 -127
-489806 -245 482 15 0 -127
24770 -185 282 21 1 0
1040 108 427 8 1 127
-4161412 220 1256 24 1 0
26896 -200 475 9 0 127
515492 235 111 26 0 127
-94 -65 1081 14 1 0
439782 104 1155 24 0 127
-4110118 -238 177 18 0 -127
57687 245 1844 15 0 127
-877 -73 1268 25 1 0
-9560 158 1280 21 1 127
-7583553 94 1994 11 0 -127
16461 -49 886 1 0 127
-8 -240 789 4 0 -127
-488661 -243 1271 19 1 0
-1588086 -110 74 10 0 -127
96 -4 1694 23 0 -4
-30222 197 198 0 1 0
7970 180 601 15 0 127
112 174 179 17 1 127
27 37 1331 12 0 46
509407 218 1532 9 1 127
-265834 -7 1747 25 1 0
-637 230 1079 18 1 127
125 92 1848 28 0 92
-297997 -125 995 17 1 0
67 -44 1413 19 0 -44
-314696 87 1857 21 0 -127
20903 -1 1536 28 1 0
88 137 271 31 0 127
-20667 -252 417 11 1 0
-79226 191 1958 10 0 -127
-31945 -225 405 8 1 0
15685 202 79 20 0 127
-125006 129 1313 10 0 -127
14301 -196 517 22 0 -127
-240 87 933 5 0 -127
558160 88 1787 3 0 127
-30763 -251 172 15 1 0
234566 -227 945 9 0 127
112 -83 123 0 1 127
503797 25 1940 14 1 127
-515895 -34 1675 6 0 -127
-26049 -169 891 25 0 -127
79 -123 721 30 1 0
428494 27 1824 8 0 127
-85 122 1496 2 0 -127
-25037 87 1688 15 1 0
121 -81 945 14 1 0
36 -39 352 5 0 127
8354221 -251 829 25 1 0
238 -150 1368 28 0 -127
1469 -228 591 8 1 127
35 52 312 6 0 127
91 -200 747 29 0 -127
96 -26 831 1 1 127
-21016 8 91 1 1 0
-46 -22 348 20 0 -22
98017 179 353 13 0 127
-8387187 -43 1485 29 1 0
1478 -219 690 11 1 127
16 -131 943 8 1 0
13768 -167 850 19 1 0
-27 -114 688 11 1 0
-79800 -108 149 1 0 -127
-1551 -83 1448 14 0 -127
52 32 811 2 0 127
-99 -249 121 28 0 -127
93 -219 1817 20 1 0
-813685 -48 1345 30 1 0
-777642 101 384 28 1 100
2899008 -1 1194 22 1 127
18 18 915 5 1 127
-110 -204 1142 4 1 0
2 -61 1281 13 1 0
-77 -103 699 17 1 0
617 60 1211 1 0 127
1944 15 627 25 1 15
-93 23 1822 31 0 23
-2034 -226 1145 23 1 0
-1043 198 1242 20 0 127
414275 -111 1466 18 0 127
-28624 -94 1271 24 1 0
-3077743 -99 880 7 0 -127
1544620 192 444 26 0 127
21317 -7 1978 2 1 127
24136 178 112 9 1 127
260935 28 755 19 0 127
7705238 253 1658 30 1 127
14758 -199 1198 28 0 -127
77 56 1468 28 0 56
367505 -208 897 15 0 127
-11505 101 74 9 0 -127
400889 -151 470 9 0 127
1376 -81 1363 29 1 0
-14882 -221 1710 30 1 0
-44 169 2047 21 0 127
74 8 947 16 0 9
760151 -89 1042 14 1 127
-3198541 -253 832 31 0 -127
30473 189 894 20 1 127
-25545 92 1748 12 0 -127
2418 44 322 1 1 127
500311 -79 732 23 0 -35
194 -122 1997 23 0 -122
-30025 -195 176 15 1 0
470236 -6 127 20 1 51
133302 -12 737 22 0 11
1797 214 1220 0 0 127
-483578 -69 869 10 1 0
-1614 45 660 7 0 -127
-95 84 2032 20 1 84
-34 119 320 13 1 118
-1755 152 111 7 0 -127
-1062 -90 559 13 1 0
-61 -217 1105 15 1 0
1911 112 1701 16 1 127
120 168 634 24 0 127
11 108 670 27 0 108
8198811 64 1732 23 1 127
-17555 155 1795 31 1 127
1456 162 932 19 0 127
-7848940 132 852 24 0 -127
91 57 935 15 1 60
3895217 194 2023 28 0 127
-1577 128 2027 23 0 127
131626 -84 1698 10 0 127
-7419706 4 30 24 1 0
407 234 696 24 1 127
-4522383 -104 1606 2 1 0
497060 95 1395 13 1 127
968 -226 935 6 1 127
-844 -253 260 14 0 -127
326971 34 1526 2 0 127
-4774260 129 388 7 1 0
-926 -254 838 19 1 0
3981240 -64 1352 25 1 96
-128 -71 1055 19 0 -71
6 217 386 23 0 127
-1 51 897 31 0 51
96 -153 1934 3 1 127
7745122 145 1107 0 1 127
-120071 250 1302 25 0 127
-1430 190 918 12 1 0
-24523 -27 1533 14 0 -127
-4878518 184 1860 15 0 -127
-99587 -207 1221 6 0 -127
-11652 72 1675 22 1 67
-14013 -205 1290 11 0 -127
-481557 155 794 12 1 0
-70 203 1330 1 0 -127
606 -200 933 7 1 127
-113 172 106 27 0 127
-206033 -62 454 20 1 0
-833819 75 1809 21 0 -127
-54 -13 1903 6 0 -127
-294314 -96 692 12 1 0
24243 -42 186 7 1 127
-2002 183 1551 21 1 127
-92 213 363 30 1 127
-22940 242 1858 6 0 -127
37 45 2000 25 1 45
246228 -216 330 29 1 0
87 11 570 10 1 59
903 246 839 24 1 127
-114 164 1175 28 1 127
-384209 120 1256 12 0 -127
-1177 -222 1693 28 0 -127
-30149 208 47 1 1 0
-13214 -136 374 1 1 0
1134 3 1097 17 0 12
24 -148 1638 0 0 127
-739 -214 1339 15 1 0
1820 -192 285 1 0 127
925271 -43 1742 19 1 127
-4190 2 1360 14 0 -127
945 26 966 31 1 26
117 148 1457 3 1 127
-84 117 861 28 1 117
32670 30 2029 5 1 127
-34 -195 1240 17 1 0
-18 -129 1372 8 1 0
-6052921 -130 972 1 0 -127
1871 53 1934 19 0 60
-13263 236 2008 15 0 -127
102 13 945 9 1 127
516722 222 848 18 0 127
5067056 165 2036 0 1 127
713 -218 1935 27 0 -127
4210145 -242 1123 1 1 127
-5801916 -24 1702 26 1 0
-6434658 -93 676 12 0 -127
124 -98 1046 27 0 -98
-16671 110 137 23 1 110
-5285 156 375 27 0 127
-1878 127 114 1 1 0
-321455 -71 1450 26 0 -78
10041 -58 410 12 0 127
10 -188 1147 10 1 0
416809 -45 1926 15 0 127
-2709529 134 342 25 0 106
-2001 -245 1553 15 0 -127
113 -173 1776 12 1 0
-6678974 190 1249 3 0 -127
-93 137 1604 22 1 127
557 -228 1064 27 1 0
716 241 786 1 1 127
74 -40 867 19 1 0
207 29 1572 18 1 30
-7489292 60 782 8 1 0
-1733 61 1139 29 0 61
29675 -150 1676 26 0 -127
-346776 -128 1522 17 1 0
119 -155 964 26 0 -127
-95936 94 88 18 1 62
13 247 652 16 0 127
-16470 -61 35 18 1 0
-567 46 188 16 0 44
-32742 -98 521 2 1 0
-6627 -79 1832 16 1 0
154655 58 1852 20 0 127
-2943218 80 169 26 1 73
408201 -239 1409 5 1 127
313 -119 1522 0 1 127
-3826043 -158 1239 4 1 0
-64 183 1236 8 1 0
-111 117 1007 29 1 117
11887 182 920 25 0 127
-19 -67 733 26 1 0
-12 -126 1292 14 1 0
2692125 -106 31 16 1 127
82 -159 1510 3 0 127
1850 -5 1475 3 0 127
-1852 141 789 26 0 127
465969 -193 1592 4 0 127
5203844 80 1931 22 1 127
5816531 44 1238 24 0 127
-579 -174 1627 31 0 -127
6642279 -145 358 12 0 127
919 65 1690 12 1 127
252756 97 1921 5 1 127
-5785393 -234 595 23 1 0
193 162 560 21 1 127
508102 -169 1040 22 1 0
0 -14 1781 14 1 0
3477354 -78 841 17 1 127
-526 -138 634 30 0 -127
125 -155 564 22 1 0
90 114 1978 18 1 115
1256 20 351 10 1 127
-15541 70 542 1 1 0
-69 -204 31 14 1 0
-3025646 -72 1676 12 1 0
306717 192 1112 20 0 127
-2014895 150 291 19 1 0
3690714 -27 492 3 0 127
-9792 -10 205 7 1 0
-19825 -27 1575 0 0 -127
4096416 -228 422 4 1 127
-15048 24 1467 15 0 -127
-59868 238 79 10 1 0
-4219675 -85 1624 29 1 0
4097874 -120 1516 20 0 127
473292 196 1989 19 0 127
-13 -36 226 28 1 0
-47 17 1216 17 0 17
-171847 131 1348 26 1 127
1943 75 411 20 1 76
77064 136 360 11 0 127
-277305 222 187 18 0 24
111 -25 1892 3 0 127
-400869 114 1925 7 0 -127
27055 9 298 2 1 127
-1912 -249 521 5 0 -127
98978 -218 1531 18 0 127
-1936 -109 1231 9 0 -127
15839 -139 1049 31 0 -127
166579 -3 1880 16 0 127
1472 233 97 2 0 127
3675202 196 844 28 0 127
-90 6 639 12 0 -8
-2848 -158 1968 13 0 -127
2849019 -15 952 20 0 127
-17806 73 1490 17 1 0
-189617 226 1117 31 1 127
380604 228 1267 12 1 127
-5564 252 1556 7 0 -127
200159 -253 1946 29 1 0
-1210 180 827 13 0 58
1845 199 1659 29 0 127
-48 -25 2021 16 0 -26
-4611485 -219 507 4 0 -127
-15 -20 117 4 0 -127
7105200 -5 435 27 0 18
7 99 1985 30 0 99
22051 -131 573 24 1 0
-3106267 -184 1195 10 1 0
-31 5 768 23 1 5
4182428 6 1463 23 1 127
-7734366 -239 1526 19 1 0
-1138 250 1385 11 1 0
192 -89 1137 19 1 0
80 -247 376 5 1 127
4585389 -100 161 2 1 127
5100 -224 1019 27 1 0
27598 195 441 13 1 127
-429 236 1197 11 0 -15
-712 -109 1873 3 1 0
-13292 86 391 8 0 -127
19934 111 1349 28 0 111
23818 -224 1467 0 1 127
-167624 238 1441 2 1 0
-31 -31 1883 7 1 0
-153491 95 1459 24 1 82
3278178 -31 2001 18 0 127
1010 -109 1789 23 1 0
421267 -25 1603 19 1 127
-1480004 -106 1427 26 1 0
-156 -207 199 27 0 -127
-68 -189 72 7 1 0
45 104 869 7 0 127
-84 -200 1476 23 1 0
-80583 200 1613 8 1 0
1102 3 1203 25 1 3
1552492 -40 536 29 1 0
5894 49 1561 9 1 127
3 -3 886 27 1 0
250457 -71 1509 11 0 127
-8084133 81 1361 3 0 -127
-711 72 2023 11 1 0
1558305 -137 62 24 0 -127
-13516 122 1036 16 1 0
292735 143 1974 8 0 127
61077 -100 952 6 1 127
-252 -219 1669 5 1 0
6014018 -196 212 14 1 127
16486 -120 198 30 1 0
1039 190 1794 18 0 127
30582 107 878 9 1 127
-12750 160 1790 0 0 -127
340073 -122 1052 10 1 127
477398 -256 1479 25 1 0
31 114 1972 15 0 116
-51 159 406 27 0 127
79 -216 882 18 0 -127
8357070 84 64 15 0 127
-104 -191 1112 10 0 -127
59 213 572 5 1 127
-440466 239 1236 5 0 -127
438729 -254 1142 17 0 127
-1021 -24 54 17 1 0
397343 -153 1266 28 0 -127
-7831 120 1850 1 1 0
-2045666 34 1425 9 1 0
5720916 -134 887 24 1 127
-27121 89 815 15 1 0
-1010945 -40 1200 3 0 -127
48 244 1423 20 1 127
1859 155 894 12 1 127
1553 -78 1097 28 0 -78
-375600 69 1270 10 1 0
-1195 27 48 29 0 27
-75 -69 170 20 0 -69
6462391 59 710 8 0 127
6825 249 1486 25 1 127
282929 81 966 14 1 127
-432034 67 1854 16 1 0
1501 -93 239 19 1 0
496181 136 1573 23 1 127
-27862 181 72 29 0 127
22447 104 443 10 1 127
632 81 123 8 1 127
-3894822 -127 451 25 1 0
-4055 -37 950 18 0 -52
3 -217 2029 9 0 -127
9645 -146 714 17 0 -93
1503 159 1622 20 0 127
-2472205 217 1218 27 0 127
470 -157 126 3 1 127
65 -73 1206 0 0 127
-4752421 -60 668 29 1 0
-434828 -73 1088 3 0 -127
1667 -131 1994 27 0 -127
-1028 101 1534 10 0 -127
-1308 -190 782 15 1 0
126 102 521 11 1 127
-2897 -144 1473 24 0 -127
1065 168 1406 26 0 127
-351690 190 1158 22 1 93
-4646872 -93 711 5 0 -127
-1092840 -83 732 4 0 -127
-17842 -28 432 29 0 -28
-7018819 -175 1537 19 1 0
1653 0 1382 18 1 9
-8068244 48 1805 11 1 0
-5837460 -49 1330 23 0 -127
2239014 -107 1727 24 0 123
217134 161 742 13 1 127
31912 -4 407 12 0 127
9766 -220 1367 7 0 127
8486 -52 1712 8 0 127
270993 -20 67 4 1 127
40 226 1896 8 1 127
122596 188 852 2 0 127
36114 -55 547 8 0 127
-1788 -206 337 8 1 0
-8813 -62 212 22 1 0
1030 -189 198 4 1 127
-7690 -174 1022 19 0 -127
-34 152 1043 30 1 127
64 168 1082 13 0 127
259199 107 766 19 0 127
-97 -227 1475 1 0 -127
859 -123 473 0 0 127
-766008 -85 488 6 0 -127
-1782452 43 569 18 1 0
-24596 -224 1505 17 1 0
-59 -179 1511 4 0 -127
-19252 -20 1999 20 1 0
-29822 -2 1471 19 1 0
58 -43 1924 11 0 11
-19158 -225 1498 24 0 -127
7892 224 986 12 0 127
-22937 175 1340 27 1 127
20751 222 1640 15 1 127
-4221409 224 2027 25 1 0
-582 252 1811 11 1 0
6784379 164 191 4 1 127
3161 220 1793 0 1 127
-4854674 -46 1995 7 0 -127
-23142 -155 948 10 1 0
-1653 -105 1364 1 0 -127
-503131 201 573 30 1 127
-43 -56 388 0 1 0
-98 254 1327 13 1 127
-3167059 -68 344 10 0 -127
-3242658 -122 1772 20 1 0
1904181 -194 84 1 0 127
32 -236 450 22 0 -127
-73 85 757 9 0 -23
61 98 601 9 0 127
8099 -136 724 13 0 127
378589 -143 1802 30 0 -127
57 5 788 29 1 5
-78 -139 545 17 0 -127
69 231 296 2 1 127
-121 123 1102 16 1 121
26366 251 1121 0 1 127
-23 -230 1026 4 0 -127
115 79 1211 15 1 83
2963 -14 746 3 0 127
5638 -38 698 0 0 127
-712 -153 1553 10 0 -127
351730 118 1576 13 1 127
-4558822 -114 776 18 0 -127
1414 241 1734 6 1 127
-28839 -250 2046 28 0 -127
17313 188 1671 28 0 127
183107 10 1181 19 1 127
-13 10 2040 13 1 7
-19 5 1581 20 1 5
25951 241 321 8 0 127
68021 51 1884 15 0 127
-19896 27 249 25 0 27
1846 153 882 20 1 127
-900 -43 87 6 0 -127
-24 55 1990 17 0 55
-2341 203 1137 27 0 127
-5538591 104 935 5 0 -127
-928 162 924 18 0 127
31 157 975 16 1 127
-1299 231 618 5 0 -127
-85 57 1694 1 1 0
-2152930 251 389 8 0 -127
-30630 91 396 10 0 -127
-2066933 -90 839 12 0 -127
31602 -157 620 25 1 0
-588 40 1983 26 0 40
7043132 -146 350 27 1 0
-12 119 702 11 1 115
-94 -254 173 7 0 -127
-208154 -20 1231 10 0 -127
398741 247 1336 2 1 127
-20385 93 1040 10 0 -127
-1786557 228 483 27 1 127
-285 72 1588 29 1 72
-1652 -66 1110 20 0 -68
68 -229 1931 11 0 -127
13768 -60 1485 7 1 127
-470916 -86 981 28 0 -88
359 -161 1858 17 1 0
-28860 -124 1557 21 1 0
-25 211 240 2 1 0
-130 13 1908 22 1 13
4068559 -113 1090 28 1 0
7275504 -54 836 18 0 127
-18 81 195 2 0 -127
997 -92 1372 2 0 127
-5263504 138 783 24 0 -108
5210034 -229 381 26 1 0
-59 246 1050 24 0 127
-1818 208 1401 24 0 127
1850 75 1398 0 1 127
1383 -142 138 27 1 0
97 -173 2003 30 0 -127
-84 -194 1971 26 0 -127
70 198 1645 5 0 127
11062 147 98 29 1 127
-4689018 23 607 11 0 -127
11562 -51 923 21 1 0
-6256925 -206 932 14 1 0
-296567 -14 1398 9 1 0
-201654 93 1819 23 1 49
-88 145 1024 2 1 0
1963645 211 258 12 0 127
977 195 1166 23 0 127
-76601 -106 1178 5 0 -127
-1479 88 82 31 1 88
92 87 1605 23 0 87
3901175 97 1128 7 0 127
-65 139 1660 12 0 113
-12214 -205 1853 13 0 -127
821 -55 1089 27 0 -55
998 -174 642 21 0 -127
107 222 7 11 0 127
812 -217 957 29 1 0
-9770 171 1406 24 1 127
-14846 -194 1975 20 1 0
76145 -143 1006 17 1 127
-498584 -112 1571 31 0 -112
-325227 130 1549 10 0 -127
-963 85 715 27 1 85
-3160359 127 1857 25 0 -48
-21 -86 209 31 0 -86
-46 238 389 25 0 127
3241227 -218 846 26 0 -127
2860 -217 817 23 0 -127
6643 -245 969 21 0 -127
-1522518 114 1367 20 0 -127
343487 -71 2029 12 0 127
1495 192 786 17 0 127
172122 120 303 15 1 127
-309186 7 430 13 0 -127
60 -82 718 3 1 127
-24232 204 184 15 0 68
25 -196 329 26 0 -127
469761 37 1810 27 0 43
-37 -105 799 16 0 -105
1356795 19 668 7 1 127
-5158 -6 2023 29 1 0
1751 24 870 15 0 70
-7410367 -139 1859 10 0 -127
-4754809 -76 1225 24 0 -127
-1895 -239 1712 29 0 -127
-152849 151 191 18 0 40
-9360 216 1275 11 1 0
-13961 -14 1956 7 1 0
94 223 213 14 0 127
-1072 179 800 20 1 127
1177 -8 1822 19 1 0
-313248 175 1097 27 1 127
-34 25 1913 21 1 25
752 26 65 13 0 32
54 215 1272 26 0 127
6351079 167 1324 20 0 127
87 -104 171 3 1 127
-27993 -158 522 21 0 -127
-113 252 1349 18 1 127
-405 -95 107 2 1 0
-828 118 1876 15 0 71
-2235760 227 2043 26 1 127
0 -130 1926 23 1 0
453157 -98 145 22 0 -82
-4 -121 1813 26 1 0
-76227 91 204 20 0 76
-114 139 1163 12 0 107
-237992 -150 1313 9 0 -127
5580157 -133 1969 5 0 127
69 243 269 13 0 127
-1089 -105 1255 5 0 -127
1238 -228 659 20 1 0
52 39 1692 6 1 127
-844 180 1767 9 0 -127
-18 -92 850 11 0 -99
-644 233 1411 4 1 0
-659934 63 782 27 0 59
-8076152 -79 1436 30 1 0
-25171 223 934 15 0 -127
19116 -219 771 22 1 0
12671 -91 1339 10 1 127
-448662 206 1431 11 0 -127
48 199 331 4 1 127
-336 154 1203 27 0 127
28221 -148 1818 0 1 127
220871 -252 1445 18 0 127
3697879 187 1125 6 0 127
-6996 -22 1820 4 1 0
-541 -139 1479 0 1 0
-4326 106 440 12 0 -127
-225029 164 663 19 1 0
107 3 1364 21 1 3
2351 174 146 2 1 127
-157302 -89 2046 6 1 0
-14 -213 214 4 0 -127
-104 125 1262 20 1 125
1122332 251 1123 26 0 127
28 -202 424 4 1 127
-102 -187 1205 10 1 0
-1592 225 1889 29 0 127
75 100 425 18 0 100
421135 61 609 7 0 127
-354994 229 1925 2 0 -127
-3018 232 1405 11 0 -127
289163 41 1292 30 1 41
-80 -96 1062 27 0 -96
-7807 -222 766 13 0 -127
928 -62 1387 7 1 127
102 -70 1942 4 0 127
20421 209 662 18 0 127
83 -137 982 28 1 0
8450 -161 935 2 1 127
-6950514 244 1630 13 0 -127
1888 -238 1186 14 0 -101
-5843399 -255 191 8 1 0
-6317032 -184 854 26 0 -127
-26644 166 960 29 1 127
-4651866 171 1469 17 1 0
-122 -164 1048 4 0 -127
-3217533 -199 976 20 1 0
-335373 54 761 8 0 -127
-396239 212 197 6 1 0
32358 181 526 21 0 127
-2383247 -14 642 5 0 -127
-2034 -24 233 19 1 0
-2373925 -7 608 17 0 -127
-23209 203 1089 28 1 127
-109 -251 731 2 0 -127
482048 252 1707 27 0 127
-2010 -100 1868 9 0 -127
-14057 -156 1975 4 0 -127
285 104 1529 15 0 117
3569722 -42 1842 18 0 127
-1111 -235 43 6 1 0
-31488 105 1387 18 1 0
3375852 138 392 6 1 127
3917146 -82 1917 29 0 -68
-11963 45 954 22 0 42
84 116 1892 27 1 116
-30 -216 466 21 1 0
14447 141 1824 17 1 127
238427 -56 1894 0 1 127
-127 58 1697 4 0 -127
-519660 -20 1882 10 1 0
14593 -191 336 28 1 0
-1899 -61 1069 16 1 0
-8184 -69 1837 18 0 -126
115440 63 1702 23 0 86
-50 -61 914 28 1 0
-10617 -135 494 12 1 0
-6193279 144 83 20 0 -127
-387302 195 113 19 0 112
-1695 -78 1049 2 0 -127
-1209 -73 134 13 1 0
7821869 149 1864 0 0 127
192 -30 675 28 0 -30
1397099 63 1508 10 1 127
106747 89 1114 23 1 103
-7594455 12 1284 1 0 -127
-1867480 -83 1647 6 1 0
14987 -194 658 20 1 0
-26345 -255 1104 16 1 0
511 12 495 19 1 12
976 -110 220 25 0 -110
-6050189 -142 275 28 0 -127
3413299 -237 296 3 0 127
7062233 75 1405 0 1 127
-850 -59 1119 3 1 0
1985936 -12 738 30 1 0
31089 -118 1672 17 1 127
10146 -81 1949 27 0 -81
5 107 27 10 0 107
2428791 236 589 18 1 127
27938 -85 1847 2 0 127
-12 -155 59 28 0 -127
1474 42 259 19 1 43
-31427 165 133 5 0 -127
701 41 1392 30 0 41
1480 -2 368 12 1 127
-14391 -6 1838 3 1 0
1851 32 1309 3 1 127
-56154 -82 425 24 1 0
-393221 -74 1747 24 1 0
24743 -192 1853 8 1 127
166816 228 537 20 0 127
436009 -45 1166 8 1 127
11825 137 769 9 0 127
-6603066 8 1706 8 0 -127
-127 63 900 7 1 0
6260 83 1468 9 1 127
355431 -227 593 31 0 -127
-15492 -178 936 5 1 0
7971339 231 30 21 1 127
-114526 -224 451 14 0 -127
-25 -161 1828 27 1 0
11 127 2003 21 1 127
402001 -52 1629 10 0 127
37 -88 174 6 0 13
-4477340 -115 1600 10 1 0
338051 -79 550 13 1 127
-2245591 -11 1619 22 1 0
127 142 1858 18 1 127
7874 -60 1031 23 0 -59
75668 247 1485 9 0 127
7287 -14 722 15 0 127
-8 -99 317 10 0 -101
-363580 -171 1996 17 1 0
-110427 247 532 23 1 127
-8645 -223 274 11 0 -127
5531419 -15 1364 6 1 127
453371 -223 1975 12 0 127
482394 160 441 0 1 127
115 85 862 21 0 85
14651 32 765 3 0 127
-30540 95 1790 21 0 69
-92988 46 391 25 1 45
-41 -117 2031 20 1 0
-774196 -167 1240 29 1 0
15176 246 509 12 1 127
28306 255 736 25 1 127
260456 34 1286 13 0 127
1740 -247 1673 9 1 127
308532 177 277 2 0 127
-139 189 1863 0 1 0
6644614 105 124 30 0 106
-84 196 1502 1 1 0
-180 -116 1261 17 0 -118
-65 101 1199 0 0 -127
1794 175 310 24 1 127
-76 -130 1479 1 1 0
-411544 -69 1574 28 0 -71
3067766 -217 951 8 0 127
92 -155 278 17 0 -127
-4892 -186 1464 20 0 -127
-31 231 316 16 1 127
-7806201 -16 531 24 0 -127
-1447 42 1993 3 1 0
-24561 5 290 30 0 5
-5412037 172 13 12 0 -127
9662 -120 1914 8 1 127
29042 -112 1981 26 1 0
437 -155 1635 6 0 127
2669323 150 1176 15 1 127
-38 -142 1880 7 1 0
1536 187 625 11 0 127
-74 -228 329 4 0 -127
-2363518 215 1715 30 1 127
490588 -3 975 5 1 127
-59 -136 1323 31 1 0
18548 -99 927 28 0 -99
-97 2 31 20 0 2
14431 222 1631 22 0 127
702 -222 538 17 1 0
-128 -91 805 28 0 -91
-540 -85 81 11 1 0
435216 -198 598 25 0 -127
26332 81 1252 16 0 127
6421578 -35 480 27 1 0
4226509 -253 1987 30 1 0
4250532 221 1813 19 1 127
-7141268 58 879 7 1 0
-8221867 -60 1817 2 0 -127
-1141 -164 1888 4 0 -127
-1175 106 480 29 1 106
178 155 1753 16 0 127
-355222 -217 1705 0 1 0
-31047 -114 1793 8 0 -127
195 -138 226 16 1 0
690 -49 1688 3 1 127
49330 -68 168 26 0 -68
-122 -37 648 18 0 -37
6 77 1079 31 1 77
6036 -238 2012 3 0 127
-27416 -167 1700 24 0 -127
89 -74 1334 24 1 0
-827 -58 478 8 0 -127
-6429036 -135 1716 24 0 -127
-8571 -218 982 0 1 0
18032 -22 1329 31 0 -22
1435308 -60 720 26 1 0
2612692 228 1012 31 0 127
-15883 -43 705 18 0 -86
-13478 -85 307 9 1 0
118 -204 1076 26 0 -127
-6789 58 1757 19 1 35
7870 137 396 4 1 127
1003 235 828 27 0 127
3164 240 722 4 1 127
-14386 183 583 24 1 127
-2953 157 231 27 0 127
112 -124 269 20 0 -124
25267 -120 615 28 0 -120
1769 -11 858 17 1 1
-3218826 165 1248 19 0 -127
-52 18 1225 3 0 -127
-16548 -74 812 13 0 -127
1646 190 1007 22 1 127
100584 -190 1490 11 1 127
-88574 -200 864 18 1 0
-382348 -108 1673 26 1 0
-817042 -83 161 6 1 0
-464546 -152 190 3 0 -127
-2624 -203 1219 15 0 -127
157 47 1189 21 1 47
225311 -248 388 14 0 127
-3867 -178 1688 10 1 0
1540031 231 130 0 1 127
-68 -129 796 29 1 0
9262 -135 869 5 1 127
-12286 74 1946 3 1 0
-470074 -197 213 29 1 0
-381 -162 282 2 1 0
220 -214 1677 25 0 -127
1620 52 1712 22 0 53
64336 218 1606 3 1 127
379328 7 887 22 0 87
5452071 128 472 15 1 127
-125302 -46 1144 20 0 -127
-27120 211 0 17 1 127
-115 -146 186 28 0 -127
444086 109 1752 6 1 127
1127 85 216 31 0 85
-66443 -247 536 13 1 0
-410796 -232 299 22 1 0
306148 78 1651 12 1 127
270545 -73 1134 16 0 127
-718 184 1814 3 0 -127
-24841 -75 1230 16 0 -127
1870 -6 491 20 0 -5
30869 109 1904 23 1 116
-7695641 55 1766 8 1 0
425154 -156 215 17 0 127
21805 -30 334 14 1 127
32502 -26 1598 2 1 127
-15986 238 1617 31 0 127
-49 99 1160 22 0 99
-6628 201 1416 2 0 -127
6057 -41 975 16 0 49
-4470427 59 1443 27 0 11
-602 -189 1551 11 0 -127
-128 -23 985 20 1 0
29362 -109 1818 17 1 127
-1755 -17 837 28 0 -17
-272613 -40 278 9 0 -127
247 -226 1003 13 1 0
-89 -130 866 13 0 -127
195804 -67 1169 20 0 127
26028 -140 345 23 1 0
30156 67 51 27 0 67
-479704 76 609 25 1 67
-40 -142 818 3 1 0
-1972743 107 533 18 1 0
-575 241 121 19 1 127
-106 127 1673 12 0 84
57348 -164 391 19 0 -121
-123 54 1072 19 0 54
18369 85 1169 6 0 127
-147841 -241 1422 21 0 -127
6975142 9 1475 30 1 19
-18201 -143 509 25 0 -127
-16058 -154 1330 31 1 0
-453527 108 1186 19 1 0
-68 -153 1305 31 1 0
31190 47 930 1 0 127
37 41 898 17 0 41
-1965 79 1013 21 0 78
-451798 237 1189 0 1 0
-51 121 611 13 1 117
6177786 223 169 13 0 127
-22355 149 1940 10 1 0
28 68 1275 6 0 127
-18794 115 92 3 0 -127
8106108 160 932 18 1 127
4925338 114 676 2 1 127
453352 90 1213 26 1 98
-224 -124 1602 19 0 -125
-198 214 218 30 1 127
-112652 72 1781 13 0 -127
445388 93 819 5 1 127
-94 49 305 1 1 0
-906 216 1888 7 1 0
-307998 -218 1522 8 1 0
110815 -71 1124 15 0 127
2046 -232 1397 23 0 -127
-465379 -108 1066 3 1 0
-18167 -120 949 4 0 -127
-490053 -54 1233 5 1 0
-78 164 1453 29 1 127
388440 -159 1827 4 1 127
1646 -194 1865 7 0 127
64106 -97 1550 29 0 -97
-7593 -172 311 7 1 0
-480455 16 2035 10 0 -127
-8 234 402 26 0 127
-24 -158 704 18 1 0
-33 107 1169 16 0 106
-62 28 1497 16 0 27
-2990787 100 1319 18 1 0
-33 32 206 21 1 32
-74 -173 678 28 0 -127
846 209 454 27 1 127
-2497 142 1482 16 1 86
-1196 230 1178 20 1 127
65 200 87 23 1 127
-1481 -17 500 6 1 0
-123213 11 782 16 1 0
58723 25 840 14 0 127
-24 148 1388 23 0 127
114 -71 1528 20 0 -71
-513990 39 582 12 1 0
1744 -201 1436 12 0 127
380137 90 1881 6 1 127
1537 -49 349 10 1 127
48277 65 2007 14 0 127
-6748427 37 668 20 1 0
-1997644 -245 720 28 1 0
-934 -31 953 0 0 -127
33 -25 1852 20 1 0
5396316 -63 1910 19 1 127
-36735 -205 2043 3 0 -127
91 178 1194 17 1 127
-35513 -232 650 25 1 0
71 78 352 9 0 127
-1987 190 432 14 0 127
-5208975 207 1357 16 0 -127
-113 -133 79 2 1 0
1623 75 1689 14 1 127
-64 178 1816 4 1 0
102 -39 1340 25 0 -39
2566106 -156 141 31 1 0
-3412 30 1942 15 1 0
-22233 -76 740 2 1 0
833 -164 684 7 1 127
-7475216 -208 859 24 1 0
-3876855 68 405 17 0 -127
30626 -110 12 29 0 -110
1302 252 1595 16 1 127
-19015 204 478 19 1 127
286964 179 1507 7 1 127
30 -227 835 31 0 -127
507379 253 1355 4 0 127
-1035 -135 1144 27 0 -127
2390738 -57 857 29 0 -53
-740 251 1702 0 0 -127
1851914 117 1918 28 0 127
577 43 232 29 0 43
393834 185 1774 8 0 127
93 16 436 30 1 16
-1432 -10 247 16 0 -15
630167 9 1946 10 0 127
-6884 108 430 3 0 -127
1132 41 710 17 0 47
-128 18 461 11 1 0
24 14 1209 28 1 14
-129 -235 663 22 1 0
5895385 31 906 8 0 127
399147 0 652 2 1 127
-9821 207 1618 13 1 0
-124 82 1303 16 0 80
18845 159 1889 11 0 127
76 -179 1651 19 0 -127
193123 141 426 25 1 127
26456 18 850 5 1 127
-78 -94 1888 23 0 -94
1670 172 1049 2 0 127
-349598 126 424 13 1 0
851 183 856 25 0 127
-5273812 228 1928 5 1 0
-310566 -125 127 30 0 -125
43 -62 1710 11 0 -26
15170 -50 913 0 0 127
-61 35 966 24 0 35
1937373 59 738 30 0 60
1686 197 1172 21 1 127
-5939263 -68 445 17 0 -127
694 132 52 28 0 127
-518 -10 29 31 1 0
-23 71 732 28 1 71
-1493 -10 1178 25 0 -10
-342 134 110 27 1 127
-28018 48 1037 10 0 -127
-1151 47 823 27 0 47
121302 -192 342 5 1 127
32216 -159 775 1 0 127
-5343617 41 1232 21 1 0
-183 211 334 12 1 127
60 -203 790 22 1 0
-331244 -91 1124 25 0 -102
-18843 -5 872 20 0 -21
-101408 40 1809 26 0 37
58 -136 1056 12 1 0
-1533 101 1917 22 0 100
10786 -221 503 14 1 110
109 -174 1800 23 0 -127
123 -109 904 7 1 127
1129 252 1554 16 1 127
179171 198 497 20 1 127
-909160 -117 1472 16 1 0
4175655 90 1498 18 1 127
11688 -137 1972 19 0 -93
-802 56 711 17 1 52
96 62 1482 27 0 62
-85 163 1514 2 1 0
-28225 144 529 16 1 0
-219233 -230 1069 27 1 0
-5599582 207 1114 29 1 127
-403039 153 1951 11 0 -127
-8233496 47 15 13 0 -127
32349 202 443 3 0 127
-7 157 1002 24 0 127
-27710 -203 57 30 1 0
-1359 206 190 29 0 127
5838832 223 1448 11 1 127
24335 82 914 4 0 127
-2870993 -118 1909 8 1 0
164058 35 1136 12 0 127
-7144401 -41 1285 25 1 0
7277 -82 324 21 1 0
1804 166 1667 7 1 127
-3083067 105 1502 5 1 0
4739513 19 1470 16 0 127
-34 -241 1905 0 0 -127
3234 -211 740 19 1 0
6416402 226 1652 21 1 127
26203 -219 1504 26 0 -127
85 109 940 23 1 109
-30 222 1784 1 1 0
-6273223 -109 431 16 1 0
-4302744 -193 855 20 0 -127
-107 -222 968 11 0 -127
-2619 173 58 27 0 127
-16536 -113 1593 27 1 0
-1439034 218 599 28 1 127
463109 132 1870 8 1 127
-5719 -130 1294 31 0 -127
769764 -47 1472 16 0 127
-5361 -51 1038 11 0 -127
497054 162 1715 26 0 127
-8 5 1867 9 1 0
203305 -217 1640 22 0 -127
8844 45 818 5 1 127
100 47 1163 15 1 51
-11493 111 252 27 0 111
-14868 241 1446 8 1 0
14365 104 1553 23 0 107
93217 119 1503 15 0 127
466259 -169 1877 25 1 0
-443518 215 1641 28 0 127
1193 -93 1891 25 1 0
522250 -70 104 24 0 -67
-7211397 -83 382 21 0 -127
-68 -185 439 7 1 0
-14 -193 731 30 0 -127
-13398 -224 1780 3 1 0
6824899 34 1162 0 0 127
1631 113 1476 18 1 122
239511 -42 1038 23 0 -12
30 30 1706 1 0 127
23903 -253 704 7 1 127
13098 -132 1203 5 0 127
14 -25 1786 14 0 -23
986991 79 1095 28 1 83
-31484 206 1085 19 1 127
1845 -9 252 19 0 -8
-447 -145 1177 13 1 0
-1159 -98 66 9 1 0
-27009 22 856 12 1 0
3316 121 51 15 1 126
2978457 -134 1281 7 1 127
-75 44 137 19 1 44
-5834383 208 1646 20 1 0
-11708 193 1417 4 0 -127
-8316 -81 459 15 0 -127
366403 -20 1246 31 0 -20
7588107 -18 145 2 1 127
-5579908 187 53 12 0 -127
-120 -210 352 23 1 0
-383176 -86 252 4 0 -127
-1879 -65 245 20 0 -65
-2165037 200 485 12 0 -127
97 145 178 7 0 127
-335 49 611 12 0 -1
38 60 1927 15 1 62
21180 -241 1833 22 0 -127
27 -104 1356 10 1 0
2289 -137 1570 29 0 -127
11384 -256 1475 10 1 127
-892 249 1727 4 1 0
5478451 -151 794 12 0 127
-359831 49 429 12 0 -127
-1481 -161 339 24 0 -127
-13488 -30 1212 0 1 0
23850 175 630 6 0 127
-226 -238 1645 10 0 -127
-67 -26 551 17 1 0
130572 -50 1672 20 0 127
95 77 864 16 1 78
5215284 133 1815 3 0 127
-65 239 1707 21 1 127
-73 -65 400 15 1 0
78 -67 135 21 1 0
-95 162 810 22 0 127
-52 82 1470 2 1 0
-1706152 -23 622 27 0 -31
-1080 120 319 17 0 117
111 17 1921 28 1 17
-4094494 -95 1903 13 1 0
-1299 37 830 11 1 0
-10180 129 981 3 0 -127
1580081 -117 1961 31 1 0
-443720 66 1060 5 0 -127
278056 -95 1039 26 1 0
-14302 246 877 16 1 55
106 231 1155 20 1 127
-882 88 232 28 0 88
1681 -17 1826 19 0 -11
-22800 161 1847 13 0 -127
4012450 -239 744 12 1 127
758 -81 1399 2 1 127
366167 60 1573 2 1 127
877 -53 443 29 0 -53
-31386 -124 85 12 0 -127
25236 162 54 23 1 127
352857 103 1188 28 0 105
1470887 -44 1694 14 0 127
3059 157 1363 26 1 127
-76902 -251 841 2 1 0
539 199 1065 0 0 127
-125212 -67 1586 0 1 0
-96 106 668 22 0 106
-588 -180 1299 16 1 0
4130 197 1578 10 0 127
2927961 53 1132 7 0 127
-19294 -123 178 12 1 0
1669 -104 1003 20 1 0
4 232 718 3 1 127
1655 -247 1884 10 1 127
360868 -209 296 8 0 127
258112 -239 1065 3 1 127
-512 -91 694 25 0 -91
-17530 36 1070 23 1 34
-39272 -130 42 26 0 -127
868 -89 944 28 1 0
25666 -141 1260 2 0 127
-2893161 -124 1758 2 1 0
5176 225 256 21 1 127
-5006 -5 1987 17 0 -81
1315 -170 842 11 0 127
-19299 -89 718 4 0 -127
-5676157 -221 244 8 1 0
-127 -242 17 12 1 0
31034 -142 13 21 0 -127
-73 -97 251 27 1 0
33 204 489 26 0 127
646 -223 306 31 0 -127
-4962310 62 416 27 1 47
26 85 866 24 0 85
-8576 -176 169 24 0 -127
1716 140 1704 6 0 127
-255194 29 1058 29 1 28
-14486 219 339 21 1 127
-96 -115 1824 5 0 -127
523729 146 1463 7 1 127
16 101 456 2 0 127
115 240 1675 15 1 127
228347 193 1913 10 0 127
-46 -76 629 22 1 0
-172 -184 1796 16 0 -127
4442521 75 781 30 0 78
130 42 1802 12 1 99
1376 246 187 3 1 127
25949 -239 676 11 1 127
-11178 -160 2004 30 0 -127
90 136 1722 12 0 127
4314 -8 1349 21 0 -5
-275952 40 240 4 1 0
124 -39 22 20 1 0
-16210 -34 1898 2 0 -127
78 -30 635 6 0 127
-1989719 -88 901 13 1 0
-1391 -197 956 8 1 0
-27906 67 1982 1 1 0
-74 -142 821 22 0 -127
-48028 -29 1671 12 0 -127
118 116 1941 17 1 118
252803 -34 1050 25 1 0
122045 -238 1669 2 0 127
233554 46 67 17 0 127
829 141 316 30 1 127
8009055 164 1877 28 0 127
1274 -198 863 31 0 -127
30856 -131 202 15 0 59
17574 89 1512 12 0 127
958 -80 304 25 0 -80
3351563 188 1490 17 1 127
-307448 61 1705 5 0 -127
-257809 197 1884 4 0 -127
13 -186 841 4 1 127
7729153 163 528 11 0 127
27660 155 227 7 1 127
-4197025 -139 688 2 1 0
1013 -207 1931 26 0 -127
-1461 58 8 12 0 55
10160 244 596 7 1 127
1344 -153 1804 11 0 127
870 28 329 13 0 63
45695 -77 1613 26 1 0
1873921 -214 644 17 1 127
-6024726 239 1069 7 0 -127
95 117 1749 17 0 118
-32182 -222 1699 3 0 -127
27 -220 1851 12 0 -127
524265 -143 1530 2 1 127
-122 156 1972 10 0 -79
2671438 -89 1905 20 0 127
913 105 1195 25 1 105
-444760 135 1341 16 0 -127
96 -124 818 0 1 127
-408 -204 917 26 1 0
-365 83 601 15 0 76
-1763196 49 1497 18 1 0
-746 252 675 14 1 127
-366605 84 262 24 1 78
-4132 -209 1695 4 1 0
1239439 -39 1648 9 0 127
-10465 -46 494 19 1 0
-120 -184 200 24 0 -127
-44820 -157 1294 11 0 -127
1304 -105 1909 15 0 -29
14064 205 1020 8 1 127
2020 -97 435 11 1 127
-479514 -116 1902 23 0 -127
1578797 -255 1212 29 1 0
22170 -197 1643 2 0 127
-13603 182 1053 21 1 127
-1646 250 1392 6 0 -127
79 96 2039 17 1 97
2333664 -107 12 11 0 127
-477 33 1962 12 0 -127
235604 210 1463 14 0 127
-26838 -168 1266 18 1 0
-114 -48 931 23 0 -48
889560 72 774 10 0 127
1286146 30 686 12 1 127
-512199 -169 1655 28 0 -127
35 94 630 1 1 127
-95893 -59 132 14 0 -127
-7562220 239 1584 0 0 -127
387929 -252 1148 15 0 127
30816 -151 1335 7 1 127
-1968 -164 1366 31 0 -127
-107 -246 975 9 1 0
6847227 124 766 5 0 127
-124 39 1747 8 0 -127
12502 -101 595 19 1 0
2 163 510 1 1 127
456157 235 1059 29 1 127
22 -163 1022 20 0 -127
608 250 951 16 1 127
-156837 -20 1200 0 1 0
-31529 -11 797 26 1 0
-976 49 1416 3 0 -127
-24505 216 1211 14 0 -127
664719 221 63 13 0 127
-19786 25 898 26 0 25
1237 193 168 21 1 127
169377 -31 327 13 0 127
118 -51 2 4 1 0
-1582 152 875 31 1 127
-21340 -39 142 3 1 0
-2573 -73 887 0 1 0
6221 -132 1343 4 1 127
-12 -82 28 7 1 0
-5527204 -208 167 5 1 0
-2017 142 1690 10 1 0
-432333 -204 455 21 0 -127
-18 -145 367 13 0 -127
-1131 -63 1680 30 1 0
-104 -238 913 22 0 -127
24851 98 1392 24 1 100
-612 -95 1028 5 0 -127
-348 -176 1545 8 0 -127
6 -98 552 1 1 127
6091057 121 233 31 0 122
378096 45 1419 11 0 127
-90 12 1995 7 0 -127
-818 -120 1936 23 0 -120
-98 84 1414 28 0 84
1820 195 505 9 1 127
-96114 55 1038 23 0 43
-18450 -252 622 27 0 -127
-53 20 526 26 1 20
-1495 -240 1991 12 0 -127
55 -233 1441 1 0 127
-2160 161 949 27 0 127
23241 -219 11 13 1 0
-5539784 -119 2036 4 1 0
4936 -86 1600 9 0 127
-199901 216 391 18 0 -82
-84 -43 1245 24 0 -43
-120 -110 71 5 1 0
31405 253 495 23 1 127
-263880 164 367 3 0 -127
105 21 873 25 0 21
211150 -108 735 12 1 127
-493624 13 1624 4 0 -127
7003 -157 1274 0 0 127
-2028012 -96 1810 22 1 0
332 98 850 11 0 127
-66 152 1169 8 0 -127
-4732901 202 1753 24 0 -127
-1237 -5 1321 10 1 0
126 -157 934 6 0 127
-2789168 14 1611 15 1 0
-25943 -147 1153 3 1 0
74 87 1823 6 1 127
-19 -46 1971 5 0 -127
19153 -227 1538 24 1 0
206062 116 269 24 0 119
5114 58 1017 23 0 59
24733 -220 208 6 0 127
8362897 -225 147 3 1 127
511268 -83 64 4 0 127
-14246 55 1157 24 0 54
-392091 100 704 19 0 -127
-684 48 1458 24 0 48
1647323 -241 1768 12 0 127
-6724998 -50 1063 20 0 -127
-12 -85 256 12 1 0
-452001 59 1118 0 0 -127
118 -189 576 30 0 -127
-391265 238 185 8 1 0
6542504 -59 58 15 0 127
80 -142 10 7 0 -127
2 5 906 22 1 5
-20548 79 1698 11 0 -127
-5166383 -79 1958 27 0 -127
-3538622 -165 1339 5 1 0
-485259 -74 1075 11 0 -127
5973 -111 133 22 0 -111
-7292561 238 241 10 0 -127
-11 58 1565 5 1 0
-31393 197 595 9 1 0
93 1 950 17 0 2
3152343 -187 1545 20 1 127
-495332 -47 2027 18 1 0
29199 132 434 2 1 127
-7797 -22 176 13 1 0
31 -165 640 17 1 0
-10446 122 1073 17 1 36
-79 -224 1066 20 1 0
763 160 802 30 1 127
931763 -237 681 28 0 -127
75464 -211 1396 19 1 0
-914 25 781 29 1 25
2178 219 469 28 1 127
-12240 -203 1799 1 0 -127
-19742 -168 10 9 0 -127
-381454 203 572 7 0 -127
93 -197 1199 15 0 -127
7453902 33 94 29 0 34
-5740820 -18 497 26 0 -61
-29530 -146 1765 28 0 -127
981210 45 1251 17 0 127
72 -181 882 8 0 67
-134 -15 42 28 0 -15
-10141 45 259 29 1 45
-7921898 72 834 13 0 -127
-80 117 889 9 1 0
-640209 -167 1241 24 1 0
-27790 40 1545 5 0 -127
-16214 -242 606 13 0 -127
13418 -52 600 9 0 127
-83 -222 1444 4 1 0
-14 78 2046 12 0 71
-2141169 -68 1551 12 0 -127
4134 -150 330 19 0 -127
-3612802 -178 32 8 0 -127
-18025 19 739 24 1 18
-6170695 -187 994 12 1 0
-20605 -240 641 21 1 0
-79 90 1282 5 0 -127
8196565 -188 17 17 0 127
-3961252 179 1278 24 0 -123
-582 116 1540 0 1 0
-27920 -144 1349 22 0 -127
-523 60 559 28 1 60
-774 207 1699 24 1 127
-32 24 342 19 1 24
-7112811 -167 1059 21 0 -127
-456 47 1990 16 1 33
-887 -89 1224 18 1 0
-94 229 1103 19 0 127
1048 -170 571 4 0 127
347117 85 1715 10 1 127
-7673952 -85 803 5 1 0
-6642834 178 1693 12 0 -127
-81979 203 343 26 0 127
5577 -89 1431 11 1 127
10573 -152 1920 19 1 0
231 241 1659 7 1 127
-5169179 -77 1470 6 1 0
-470558 -187 1228 17 1 0
-9544 -74 1702 6 1 0
-1042 224 1826 24 1 127
-79 192 784 9 0 71
-16402 250 1822 17 0 22
-361457 -37 400 9 1 0
929 -152 1524 9 0 127
8542 -140 975 15 0 114
30 99 1129 7 1 127
-24872 47 105 5 1 0
11 225 1013 23 0 127
105 196 1842 8 0 127
28302 80 437 19 1 104
35 57 1487 31 1 57
386224 2 2014 29 0 3
74810 47 897 29 1 47
-112 -59 35 6 1 0
-8387 -143 1563 9 1 0
29756 130 920 24 0 127
7735737 -116 681 29 0 -106
-12030 240 211 6 1 0
107 69 841 13 0 80
224531 72 194 25 1 73
-16746 -17 382 16 0 -115
642 62 1271 5 0 127
-462029 -161 476 13 0 -127
-7152789 31 1034 7 0 -127
-3923952 215 452 7 0 -127
28213 -124 1319 4 0 127
28258 112 1976 26 1 113
19280 238 1880 12 1 127
-757 -119 1542 30 1 0
12 -125 1967 31 1 0
-11148 -103 1689 26 1 0
-5438434 139 1794 21 0 -127
-50107 69 1558 22 0 50
-94 -126 463 24 1 0
977 -188 1567 5 0 127
396145 -22 850 10 0 127
-224462 106 996 31 1 106
-457934 92 151 8 1 0
264 -123 1940 13 0 -60
284160 235 1876 12 0 127
-1 -170 1636 28 0 -127
3370615 248 1054 24 1 127
14888 -1 816 18 1 45
-7717938 176 1152 9 1 0
117 13 1879 28 0 13
-271996 -17 585 23 0 -36
-84 -88 494 5 1 0
1748 132 1155 12 0 127
-384394 120 1563 18 0 -127
-11874 72 507 28 1 72
-1621585 179 22 13 1 0
-2376633 -171 1305 2 0 -127
99480 -71 471 6 0 127
-313665 196 1519 6 1 0
-114 -114 329 30 0 -114
-776 -42 1302 9 0 -127
1346 -211 2005 31 1 0
-13957 142 273 30 1 127
-4992721 -117 1270 16 0 -127
-61 -136 982 26 0 -127
31874 -134 1046 2 1 127
4664882 -74 865 29 1 0
-58 -189 1614 7 0 -127
-31401 134 951 10 0 -127
-2433927 -241 1235 6 1 0
-627 -158 680 20 1 0
4133782 -66 369 2 1 127
-2 3 1137 26 1 3
158186 -176 108 31 1 0
1018 228 900 29 0 127
114457 -107 1400 18 1 127
-1377 -72 296 7 1 0
74 -64 940 23 1 0
1519 -158 421 25 1 0
-1194 -39 1015 7 0 -127
466968 -134 1472 28 0 -127
-2167525 126 80 31 0 126
-6708843 -49 1403 3 1 0
-1378 -101 748 1 0 -127
8267 82 2004 29 1 82
-380 83 128 15 1 82
769 102 721 7 1 127
-997 -91 1447 30 1 0
1442 -231 1904 8 1 127
518193 -83 88 18 1 91
20384 -236 553 20 0 -127
7475659 -202 1791 3 0 127
-481633 245 1881 5 0 -127
1818 -109 765 21 0 -108
-4178584 -170 1473 21 0 -127
6347211 136 2010 5 1 127
293316 226 1509 21 0 127
-452972 162 1580 15 0 -127
-125657 246 278 22 1 127
25742 -112 1772 4 1 127
5376 -248 664 6 0 127
21150 -58 2026 21 0 -38
-312831 207 842 4 1 0
18085 -68 681 16 1 120
-70 252 902 22 0 127
22914 -56 986 19 1 0
1502 167 970 28 0 127
-8 239 4 12 0 127
-1051 -182 372 1 1 0
11831 165 369 21 0 127
-1121 206 437 2 1 0
-182096 -192 893 25 0 -127
496222 159 828 6 0 127
3531348 228 1114 22 1 127
-550 209 1280 9 0 -127
-35006 -52 639 9 0 -127
79 128 906 23 1 127
24494 -79 1698 27 0 -79
521042 106 1221 6 0 127
-141708 -181 831 24 1 0
-91 -181 589 5 0 -127
1609 -159 816 31 0 -127
-217 -126 1717 7 0 -127
-75 33 740 2 1 0
13688 244 982 6 0 127
3358164 175 540 31 0 127
-8750 35 1693 20 1 21
-5118028 -239 1607 29 1 0
362233 -75 1716 23 1 0
-79730 35 566 15 0 -127
853407 -129 1248 30 0 -127
267405 245 1658 21 1 127
48 116 417 1 1 127
-137555 -181 906 11 0 -127
-4372 -198 72 31 1 0
-157768 238 82 16 0 41
-3658 190 1283 9 1 0
11767 -5 1614 10 1 127
1103 -4 1637 18 0 3
-352 197 114 14 1 127
130018 -150 623 1 1 127
582 -166 1495 28 0 -127
40 205 704 8 0 127
-81 197 923 23 0 127
-120 -100 99 14 1 0
520818 113 1055 19 1 127
-486976 -129 230 25 1 0
-16154 -152 384 25 1 0
-25202 201 184 23 0 127
420347 75 1504 8 1 127
-39598 228 190 3 0 -127
8325 89 1860 20 1 104
67 -59 678 5 1 127
-51 -157 1477 18 1 0
-356 72 837 9 0 -127
1592 48 1379 18 0 56
-787 -253 1955 17 0 -127
-199815 184 1936 0 1 0
-2244558 145 1365 21 0 -127
-755 255 48 4 1 0
-24491 132 931 19 0 89
-4450799 -106 1004 23 0 -127
-13287 -130 360 22 1 0
7929065 79 1580 13 1 127
77 205 777 2 0 127
9005 -44 1140 2 0 127
-570 122 491 12 1 54
6789 -141 1752 13 1 127
-493411 -93 1340 4 0 -127
-7991 206 212 15 1 127
-12 -54 1836 1 1 0
52085 168 1148 12 0 127
445530 104 945 16 1 127
4247004 195 353 29 0 127
451920 -232 162 24 0 -127
5366081 72 181 1 0 127
79599 194 990 23 1 127
-4851632 -249 1320 10 1 0
-5316 114 976 8 1 0
-1078332 18 604 18 1 0
-1903 -128 557 26 1 0
15609 106 626 15 1 127
1772 -91 326 11 1 127
134726 -154 1043 11 0 127
-380968 127 1807 14 0 -127
-1002 -251 1548 13 1 0
1615 -156 1048 26 1 0
-581 -56 1274 2 1 0
9746 128 1276 29 1 127
10901 -165 1445 28 1 0
1197 119 2040 3 1 127
1848 33 731 21 1 34
-66133 144 1062 8 0 -127
23 152 1777 27 1 127
-367 -87 115 25 1 0
9 239 1830 24 0 127
-2512258 94 970 22 0 -127
17469 -90 533 12 1 127
1289134 33 1102 25 0 75
-5567879 -27 2026 23 0 -127
502744 159 1877 20 0 127
310514 36 957 30 1 36
863 141 1175 4 1 127
19466 -189 490 2 1 127
-472417 171 1752 9 1 0
-128 241 297 22 0 127
113 -203 1586 19 1 0
-30519 117 2019 12 1 0
747 -203 1927 1 1 127
18054 112 555 5 0 127
-696 -40 312 16 0 -43
5867 160 1241 2 0 127
385270 -152 38 11 0 127
164970 -54 756 28 0 -54
364659 95 1841 26 0 105
-123 19 695 31 0 19
889 -2 811 12 1 127
-5531317 -77 1993 18 0 -127
-473019 -232 1285 11 1 0
709 63 974 25 1 63
-7145 201 117 14 1 127
11268 -146 1504 30 1 0
15 44 746 3 1 127
-338566 171 1649 10 1 0
-282044 -163 1840 15 1 0
3116 -248 843 8 1 127
175452 -32 1036 18 1 127
-447235 88 1265 24 1 54
127 -129 1495 15 0 -123
6788 -3 911 25 1 0
1206 175 1609 18 1 127
47 146 842 20 1 127
-6105 135 1772 29 0 127
108044 158 1800 9 1 127
-14939 -87 1600 28 0 -87
-2708384 -175 1312 18 0 -127
48 -30 1962 28 1 0
13399 -138 813 16 1 28
-5993 135 842 30 0 127
-9 -192 1377 5 0 -127
16 208 360 17 0 127
-9434 7 1251 9 1 0
-763 205 1858 31 1 127
79 204 839 12 1 127
1768508 174 1858 23 1 127
16573 -65 1484 29 0 -65
3 251 1871 0 0 127
-1760769 74 1393 26 0 37
17213 -44 1116 16 0 127
60951 212 1586 12 0 127
-259490 17 436 6 1 0
116 -31 660 24 0 -31
-5731 43 943 6 0 -127
13 170 395 17 0 127
2607 151 519 18 1 127
6247633 -56 1530 18 1 127
-371669 58 807 26 1 54
-22011 -174 953 7 1 0
16167 23 641 20 0 33
-402495 -59 1994 8 1 0
1707440 -83 1886 17 1 127
91 -247 1651 7 1 127
-13704 -246 356 17 0 -127
32282 121 1996 7 0 127
-4947391 217 1228 14 0 -127
-3493175 -11 1452 3 0 -127
-524 -188 1669 6 1 0
91 195 1631 9 1 127
57 154 1062 21 0 127
420514 -233 697 8 0 127
-411984 11 1547 12 1 0
-172 239 2012 30 1 127
-50 191 1680 27 0 127
219707 -125 1650 20 1 127
-18899 -28 14 0 1 0
27578 101 222 23 0 102
-5538129 216 750 13 1 0
-243932 195 819 8 1 0
341810 21 1203 16 0 127
-8037723 -31 1752 23 0 -127
-31705 141 873 29 0 127
-35 -106 1899 12 0 -122
5731807 254 1332 6 0 127
2791293 -72 8 25 0 -71
-21 228 1206 21 0 127
5409701 11 54 0 0 127
-943 208 300 31 0 127
-6513381 -125 634 28 0 -127
110 253 1285 0 1 127
-450577 -130 1360 25 1 0
1897 -54 1608 24 1 0
107 80 1817 20 1 80
-126 212 394 9 0 115
-4868204 -247 1599 1 0 -127
-190933 153 109 24 0 127
-47338 -208 824 12 1 0
-14 229 996 17 0 127
-4791651 -155 404 4 1 0
121 -159 470 13 1 0
-387 -43 1061 7 0 -127
-29192 -218 217 25 1 0
-1851 -210 487 27 0 -127
202 1 786 4 0 127
80202 248 360 30 1 127
-112 95 615 17 1 94
-178631 -235 1005 16 1 0
-996 255 370 31 1 127
-184073 -174 1014 3 1 0
10516 150 1210 25 1 127
-186057 -144 1007 5 0 -127
-190542 32 1662 20 0 -127
1254 -256 1358 26 0 -127
-1676 -64 134 16 0 -67
18824 24 759 15 0 127
-425 -183 820 0 1 0
-2854320 117 1835 27 0 78
7758644 203 1230 6 1 127
119 -140 704 24 1 0
1050783 -150 1903 26 0 -120
259872 151 428 28 0 127
28518 -75 330 11 0 127
6321644 144 183 13 0 127
-3538606 151 1822 21 0 -127
-191186 238 934 2 1 0
-6738 5 746 17 1 0
26877 19 1419 11 1 127
-16039 163 740 12 0 -127
5417497 205 1821 14 0 127
-122 244 718 4 1 0
1193 -193 1705 14 1 0
443 84 1601 7 1 127
-3544683 -44 1475 16 0 -127
-6078721 93 1797 0 1 0
-657 -95 228 27 1 0
-27737 -45 774 20 0 -65
-8337892 -56 1408 15 1 0
513281 254 1104 23 0 127
-1970638 -111 162 30 0 -111
-424454 238 420 3 0 -127
562 -203 15 3 1 127
-21870 84 587 1 1 0
-480978 132 1287 17 0 -127
125 240 1173 16 0 127
-1991 249 1577 17 1 127
-50585 -158 340 11 1 0
309700 197 1078 26 0 127
75127 62 794 7 0 127
9726 -238 385 5 1 127
-126922 -52 1645 26 1 0
5693800 -54 1275 24 0 127
-221296 138 533 5 0 -127
2461036 -5 958 14 1 127
145355 23 1543 9 1 127
20497 -60 1567 3 1 127
-94 -84 1957 4 0 -127
1805 -86 913 2 0 127
-294068 59 1278 30 0 59
15377 -91 1120 19 1 0
1965 -19 1586 22 0 -18
62 -236 237 26 0 -127
-119 222 2000 15 1 127
21278 -144 526 28 0 -127
242292 183 940 5 0 127
694 -138 778 1 0 127
243348 110 850 16 1 127
-114 -208 281 15 0 -127
-253879 75 1408 14 1 0
1315 -44 789 24 1 0
-1689 -76 1753 14 1 0
288762 -37 88 12 1 127
14568 164 1966 9 0 127
113 98 349 26 0 98
-6017 -241 497 18 0 -127
-16 -129 1530 1 1 0
65 -152 41 12 1 0
-4257730 -186 1320 20 0 -127
-67 170 1431 24 1 127
-447449 -43 1938 23 1 0
-966 -114 269 8 0 -127
-1710929 52 984 14 1 0
-151600 -149 2003 3 1 0
-513691 233 564 12 0 -127
-7 -102 733 14 1 0
-287505 -211 33 5 0 -127
28821 -242 133 3 0 127
231044 -206 1276 19 0 127
111016 -173 1207 26 1 0
1944212 45 463 30 0 46
-9062 -125 45 30 1 0
-452766 -248 118 29 1 0
-57 -236 911 10 1 0
-574 110 37 16 0 110
2391925 73 1511 10 1 127
13503 7 1502 16 1 127
8278709 236 751 26 0 127
10975 214 834 20 0 127
4964561 -54 1158 29 1 0
5138690 29 69 12 1 127
-123 -218 1510 15 1 0
20 127 1640 26 1 127
-26440 246 1792 7 0 -127
-1788 -180 560 14 0 -127
32 31 1866 23 1 31
3101396 65 1934 27 1 110
393072 109 1920 27 0 115
225403 23 1579 14 0 127
-89 94 921 5 1 0
-130426 167 759 0 1 0
-485345 -127 1049 7 1 0
23881 110 1190 29 1 110
-299798 -250 698 3 1 0
-539 -255 1555 23 0 -127
-6813 134 483 31 1 127
95 -180 272 6 0 127
-6802145 -137 1716 13 0 -127
17866 -185 1786 12 1 127
-73 233 752 27 1 127
262192 -14 223 23 1 0
313 -21 842 18 0 -20
316133 17 917 11 1 127
-43 -242 1317 8 0 -127
65 -67 1661 30 1 0
1457270 -234 1177 0 1 127
-21112 -228 99 6 0 -127
1227 253 1840 1 1 127
-79 232 740 5 1 0
-28439 71 1893 30 0 71
2041 -224 1749 26 1 0
-594 147 326 7 1 0
4558540 -162 833 26 0 -105
-953 141 1187 30 1 127
72015 -178 706 9 1 127
75 233 1039 30 1 127
1674 64 1957 25 0 64
-34 -41 1892 24 0 -41
266 -206 1715 1 1 127
1044558 67 378 26 0 73
432857 -221 283 16 1 127
81 -85 1664 22 1 0
1291 116 1704 27 1 116
1911 -189 1261 2 1 127
454764 -29 739 24 1 0
124 -46 1561 22 0 -46
95 178 650 24 0 127
53 -131 1651 17 1 0
-5552226 244 37 26 1 127
1977 -74 60 11 0 -16
1115 30 1644 6 0 127
-821 -240 483 21 1 0
4184405 -255 264 5 1 127
1416 -207 599 1 0 127
200481 159 1746 26 1 127
6396638 239 1901 21 0 127
5 40 124 7 1 45
50 -224 289 1 1 127
255281 157 636 11 1 127
287817 -197 1982 1 0 127
-1451 -25 1833 26 1 0
2805 67 1045 1 1 127
340 204 1712 20 1 127
5532642 230 1109 2 1 127
-323980 96 1526 24 1 67
-539 34 1601 30 1 34
-73 150 1841 9 1 0
7186255 -63 1735 25 0 127
1672377 189 342 0 1 127
278384 244 1046 20 1 127
13981 -138 1151 10 0 127
6941078 -214 340 4 0 127
56 174 150 2 1 127
-180115 73 1568 23 0 39
3685515 102 294 4 0 127
14 -16 1131 16 0 -16
-1200 17 171 20 1 17
393 226 2008 18 1 127
-1863 17 638 4 1 0
-6497141 -157 651 25 1 0
-17651 45 535 30 0 45
12 172 885 21 1 127
589 170 1917 20 1 127
1878 118 1401 17 0 127
-211876 115 900 10 1 0
-19 252 1529 0 1 0
125 77 491 10 1 127
92 247 1930 15 0 127
-7236 -235 1266 11 1 0
175717 42 1499 11 0 127
-55 -155 1621 12 0 -127
235968 195 1822 20 1 127
17591 246 113 8 0 127
167807 107 254 31 1 107
-28 -76 1061 24 0 -76
-86 32 960 27 0 32
-121 144 1334 1 0 -127
67 -35 1499 9 0 127
827 -154 1551 6 1 127
-1832 -94 799 10 0 -127
-18706 -61 1479 18 1 0
-18930 235 450 15 1 0
-429710 -249 1210 9 0 -127
1033 -67 2039 26 0 -67
-96968 -82 1772 17 1 0
-2025 37 1197 12 0 -127
377948 -91 978 21 0 85
-72 13 1903 9 0 -127
20619 -141 560 14 1 127
86 43 1614 28 0 43
-23238 -190 1370 6 1 0
15911 -11 1416 21 1 0
11 -179 1335 2 1 127
-390835 -53 1795 24 1 0
-83 -245 884 3 1 0
-80 129 983 25 1 127
338481 -55 955 14 1 127
95 -127 1136 9 1 84
-19012 -129 333 11 1 0
-117229 70 617 23 1 61
5178272 163 1653 5 1 127
-66 -141 366 14 1 0
502622 52 343 20 0 127
333736 55 1321 29 0 56
-4445821 143 704 18 1 0
478785 15 1398 19 1 127
101 -180 486 31 0 -127
318151 240 1359 2 0 127
-440140 64 817 16 0 -127
93 164 937 10 0 127
125 222 774 7 0 127
102 -224 1210 27 1 0
366 242 1559 13 0 127
-7701426 -24 842 11 1 0
-547 -6 215 16 0 -8
357745 172 318 15 0 127
-19859 222 666 4 1 0
-4729253 -20 1904 31 1 0
955 72 924 16 0 85
-944 -1 407 18 1 0
6468298 215 236 1 1 127
81 -95 557 25 0 -95
-238921 85 1380 31 0 85
-7817148 -198 1524 24 1 0
59 191 315 2 0 127
13185 -214 1528 21 1 0
-11927 210 479 9 0 -127
-526 57 491 27 1 57
-52 163 128 0 1 0
-6732037 -3 2046 13 1 0
984 211 194 14 1 127
26512 -133 447 14 0 127
8006293 179 565 2 0 127
505 174 1982 25 1 127
-4294290 -180 25 1 0 -127
-4166844 115 1615 8 0 -127
-93111 -255 1486 3 0 -127
552 128 150 29 0 127
-882 43 1488 0 1 0
296537 2 1831 6 1 127
-31 -44 1211 24 1 0
232326 -96 35 20 0 -88
-126882 -209 1034 16 1 0
-476923 -78 755 6 0 -127
-2307274 29 1925 17 0 -127
6202 255 846 12 0 127
52 -246 1016 2 1 127
2570836 -11 1586 28 0 4
663 230 1988 3 0 127
-45910 -191 355 15 1 0
-86052 186 1427 31 0 127
-4049097 -87 1548 14 0 -127
-4982556 18 622 1 0 -127
-11278 -36 221 28 0 -36
-25920 -68 1646 12 1 0
8289436 212 1305 4 0 127
-49 -163 580 4 0 -127
-1751177 237 767 17 1 0
30104 100 199 21 0 103
-9518 77 1754 5 1 0
-490 209 982 18 0 127
399415 91 718 16 1 127
5391830 -85 1206 14 0 127
3007744 66 415 2 1 127
-4995620 148 1349 26 1 48
-7807721 -17 282 19 0 -127
17 233 332 22 1 127
83 -57 1196 5 0 127
-4376796 35 515 25 1 0
-1 -150 1536 3 1 0
-311 230 1912 31 1 127
-1564 -132 86 10 0 -127
67 214 161 16 0 127
2488361 -138 1858 3 1 127
1679 79 760 30 0 79
293772 43 794 28 0 44
-474371 -30 229 8 1 0
-4621279 -209 945 21 0 -127
-25918 -183 1088 21 0 -127
-1169406 58 2027 19 1 0
-65 182 467 23 0 127
21768 -180 1522 1 1 127
-1404825 -21 1582 24 0 -127
-60 -216 1893 30 1 0
1116 -188 1653 16 0 -127
-3966625 203 1714 28 1 127
-339916 -35 1843 18 0 -127
927 -85 1839 0 0 127
221646 185 1588 0 1 127
-2950403 194 557 17 1 0
86 -129 1663 27 0 -127
-110 180 35 24 1 127
-359677 161 16 2 1 0
-279250 -239 258 24 1 0
-5439 -6 1536 3 0 -127
90 -209 290 24 1 0
7541918 -132 2040 7 0 127
6210 -208 825 14 1 105
674048 -32 1332 10 1 127
696714 -40 166 13 1 127
-257192 -169 464 25 0 -127
-1657 246 1446 4 0 -127
1413 -107 1251 27 0 -107
3814322 -2 1828 18 0 127
66 157 904 6 1 127
29 79 743 29 1 79
-17604 118 75 27 0 118
28032 81 1712 13 0 127
-55514 212 334 25 1 127
-26634 -154 1740 17 0 -127
327190 52 1479 28 0 54
-22 -8 287 2 1 0
-1660 95 71 1 1 0
60 127 856 21 1 127
-25124 -221 1800 3 0 -127
234278 158 2007 31 0 127
-41410 -230 1029 3 1 0
-458 -140 1139 16 0 -127
-70334 -226 751 25 1 0
2321326 194 2025 1 0 127
-82908 -147 1775 29 1 0
-190898 164 783 24 0 127
28176 211 1641 8 1 127
-5973 208 1822 17 1 125
-379913 -93 677 21 1 0
14531 -41 137 28 0 -41
-853501 255 1582 9 1 0
-7501045 167 1767 7 1 0
-2668784 -1 1995 16 0 -127
59 -123 1962 12 1 0
-7997026 160 210 31 1 127
-31856 -223 347 30 0 -127
-7551534 -70 1942 25 1 0
-391 -113 166 10 1 0
-29013 -129 1880 22 1 0
476682 79 1229 10 0 127
809 -141 1054 18 0 -127
444536 -192 780 23 0 -127
200478 -181 1632 6 1 127
62 -201 630 10 1 0
183000 -104 284 28 1 0
-3206208 195 1091 3 0 -127
-155601 82 451 14 1 0
-108 227 1078 22 1 127
-66 -8 160 15 0 -8
-462348 69 1335 24 0 32
28324 -138 1024 17 0 83
1661609 -45 1632 1 0 127
-16595 144 601 10 0 -127
-77 -128 953 18 1 0
1770 -31 1798 21 0 -29
2034 -85 954 12 0 127
27081 -140 743 16 1 127
-78 86 349 26 0 86
-1795 -244 1346 23 1 0
193664 31 798 19 1 127
11056 -35 380 11 0 127
2846629 59 1005 24 0 127
8 -209 1726 21 1 0
-5538332 32 1864 12 1 0
-7962506 240 1290 2 1 0
782 60 1592 28 0 60
-23195 96 906 30 1 96
19482 40 443 21 0 44
-220329 -39 1183 13 1 0
-21621 -153 1164 8 1 0
-15 88 1460 9 1 45
-14784 67 341 15 1 0
-198380 -87 1166 26 1 0
-4674 153 302 18 1 127
-62 247 1801 30 1 127
-21886 -191 1713 10 1 0
7207823 70 1931 18 0 127
17302 -164 1175 9 0 127
-298 172 921 19 0 127
-26711 -103 683 20 1 0
-155250 -154 536 3 0 -127
-12882 198 476 29 1 127
24 -53 1690 2 1 127
-29003 224 1530 27 0 127
-9 -253 1242 29 1 0
7504349 -102 521 10 1 127
-27856 101 1666 19 1 12
-117 -170 1767 8 0 -127
1699 165 1944 10 1 127
7132 -127 1852 2 0 127
3129 -235 1490 4 1 127
3820910 161 396 12 0 127
29830 -97 1851 28 0 -97
-44 -60 1404 24 1 0
-4411605 140 95 4 1 0
-13 -151 629 24 1 0
-454 215 1325 7 1 0
1866679 66 1715 5 0 127
24 -225 579 26 0 -127
-3198 165 688 19 1 127
-1254 -89 1229 2 0 -127
-22541 -148 1252 30 1 0
-620 60 1386 17 1 53
-85 -210 1488 13 0 -127
509022 218 1691 16 1 127
-20 31 512 29 1 31
-164745 -1 1706 5 1 0
-4723092 -103 844 19 1 0
358647 -238 700 24 1 0
33 -231 160 30 0 -127
112 173 909 4 0 127
-7669 -13 2022 5 1 0
-601 247 1736 23 0 127
260906 74 981 11 0 127
11 155 1334 11 0 127
519521 179 701 19 1 127
-51395 -103 871 8 1 0
-1613455 61 805 15 0 -127
-7662737 -123 1187 4 0 -127
-25692 -209 1127 13 1 0
-74 110 369 25 0 110
25146 -159 1392 30 1 0
9 -154 1006 27 1 0
-90 147 1176 25 0 127
14 32 1764 18 0 32
4485166 -177 1150 23 0 127
-6836659 -159 864 20 1 0
2747374 -204 999 23 1 123
-7347491 -210 1686 20 1 0
97 245 152 1 1 127
1189 47 1623 9 1 127
-413930 -162 1986 11 1 0
-638 197 646 18 0 127
-445743 56 65 10 1 0
137776 142 268 24 1 127
5702 -185 576 2 0 127
8381294 -23 862 18 0 127
-1989 112 384 3 0 -127
-25093 120 813 2 1 0
-490372 243 1514 1 1 0
3 199 200 3 1 127
-55 215 1685 19 0 127
-71 -15 571 25 0 -15
-30 -156 1711 2 1 0
-52 -164 334 31 1 0
1634 -54 1016 29 0 -54
14432 -183 536 23 1 0
-39 59 82 27 0 59
82596 -145 1908 11 0 127
-355028 -185 1682 26 0 -127
368 190 1862 13 1 127
-515107 -42 995 3 1 0
361805 125 830 9 0 127
1795 130 1516 20 1 127
-88 104 1242 0 1 0
32 -148 1826 23 0 -127
23392 -60 880 15 0 127
-484393 5 767 3 0 -127
-1933 45 872 15 1 0
-254790 -183 1604 27 0 -127
1686507 -170 219 10 0 127
268305 126 1136 4 0 127
-13019 -121 1711 16 1 0
40165 -22 1384 25 1 0
5730293 -209 1436 13 1 127
2045 -143 1756 19 0 -127
-1332 -93 1558 13 1 0
1727894 177 553 5 0 127
-1260876 93 1419 20 0 -127
1321 -104 1987 30 1 0
15367 -58 154 12 1 127
1877 -63 1199 8 1 127
69 26 1316 29 1 26
-3660051 -120 754 31 0 -121
-43 -187 1285 24 1 0
-220544 -222 1208 31 1 0
158463 226 896 10 1 127
498 30 380 28 1 30
-591348 -106 33 6 1 0
-59 -23 1536 16 0 -24
29814 -89 1724 18 1 107
-103331 66 1518 0 1 0
-2774101 181 1568 15 1 0
64022 -206 1721 15 0 127
-194969 25 981 25 0 19
1848213 -120 566 31 0 -120
1020 160 642 3 1 127
-40 -153 1944 15 1 0
-4811071 180 662 24 0 -10
-6550606 116 1940 25 0 -127
-22913 43 804 8 0 -127
-1983 143 219 0 1 0
-29345 23 1852 1 1 0
-125 246 418 11 1 127
355 -42 1837 15 0 -22
156031 31 579 4 0 127
-505723 81 500 31 1 81
8003242 -102 581 31 0 -100
-63 -240 862 16 0 -127
120 4 249 11 0 19
312222 209 1750 19 1 127
282591 82 1015 11 0 127
-124 -180 351 6 1 0
59 -25 488 22 1 0
-1227 -69 1453 16 1 0
66726 85 1454 15 0 127
-1866 26 1643 19 0 20
-78 -122 1364 20 0 -122
1706555 -78 906 1 1 127
-27227 -20 580 21 0 -28
323178 231 535 13 0 127
-411957 220 864 26 0 127
-1025 215 1872 15 0 127
125 102 1013 30 1 102
13295 -109 735 7 1 127
-370047 -142 811 19 0 -127
248 -27 1200 18 0 -26
-2099564 -75 388 28 1 0
344447 -170 1550 22 0 -43
-5115740 112 1796 23 1 0
116 142 754 3 0 127
-3012035 -213 62 27 0 -127
-410699 -19 10 13 1 0
-7108 -62 692 27 1 0
-377984 219 1745 11 0 -127
727425 -145 523 4 1 127
-759607 -157 1246 4 1 0
1690 65 597 24 0 65
-23921 82 2008 18 0 -101
1837 -164 635 15 0 -127
-591 -80 1116 22 0 -80
-16659 247 1566 14 1 0
552 143 457 19 0 127
5032755 -217 1994 3 0 127
14 139 1296 8 1 127
-3065983 -205 289 4 0 -127
108 -11 226 19 1 0
63123 31 559 18 1 127
-84 -211 1896 13 1 0
-6024036 -171 1761 4 0 -127
-104 -92 1155 10 0 -127
-8345809 243 1666 27 0 127
0 -181 504 29 1 0
12416 172 73 2 0 127
67 161 37 25 0 127
-4337555 172 1385 21 0 -127
2488035 90 1736 3 1 127
-632 226 776 1 0 -127
-49 -20 872 31 1 0
87 227 693 29 0 127
39 -86 1180 26 0 -86
31848 -250 1466 6 0 127
-29 -127 923 28 0 -127
2457 127 1930 9 1 127
-65612 -54 751 16 0 -127
-510442 87 641 2 1 0
-69 243 594 7 1 0
-108 -15 10 28 1 0
-3756722 44 707 4 1 0
1389975 -114 765 26 0 -98
21476 186 1684 17 1 127
2 115 1406 2 1 127
-18330 135 169 25 0 127
99 168 841 4 0 127
61 -194 49 0 0 127
52 -103 641 20 0 -103
-3631624 -244 891 22 1 0
-25138 150 1211 12 0 -127
184401 -40 1937 10 0 127
-309439 15 713 10 1 0
73 65 909 1 1 127
-954 238 1398 12 1 0
-8 183 217 14 1 127
8030055 90 1014 15 1 127
177 -52 1788 9 0 127
-54 41 1611 5 1 0
-22167 -51 1923 20 0 -92
-319308 -132 153 2 0 -127
227963 172 1534 23 0 127
-120 -128 386 6 0 -127
-4545109 142 1461 2 1 0
13888 95 1118 21 0 102
228550 196 176 0 1 127
-93 56 1481 17 1 55
-23208 63 2043 15 0 -127
-6495 132 2040 16 1 0
-76 49 54 29 1 49
-448462 -241 686 17 1 0
21707 71 218 6 0 127
432671 109 1918 14 1 127
25086 204 181 26 0 127
3855 67 43 1 1 127
144192 190 1139 8 0 127
22877 -138 1832 11 0 127
-491 233 372 12 1 127
-473271 172 79 31 1 127
-704 -115 940 5 0 -127
686 239 1889 1 1 127
-77 41 937 22 0 41
-457614 -196 1636 0 0 -127
308239 214 578 12 0 127
-60 1 1396 27 0 1
-3163256 -56 1489 18 1 0
2220847 -58 1374 17 1 127
-943 177 139 10 0 49
31178 -137 1622 13 0 127
7211052 -192 764 11 1 127
504 217 568 15 0 127
4552262 50 1591 20 1 127
1497 -31 1772 0 0 127
37 224 1914 14 0 127
-109021 -157 662 1 0 -127
214507 -110 1225 21 0 15
7978019 185 1918 3 0 127
466662 64 474 18 0 127
-32108 -184 92 17 0 -127
24280 110 711 28 0 110
67 -93 322 3 1 127
-266960 -126 1708 25 0 -127
5633406 -232 1370 29 0 -127
-1895008 195 907 19 0 -127
108 -154 438 11 1 0
1079 -186 141 15 1 0
455370 181 720 2 1 127
-9195 -10 785 2 0 -127
250371 -31 511 30 0 -31
56 -8 641 20 0 -8
263233 -112 1619 22 1 0
-470294 234 1014 14 0 -127
614965 -196 1389 18 0 127
412345 -162 1785 12 0 127
941534 -244 1125 24 1 0
122657 189 648 6 0 127
-19977 -4 1160 17 0 -127
-19421 -71 1055 15 1 0
32 134 733 10 1 127
114 25 1586 29 1 25
3182228 -58 917 19 1 127
-3191981 -230 1704 1 1 0
-6115010 38 1853 4 1 0
13940 117 1976 15 1 127
1894256 157 1679 14 1 127
1142071 -23 1667 5 0 127
-6809877 -159 283 25 0 -127
-11429 132 1561 12 0 -127
24285 224 1537 3 0 127
-4005 -141 837 0 1 0
16803 234 1033 20 0 127
-620 243 518 0 0 -127
124 -101 1711 24 0 -101
-106 156 283 8 1 39
-6928497 -143 461 8 1 0
-31990 -142 1311 27 1 0
49 -77 823 13 1 0
-65 -81 268 1 0 -127
520139 213 762 11 0 127
-58 14 108 2 0 -127
55964 49 553 20 0 79
130 250 1847 8 1 127
-34 74 60 28 1 74
3701718 -218 796 16 0 127
234798 -7 1716 5 1 127
39 -229 530 18 1 0
230101 -237 541 20 1 0
-7579 -130 1322 12 1 0
-70 -198 1630 31 0 -127
-6964323 27 1191 22 1 0
-222217 -51 1116 25 0 -58
100 -56 227 6 1 127
-14 -41 1318 28 0 -41
-16916 37 471 8 1 0
-498105 -74 7 5 1 0
-60 164 1291 12 1 127
4 -201 1704 31 0 -127
-768 107 815 27 1 107
78 190 367 18 0 127
68 160 1801 5 0 127
-1442 250 316 5 0 -127
10115 51 1846 21 1 60
9 206 1736 16 0 127
-4300402 92 382 27 0 80
-1496 210 1188 6 1 0
-91 3 533 28 1 3
-145342 -1 789 20 0 -110
-1491 -97 791 15 1 0
-14863 231 1825 12 1 0
-4107218 -254 892 8 1 0
-1873 195 81 28 0 127
29 -32 2015 1 0 127
-544 103 1470 15 1 79
-421085 -151 1292 11 1 0
20482 -230 1153 4 0 127
-50268 57 650 8 1 0
124 -47 1810 12 1 8
-27 -29 1929 22 0 -29
5095351 147 1353 29 1 127
304282 -40 1885 0 0 127
10936 -225 727 9 0 127
-18566 183 643 29 0 127
12409 34 1720 20 1 54
114 157 1623 10 1 127
-6437192 -221 1899 5 1 0
40 55 337 8 1 108
-407 133 1405 20 1 127
5617287 222 624 26 1 127
14195 169 1731 7 0 127
-56 23 563 27 0 23
-4734793 -153 1557 17 1 0
-17932 234 516 9 0 -127
-93 -86 990 1 0 -127
92861 -80 356 13 0 127
-1047 151 438 16 0 127
-346919 63 1281 4 0 -127
-80 253 587 29 0 127
21174 -112 760 21 1 0
94 71 92 23 0 71
30633 -198 911 29 1 0
14013 -15 128 0 0 127
-136451 23 1948 29 0 23
-1880505 131 1492 23 1 0
-3380643 -155 1573 28 1 0
37 -77 664 5 0 127
-457387 199 1406 7 0 -127
1800 130 35 18 1 127
-283 212 59 9 1 127
78004 33 378 28 1 33
477101 -38 1182 7 0 127
-161717 59 866 13 0 -127
1795 76 722 18 1 81
281465 -95 553 1 1 127
-940 214 448 19 0 127
-8380690 42 1961 2 0 -127
-269394 77 747 10 1 0
-105 -97 1310 10 1 0
14849 -3 1547 11 0 127
-17 43 1282 4 0 -127
2073 211 1861 18 1 127
-1106 177 1090 12 1 0
619 -152 1511 10 0 127
-18571 -110 1650 9 0 -127
3320085 -252 1743 11 0 127
-5679410 55 149 28 1 52
-2864638 -235 1157 3 1 0
121 -87 1692 5 1 127
-2691738 -22 1042 24 1 0
4189232 -96 1592 31 0 -93
346757 -134 1925 11 0 127
-111 223 1985 20 1 127
540 -229 1039 15 0 -127
54 -204 1105 6 1 127
391745 -63 252 30 1 0
-195217 -254 0 30 1 0
-1438 -113 1093 17 1 0
-27048 22 622 10 1 0
323783 -41 257 6 0 127
-104 213 1751 4 1 0
-4065 -239 353 17 0 -127
-78 -49 1225 25 1 0
-86 119 595 3 0 -127
-433172 135 595 9 0 -127
122 142 309 30 0 127
27481 250 470 24 0 127
-12223 -130 443 25 0 -127
9968 161 1788 25 0 127
10602 -91 669 15 0 125
-1038 -48 178 11 0 -127
-246477 -209 1517 8 1 0
-76 -135 1353 29 0 -127
-153200 -247 1196 0 0 -127
-1558750 0 1394 25 1 0
-1695 -15 675 21 0 -16
1652 -69 923 0 0 127
-114 -53 1112 25 1 0
266080 212 928 9 0 127
124 237 1908 6 1 127
-138754 -148 113 24 1 0
335767 8 407 10 0 127
120667 -184 1497 23 0 -127
580 -241 297 31 0 -127
129 71 1506 23 1 71
2459 -50 1070 1 0 127
-88 -19 413 13 0 -23
-479 200 260 10 1 78
6346774 30 1443 24 0 127
16972 -30 1759 20 1 0
232 -143 1658 11 0 45
14105 -81 2027 8 1 127
21683 -136 834 13 1 127
-1750 111 919 1 1 0
236689 -98 1917 19 0 127
-2200503 -187 150 14 1 0
-6115383 -201 132 12 0 -127
-79 5 1029 1 1 0
-159 61 804 0 1 0
2227462 -206 1116 14 1 127
30470 -227 387 10 0 127
32150 249 1062 30 0 127
-334224 157 492 3 0 -127
23737 53 2047 2 0 127
-123 232 1877 22 1 127
-397603 -166 1721 11 1 0
73 -172 1221 7 1 127
-56 -157 984 1 0 -127
62128 32 379 17 1 127
-410454 -147 2036 7 0 -127
1046 194 1298 26 1 127
-2011 113 772 10 0 -127
-248159 245 1184 10 1 0
-117271 86 446 11 0 -127
-518499 199 483 5 0 -127
-17 237 350 19 1 127
487661 -132 178 18 1 127
-511973 186 972 19 0 -127
-28 69 1412 23 0 69
23379 147 1179 13 0 127
45 -64 394 7 1 75
2673657 227 157 4 0 127
85 168 803 24 0 127
5773284 -248 344 25 1 0
37 -47 551 25 0 -47
3534091 161 654 1 1 127
-418264 49 1003 8 0 -127
32734 170 1449 27 1 127
-48867 -91 2039 2 0 -127
7742636 -69 1490 2 0 127
-463 79 18 23 1 79
-10 139 605 31 0 127
-222093 141 1768 17 1 0
-6945 54 1236 29 1 54
7817532 220 1999 16 1 127
-50 75 132 31 0 75
-215389 -130 365 25 0 -127
70 81 883 18 1 81
-461358 103 18 7 0 -127
4556343 -29 1220 21 1 127
807 -233 876 21 1 0
19403 -227 1851 13 1 127
-17537 79 1214 4 1 0
664 66 1807 8 0 127
-5 199 1045 29 0 127
-125998 169 635 18 0 -127
25834 -116 345 29 1 0
7072942 53 1721 25 1 127
35 -23 1161 23 0 -23
-3248252 -19 1866 26 1 0
85 -68 676 8 0 127
-3782916 -138 1984 15 0 -127
17485 20 1855 10 0 127
-1174 74 542 27 1 74
162326 -82 943 28 0 -81
-1827 0 932 19 0 -3
-140 134 539 22 0 127
13 152 520 24 1 127
-3238 221 508 18 0 127
-10642 148 453 28 0 127
-1510 113 967 1 0 -127
-727461 186 97 22 0 127
88 -80 1346 20 1 0
6353583 78 1850 19 1 127
100 -198 1373 9 0 70
5838056 239 1211 7 0 127
25 -169 347 11 1 0
-3121373 134 1075 31 0 127
-260852 -229 761 16 1 0
-4836445 -157 788 21 0 -127
-113 253 71 11 0 127
-28907 119 105 31 1 119
-45 -177 135 26 1 0
-7151850 250 1972 17 0 -127
7814 -184 194 29 0 -127
124 -155 1292 1 1 127
-88 23 1535 30 1 23
-16830 -123 1733 5 0 -127
7340327 53 971 22 1 127
4628430 -130 743 26 1 0
1467 -100 1331 30 1 0
1385 -103 448 17 0 -98
1039 -238 1767 8 0 127
116981 55 1431 28 1 56
6919301 186 1252 23 0 127
-453900 -157 119 17 1 0
-4344712 -90 1376 26 0 -127
1936931 229 1930 23 1 127
937 -252 1896 13 0 -35
457074 234 981 15 0 127
-915 -153 1779 21 0 -127
-1664 -214 324 22 1 0
-1825 207 1794 15 0 107
1398 1 1883 16 0 41
-315857 -162 1258 8 0 -127
1162 -191 1214 28 1 0
-2682642 -96 180 31 1 0
47723 193 96 7 0 127
5266917 -143 1754 17 1 127
-22940 219 420 15 1 0
396819 -122 1309 9 0 127
30 -112 303 31 0 -112
282898 0 275 18 0 127
-3810792 -181 2041 16 1 0
-457848 213 802 27 1 127
139 -74 1103 8 0 127
-2942132 -173 1927 5 0 -127
-3854060 139 900 22 1 0
152 -228 1587 20 1 0
-116 249 1465 2 0 -127
1581 -128 1103 10 0 127
-104 -211 305 9 1 0
-88971 210 1423 9 1 0
-135 101 198 16 1 101
-1378 -15 1071 9 0 -127
998 27 508 6 0 127
1321683 19 1359 2 1 127
21986 -123 1193 20 0 -98
-794 4 1042 22 1 4
-1508 218 1205 27 0 127
-31492 -166 578 2 0 -127
-38 -17 252 12 0 -19
1115 180 1712 24 1 127
1349 152 741 13 1 127
26639 -176 326 12 1 127
2214999 -34 671 12 1 127
-49854 244 1365 23 0 127
-10293 -219 1393 15 0 -127
-119 -70 1764 4 0 -127
34 -132 1700 15 0 -127
1361 9 1392 1 0 127
26865 -193 529 24 1 0
-3785926 -135 242 29 0 -127
340 244 282 13 0 127
1372 -35 1338 18 0 -28
26947 -245 907 13 0 127
114 27 911 17 0 28
-6098146 246 1847 17 0 -127
-491276 241 1804 18 0 -127
124733 -3 1042 25 0 1
-597 -179 1513 23 1 0
-381649 -159 217 31 0 -127
-91 140 1928 17 0 127
-49596 31 1793 16 0 -127
-1630 -81 842 27 1 0
2911524 77 130 0 1 127
-23 -203 588 28 1 0
-103 64 229 19 0 64
-2025 -219 1376 31 0 -127
1077 -247 1778 6 1 127
7707161 173 1597 4 0 127
-20016 -83 1179 6 0 -127
-128 -176 1547 16 0 -127
1888033 108 1982 21 1 127
12445 243 1676 9 1 127
-52 66 496 25 0 66
-490488 94 183 6 0 -127
-1610 137 1 26 1 127
-30230 176 720 31 0 127
-12 32 1124 2 0 -127
-1894 -210 1862 24 0 -127
74 157 1012 7 1 127
662 179 1804 7 1 127
61 -126 1958 27 0 -126
-415645 -150 540 31 0 -127
-66 -116 353 15 0 -117
319 -139 250 7 0 127
9626 169 1157 7 1 127
7612676 31 450 31 0 33
108 191 716 23 1 127
433300 207 125 1 0 127
52 -137 215 17 0 -127
3003 -61 1233 15 0 52
-1898240 116 610 20 1 0
1270 142 1867 29 1 127
2047 119 434 20 1 120
29990 96 1853 3 0 127
1519 87 1175 28 0 87
1833 -196 1435 6 0 127
108 -153 1184 4 1 127
-11937 105 7 23 1 105
-1549361 129 484 0 1 0
372 194 849 26 0 127
18502 222 1859 10 1 127
60 -229 1428 27 1 0
4764037 19 812 4 1 127
-1116 -167 2016 23 1 0
537 -255 1284 4 0 127
7769 -83 1068 24 1 0
-6613699 161 17 26 1 127
32 116 911 23 0 116
2787619 -21 1907 19 0 127
-516196 238 1485 9 1 0
983787 -93 993 28 1 0
16 81 842 28 1 81
-2605168 -103 830 27 0 -119
-3319904 -210 991 31 1 0
-28437 -236 554 18 0 -127
93018 167 430 13 1 127
-161 16 990 24 1 16
-6699085 -78 544 10 0 -127
-1309859 -23 1965 29 1 0
181554 246 475 8 1 127
-1336 160 68 2 1 0
-1630 -109 1736 15 1 0
-18791 185 1321 7 0 -127
-248 254 2042 2 0 -127
-113 -33 1822 9 1 0
-4016215 14 825 28 1 2
-108094 -71 892 10 0 -127
-43 -49 1897 5 0 -127
-4812879 -235 747 18 1 0
14470 -7 384 6 0 127
-30805 -219 170 24 0 -127
-9230 51 1693 1 0 -127
-53 -62 65 9 1 0
-7635665 159 824 18 0 -127
-505932 -206 1956 8 1 0
11016 235 1868 6 0 127
93 -186 1087 18 1 0
24011 -172 861 15 1 127
-190140 61 1404 31 1 61
-1410 172 1315 6 0 -127
3960730 217 1740 13 0 127
25377 11 1539 12 0 127
-2272 217 1967 28 1 127
-29877 -38 1140 12 1 0
95263 -61 1559 15 1 127
-2329973 206 1481 2 1 0
23129 199 577 5 0 127
-258990 151 252 17 0 -127
1 -250 290 16 1 0
-417522 157 100 18 1 0
7673 -242 1718 3 0 127
-3035645 244 147 16 0 -127
-93 179 1447 26 0 127
-457287 175 344 25 1 127
-2162956 -205 2024 29 0 -127
90 127 339 13 1 127
1197 147 468 3 1 127
441395 41 1042 8 1 127
-2085203 -230 36 26 1 0
-156399 -29 1743 30 1 0
1401 139 1448 18 0 127
-3521329 -20 406 7 1 0
-26 -252 741 25 0 -127
-21875 252 577 10 1 0
67 90 1509 14 0 96
1988 247 172 24 0 127
-3877319 -22 746 17 1 0
136935 -220 1421 3 0 127
-21126 247 562 29 1 127
-126 -133 1356 23 0 -127
503620 -161 597 29 1 0
76 68 1121 17 1 69
4656619 -176 1410 13 0 127
-38704 99 711 3 1 0
380066 -19 746 1 1 127
526 -149 220 6 0 127
-16444 171 1079 2 1 0
25634 136 170 12 1 127
-7037655 7 1134 16 1 0
113 -202 1681 5 0 127
286 193 1072 28 1 127
7030 52 180 8 0 127
401649 -35 1062 8 0 127
-428943 23 120 29 1 23
2957212 180 1125 30 0 127
-73 7 1048 29 1 7
97 135 483 27 0 127
-53 -58 191 29 0 -58
-24952 -194 159 18 1 0
-24206 -45 828 10 0 -127
-6647212 46 343 16 0 -127
-352577 104 451 0 1 0
-14 -117 1217 11 1 0
263971 201 1661 15 0 127
-4804880 238 1015 4 1 0
22332 100 1021 22 1 105
-29808 160 422 2 0 -127
2181607 -69 216 31 0 -69
228662 -3 953 8 0 127
-4193755 -67 906 18 0 -127
462602 156 52 16 1 127
61 -113 187 21 1 0
679787 31 1389 0 1 127
449301 -103 626 5 0 127
167 78 1014 30 1 78
114 167 1717 31 0 127
679045 -219 1077 16 1 127
-3683 -17 8 27 1 0
412096 20 1169 1 1 127
10 -215 719 5 0 10
127 -141 1142 18 1 0
611 -174 1795 21 1 0
444890 -1 856 13 1 127
187195 156 1166 31 1 127
-24779 -59 480 4 0 -127
1241 94 1979 31 1 94
-3480626 206 1429 17 1 0
19726 -147 1911 4 1 127
29614 157 1578 13 1 127
-452431 -126 1477 2 0 -127
30 255 1412 16 1 127
-2967 194 811 3 0 -127
-900 -59 1401 12 0 -127
-486145 -166 962 31 0 -127
6235256 -7 779 13 1 127
-5720931 67 20 1 1 0
7449324 160 1642 14 1 127
367228 -219 1007 23 0 -127
-1483 -199 771 7 0 -127
30 36 1553 29 0 36
15881 -91 1238 7 0 127
-812 -121 1859 24 1 0
123 -235 574 21 1 0
-1091 124 1180 2 1 0
1692836 78 1996 29 1 84
-3006 23 690 8 0 -127
-8090563 -108 894 0 1 0
-100 -38 676 11 0 -71
-88 -87 123 7 1 0
-17910 227 1505 11 1 0
91 -61 1322 23 0 -61
10677 -212 1142 0 1 127
-72 -223 1771 23 1 0
149 44 1093 26 0 44
-3428 189 1752 4 0 -127
923629 192 185 20 1 127
-28254 244 2002 18 0 28
-31328 -122 1868 16 0 -127
7295215 -119 1250 28 0 -85
88 -196 742 30 1 0
4798 -124 1123 6 0 127
2425 -105 454 14 1 0
54 22 669 24 0 22
-1301985 5 1788 16 0 -127
124110 -245 786 11 1 127
-48 38 1731 11 0 -3
448 105 682 4 1 127
20430 121 417 14 1 127
485887 -210 899 4 0 127
-90 116 1215 5 1 0
4485 -102 555 20 1 0
687 24 39 12 1 31
461633 -102 756 31 1 0
-68 -70 442 1 1 0
-4369265 -171 1793 4 1 0
-8 -132 1133 18 1 0
173357 -196 294 29 0 -127
2366476 -117 159 21 1 62
-25156 215 613 19 0 127
4924157 177 781 22 0 127
-4 -195 802 2 1 0
60 197 2027 21 0 127
5709527 -193 396 25 1 0
164500 126 265 19 0 127
12408 -40 1089 14 1 127
2846166 -204 1992 29 1 0
-99 -186 708 28 1 0
-5196 -224 279 0 1 0
3704 226 420 18 1 127
-25 218 674 25 1 127
5363 -253 502 17 1 0
1081 88 1861 10 1 127
-303899 167 276 0 0 -127
3180131 -114 1398 15 1 127
-116 -169 161 4 0 -127
-202 -65 1359 15 0 -73
-11374 127 1987 6 0 -127
1394 86 1917 4 0 127
-3748 134 568 16 0 102
-120 -164 489 18 1 0
8325130 -72 1874 9 1 127
-20919 114 1424 29 0 114
-36570 -180 551 5 1 0
-2304331 -139 346 28 1 0
-1944 246 1646 18 0 127
-285905 129 901 2 0 -127
-572 -203 688 11 0 -127
122 -25 543 10 0 40
-27295 -111 743 27 0 -111
1869 -106 1327 7 1 127
142130 -229 547 18 1 68
-3747146 94 1955 20 1 0
109 28 637 31 1 28
-8367836 -109 1357 2 0 -127
73 204 1825 3 0 127
1144 -216 124 0 0 127
452909 -195 1507 8 1 127
1171 -13 1897 30 0 -13
-162383 182 1774 29 1 127
8286508 220 1264 8 0 127
75 33 1328 5 1 127
32681 24 670 8 0 127
-344944 8 1335 22 1 0
254 252 1658 19 0 127
10653 -192 1112 9 1 127
50 -250 81 26 1 0
957604 38 951 18 0 127
-18140 -32 740 0 1 0
-419 222 1627 31 1 127
-208 -159 888 31 1 0
-45 -204 1325 14 0 -127
-42 -214 1636 5 0 -127
812 97 1396 23 1 97
-9760 145 227 11 0 -127
485200 181 1617 28 1 127
8203323 82 577 17 0 127
-30084 -146 61 0 1 0
-8093249 71 1847 24 0 -127
91 -96 114 16 1 0
-22472 -7 17 15 1 0
156877 -103 1369 24 0 -90
-2918475 93 1890 4 0 -127
7750320 -115 708 26 0 -33
536 198 1302 22 0 127
77961 140 994 3 1 127
1752021 229 1823 25 0 127
-12693 -250 1634 31 0 -127
413221 254 1441 8 0 127
-80 121 1849 29 0 121
-23402 -233 1458 18 0 -127
800480 206 527 12 0 127
1711110 -69 1625 22 1 127
-726 -117 1923 31 0 -117
-6 -229 725 26 1 0
-1252 -4 180 20 1 0
4463 111 1847 22 0 113
-1916 198 172 11 1 37
-119 -206 801 7 0 -127
1356 20 1050 20 0 21
206367 -103 1424 18 0 127
1189239 225 341 24 0 127
-8108 -72 794 29 0 -72
-10518 104 185 28 1 104
-458385 36 1978 23 1 0
467122 57 1262 3 0 127
4033274 -169 1622 10 1 127
-280529 -8 1752 16 1 0
-75 18 250 16 0 18
-448966 -243 549 30 1 0
-48 -115 197 23 0 -115
-106 3 1438 7 1 0
-1279 145 1316 13 1 0
-1037 -23 690 12 1 0
-3608134 -178 33 4 0 -127
-2502650 33 233 15 1 0
-503994 40 444 23 0 13
-1842 102 898 22 1 102
25970 170 1519 19 0 127
-22330 202 1713 11 1 0
-437672 -123 1713 29 0 -124
50 -247 223 26 0 -127
-285 -221 1258 29 1 0
-2006 -35 761 12 1 0
-2593 64 1264 15 1 0
-81 246 1177 14 0 127
2833 80 7 6 1 127
1324 -128 422 16 0 -119
1851 -157 2007 16 1 0
3649368 -9 1310 6 0 127
-26766 -11 1035 17 0 -127
14112 -238 1957 19 1 0
111 -31 1578 17 1 0
76 192 843 15 1 127
5599 -133 572 12 1 127
1986 -252 1482 18 0 -127
-11575 128 426 16 0 53
44 -59 1115 20 0 -59
6124 179 108 8 0 127
-6995071 157 412 9 1 0
74 -67 580 16 0 -66
-377673 115 1897 28 1 112
-168528 -56 801 14 0 -127
-4266 -240 716 0 1 0
460 205 786 16 0 127
-6780 81 1404 25 1 81
380534 17 427 17 0 127
-7987940 -197 2047 18 0 -127
-388139 -247 552 24 0 -127
-12528 242 1139 25 0 127
71 63 1118 14 1 68
3660009 -15 1759 10 1 127
2557466 -236 465 26 1 0
-3162153 -14 1517 23 1 0
-975208 56 1222 0 1 0
317 221 709 12 1 127
-19154 -87 321 29 0 -87
1176 -169 1697 19 1 0
-23 231 1815 0 1 0
-44 -3 2018 24 0 -3
1173 -82 597 28 1 0
-86 75 1715 29 1 75
241800 -34 1245 12 0 127
-79 -95 1086 3 1 0
425781 19 1852 13 0 127
-16121 88 299 4 1 0
81 -233 618 12 0 -127
25698 -82 1388 27 0 -82
-2152096 204 580 28 0 127
-7990648 -5 72 7 0 -127
2158 15 1003 21 1 16
1339464 78 1281 28 0 84
807 64 512 9 0 127
4634 23 1656 27 1 23
1341 133 989 26 1 127
-387614 7 355 19 1 0
286 -239 52 23 1 0
-74 -92 1133 28 1 0
-600 -46 361 22 1 0
90 213 1488 1 0 127
314409 46 789 3 0 127
-3485212 -30 584 20 0 -127
-29021 253 1830 18 1 50
-2798 100 699 21 1 99
-15844 155 469 25 0 127
-3055049 40 57 19 1 0
276596 46 576 1 1 127
-99 5 1459 31 0 5
-70591 121 1440 27 1 120
110766 -139 230 21 0 -127
-395645 118 1113 24 1 92
-1886 -8 1256 18 0 -17
-19448 -54 1555 8 0 -127
-25 -209 1871 9 0 -127
704 -55 1803 12 0 127
-30909 208 767 28 1 127
-3006384 -173 1714 10 0 -127
-2013 -147 1563 8 1 0
488938 -17 1054 28 0 -15
-3953055 63 861 23 0 -127
22073 -44 20 13 0 10
200104 -56 1937 17 1 127
-9764 -39 1219 9 0 -127
54 57 222 26 1 57
-104 172 314 14 0 127
20524 150 805 6 1 127
1676 69 1755 16 1 114
1526 74 1646 18 0 84
-2274730 -60 1116 17 0 -127
-29886 -113 962 23 1 0
113 -172 621 21 1 0
-147 117 306 2 0 -127
14175 -255 741 11 1 127
77 -240 2005 15 0 -127
-18288 -133 1721 3 0 -127
-1888 -26 1680 3 0 -127
-199270 -110 1268 26 0 -114
1047 -65 779 21 1 0
-893 -236 513 28 1 0
-20 117 1634 16 0 117
2579983 -78 1512 1 0 127
-41 156 632 24 1 127
-7677745 70 295 23 1 0
7916660 81 1995 18 0 127
-1523 221 327 3 0 -127
24 -159 1049 20 0 -127
-1868 79 1741 2 1 0
2133199 150 1798 9 0 127
-498746 207 453 27 0 127
2003587 33 1627 1 0 127
1295 185 1796 14 1 127
8331125 -207 40 28 0 -127
299 36 1200 6 1 127
110 -110 234 11 0 -97
6054 -30 180 26 0 -30
-2922870 -122 1913 30 0 -127
127 37 1334 2 0 127
-90 47 1778 7 1 0
5797 -93 1875 19 1 0
-98 -91 300 7 1 0
2859 -80 1733 19 1 0
-24774 21 1597 9 0 -127
-42 125 167 16 0 125
-6074878 -215 1983 28 0 -127
430800 171 1140 13 0 127
1649 -124 144 3 1 127
12382 151 485 4 1 127
-65 -148 1879 26 0 -127
651 242 265 1 1 127
880 -72 576 16 1 0
-109 156 1088 29 1 127
-16216 -2 493 15 0 -127
-738 57 1408 7 0 -127
35 -207 525 28 0 -127
-6521647 214 594 13 1 0
-135515 -101 748 16 1 0
1600262 52 1278 19 0 127
1656 -79 1197 21 1 0
27029 112 1025 13 1 127
-1501 9 501 4 1 0
28679 160 437 26 0 127
314796 -201 1784 4 1 127
31323 40 1971 18 0 127
-9768 -178 1235 4 0 -127
63 74 2029 0 0 127
661 149 578 15 0 127
2493949 89 253 9 1 127
-4679965 209 1672 8 1 0
31432 -90 1402 21 0 -69
-1509 159 1067 9 1 0
24063 211 1199 0 1 127
164121 91 1051 2 0 127
124 70 537 12 1 86
631 -186 791 26 1 0
-479 194 1875 1 0 -127
-4980 -44 2015 7 1 0
3561540 -60 870 0 1 127
14 74 1833 22 0 74
-8 -31 1674 30 0 -31
-993 190 1688 0 0 -127
1334 -5 1637 30 0 -5
29608 133 561 29 1 127
28132 158 840 30 1 127
388 235 1395 21 1 127
-392 9 320 3 0 -127
4868406 231 534 15 1 127
-2639163 -25 1212 11 0 -127
-1823 -122 1755 14 0 -127
104649 193 487 14 1 127
-21529 -152 1641 10 1 0
7485 -180 1169 3 1 127
-124 187 206 7 1 0
4085576 21 397 9 0 127
-332885 160 1863 17 0 -127
76 -238 1133 10 0 -127
896 -139 2020 6 0 127
52292 182 67 23 1 127
13727 147 1770 16 1 127
-137912 -120 1991 1 1 0
-1887153 102 219 12 1 0
15639 211 83 5 0 127
282 255 316 14 0 127
12 -194 301 5 1 0
437322 228 737 25 1 127
-138000 -99 1504 6 0 -127
31335 190 1444 12 1 127
1883 54 1304 14 0 127
-254052 -168 354 21 0 -127
47 16 2047 15 0 19
-3071572 -218 1405 12 1 0
339691 -102 315 2 1 127
34 -71 1343 10 0 -26
-71636 -96 1425 19 0 -127
-7357833 214 948 23 0 -127
-756 -195 193 0 1 0
-1878 117 753 13 0 -56
-20355 159 1710 4 1 0
-25 235 636 5 0 -127
1442 137 1855 25 1 127
28691 118 15 21 1 118
-20133 214 259 18 0 127
662 125 1209 3 1 127
-377207 -51 1793 15 1 0
5446 98 1613 8 0 127
4871958 -9 143 2 0 127
-105 136 1291 7 1 0
-97 244 1658 21 1 127
-3725 243 166 4 1 0
-20 16 1488 30 0 16
1166 101 1295 24 1 101
6351600 -94 437 6 0 127
-21018 -18 1181 23 0 -21
842 58 1953 25 1 58
-12353 165 1669 7 0 -127
-7733470 -147 851 9 1 0
-9592 196 1638 15 1 0
1827 -188 1736 25 0 -127
-1642 114 1023 13 0 -91
-1717 -222 162 11 0 -127
207 26 1720 19 1 27
-6218678 -82 426 23 0 -127
45 -26 1308 7 1 127
-1166102 -177 1256 9 1 0
5567247 95 1289 21 1 127
458470 248 702 5 1 127
-53 -244 1885 20 1 0
100 131 841 22 0 127
-6530938 79 1592 14 0 -127
-7884740 77 1095 26 0 -52
374 -182 1222 25 1 0
-90062 -245 407 21 0 -127
-71801 -253 1547 30 1 0
1981839 99 525 16 1 127
253409 198 1832 11 0 127
48 135 1712 16 1 127
-4353172 -232 14 3 1 0
5061147 -4 0 24 1 0
6102 149 1258 30 1 127
123 -36 1638 6 1 127
520387 -224 9 29 1 0
8864 -10 288 18 1 0
-7346733 237 1151 18 0 -127
-4976134 -181 1420 10 0 -127
-1671 48 1495 24 1 48
13 111 1496 0 1 127
301 211 1152 18 1 127
1670 23 1359 23 1 23
56 22 232 2 0 127
48 -248 101 20 1 0
514 -173 523 27 1 0
-1709 -235 1113 19 1 0
1650 246 1789 10 1 127
-85 71 308 25 0 71
102 -91 774 14 1 0
-11288 -146 1469 6 0 -127
8 -39 325 8 0 -29
-67244 -170 363 23 1 0
86 136 844 23 0 127
206563 30 1289 11 0 127
-1816 -93 1082 30 1 0
-80 -135 1610 21 0 -127
4189628 53 1035 20 0 127
284203 -156 866 31 0 -127
467415 151 1899 16 1 127
232476 160 456 22 0 127
869 -120 16 18 0 -120
-12942 -64 1154 30 1 0
-3437573 -3 16 2 0 -127
-2165743 -125 585 1 1 0
-52 -40 1937 4 1 0
-7463855 53 985 19 0 -127
21884 -154 1093 4 0 127
32 148 1577 26 0 127
3709377 -183 969 27 0 -127
-1494 -128 78 31 0 -127
127 -132 72 31 1 0
809 53 1152 29 0 53
-68 -148 821 22 0 -127
-4876662 35 288 25 0 -7
57 -236 964 21 1 0
-4932999 -93 1041 6 1 0
390533 46 613 25 0 53
9581 -64 46 14 1 0
3662103 -156 1860 1 1 127
6758898 -242 27 10 0 127
1322 101 1287 2 1 127
2207430 100 81 15 1 127
107 -116 2022 22 1 0
7604818 89 331 12 1 127
-6849885 221 317 3 0 -127
-37 54 1343 12 0 42
-26778 -201 653 17 1 0
69 -113 845 3 0 127
3288957 -250 1379 12 1 127
-2477147 -62 884 31 1 0
1935 240 339 21 1 127
-1914 254 232 8 0 -127
-358583 -133 1204 23 0 -127
37 -248 1301 28 0 -127
563 230 472 6 1 127
-359967 -36 1263 14 0 -127
694 75 174 27 0 75
-387561 -1 387 29 0 -1
-9942 106 1894 25 0 105
508399 -34 1838 25 1 0
354543 80 1394 29 0 81
-16370 -120 89 30 1 0
-1850 -34 1768 25 1 0
-27 -76 754 13 1 0
1500657 -108 72 11 1 127
-41 -194 682 30 0 -127
-6182639 -234 115 6 0 -127
24291 -219 364 7 0 127
260 -83 646 2 0 127
-6500381 -206 964 16 1 0
8512 236 1615 14 1 127
1285 -87 11 20 0 -87
5 -237 1643 23 0 -127
1626 -188 1368 18 0 -127
436333 89 962 1 1 127
7866787 -136 1412 22 0 127
384501 31 1575 9 1 127
26 248 1847 2 1 127
1860 221 973 4 0 127
7427 187 1338 30 1 127
584 132 2004 12 1 127
346808 -193 282 2 0 127
1500 -156 930 20 1 0
-12133 49 1882 17 1 0
-81 197 796 21 0 127
313302 101 859 19 1 127
-32 -114 2041 29 0 -114
71 42 254 31 0 42
-3145003 55 1956 7 1 0
289826 -107 1555 13 1 127
2945871 -181 509 26 1 0
-9 64 1847 24 0 64
74 143 1422 28 1 127
137645 25 1966 7 1 127
-125157 -38 1567 26 0 -41
-29455 153 1056 23 0 127
-14 241 133 31 0 127
-26196 -86 170 30 1 0
4629 -88 336 18 0 -82
86 77 1709 17 1 78
-2113044 -95 179 19 1 0
-1577081 -174 1240 31 0 -127
1978412 189 1934 21 0 127
-22569 11 1558 25 0 10
480879 -58 303 4 1 127
6617459 236 1166 2 0 127
257119 -47 1140 5 1 127
-442 -79 1533 13 0 -127
-13 26 1608 21 1 26
-29635 74 1560 20 1 30
-19923 -130 1177 7 0 -127
-2040 128 1715 0 1 0
488254 -81 1073 17 1 127
-8741 -130 843 26 0 -127
23831 121 1298 5 1 127
-30677 139 1647 27 0 127
181792 -17 2014 21 1 127
108 -196 1559 13 1 0
13 -6 84 12 1 0
81381 -7 797 0 1 127
33517 -72 1861 10 1 127
-12282 65 670 17 0 2
-6750701 -142 1459 5 1 0
-14166 62 1309 27 0 62
-1171964 -195 1353 3 1 0
1722 -14 1233 22 0 -13
480406 -149 1516 27 0 -127
-950 219 1962 11 0 -127
-1087 50 316 14 0 29
528 -202 1963 22 0 -127
17394 -52 847 30 1 0
595582 -119 1439 16 1 127
-58135 137 1241 2 1 0
18646 39 476 11 1 127
20952 -179 1016 26 1 0
329114 166 854 21 1 127
-281552 -242 784 1 1 0
-97 4 318 8 1 0
-19895 86 796 1 0 -127
-1485 50 1332 18 0 42
-80811 194 1322 4 0 -127
418246 190 1187 15 0 127
4787286 -171 709 1 1 127
1904 -133 1341 27 1 0
-3725181 136 1037 26 0 78
79 -122 997 1 1 127
-1061 76 426 3 1 0
1685 155 1569 22 1 127
28122 -242 598 12 0 127
57983 102 16 16 1 116
106 112 514 27 0 112
394406 202 1806 4 1 127
-42 -55 403 15 0 -56
-11792 -150 1955 26 0 -127
16493 93 1049 5 0 127
15752 -66 418 30 1 0
32640 -212 774 31 1 0
593 198 426 6 1 127
-1838 153 177 2 0 -127
-1785741 -243 1533 4 0 -127
16 54 540 8 0 88
26222 162 1610 20 0 127
-22 214 951 10 0 127
-548 -15 1443 3 0 -127
1463 215 1777 25 0 127
305571 -160 1576 16 1 127
-112 150 508 15 1 127
-103 76 379 30 1 76
-395216 -160 262 3 0 -127
-27288 204 96 8 0 -127
-82 -23 435 1 0 -127
31004 -8 171 28 1 0
-106028 -50 1395 19 1 0
655 -185 1695 15 1 0
-39421 -189 392 1 0 -127
-124 -149 941 10 1 0
260597 -57 1179 28 1 0
26858 208 1671 8 0 127
-60 33 684 28 1 33
-1358 -187 798 6 1 0
-1719768 -138 1428 0 1 0
273617 63 650 21 0 127
-25210 52 1556 13 1 0
-53 168 834 0 0 -127
1233281 -153 33 25 0 -127
1904 97 1210 7 0 127
379309 -102 1150 17 1 127
-41 214 1256 11 0 127
-8869 -189 687 13 1 0
67 28 1351 11 0 72
-1500669 235 62 7 1 0
-9619 -9 950 13 0 -127
1469663 -200 1187 9 0 127
-27979 -79 1676 26 0 -80
26 133 2023 13 1 127
-5194250 -18 1615 21 0 -127
595 190 1758 15 0 127
27558 -37 45 20 1 0
7763258 29 633 10 0 127
144 -93 1304 15 0 -87
-3470 205 1489 8 0 -127
26823 -48 1913 13 1 127
18662 223 420 7 0 127
48 -198 1123 27 0 -127
151858 163 655 30 1 127
-97 170 552 1 1 0
-117 -75 1340 25 1 0
-8663 -166 651 20 0 -127
-86 -14 1344 30 0 -14
-1531388 12 1494 18 1 0
3088754 -185 1321 13 1 127
-1829795 50 671 13 0 -127
20073 -56 1705 21 0 -40
29 -18 1190 12 0 -10
149 76 613 5 0 127
1853 -229 93 12 0 -127
4363340 -47 918 16 0 127
-15304 -175 1928 25 0 -127
-32 -111 884 29 1 0
-724 51 723 14 1 19
-1458282 -133 1656 29 1 0
4110 -149 1566 10 0 127
-228708 -58 1825 23 1 0
10528 222 594 9 1 127
-39 201 632 26 0 127
82 -245 861 23 0 -127
-14058 -83 1940 20 0 -109
21 -25 1868 14 0 -23
-33 238 1814 27 1 127
18681 -73 1405 27 0 -73
-20157 219 1730 15 0 -127
996 -171 1323 13 0 -10
20618 -203 110 4 0 127
69 90 354 30 0 90
-292 -250 2008 10 0 -127
-557 143 1097 1 1 0
91 199 1687 25 1 127
-36 -69 1673 22 0 -69
610 49 525 18 1 50
-116 -124 291 11 1 0
-5740739 8 1320 17 1 0
89 47 1664 17 0 48
-6177955 234 1508 25 0 -44
49 132 400 23 0 127
-84 238 480 17 0 127
-1178 60 66 30 1 60
-292 47 1962 29 0 47
5254632 18 1427 31 1 21
-7586 170 902 20 0 127
40 221 1371 9 1 127
41 -161 850 20 1 0
-58 -153 1027 9 0 -127
326749 61 1835 28 0 63
-169 38 409 7 0 -127
279452 111 984 14 1 127
14282 250 1849 28 0 127
-3415188 -9 1058 26 1 0
-67 119 309 20 0 119
832 184 459 24 0 127
-75 -31 1451 29 1 0
-283033 -253 607 19 0 -127
7 189 146 3 0 127
-28254 123 54 9 0 -127
-1066 -192 1261 28 0 -127
499999 -86 76 4 0 127
6116454 -87 1320 22 1 127
127 229 679 12 1 127
92 127 1808 25 0 127
625 -20 926 30 0 -20
21441 -191 1676 21 1 0
6145080 -102 1491 4 0 127
-96 169 1093 12 0 127
-17751 196 1410 2 0 -127
-4014409 108 923 21 0 -127
7500212 -102 669 22 0 127
-340101 -72 118 14 1 0
29 -22 170 15 0 -22
-4493524 -56 814 13 1 0
1223 47 799 8 1 127
51 28 1607 7 0 127
293611 -197 1710 9 0 127
-1223 199 1129 24 1 127
-318534 225 1179 6 0 -127
3857757 161 548 27 1 127
-324 -6 804 24 1 0
-327206 85 999 7 0 -127
55 117 273 29 0 117
3404545 -143 1252 7 0 127
72876 -207 1978 4 0 127
26 -59 496 31 1 0
-30777 50 1768 23 1 44
-30861 181 167 13 0 -127
-54267 20 490 17 1 0
-78 -166 1514 8 0 -127
2055898 -74 124 0 0 127
-5163564 -131 6 1 0 -127
10560 122 1054 28 0 122
-113126 177 565 10 1 0
-8360590 -90 1872 29 0 -119
-46 -109 1909 0 0 -127
-910 191 142 8 0 -127
2821057 24 1177 18 1 127
1217 -22 1986 17 0 -4
75 -61 1149 20 1 0
31508 48 509 11 0 127
-409 175 1502 19 0 127
-1097 198 1541 10 1 0
-10331 -234 1565 22 0 -127
1464 22 1811 5 0 127
-7889783 230 887 24 1 0
1632 140 624 18 1 127
27637 -250 452 21 1 0
1306 72 479 12 1 127
-37 -11 795 5 0 -127
-86 -68 575 13 0 -74
-1119956 114 923 24 0 52
21835 55 1712 20 1 91
-1708 140 914 21 0 127
1728 -91 1844 5 1 127
-8947 128 149 7 1 0
23179 191 1417 5 1 127
-1372 -72 650 26 0 -72
-508 -152 1925 30 1 0
119 20 1407 24 0 20
2725513 57 1671 13 1 127
82 -55 1194 26 1 0
547239 -197 769 1 0 127
29 -87 209 17 0 -87
257057 7 33 15 0 127
7782935 -146 939 23 0 127
3489 -245 667 30 1 0
-452904 -108 1583 22 0 -127
1764 221 1567 30 1 127
113 65 1458 8 0 127
-114591 -212 1104 31 1 0
861 -143 1625 22 1 0
1069837 87 1733 18 1 127
1332 -185 214 21 1 0
35 9 367 3 1 127
85580 150 974 3 1 127
793 -119 1947 14 0 -25
8286400 208 1717 22 1 127
452 148 352 13 1 127
52569 32 413 6 1 127
-27168 -44 1720 6 1 0
12914 -102 1422 13 0 127
-14537 176 1572 6 1 0
84 153 515 3 0 127
24706 -43 1046 31 0 -43
-37 46 1405 7 0 -127
1078 61 491 22 0 61
43 -243 1205 0 1 127
-12138 113 1855 12 1 0
82 112 814 31 1 112
-170191 -170 909 12 0 -127
-1662 -214 1463 8 1 0
-18 -75 1500 18 0 -75
851035 108 380 5 0 127
-3485405 -219 688 10 1 0
-873 81 1785 18 0 75
-11623 85 1462 9 1 0
-6545 219 950 19 1 127
236342 -90 1768 27 1 0
495336 250 142 31 0 127
1636805 37 1703 17 0 127
353668 -110 1459 14 0 127
33 198 1457 7 1 127
7484017 196 1224 12 0 127
-6541 118 1797 14 0 -127
-19432 -186 1797 4 1 0
-4521192 195 810 4 0 -127
-3257 -70 979 20 1 0
4415100 53 736 27 0 77
69 -68 1548 11 0 -16
-1725 146 784 21 0 127
-24285 -60 1203 24 1 0
714 -153 710 24 0 -127
-2441349 178 1978 9 0 -127
6585368 -131 764 27 1 0
-258010 175 660 5 1 0
483563 15 384 24 1 26
115413 -126 511 26 0 -125
19967 -226 752 25 1 0
-77481 29 1472 17 0 -127
34 -69 703 28 1 0
-18465 -166 1852 4 0 -127
-1920 -115 1113 21 1 0
355055 138 1757 30 0 127
-707 -172 327 29 1 0
1514 87 138 17 0 89
-5294170 -77 1275 6 1 0
2542 -46 1987 28 1 0
-1613 -145 252 30 1 0
-1392 234 92 2 0 -127
1269 210 661 22 0 127
-1626 199 1570 12 0 -127
4171 154 464 18 0 127
63583 -109 1960 17 1 127
299069 -162 795 22 0 -105
119 251 1781 21 1 127
344759 247 405 12 1 127
-27218 -150 19 25 0 -127
555 86 410 1 1 127
277 123 733 7 0 127
4336003 -38 745 26 0 10
141661 42 712 5 1 127
-4763 156 871 2 1 0
470424 -106 1803 2 0 127
10773 255 1349 25 0 127
-22 124 390 17 0 124
12738 34 1055 29 0 34
6700682 188 1222 13 1 127
-124 -120 1011 16 1 0
1624 122 132 9 1 127
164 -235 1355 29 0 -127
-492176 -170 1297 23 1 0
61058 -200 1280 5 0 127
2453 -186 1552 22 0 -127
-784 196 2000 17 1 127
-4586619 -20 1511 8 0 -127
29331 99 1402 7 1 127
1339 -180 575 13 1 0
-21521 -210 1206 31 1 0
-1253558 -241 646 20 1 0
-32 -100 412 31 0 -100
-1626 -139 1532 19 0 -127
488923 -4 368 4 0 127
-49 -125 1359 15 0 -127
663810 188 758 5 0 127
518827 -140 1016 0 1 127
-23586 108 30 9 1 0
-1902154 -156 1480 11 1 0
2371 199 781 23 0 127
1604 -144 1134 19 1 0
156 148 1434 16 1 127
1828653 114 348 20 0 127
-259597 -212 1277 14 0 -127
-8186565 -120 930 31 1 0
10871 -127 792 26 1 0
17641 -63 1976 0 0 127
-86 -139 1819 20 0 -127
476512 216 1489 4 1 127
110 71 1053 29 1 71
-28 -93 1050 11 0 -107
-3407 -170 429 21 0 -127
-524101 -82 1804 20 1 0
-23123 241 1331 16 1 0
-4565043 -147 1732 23 0 -127
1022 -71 1382 3 0 127
-3781968 -88 865 14 0 -127
2598518 51 1964 0 0 127
7980370 145 1379 8 1 127
379507 -4 17 10 0 127
27409 -20 955 15 1 127
-845932 -90 1674 25 1 0
12859 77 2037 1 1 127
85 90 1194 2 0 127
30586 156 1858 0 0 127
-77 -123 1643 0 0 -127
17952 224 1446 18 0 127
26683 -211 1064 16 1 127
25277 118 879 3 1 127
16 -104 9 17 0 -104
-14203 84 1851 2 1 0
-231797 77 171 10 0 -127
-30870 65 1086 10 0 -127
-595 68 1730 20 0 67
396802 -154 1924 22 1 28
274625 -202 1811 6 0 127
-13360 46 1739 20 0 24
10842 -59 1842 10 1 127
24678 -233 1298 17 0 11
8 -81 99 31 0 -81
-3295767 -228 1844 14 1 0
61 49 744 6 1 127
-408759 247 1730 12 1 0
-67 -186 1075 8 1 0
-36 -151 2046 17 1 0
635 -175 471 22 1 0
31185 -72 535 0 0 127
897 -110 1945 25 0 -110
-2612585 -18 1497 8 0 -127
4175927 84 1474 22 1 127
441 108 666 4 0 127
18851 63 1784 18 1 127
30429 66 1144 8 0 127
21290 -27 1341 17 0 127
9948 -82 68 29 0 -82
-979 93 889 19 1 91
12145 -221 1164 27 1 0
107284 -196 402 10 1 127
24958 57 1469 20 0 92
-13629 80 804 18 0 38
13620 -30 1700 31 1 0
-447896 -4 312 2 0 -127
351693 -20 1029 24 1 2
-15313 120 78 18 1 115
196715 -24 834 24 1 0
-4039 -134 1915 31 0 -127
6007730 52 1976 10 1 127
454294 -50 738 10 1 127
-124 -229 396 29 1 0
505468 78 1966 12 0 127
-202260 166 1837 2 0 -127
490779 -166 1720 20 1 127
-1639825 -55 2007 31 0 -57
965 199 852 11 0 127
-1331138 -138 1135 24 1 0
-104081 -254 377 15 0 -127
1371 -57 1279 7 0 127
-61 101 977 2 1 0
-110 -101 1665 29 0 -101
20436 -36 1404 1 1 127
431382 -169 627 25 1 0
36 -11 54 22 0 -11
-21681 -137 1831 11 1 0
-118 -6 297 24 0 -6
123 44 1808 28 0 44
-59 -23 1414 30 0 -23
26109 -196 17 15 0 -127
103 -207 1127 28 1 0
-279401 215 1424 16 1 0
7 -201 1800 19 0 -127
-2029052 106 1429 29 0 101
12990 70 996 7 1 127
164 230 1657 24 0 127
5362974 176 1479 19 1 127
-933 -72 650 25 0 -72
-28 -199 1538 11 1 0
1452 -4 439 4 0 127
7616288 211 1864 8 0 127
127 -5 1761 28 1 0
262437 -217 189 23 0 -127
-68 -177 1192 6 0 -127
60362 166 723 21 0 127
263 26 398 18 0 26
-4058114 -216 1938 23 0 -127
8958 -141 834 14 0 127
226128 202 1276 6 0 127
-8266364 64 945 28 1 35
-43 -65 2009 11 0 -107
69 -9 1363 28 1 0
-7495379 160 357 3 0 -127
-11 5 1074 15 1 5
451341 -73 576 12 0 127
289 -32 769 22 0 -32
427522 -173 579 27 0 -127
121920 94 705 13 0 127
-124476 -24 1354 22 0 -64
-171673 -81 1580 10 1 0
-7056133 81 941 10 0 -127
-2769160 -80 1567 6 1 0
-28780 47 429 24 1 46
4311389 186 58 26 0 127
30200 -152 484 0 0 127
1443 64 1476 3 1 127
-1688 68 1261 17 1 52
-108133 86 1521 10 1 0
-19930 135 1539 31 1 127
1559 -1 1417 28 1 0
-3272853 84 509 9 0 -127
-1385141 86 1402 21 0 -127
45 191 364 29 0 127
30891 72 1884 14 1 127
7587922 120 283 21 1 127
8203237 113 1771 19 1 127
24039 -117 982 7 1 127
3010185 -53 1456 22 1 127
1368581 -151 150 15 1 127
189466 -82 248 22 1 0
-79 -174 820 31 0 -127
-24 191 1248 17 0 127
-631 -233 1582 7 0 -127
-674639 198 1307 29 1 127
-168089 146 17 20 1 127
-1138990 -166 936 2 1 0
15194 -16 1234 3 1 127
117 -212 1723 20 0 -127
-1832 253 342 8 0 -127
199441 -173 1052 15 0 127
5917 -237 835 17 0 -127
118333 -159 1514 23 1 0
-228390 -46 1129 15 0 -127
-10 152 574 11 1 127
43 244 1508 21 0 127
-242104 -95 1569 15 1 0
-88 16 328 0 0 -127
-12581 12 204 29 1 12
-333 -130 159 6 1 0
26278 -190 133 30 0 -127
18113 -122 625 16 1 51
-127 198 1533 22 0 127
50132 126 525 10 0 127
-22813 229 490 23 0 127
90 241 2014 27 0 127
15228 204 587 26 1 127
-3986775 230 1293 24 0 -77
-1274411 143 1741 10 0 -127
-103 -220 860 19 0 -127
-3676556 -80 687 19 0 -127
-323404 -9 40 15 1 0
86 62 812 19 0 62
700369 -82 1390 8 1 127
5661181 22 1392 22 1 127
5072062 75 614 2 0 127
22480 -204 1144 0 1 127
-89 107 370 6 0 -127
58731 -210 1889 20 0 -104
15207 -110 659 6 0 127
-632 1 1206 3 0 -127
-947 8 1925 1 1 0
7 32 1820 0 1 127
-188783 131 1662 11 0 -127
-552 101 940 20 1 101
-96 -36 688 17 0 -37
-25147 -165 1561 4 0 -127
18 -164 1686 8 0 -45
1040 -164 153 27 0 -127
-15821 239 330 15 1 80
31777 238 1550 12 0 127
41111 209 1269 26 1 127
-57 154 26 29 1 127
17310 144 1381 5 1 127
29266 66 1471 24 1 69
-2 217 1812 28 0 127
-4 -234 1466 4 1 0
215810 -128 752 25 1 0
1862 125 1759 4 1 127
-28127 79 43 5 0 -127
-2296025 7 941 23 1 0
174123 -91 1594 5 1 127
-9846 100 773 9 1 0
36472 112 1962 5 0 127
-413121 -150 1182 2 1 0
-53 91 1034 5 1 0
-2078962 167 771 18 1 0
7545939 158 1317 13 0 127
-44 130 1239 16 1 127
-15406 201 839 9 0 -127
-155549 33 1160 10 1 0
1014 135 623 11 1 127
78 -102 1047 4 1 127
57866 -188 890 17 1 127
-243205 68 1240 21 1 0
8 -184 178 22 1 0
1930928 -215 498 25 1 0
15324 164 1336 10 1 127
-1635 -93 1105 26 0 -93
5278831 124 612 12 0 127
-449443 5 878 31 0 5
-231918 112 1579 6 0 -127
43 37 1582 3 1 127
-400868 -197 453 9 1 0
16504 216 670 10 0 127
-30959 90 670 14 1 0
110 -91 920 25 1 0
-276473 31 1468 28 0 29
-3213196 161 1924 19 1 0
28 154 1855 10 1 127
180187 -193 669 29 1 0
-14130 -8 1179 28 0 -8
-214361 202 1684 27 0 127
-387781 -238 753 13 1 0
-63 104 818 28 0 104
-3207656 -226 1752 31 0 -127
440505 34 403 30 0 34
14980 -60 1563 12 1 127
-185178 -42 618 13 1 0
-59442 -254 773 23 1 0
-1945489 131 1172 18 0 -127
1097111 -88 1603 11 0 127
-7430417 213 169 11 1 0
-1708415 -256 912 10 0 -127
-56 113 1910 10 0 9
3243780 178 1687 28 0 127
-49 49 1889 0 0 -127
-55123 112 1002 31 0 112
384508 -68 52 24 1 0
-105 234 2002 31 0 127
-5654468 177 65 28 1 127
4022793 201 855 10 0 127
-4480 132 1642 4 0 -127
73 -228 2024 21 1 0
16 222 853 28 0 127
7776 215 1746 24 0 127
1431 20 628 16 1 34
-2339461 6 1240 17 1 0
65842 -104 312 24 1 0
-789 131 619 18 1 127
-1973105 -26 360 10 1 0
-624 -158 1472 20 0 -127
-79857 -151 822 26 1 0
5894348 83 1659 12 0 127
-731022 -208 1743 26 1 0
-21328 101 84 24 0 101
-1601333 91 193 26 1 86
-227366 -127 1265 26 1 0
166876 60 1734 7 0 127
124 -112 1244 6 0 127
53 184 1889 6 0 127
24599 23 788 1 0 127
58 124 512 2 0 127
1432278 -95 196 9 0 127
102 207 1114 12 0 127
6736280 -45 386 15 0 127
552 -70 705 12 1 25
7320007 252 1696 18 0 127
-99 234 2045 5 0 -127
12 -45 631 19 1 0
1758 127 1179 2 0 127
-22205 -25 265 29 1 0
-21528 113 1233 2 1 0
7722914 129 145 8 0 127
74 -4 1581 26 1 0
-5020315 194 876 0 0 -127
-241824 36 1687 9 0 -127
776 -35 1284 10 0 127
-1478 -214 441 17 1 0
-7554092 -248 609 15 1 0
-257457 -233 611 22 1 0
1285 -96 1005 3 0 127
-290170 -182 1232 27 1 0
-237332 -93 1757 9 1 0
-134490 -15 501 7 1 0
7164 -104 1443 2 0 127
-1634 -81 1012 9 1 0
3638127 141 631 27 1 127
1683 -168 1554 13 1 127
-3786 -207 1570 11 0 -127
-7026021 -210 847 8 1 0
98 -175 1297 6 0 127
223872 115 1387 12 1 127
1637 216 1265 31 0 127
-26488 -174 1857 13 0 -127
44 -62 879 19 1 0
-8 -160 1431 15 0 -127
9960 -118 1563 12 1 127
84 -196 1027 6 0 127
13405 -87 474 5 0 127
-4140 -28 1566 2 0 -127
313582 -126 1719 17 1 127
-1423 137 490 18 1 127
2042 71 1448 12 0 127
-7801261 100 744 7 1 0
-3569 -34 11 23 0 -34
78 -139 1644 4 0 127
-28 -177 810 29 1 0
-149338 71 266 14 1 0
-2207603 -187 1973 16 1 0
-42 120 56 8 1 111
5 203 212 5 0 127
-25186 -96 271 15 0 -127
-120908 115 193 12 0 -127
-4035237 -118 420 25 1 0
8 129 1347 25 1 127
-8209328 229 926 24 1 0
-459173 154 2015 7 1 0
-113 -131 1923 29 0 -127
76 -235 980 16 1 0
326499 -167 1921 1 0 127
-2816184 -126 1934 23 1 0
-7 -141 1488 30 1 0
1241 156 1341 2 1 127
-5494 -173 720 11 1 0
-53540 -141 62 26 0 -127
-85 218 671 28 1 127
-7215363 75 511 10 1 0
-1740 184 1402 23 1 127
2482427 7 538 25 0 47
-658 150 104 6 1 0
97 224 270 18 1 127
46 -87 693 6 0 127
-2041160 211 989 10 0 -127
-29779 -222 899 10 0 -127
107 -79 1628 0 1 127
-109 -113 75 16 1 0
-195128 -211 356 17 0 -127
-358 4 682 3 1 0
-20041 -15 257 27 1 0
2725939 -230 1119 1 1 127
-5631484 248 794 12 1 0
91 -217 169 10 0 -127
-343611 141 110 17 1 0
-7187671 61 686 2 0 -127
-1311 125 372 13 1 65
2354184 -178 1506 9 1 127
-7859 -248 1682 0 1 0
-1227 174 1968 25 1 127
276747 192 1413 10 1 127
1513 -241 516 2 1 127
422 -64 335 31 1 0
-206 85 615 6 0 -127
1194 12 72 24 1 12
1076151 -252 802 6 1 127
29168 30 932 8 1 127
-326 -209 1215 11 0 -127
-3866 166 439 4 0 -127
-13309 -59 1904 5 1 0
-1556 -166 781 14 0 -127
-938599 -66 1843 31 0 -67
-11128 29 1018 30 1 29
-82 138 1299 6 0 -127
31720 -218 470 8 0 127
178591 -171 2028 6 0 127
498728 -92 280 5 1 127
-31590 -118 1899 12 1 0
-401607 163 926 25 1 127
9453 -63 228 27 1 0
159637 133 1786 3 1 127
8072626 -200 1609 12 0 127
145330 162 803 18 0 127
352208 80 550 7 1 127
408233 -157 1523 5 0 127
-329742 -48 672 3 0 -127
-29 190 1670 5 0 -127
22774 82 1011 30 1 82
-155731 -171 1109 18 1 0
7063 174 1709 27 0 127
345710 -119 2008 8 0 127
5482211 -39 1470 20 1 127
466047 7 1770 0 0 127
-6411105 158 1771 7 0 -127
1499 -87 1237 28 0 -87
14 -1 558 16 0 -1
-1012373 230 898 18 0 -127
-14408 -177 318 14 1 0
-462960 29 354 14 0 -127
7029466 114 373 13 0 127
-503397 215 689 31 1 127
518202 -19 1344 0 0 127
-20774 -118 1606 25 0 -119
-123740 -30 835 19 0 -127
21350 -175 1967 0 0 127
3214609 -160 91 26 0 -127
-988 -41 1936 12 0 -127
-109 82 1778 27 0 82
-2912818 -125 178 0 0 -127
-2044 -201 68 21 1 0
24095 199 278 31 0 127
-1764 -44 1972 20 1 0
60 -98 1929 9 0 127
-3961951 -65 1711 23 1 0
41 -75 1851 2 1 127
21840 -72 1467 0 0 127
-648 97 1938 30 0 97
344523 209 85 10 1 127
-8042377 -52 817 22 0 -127
-78 -121 451 7 0 -127
-5106 -102 11 19 1 0
8197130 161 1435 19 1 127
-520006 -97 713 2 0 -127
-4661972 -88 1091 4 0 -127
115 205 1595 9 0 127
297773 41 1921 22 1 127
-1753 77 685 11 0 -127
-11594 -140 612 12 0 -127
1002 27 708 11 1 127
57785 -209 1006 5 1 127
-2933381 130 789 11 1 0
171322 49 332 2 0 127
-417617 -104 875 30 1 0
128309 209 77 4 0 127
94 237 195 6 1 127
-337 174 1655 27 0 127
6186062 183 1709 16 1 127
-1750 -8 1375 19 1 0
-62 151 2016 16 0 127
-19997 -4 1067 0 1 0
1240 115 735 6 0 127
15001 29 134 4 0 127
-18578 39 1584 24 1 37
96 0 1949 31 1 0
-2023655 55 239 6 1 0
-46 -78 1800 3 0 -127
-1718 -173 991 29 0 -127
1990 -91 1780 30 0 -91
-25967 6 513 6 0 -127
73 229 1548 22 0 127
1203 -133 784 31 1 0
5660 -152 449 2 0 127
191820 234 1810 25 0 127
67 145 5 17 0 127
-7694623 138 635 2 1 0
25816 -226 1385 20 1 0
160594 -25 521 12 1 127
106383 -5 551 21 0 23
57 -64 3 4 0 -53
1144 -24 1015 21 0 -23
-7526604 112 218 27 0 100
-106945 157 289 14 1 0
-3126063 86 706 9 0 -127
-55806 103 275 8 0 -127
-462985 253 1214 6 0 -127
-82908 235 1396 28 0 127
18506 112 199 11 0 127
16305 -152 633 20 0 -127
-2263063 152 1492 29 0 127
-1412 139 1648 20 1 127
5491779 -69 1719 24 0 127
3709179 -82 1430 19 1 127
9789 -39 993 17 1 35
-82 -104 820 12 1 0
-259601 -250 148 5 1 0
-739 173 31 0 0 -127
22728 235 1310 14 0 127
-1344 131 47 26 1 127
15589 164 1893 4 0 127
-3301 255 487 3 1 0
31700 173 435 15 0 127
5165794 -112 1209 31 0 -109
3464863 -60 1252 26 0 5
-8 80 364 14 1 80
-398976 46 142 25 0 44
12690 -207 1471 24 0 -127
1487 62 776 28 1 62
25827 14 1715 23 0 19
-1378 86 1043 12 1 0
-142162 115 246 27 1 115
-200 -1 624 11 1 0
28174 92 1493 17 1 127
824 -193 1250 23 1 0
-155650 -13 426 10 0 -127
5785987 69 465 20 1 127
5129685 222 1738 3 1 127
7967112 -28 773 8 1 127
-74415 153 1938 3 1 0
-7226 52 697 8 0 -127
-467304 129 958 15 0 -127
17692 -187 1880 6 1 127
61 -85 877 27 1 0
488453 -9 1800 23 0 96
1688 -26 1560 2 1 127
-196 -119 1929 15 0 -127
858 50 1988 16 0 76
-285432 -236 1403 9 0 -127
-384 115 2009 17 1 109
1680 139 1951 31 0 127
451324 -75 826 22 0 14
121 -46 1876 23 1 0
-5517241 -158 988 17 0 -127
-19145 225 643 1 1 0
-48 61 556 5 1 0
-805 133 295 13 1 104
47 -76 456 10 1 0
-10 157 1696 25 0 127
-55 -120 726 22 1 0
326 -30 447 11 0 41
181884 -183 1530 2 1 127
308938 178 1796 25 1 127
26400 63 1529 12 1 127
-15482 -189 541 21 1 0
24657 -232 1512 1 1 127
-364963 -81 860 24 0 -100
-6888010 166 136 22 0 -57
-5733045 51 1047 3 0 -127
71 79 732 3 1 127
-75 199 118 5 1 0
-100 54 1717 12 0 12
247075 229 584 23 0 127
-811 82 204 12 1 42
220022 225 194 6 0 127
-127 -187 1624 10 1 0
-892 -44 1692 14 1 0
-9226 -6 1024 15 0 -127
348722 -123 1948 3 0 127
-5259731 -86 452 24 1 0
-23502 87 623 12 1 0
30662 -171 1153 8 0 127
15036 -212 620 20 1 0
-3923727 -227 41 9 1 0
992 -180 1100 1 0 127
3591555 250 1585 19 1 127
-48957 -142 524 25 0 -127
516431 120 1271 27 1 125
-115 64 1005 9 0 -127
4163033 -249 1149 27 1 0
-3649 -75 729 11 1 0
4001394 239 429 4 0 127
955335 173 1772 7 1 127
182077 125 1060 14 0 127
347 -185 589 23 0 -127
72 -112 254 10 1 0
338825 -143 924 20 1 127
-1889 -189 1753 21 0 -127
-1760007 36 471 4 1 0
3143745 193 2020 16 1 127
374 -161 1699 23 1 0
-61422 175 816 16 0 -127
-1588160 -148 249 17 1 0
262715 3 2 5 1 127
-4295598 -226 26 13 1 0
587223 -194 1882 6 1 127
-2587490 237 1729 0 0 -127
358513 180 314 7 0 127
1482764 143 94 10 0 127
1778 -140 1535 5 1 127
-8320 -196 476 16 0 -127
1515 -106 164 5 0 127
414113 -61 60 5 1 127
570 164 9 28 0 127
-20 -15 1101 11 1 0
49 -233 1332 25 1 0
362876 -102 975 5 0 127
-1545 -218 1731 29 0 -127
1894456 120 1187 27 0 127
757 41 668 8 0 127
228885 -202 1413 30 1 0
61 88 608 5 1 127
500160 87 1215 20 1 127
1863 10 1095 16 0 41
6658 -106 114 30 1 0
126 -117 778 18 0 -117
-15429 -241 941 31 0 -127
89 22 1828 2 1 127
-508 -252 749 24 0 -127
-269 -22 1556 29 0 -22
-12847 56 158 22 1 56
-57647 -94 657 19 1 0
-7078416 83 498 14 0 -127
127 87 1007 4 1 127
-4011849 106 1672 5 1 0
-29737 -15 1396 30 0 -15
-7480463 150 1197 30 1 127
-8750 96 600 4 1 0
10663 34 1076 18 0 78
14587 -246 1802 26 1 0
-30314 -28 1811 14 0 -127
-4363087 -75 1503 7 1 0
-7983569 -27 1406 24 0 -127
-654 -17 1582 19 1 0
-416136 -227 629 24 1 0
-29 -80 2019 8 1 0
-35 -120 892 6 1 0
7990565 -43 1657 17 1 127
-457069 -15 531 2 0 -127
55097 34 739 16 1 127
-2279082 64 0 16 1 64
546 25 10 15 1 25
-1932 -255 1462 9 1 0
6365282 14 279 31 0 15
2399407 -171 1596 11 1 127
-3409184 111 182 23 0 37
-95 -162 1515 28 0 -127
469738 147 1123 28 1 127
2427 63 728 25 1 63
622 -77 939 22 0 -77
507054 207 686 23 0 127
-3646283 -174 99 9 0 -127
6317 190 1747 30 0 127
3647972 202 665 26 0 127
1309 113 1384 30 1 113
7472935 79 1470 11 0 127
-67 -100 419 22 0 -100
906 205 707 6 0 127
4092331 155 1425 11 0 127
30197 165 1305 11 0 127
-513 18 1210 6 0 -127
3589546 -20 1184 8 1 127
2516 220 1855 11 0 127
82 -222 1139 27 1 0
8334838 -102 1247 3 0 127
-23318 26 1665 22 0 17
72 181 1641 29 1 127
6042490 -83 1391 9 1 127
1423551 -29 1458 4 0 127
600 -119 655 31 1 0
-22976 92 1989 4 1 0
1776 -102 1130 6 1 127
59 -15 98 8 1 8
10749 -186 428 1 1 127
770 61 1919 13 1 127
18593 32 127 0 1 127
-86 38 910 17 0 37
361629 -164 79 12 1 127
106 12 1536 22 1 12
-31268 62 161 5 1 0
75 -28 64 6 1 47
42 -7 266 8 1 37
6657614 16 1586 20 0 127
3465 210 934 8 1 127
-36 86 1446 29 1 86
78 35 997 24 1 35
98024 244 1430 12 0 127
-18157 76 2020 31 1 76
1916 238 323 3 1 127
-491 -194 548 12 0 -127
4687964 -226 518 1 0 127
7811 -239 1925 24 1 0
-83 163 1744 28 1 127
5184902 -91 1153 4 0 127
-111 -94 1447 17 1 0
1647 -139 483 22 0 -127
-158688 247 844 11 1 0
460 -214 741 15 0 -127
-2767 195 1105 11 1 0
-95978 -30 1460 28 1 0
-15 77 675 14 0 76
-1802298 -225 1828 3 1 0
7175 121 1066 23 0 122
-192930 -3 376 4 1 0
207518 152 574 9 1 127
-13835 238 258 13 0 -127
-7656 -62 218 20 0 -64
-269015 158 27 10 0 -127
7125174 86 1309 18 1 127
-168181 -1 39 30 0 -1
-7501423 112 857 19 1 0
-157071 -46 913 25 1 0
-1908 123 691 13 1 0
453926 17 1711 12 0 127
3636287 183 1734 0 1 127
2039 137 420 10 1 127
361858 -35 1804 3 1 127
-72 -97 385 1 0 -127
-10853 -72 900 23 0 -73
1658254 -236 889 13 0 127
1142680 28 835 4 1 127
112 -221 1381 23 1 0
215302 131 194 29 1 127
23 -8 1131 27 0 -8
-1864 -171 532 19 0 -127
73 -111 1786 5 0 127
4060 154 668 23 0 127
115 249 901 17 1 127
53 -29 502 30 1 0
45 -226 721 9 1 0
-280741 232 1142 10 1 0
-11596 -130 583 21 0 -127
7085 35 1000 19 0 49
1830910 175 1981 30 1 127
-3162501 -232 1295 28 0 -127
-11882 48 282 16 1 0
2555 -29 349 25 1 0
168 -57 678 26 0 -57
-243102 37 1610 30 0 37
-1300 -254 1779 8 1 0
50 18 56 3 0 127
-3195189 55 43 17 1 0
1980 -143 229 0 0 127
-5487 255 528 13 1 0
461555 -152 1255 11 1 127
-341471 238 1764 30 0 127
26 164 1057 7 0 127
-341849 -228 1572 27 1 0
-1255 152 1094 0 0 -127
140974 147 1555 30 1 127
-2014273 235 2035 4 1 0
-1887 84 1747 14 1 0
-23271 25 1675 6 0 -127
72596 -143 1013 19 0 -3
483604 -243 1393 1 1 127
496 -87 1651 28 0 -87
-74 208 1874 30 1 127
1144 -73 230 25 0 -73
1223 110 536 16 1 120
-242084 -67 950 21 1 0
13160 191 798 29 1 127
15 174 1609 27 0 127
-411778 23 988 17 1 0
-26349 193 1881 0 0 -127
-110390 74 455 19 1 0
-7870254 112 29 7 1 0
7740557 15 1909 0 0 127
520940 215 267 16 1 127
315755 219 935 9 1 127
-20 -239 121 15 0 -127
567 -230 1880 7 0 127
-278 225 327 25 1 127
118719 237 39 14 1 127
-554 -209 344 21 1 0
321042 135 926 12 1 127
-63 150 411 27 0 127
-685 223 263 16 1 127
3545375 62 1089 14 1 127
-17618 -122 1890 6 1 0
-21 -248 1075 27 1 0
-1578 202 999 10 0 -127
-271863 -239 1243 1 1 0
5827304 -14 374 12 0 127
-950270 -100 61 22 0 -114
65 99 25 21 1 99
7 -212 824 15 1 0
165 19 541 24 0 19
2888251 -200 499 31 1 0
-56 199 1694 25 0 127
15783 -77 970 12 0 127
-4287375 -198 862 21 0 -127
163 146 127 14 0 127
3083831 -252 19 25 0 -127
-123 -77 1649 27 1 0
88 92 164 12 1 96
-2234496 -106 323 19 1 0
41 43 571 0 0 127
-1350 165 410 10 1 0
13089 -8 906 29 0 -8
1088 -247 1525 19 0 -127
99686 155 447 29 1 127
5153184 -41 1076 2 1 127
-963 -139 2047 17 0 -127
5380 -215 1486 10 1 127
30 250 2006 25 0 127
390248 -197 1907 28 1 0
-73 -57 632 19 0 -57
3931253 32 387 6 0 127
1043 55 1930 20 1 57
-66 111 434 17 0 111
224091 -157 898 31 1 0
-48815 -206 369 26 0 -127
-5437 -78 1326 2 1 0
-2947962 -103 632 6 1 0
-30 85 1898 14 1 82
-285552 128 639 12 0 -127
1160 -190 1793 31 1 0
1153 -96 181 30 0 -96
294559 -186 1196 4 1 127
3795543 146 252 21 1 127
1168 -148 499 24 1 0
390943 87 155 18 0 127
-318 72 301 8 0 -127
104 22 974 1 0 127
-29649 102 1893 27 1 102
-11 67 44 3 0 7
-3665519 -77 1498 9 0 -127
-5266127 199 431 21 0 -127
8666 94 651 14 1 127
-122155 100 56 7 0 -127
6162659 219 1847 6 1 127
-6293335 -25 411 4 1 0
-11222 6 1258 12 1 0
-1830058 -245 1309 28 0 -127
27273 26 1099 29 1 26
92 -19 733 23 0 -19
-744 104 93 7 0 -127
11365 -234 1964 2 1 127
-5468772 -163 566 5 1 0
28237 95 90 4 1 127
1332 -114 1763 12 0 127
-89 71 984 18 1 71
-1968 -104 1627 13 1 0
-49111 231 1510 12 0 -127
-8338942 -232 1211 15 1 0
496446 148 1296 5 1 127
-92 69 1556 20 1 69
-1956502 169 1412 0 0 -127
-5070597 -231 419 15 1 0
-18135 -173 1686 29 0 -127
60 97 1855 27 1 97
-320102 136 873 31 0 127
31979 -119 803 12 0 127
-29 185 1824 17 0 127
1047 -162 427 15 0 -127
-1238722 -193 596 12 0 -127
-23452 44 1612 11 1 0
16597 -95 803 9 1 127
-162548 46 286 6 1 0
-21724 253 654 0 0 -127
209958 -250 604 23 0 -127
-808 -57 330 5 1 0
240364 70 1667 26 0 76
381575 126 1104 22 0 127
8053133 -247 1759 7 0 127
-55 50 1595 24 1 50
15801 90 1616 20 0 114
11280 -199 587 13 1 127
-3929116 -84 1197 13 1 0
84 106 1970 24 1 106
-5154555 54 269 18 1 0
-16 130 1252 23 1 127
-1483 -134 1252 23 0 -127
458442 17 1404 30 0 18
-18 -144 1891 5 1 0
-29947 67 32 3 0 -127
2436109 115 765 21 1 127
-73 -121 2001 3 1 0
512275 5 1526 31 0 5
1527 -161 958 27 1 0
26871 24 1237 9 0 127
127216 -252 1101 31 1 0
-358316 124 113 0 0 -127
-93 77 248 26 0 77
-29380 -256 1929 30 0 -127
-645544 -54 369 23 1 0
25108 -196 1523 4 1 127
76 67 488 17 1 67
1663 -197 1843 21 0 -127
-1732 246 1515 26 1 127
-1140112 70 1236 16 0 -127
-4996 104 1261 18 1 80
497085 -150 700 10 1 127
13320 -154 484 22 0 -127
4061730 -219 528 13 1 127
380178 -242 1494 4 0 127
126 -97 1058 17 1 0
113 85 1661 29 1 85
-6308800 226 612 12 0 -127
-70155 -139 1701 15 1 0
-292 -237 1060 2 0 -127
186276 -113 1101 1 1 127
893 -241 982 14 1 0
-154479 -154 64 24 1 0
122416 157 1608 30 1 127
-80646 -82 865 19 0 -127
809 -76 669 28 1 0
-2043 147 1233 2 0 -127
-969958 -231 635 6 1 0
-22320 63 966 9 1 0
-260855 -22 1150 7 0 -127
-6298581 227 1636 24 1 0
-1398 190 996 0 1 0
-6456 94 1890 13 1 0
310478 -140 538 27 1 0
196437 -43 1865 31 1 0
-108 -180 1044 24 0 -127
-2278337 -152 881 22 0 -127
76801 -114 107 15 0 127
-1507 -143 1553 31 0 -127
22613 180 1062 5 0 127
126 240 1284 27 0 127
256 -235 1514 29 0 -127
30069 155 117 4 1 127
37 47 1263 23 1 47
-6673922 204 1295 4 1 0
407740 3 1433 21 1 127
-121 -110 1094 5 1 0
-19 139 1534 11 0 125
-25042 -163 170 3 1 0
514152 -142 1631 26 0 -127
1218778 -239 1148 31 1 0
-15455 245 408 23 1 127
-1539 71 1164 11 1 0
7376 12 1539 4 0 127
-6476744 -101 1348 1 0 -127
-8414 -7 1153 21 0 -12
-89 196 1560 31 1 127
-15 179 111 23 0 127
-109 184 850 20 0 127
-16372 250 637 9 0 -127
-96 -252 956 25 1 0
-31820 186 1623 3 0 -127
8022833 -60 352 14 1 127
-19478 -234 1939 24 1 0
17 60 1556 20 1 60
-476229 -245 1399 21 0 -127
-11704 75 735 24 1 74
-416 -225 230 31 0 -127
638 -179 1990 17 1 0
30140 -237 1110 14 0 127
19248 -35 860 31 0 -35
-6054095 17 1726 0 1 0
-497594 -15 1951 2 0 -127
-39450 90 1468 30 0 90
-1152 220 582 6 1 0
-20144 41 23 1 1 0
-18393 -21 691 31 0 -21
-2806 -31 915 17 0 -51
2419582 2 1704 6 1 127
1510462 -195 1641 22 1 127
7863249 11 807 26 1 106
-24376 192 1892 1 1 0
-13543 -193 344 11 0 -127
38 30 1125 6 0 127
-100424 -85 941 2 1 0
20 -64 1027 4 1 127
-90 -129 262 24 1 0
7088056 252 661 31 0 127
-8120 32 289 12 0 -127
-18763 -10 401 9 1 0
-647 -208 1773 6 1 0
16 32 1760 17 0 32
6988791 -225 1858 25 0 127
-5840569 117 1216 12 1 0
99695 -56 646 21 1 0
446 -254 2037 6 1 127
-267563 -212 1984 5 0 -127
744 44 824 12 0 127
198022 -129 1195 4 0 127
58 -145 1584 16 0 -127
1772 13 1824 17 0 38
-21382 -164 395 1 1 0
-7941616 -215 1868 29 0 -127
70 -115 936 13 1 0
-4857273 -164 458 2 1 0
-1437 157 636 27 1 127
1495 81 1681 18 1 91
1068502 -56 1128 22 0 127
-2535 220 1226 14 0 30
-15155 186 1709 31 1 127
60949 -229 2024 3 0 127
22321 147 874 4 0 127
-458928 217 349 1 0 -127
503 26 733 17 0 29
-1090 -244 312 30 0 -127
392856 230 1591 28 0 127
32517 -56 1072 0 1 127
167721 -69 548 4 0 127
65749 -22 1984 31 1 0
-975 151 1117 30 0 127
-347625 11 1032 29 1 10
2243553 -209 1303 29 1 0
336339 183 1281 17 1 127
-5699302 -119 863 31 0 -121
1351 -35 1382 5 0 127
2943039 -97 1751 27 1 0
1288600 66 968 4 1 127
160219 -62 1318 26 0 -59
20480 -66 1695 28 1 0
-13898 48 2006 27 1 48
18541 57 582 5 0 127
454 -240 134 4 0 127
-106 -254 388 30 1 0
3285031 -32 468 7 0 127
4666623 138 869 22 0 127
431 239 43 4 0 127
225302 -240 832 17 1 127
7771 -13 1046 23 0 -12
50 -215 224 13 0 -127
-220527 -135 2039 13 1 0
-6950 -78 1449 31 0 -78
-408958 -7 1327 14 1 0
1300 -234 1827 7 1 127
-476 -202 502 23 0 -127
298 -54 1617 25 0 -54
-319653 22 1275 23 1 0
7668117 88 265 28 1 96
470763 54 1011 1 1 127
-28 70 1362 7 0 -127
4867860 -233 48 18 0 127
-27445 -137 1335 25 0 -127
30127 -221 665 16 0 85
14256 -195 629 2 1 127
1246 -101 1559 18 0 -94
139382 -256 1399 10 0 127
1534 210 921 9 0 127
-1847 152 1496 8 1 0
-9885 -208 785 12 1 0
2547166 68 1252 24 0 127
-78 105 2032 9 1 0
93 -143 1205 27 1 0
-2027 -41 663 3 1 0
-84 -163 72 22 1 0
-6617735 -59 730 2 1 0
4350261 59 1053 11 0 127
16242 -254 1603 31 0 -127
7786648 86 1280 18 1 127
7597 0 1836 18 1 53
144264 231 99 27 0 127
2058314 102 745 5 1 127
-20613 -143 880 31 0 -127
-450124 18 412 4 1 0
359 67 267 25 0 67
-516 -22 660 24 1 0
6978968 -2 1431 21 0 127
337 89 204 6 0 127
-7225832 -212 1401 1 1 0
-174 -180 1463 25 1 0
-160965 -49 362 12 1 0
-249560 21 1156 20 0 -127
1925 255 619 24 1 127
497 247 1330 9 1 127
419320 -19 491 0 0 127
-7954669 32 1628 26 1 0
2002 211 1130 10 1 127
1211 98 1144 31 0 98
5209270 -254 452 23 1 27
-122 235 1943 6 1 0
5498471 -238 1087 6 0 127
189531 -2 1842 30 0 -2
276388 59 656 6 1 127
29045 90 996 15 1 127
538773 234 2034 8 1 127
-1986 25 1176 3 1 0
-19744 16 1593 7 1 0
4974057 -128 1013 23 0 127
507529 -9 1716 31 0 -9
122 62 674 26 1 62
-8342326 -58 479 17 0 -127
-255848 -87 2043 24 1 0
12622 105 544 0 1 127
-269 -38 809 3 1 0
-6745808 227 134 16 0 -127
-4577222 41 921 18 0 -127
-37 -1 322 9 0 -24
452 -112 227 14 1 0
30431 -76 98 14 1 106
416035 -137 1484 18 1 127
287031 111 1992 11 0 127
-267057 157 531 6 1 0
-44966 -11 1994 3 0 -127
277762 -125 1373 22 1 0
-223259 5 824 22 1 0
-19125 -7 113 29 1 0
-12775 -127 1038 3 1 0
-107 110 2034 30 1 110
1427115 -76 485 10 0 127
112 -178 990 24 0 -127
-149806 -98 1080 27 0 -99
-4701014 -71 58 26 1 0
628 -88 1517 28 0 -88
123 10 367 26 0 10
-7 -156 1851 16 0 -127
1618431 -217 2 13 1 127
11416 234 1734 22 1 127
283153 84 903 20 1 127
-119 -186 922 18 1 0
14 -210 1587 7 0 -36
2431 255 734 1 1 127
-499379 -4 1161 10 1 0
380894 130 1694 21 0 127
466 60 915 15 0 73
-4316914 224 286 24 1 127
8161 -11 657 5 0 127
-2025 190 1475 21 1 127
-52 126 287 30 1 126
6860 193 100 4 0 127
-1326 -179 817 8 1 0
18 -237 1689 14 1 0
15 -210 1406 28 1 0
573 -103 1077 20 1 0
418363 -139 572 29 0 -127
20429 71 288 14 0 127
-852 -176 2026 31 0 -127
-5319744 137 1735 26 0 -1
-6628156 -76 1639 18 0 -127
47 -2 1067 7 0 127
-375507 195 1773 18 1 0
-334796 -86 1936 16 0 -127
-6849810 -231 2017 27 0 -127
1523673 59 564 13 0 127
376639 -132 152 5 1 127
-1301 130 523 28 0 127
154454 -243 1640 1 0 127
1289 70 227 18 0 71
3834 76 571 5 1 127
706 -167 167 4 1 127
-1758 -42 83 6 1 0
-24690 -19 1295 28 0 -19
85 57 74 21 0 57
-503879 67 1516 2 0 -127
-38 -88 904 23 0 -88
-10722 -49 1270 23 0 -51
1929 161 835 20 1 127
5533 -20 1618 9 1 127
21765 109 1159 16 0 127
19538 125 414 29 0 125
24 152 2009 5 0 127
0 123 979 5 1 123
-124 -149 1125 18 1 0
-13013 -198 594 2 0 -127
915845 -68 1633 10 1 127
457547 -146 483 26 0 -127
7948034 248 364 30 1 127
4275102 184 706 31 1 127
-359 -183 324 29 0 -127
-9 -90 1127 23 1 0
1857 -155 1276 6 1 127
-352910 163 1705 2 1 0
-303 24 1980 13 0 -49
-7012412 97 6 4 0 -127
1757 -108 1227 17 1 0
320674 -55 182 14 0 127
8970 -233 3 12 1 0
1616 -162 1087 19 1 0
451 32 389 26 0 32
5695121 -92 1195 11 1 127
22601 -246 210 29 0 -127
7175767 253 1191 28 1 127
191618 80 380 5 0 127
1480 33 132 12 0 81
-738 15 1967 19 1 12
-8316 245 1245 26 0 127
-6045499 11 256 31 0 10
678 242 1810 10 0 127
-118 241 1981 30 1 127
12620 70 747 9 0 127
2292593 -241 767 26 1 0
-10 -222 1680 18 0 -127
31 -231 116 20 0 -127
58578 -155 1061 12 0 127
-13886 -15 928 13 1 0
-1087257 13 381 23 1 0
-1026176 -46 691 19 1 0
-20007 -136 460 8 1 0
-28066 100 1131 20 1 70
-125 -62 1447 20 0 -62
-43 -94 1391 16 0 -95
210407 -240 1339 3 1 127
-3892092 -178 1911 19 0 -127
-19342 22 351 0 0 -127
-75 0 1109 1 1 0
26306 236 392 9 0 127
138008 -48 505 8 1 127
712 -110 1606 0 1 127
-4087791 -163 1659 7 0 -127
-13564 -111 856 29 1 0
-580876 1 60 0 0 -127
-14454 7 793 25 0 7
-362 -34 518 26 0 -34
239377 -73 46 0 1 127
-148641 170 918 22 1 127
21942 158 1816 21 1 127
8080 -46 1993 31 0 -46
-7195 -174 1427 25 1 0
355832 139 398 31 0 127
4810489 -224 367 18 1 127
39 -101 1200 30 1 0
-771515 116 1187 27 1 109
-11383 -1 698 15 1 0
413413 111 416 31 1 111
85 13 958 10 1 93
-1340 108 109 11 0 37
834 -249 739 30 0 -127
301664 -78 1010 8 0 127
30 -48 146 0 0 127
-671 -62 1648 21 0 -63
-6796508 -10 1612 2 1 0
3563 182 1677 4 1 127
274172 -238 968 3 0 127
-3206104 147 178 20 0 -127
-15710 -4 570 1 1 0
1392 -142 834 19 1 0
-118 249 1924 14 0 127
-667 -107 84 9 0 -127
29276 -98 773 21 1 0
29436 -88 1085 8 0 127
-16351 80 633 7 0 -127
3310580 -191 1573 7 1 127
5813315 177 896 30 1 127
-4 69 726 9 1 63
-736 -103 1936 16 0 -125
225711 89 1439 20 1 127
-1131 205 1645 22 0 127
12 82 450 18 0 82
4697358 207 1372 19 0 127
-7257 -30 647 25 0 -30
7781791 -15 1208 11 0 127
4222482 -34 1145 22 0 127
-3275738 225 1423 12 1 0
-1537 188 1119 1 0 -127
-285825 172 518 17 0 -127
23356 -71 1220 31 1 0
82 -91 1518 28 1 0
1895 -222 968 15 1 0
605 -112 1565 15 0 -83
-11419 -216 1049 20 1 0
-1766701 142 1902 28 1 127
-446630 78 1348 11 1 0
-342108 -160 1224 14 0 -127
-4003956 -151 388 21 0 -127
1306 157 152 3 0 127
-5683565 -181 509 0 1 0
1729 -90 1520 23 1 0
416039 -187 442 26 0 -127
-109 56 113 3 0 -127
-534 227 551 14 1 127
988 20 684 24 1 20
7402810 -162 518 31 0 -127
-577 -32 885 25 0 -32
1956 160 555 14 0 127
5508560 -207 1512 11 1 127
-347011 72 161 13 1 0
401705 6 1169 18 0 127
-1785 -178 1827 5 0 -127
-34947 -148 1196 20 1 0
5195072 -192 499 20 1 127
1338 -225 1251 31 1 0
3592 123 753 6 1 127
-888 -215 1723 28 0 -127
2972276 -64 1584 4 1 127
-2491172 43 1317 26 1 0
-3972061 113 270 30 0 112
7952 -103 1467 15 1 127
1220189 -13 1856 3 0 127
77 -228 378 8 0 -114
9577 -198 594 12 1 127
26 46 101 11 1 47
-3794651 -3 1308 0 1 0
87 217 307 25 0 127
658 -191 828 7 0 127
-3305 -1 778 28 0 -1
5029853 242 198 28 0 127
5739859 -136 1182 26 1 0
-7158 238 402 9 0 -127
688 -94 1429 29 1 0
116 168 98 29 1 127
6578259 122 2044 22 1 127
5555508 21 261 23 1 127
-78 60 449 23 1 60
-18305 -114 206 19 0 -121
-358 -74 257 24 1 0
-1648 -247 1724 19 0 -127
-136 -31 300 5 0 -127
-21188 -108 1061 11 1 0
12757 -74 1942 2 0 127
-372321 -26 1318 29 1 0
243 148 418 12 0 127
62695 -112 1615 6 0 127
234 -101 1733 17 0 -98
-21889 -238 1447 30 1 0
-984 69 1294 16 1 50
-2156482 -68 1155 30 1 0
30509 42 279 29 0 42
-398545 -28 1437 3 1 0
46070 -35 590 26 1 0
-1625 8 323 17 1 4
-1903 -158 906 27 0 -127
571380 222 1254 23 0 127
243333 245 651 11 0 127
-471061 -190 1457 22 0 -127
35388 -190 49 29 1 0
1765 213 1278 7 1 127
1192 -251 1595 15 1 0
-1152 -111 169 29 0 -111
968 119 1568 24 1 119
-270319 -152 1902 25 0 -127
17077 -25 944 22 0 -21
-5411 -76 1119 31 0 -76
4651338 -141 15 6 1 127
186126 72 1317 31 0 72
1157518 -137 1199 29 1 0
90 248 1024 13 0 127
-9416 -198 1592 28 1 0
2096079 227 1157 0 1 127
12320 250 1004 27 0 127
-3070860 -98 1891 12 0 -127
134030 -137 1864 26 0 -127
-692805 -58 1664 19 0 -127
44 -187 1783 28 1 0
-128 179 1933 23 0 127
-116 -254 483 4 0 -127
-492 200 1794 21 0 127
63 237 1038 29 0 127
123 -170 157 25 1 0
-8 43 535 9 0 35
-1615 -227 1334 20 1 0
17257 -200 745 10 0 127
3650 -216 628 12 1 127
-77 -217 692 21 0 -127
17755 244 401 3 0 127
516803 171 1472 14 1 127
120589 46 2023 14 1 127
-49 -211 1567 6 1 0
-171537 -130 748 17 1 0
-2040 137 330 15 1 116
247009 156 367 23 0 127
15330 201 1136 9 1 127
393293 199 1253 3 1 127
235249 -73 1431 19 0 127
-560 -127 995 27 0 -127
68092 -78 859 21 0 -50
272 16 2016 28 1 16
-1119 -214 1832 22 1 0
-328765 -205 1267 24 0 -127
-186990 207 1899 4 1 0
-28354 99 11 12 1 23
135 -219 1840 29 0 -127
-26784 109 1411 26 0 108
-200865 -66 194 10 1 0
-990 -141 1845 10 0 -127
-3443 -230 296 18 0 -127
17 177 226 8 0 127
-79 125 822 10 1 62
6328 -45 17 6 0 127
-1247 24 619 16 1 12
-6262 -212 30 22 1 0
19694 204 1917 25 0 127
-103 73 827 30 1 73
9546 -48 1487 10 1 127
-403984 98 1226 9 1 0
-2 151 1037 2 1 0
-1000 231 1067 7 1 0
7960036 206 1980 6 1 127
17737 -73 1698 25 1 0
3355031 41 436 25 1 85
-35 -77 474 19 1 0
-25 -73 433 17 1 0
105 -36 1295 21 0 -36
79 113 1881 27 1 113
16284 -119 810 21 1 0
209365 171 971 13 0 127
45 180 1982 30 1 127
-121 11 1978 13 0 -18
80 -44 617 28 0 -44
-1616 89 1860 1 0 -127
179728 217 1342 30 0 127
-2549013 -115 1935 15 0 -127
-743 -99 2034 30 1 0
513140 -156 1259 11 0 127
4036855 128 1407 27 0 127
-89624 -210 1497 24 0 -127
19 -29 802 25 1 0
90818 173 1266 7 0 127
-1557 58 538 19 0 56
123 -187 213 14 1 0
6044390 67 355 13 1 127
1860 246 1584 16 0 127
1986901 -67 1872 14 0 127
-87 71 1889 28 1 71
-83 252 925 14 1 127
400 -183 1036 18 0 -127
98 134 1776 3 1 127
-394 -77 314 29 1 0
274317 -148 20 25 0 -127
-313250 -108 1848 24 1 0
-137560 -39 801 2 1 0
106666 126 241 22 1 127
-12936 191 381 18 1 127
-14729 -93 1809 13 0 -127
107 101 1028 12 0 127
1630 53 959 24 1 53
104 -195 1750 11 0 -106
-4505 43 1427 2 1 0
-76 -22 823 18 0 -22
185543 82 206 22 1 91
1002 -2 460 14 1 26
6183818 -179 961 10 1 127
65 -200 220 14 0 -127
8821 -181 536 12 0 127
-379041 51 1929 11 0 -127
-500597 8 462 26 1 5
-430214 70 1731 22 0 -108
48 198 42 18 1 127
-5095592 -42 1901 10 0 -127
6556248 166 1497 8 1 127
2043 174 1518 31 0 127
184104 156 273 23 1 127
-655 229 934 31 0 127
73 7 1650 3 0 127
5703318 142 1095 23 0 127
-7375442 -58 1545 30 1 0
119 170 751 10 0 127
-120 -117 363 30 1 0
412145 237 1410 30 0 127
-7490 -131 650 28 0 -127
27234 70 1226 21 0 86
-2555312 63 1783 17 0 -127
-96 -227 13 12 0 -127
1503 213 1000 10 0 127
21027 239 437 0 0 127
-10768 -72 1105 8 1 0
-502 70 1966 10 1 0
81 120 65 28 0 120
-825 -65 345 10 0 -127
45 176 301 22 1 127
8546 130 432 10 1 127
-8 -138 102 13 0 -127
-171891 20 1470 18 0 -127
-775 -57 1511 14 1 0
-426649 -218 649 16 1 0
22084 12 1874 18 1 127
-15313 -256 1062 26 0 -127
-14191 -79 1687 1 0 -127
936675 -236 335 22 0 -127
172536 21 1555 29 0 21
8028937 103 1440 10 0 127
-2265510 -188 304 29 1 0
-315712 116 339 19 1 0
27 40 576 24 1 40
17492 -183 1598 17 0 30
426 179 1479 29 0 127
-4623425 59 594 16 0 -127
46 211 1262 16 0 127
6663159 -110 722 3 0 127
497861 -15 927 26 1 0
404 178 766 18 1 127
-4060693 191 1400 31 1 127
490579 103 237 12 1 127
-21885 23 1111 14 1 0
117 121 584 13 0 127
-909 -118 1338 23 0 -118
-1421 -186 1092 17 0 -127
-105 105 688 2 0 -127
646 -243 507 5 0 127
121 214 1834 14 1 127
8245925 -170 720 23 0 127
-5646118 41 1095 15 0 -127
-1283 -100 335 10 0 -127
5191471 -180 2012 14 1 127
12 -90 1523 22 1 0
-1768 -125 519 24 1 0
102 -94 1297 4 0 127
-30547 38 1679 1 1 0
7577664 90 1299 20 1 127
-39 -236 1963 26 0 -127
-14960 -80 1476 4 1 0
-97 135 770 10 0 62
119014 -239 708 5 1 127
4771851 -200 1979 25 1 81
209341 173 1265 26 1 127
-54356 203 1608 3 1 0
476010 45 445 9 1 127
-349576 57 240 13 1 0
-101 54 484 29 1 54
-658 91 1623 4 1 0
-11426 -129 1323 31 0 -127
2920820 -253 1520 16 0 127
66938 -113 877 23 0 -106
937 -30 1366 3 0 127
163014 -68 1653 22 1 0
21974 154 291 12 1 127
1723574 -204 1938 11 0 127
-2391 107 516 2 0 -127
-388 -9 838 28 0 -9
7500259 -169 1331 19 0 127
-3881917 255 424 18 0 -127
23507 -137 330 9 0 127
442420 -105 2047 10 0 127
23 -121 150 22 0 -121
-25446 -142 387 18 1 0
-1501 -152 52 23 0 -127
-6397834 8 1753 14 1 0
-411822 93 1745 29 1 92
67 59 57 21 0 59
-2293 -237 740 12 0 -127
861 64 1499 13 0 127
47 214 36 7 1 127
258 -186 785 2 0 127
5087095 43 254 7 1 127
-86 -11 799 10 1 0
35 104 484 13 1 106
-21044 -138 1909 7 0 -127
-3764556 94 643 28 0 85
80453 0 494 25 0 1
-1534 161 1677 26 0 127
-1426 55 1627 12 0 -127
-126 250 1603 28 1 127
3093046 -106 456 14 1 127
214685 -252 1253 27 0 -127
2942 -165 604 11 1 127
-51 94 1769 26 0 94
5503928 139 1024 5 1 127
-1165 -243 1324 27 1 0
211 63 1928 19 0 64
-77 213 1801 15 0 127
72 75 1753 19 0 75
868902 181 833 10 1 127
5450967 -147 537 0 1 127
-17189 182 1801 3 0 -127
-104 104 2025 29 1 104
-7527 238 134 25 0 127
-59 -104 880 22 1 0
73324 231 1092 27 0 127
-28419 -42 1493 4 1 0
-20719 152 1141 26 1 127
23353 -193 1912 28 0 -127
29126 -44 351 4 0 127
3413835 83 1870 8 0 127
-1479 -37 1853 14 1 0
-16481 -196 1993 15 0 -127
377995 -243 1438 24 1 0
-419 -215 1625 2 0 -127
390 -234 1889 3 0 127
16282 -189 1226 5 0 127
-8148458 90 706 18 0 -127
-43 -11 1207 8 0 -127
-269104 -21 1835 14 0 -127
84 59 1873 26 1 59
951253 -19 608 10 1 127
7902040 1 317 12 0 127
16454 -57 1459 22 0 -51
1925 196 1189 14 1 127
-108 87 644 14 1 83
-3071549 -224 1249 5 1 0
15763 -209 1769 15 0 127
-4603381 -78 1546 28 0 -105
-915 -36 329 30 1 0
-595 43 1239 16 1 32
-12934 -108 448 5 0 -127
-456 107 467 15 0 101
12233 99 1838 6 0 127
27731 158 821 27 1 127
-525 -244 1701 19 0 -127
26510 148 1309 9 1 127
1117 -7 1208 14 1 75
1465348 188 1386 23 1 127
-1315 -70 503 1 1 0
1141 44 1012 16 1 62
27259 166 1899 10 1 127
-2290161 -119 1402 13 0 -127
-1127 22 1092 17 1 13
-37973 -142 1332 13 0 -127
5884182 -48 285 30 0 -46
-401107 -53 516 14 0 -127
-127 203 1154 13 0 127
-5649142 -167 1319 24 1 0
271126 -1 1568 11 0 127
589 95 402 14 1 109
-7555069 -254 1044 1 0 -127
1470 -156 301 25 0 -127
-45 119 1907 24 1 119
-848614 67 1724 16 0 -127
-1972 -34 1510 23 1 0
-1764 15 1870 24 0 15
-1926 129 1185 3 1 0
-12134 -14 570 18 0 -40
-26811 119 1518 20 1 80
6459792 -255 200 21 0 127
8098 -134 2001 14 0 127
66 81 695 28 0 81
-4971 -74 63 6 0 -127
-3271114 -129 319 8 1 0
274313 111 348 0 1 127
31 -51 48 13 1 0
-2088807 59 1555 30 1 56
1245 -114 1713 31 1 0
2391309 91 116 22 0 127
500958 -160 816 2 0 127
-85 212 943 15 0 127
6948025 -74 362 19 0 127
1414 -241 1092 6 1 127
-35 -164 531 5 1 0
384764 -133 201 25 0 -127
1653898 231 1329 16 0 127
94 55 1953 27 1 55
22859 165 632 13 1 127
4 -214 386 20 1 0
148239 213 1034 15 1 127
-2293721 -98 138 21 0 -127
78 -193 858 25 0 -127
-3479194 -16 402 20 1 0
1206 163 1920 7 1 127
-335948 134 1119 30 1 127
-509180 -110 63 31 0 -110
-255775 -97 1321 13 1 0
-1005 -245 70 22 0 -127
-881 -144 23 30 0 -127
-61 30 1030 28 0 30
-85381 -6 226 17 0 -127
8550 -228 942 25 1 0
977 -65 283 27 1 0
107 17 166 19 0 17
-370 16 2026 14 1 0
57 -35 1643 12 0 -12
-1069 -127 1961 6 1 0
4746437 -240 704 18 0 127
-91 -9 605 15 1 0
-15916 -137 1765 3 1 0
-1783 123 1928 24 1 123
18960 -185 1778 30 1 0
1716 10 404 20 0 11
-534777 214 786 5 0 -127
108 -11 1869 13 0 14
-812 105 1039 26 0 105
-7105 -70 1339 27 1 0
71 231 372 27 0 127
-151571 -41 1454 25 0 -48
-13778 -79 1924 3 0 -127
-9261 142 1349 25 1 127
-219456 -228 1844 28 0 -127
8136 -143 1681 2 0 127
22226 -128 1895 21 0 -108
-124 129 1991 22 0 127
789 51 413 6 0 127
388136 -180 789 14 1 127
-64 33 512 27 0 33
107 -106 1359 5 0 127
6395465 -93 1629 3 1 127
4925944 -205 859 8 0 127
1038 -55 455 2 0 127
-67 -72 893 18 1 0
9719 -214 1658 0 1 127
1986 53 1086 20 1 55
351 -96 2028 26 0 -96
-96232 242 709 14 0 -127
26 -248 1170 6 0 127
453907 139 27 4 0 127
-349979 246 967 4 1 0
7003413 8 415 30 0 11
17421 204 636 9 0 127
2822693 -133 1661 10 0 127
-175266 -150 1375 23 1 0
-155496 -68 2025 5 1 0
27 -169 1604 14 1 0
-1052633 252 2021 28 1 127
-1159 8 1655 1 0 -127
-1147 -1 1104 22 1 0
628 55 134 12 0 76
-1945740 -9 512 3 0 -127
56 -196 465 2 0 127
-1353 -21 581 17 0 -27
1599 55 671 29 0 55
1845755 128 96 6 1 127
-216221 71 1905 31 1 71
3653337 -241 689 19 0 127
-16588 -2 568 30 0 -2
-19342 198 1481 25 1 127
5963684 156 243 31 1 127
462654 200 1473 21 0 127
-110 15 115 3 1 0
10 217 252 14 0 127
24651 -155 654 10 1 127
1537 -214 1655 31 0 -127
46368 156 204 30 0 127
412220 107 1555 21 1 127
47 67 1748 22 0 67
-3304504 97 1016 29 0 91
7428801 -246 1741 13 1 127
69 230 532 19 0 127
6346 72 1477 7 1 127
-249465 -252 1289 15 0 -127
-400835 97 954 16 0 -127
-1165 -147 194 13 1 0
26 -215 1074 26 0 -127
93 57 1547 24 1 57
74 3 1094 6 1 127
-5 128 1415 0 0 -127
13329 -27 380 2 1 127
-4909760 -143 1497 23 1 0
2831887 255 281 2 0 127
-28195 102 418 16 0 -78
4444 65 779 3 1 127
-5204035 225 483 31 1 127
-2537 -163 1538 7 1 0
1968 103 1336 26 0 103
-21773 131 406 21 0 127
15 27 1391 23 1 27
-1903 -175 1579 19 0 -127
-2475838 -234 2037 8 0 -127
-116942 -36 888 16 1 0
-156136 179 289 25 1 127
-10053 12 1151 12 0 -127
-119 -40 576 0 0 -127
-1043 -112 147 30 1 0
-58 -235 1641 16 0 -127
55524 -32 344 26 0 -32
94 -27 1058 0 1 127
21048 -67 1734 23 1 0
171209 -116 1581 10 1 127
4918097 -22 1896 17 1 127
18467 -135 300 8 1 127
387395 190 2026 22 0 127
-2416612 -235 712 21 1 0
120 -239 1560 21 1 0
-55 138 842 15 1 127
723 74 589 20 1 74
197 48 743 7 0 127
-19979 247 1145 8 0 -127
6642426 -94 1539 25 1 127
18053 29 2039 8 1 127
64 126 1486 27 0 126
22 207 1843 31 1 127
-68 -255 222 0 1 0
31139 -122 584 4 1 127
-1496 -141 909 9 0 -127
-415 147 1194 4 0 -127
-8243259 102 319 11 1 0
-76596 -241 1728 24 0 -127
-381 238 618 2 1 0
252141 74 974 22 1 127
120 -142 1330 30 0 -127
22862 245 1255 22 0 127
-23760 -70 1745 13 1 0
-737 -164 1146 0 0 -127
-15222 78 803 20 0 66
110 1 278 24 1 1
381106 -83 1654 6 0 127
-14 -87 770 16 0 -87
362348 60 1849 29 0 61
-432011 -106 1996 21 1 0
-126803 -76 442 9 1 0
248122 238 1046 0 1 127
-6297517 249 1069 5 0 -127
-22087 -231 733 31 1 0
-14356 216 1797 12 1 0
-1851 180 1431 9 0 -127
-3209913 -63 702 13 1 0
-18120 -209 878 8 0 -127
56434 -71 966 29 0 -71
-98 -29 532 29 1 0
64773 84 1005 5 0 127
4119881 -90 984 26 0 -30
65 177 2020 13 1 127
222506 -93 1699 24 1 0
-356825 -63 1777 24 0 -101
-126 48 1872 30 1 48
-1757 95 1912 11 0 -127
20018 -207 638 21 0 -127
1083 -32 1901 10 0 127
-75 224 0 31 0 127
125 130 234 24 0 127
-22598 49 231 27 0 49
334086 -191 284 25 0 -127
237400 -19 1558 15 0 127
29419 85 307 15 1 127
-6937013 5 1082 22 0 -127
1040 -222 1944 4 1 127
-36 61 350 22 1 61
35 -250 1989 28 0 -127
493944 168 1676 8 1 127
300954 246 1359 4 0 127
7583027 128 1444 8 1 127
2271833 254 435 7 0 127
-5204299 -118 1242 17 1 0
1783 -245 2032 14 1 0
-5306 -74 99 18 0 -76
-74 186 1449 5 1 0
431106 -99 2024 17 1 127
-13458 -218 651 15 0 -127
-128 -47 949 0 0 -127
-1427 -191 996 10 0 -127
-505521 2 1809 23 1 0
7555021 -205 205 1 0 127
1653 -81 71 3 0 127
-10573 -11 1034 26 1 0
54 -49 1470 29 1 0
7246916 193 1427 19 1 127
-30 60 1566 30 1 60
2607207 252 356 26 1 127
442956 -82 540 6 0 127
-43 -88 1884 22 0 -88
1831614 -70 648 22 0 127
-3 224 905 21 1 127
-29590 148 750 13 0 -127
7171039 72 175 0 1 127
-13260 -16 1 13 0 -18
4404278 51 1300 21 1 127
-1386 240 202 21 1 127
-4679739 37 1794 3 0 -127
-215736 -152 950 1 1 0
-324 80 1242 17 1 77
6391 138 1556 25 1 127
299 194 1592 3 1 127
-36 -234 703 27 1 0
67 178 713 15 1 127
-501484 160 1497 26 0 127
-10723 -149 1627 10 0 -127
-20830 -130 480 2 1 0
-1897 237 1080 22 0 127
30 109 998 23 0 109
-921520 -153 975 29 1 0
-28 7 1929 24 1 7
46 -214 792 25 0 -127
127585 -33 305 4 0 127
3146930 34 1157 17 1 127
-985 -41 148 11 1 0
115 -193 742 15 0 -127
-4052254 124 214 24 0 72
8396 -213 56 30 1 0
6 -139 1523 16 0 -127
28 -151 647 19 0 -127
-97842 138 59 10 1 0
570 -246 1135 0 1 127
-1532 223 576 6 0 -127
-234104 235 1488 22 1 127
-29 -179 2045 13 1 0
20774 -7 700 17 1 104
65451 -47 964 4 1 127
1185091 -157 1687 29 1 0
-235372 -115 443 21 0 -127
88530 -97 1039 20 0 -9
-3729 -250 1788 12 0 -127
126 8 1709 4 1 127
7116742 17 1477 25 0 127
-34 164 187 20 1 127
-364 94 1716 25 0 94
7465244 230 786 21 0 127
4095148 -96 1623 30 0 -90
23 -113 232 15 1 0
-12 -136 1572 30 1 0
-4826965 184 199 9 1 0
5478961 -119 613 8 0 127
7129570 36 1493 20 1 127
7170423 -98 1509 24 1 127
29964 -56 1435 21 1 0
-28902 -26 1744 20 0 -74
-9302 213 1460 10 1 0
26336 -140 930 31 1 0
21573 89 1386 21 1 103
3649100 -106 545 9 0 127
-463299 218 1548 17 0 -127
567 250 207 10 0 127
-313245 95 1888 4 1 0
-16864 -172 1553 28 1 0
-81 92 1037 30 0 92
1215 -3 836 21 0 -3
-343 122 64 5 0 -127
55 -90 1174 28 0 -90
1795 128 212 1 0 127
-28784 22 1366 1 1 0
4012595 139 1482 22 1 127
-6712066 224 1321 25 1 0
5766429 -51 885 6 0 127
-63 -130 421 0 0 -127
-1771 -124 329 25 1 0
-281372 175 1236 23 1 127
-13006 58 1510 9 1 0
-85 60 1235 10 0 -43
2537509 -226 902 11 1 127
-510319 -14 1953 28 1 0
-2401447 -7 427 31 0 -7
1940614 -41 931 3 0 127
-263831 -41 60 4 1 0
-2094505 254 2019 17 0 -127
409791 99 494 12 0 127
-1 154 276 8 0 127
-125 -168 1252 15 0 -127
-71 -247 194 25 1 0
71 222 695 5 0 127
11052 26 392 8 0 127
108 -194 856 28 0 -127
14777 -232 1303 8 0 127
3936008 -242 1578 10 0 127
9709 -181 435 5 0 127
873296 -206 1304 29 1 0
-121568 101 905 6 1 0
-334806 144 979 0 1 0
1253 -167 492 26 0 -127
13677 34 751 22 0 36
25088 -30 1110 12 1 127
6272224 -53 759 19 0 127
593 36 645 17 1 39
-366270 -157 886 24 0 -127
-25049 -4 1085 13 1 0
-1310937 -36 1787 19 0 -127
-3763047 35 453 23 1 0
101037 76 2038 0 1 127
30705 193 1373 13 0 127
-460695 -40 1976 20 0 -127
-7004791 159 1006 13 1 0
-416 83 1071 20 1 83
-337241 -211 1955 6 0 -127
6 249 732 14 0 127
63332 -151 1805 14 0 127
11567 -177 613 24 1 0
174069 74 175 24 0 76
77 -206 472 13 1 0
-6372949 97 705 7 1 0
210093 -221 674 11 0 127
908758 246 1933 17 1 127
-70 -185 1195 6 0 -127
-5941516 -28 1337 23 1 0
1914 -158 1442 31 0 -127
2630054 -207 1719 11 0 127
-869 185 252 14 0 127
-1471 101 773 28 0 101
5014085 66 1184 0 1 127
296 -62 1108 17 0 -59
501457 -166 75 29 0 -127
-12995 93 268 9 1 0
-7426 -162 758 26 0 -127
-2938893 61 1173 2 1 0
9320 -198 457 28 1 0
-14887 -11 1255 22 0 -15
95 -201 152 5 1 127
47 33 283 2 1 127
-317634 249 1036 2 1 0
16287 99 1698 30 1 99
-4389 75 1667 17 1 19
10492 -37 625 7 0 127
313910 -172 650 20 1 23
-232201 95 1297 30 1 95
-12891 -216 1685 8 0 -127
-125 72 1463 22 0 72
-325537 -186 626 31 1 0
2274384 -139 1492 0 0 127
-5704127 82 1914 0 0 -127
126 -203 782 10 0 -107
4398453 250 1128 22 1 127
26885 -146 399 24 1 0
-165842 214 1006 22 0 127
278 241 539 0 1 127
115 142 399 11 1 127
-4666769 107 230 3 1 0
5737 76 1766 18 1 115
-367500 181 1640 20 1 0
433770 -118 612 7 0 127
355 189 1011 21 0 127
47 -182 1598 29 1 0
-31 -237 1808 1 1 0
30323 90 1400 15 0 127
83 -59 780 14 0 -55
1125 122 1720 12 1 127
1208551 247 37 3 0 127
2421310 -182 1332 14 1 127
-31 92 979 28 1 92
-1007 123 1984 14 1 1
21162 -106 782 12 1 127
1400 -71 1884 30 0 -71
-3165621 -72 102 5 1 0
-188206 -146 1465 24 0 -127
84259 -154 1524 11 1 127
-1195 10 939 22 0 10
47 119 509 21 1 119
-27617 -144 713 3 1 0
5600944 146 132 23 0 127
-7462 -209 273 13 0 -127
-3367127 171 1370 20 0 -127
-515 -191 1998 21 0 -127
7051497 -112 331 14 0 127
-113573 31 483 24 1 28
-2630920 -237 1395 19 0 -127
3232529 -27 1697 16 0 127
-18256 208 888 0 1 0
4970 -124 130 2 1 127
-4469007 140 687 8 1 0
124 162 834 23 1 127
19574 -131 780 18 1 0
-21474 -131 1335 9 0 -127
2069 -97 1919 12 1 127
-434 -19 566 5 0 -127
-581627 -217 263 28 1 0
-27868 -28 1875 23 1 0
-636 231 909 15 0 127
96 -101 7 24 1 0
1374860 -43 2031 8 0 127
297770 112 1292 21 0 127
2020 117 98 20 0 117
-58 182 1692 6 0 -127
-194046 -69 1989 29 1 0
-101 24 1688 9 0 -127
-5215539 -243 221 11 0 -127
-1636 179 161 3 0 -127
10752 185 346 26 0 127
445977 -148 533 22 1 0
100 110 882 28 1 110
16208 -235 735 4 0 127
-4243115 174 150 12 0 -127
-14 203 933 13 0 127
108 -82 1430 14 0 -73
-22 82 989 25 1 82
-28889 72 1178 19 0 7
-29751 -79 1571 5 1 0
-21476 15 782 30 1 15
-5929522 -102 1516 2 0 -127
-256 -217 1039 7 1 0
6648781 -48 1496 7 0 127
25405 170 100 18 1 127
-12263 187 711 18 1 127
4928791 -208 390 27 1 0
598 -107 1402 2 0 127
-114016 211 20 17 0 127
-426970 -244 1624 22 1 0
1630 -238 1641 25 0 -127
-3985926 -188 1130 15 0 -127
-59 -113 336 22 1 0
4082807 64 1781 20 0 127
-283610 -61 693 23 1 0
-440 178 1695 13 1 87
485 -152 1174 21 0 -127
-19820 86 2032 0 1 0
-165124 125 1316 21 1 21
-5051886 -175 854 5 1 0
369834 -46 502 18 1 127
339823 138 1589 23 1 127
-787 151 1636 5 1 0
-24301 184 2008 22 1 127
11389 -67 1325 16 1 127
58597 -71 927 29 1 0
477851 186 16 3 0 127
-5568 200 1985 13 0 -127
1669 -100 378 29 1 0
-451152 -52 30 10 1 0
-346404 -181 1219 9 0 -127
-448532 215 2006 7 0 -127
-972 -252 1713 10 0 -127
37 -155 438 24 0 -127
-7 249 114 13 1 127
-104381 -169 370 3 0 -127
-482213 39 944 9 1 0
3048020 48 824 27 0 67
170523 -56 386 20 0 7
329708 -37 1477 4 0 127
-15232 172 360 30 0 127
-29785 -10 975 23 0 -13
-32 -1 384 18 0 -1
2881012 -59 1061 2 1 127
38141 130 1203 25 1 127
-115 -180 1137 25 1 0
5920821 -1 907 25 0 127
13284 -86 1622 19 0 -45
-1612 -193 1024 13 1 0
116 8 678 5 0 127
-18374 142 1047 6 1 0
826 61 1882 2 0 127
4306 -26 209 22 1 0
4305028 -76 490 5 1 127
-1615135 -75 1491 1 1 0
20264 -3 913 1 1 127
-1779329 132 1268 8 1 0
284672 -219 280 25 0 -127
6740616 -52 1129 2 0 127
29988 158 985 22 0 127
118 -88 2036 7 1 127
-5566847 153 524 22 1 0
41 -42 271 16 0 -42
78 -203 1467 31 0 -127
403165 -227 19 21 1 0
-15127 200 1550 4 0 -127
101 -164 1620 11 1 0
3415308 -210 189 1 0 127
-121 66 501 13 1 59
9627 59 230 25 0 59
-1058329 -142 1975 16 1 0
-1373 -53 1000 28 0 -53
236 -141 1565 6 1 127
7685570 23 1294 24 1 127
1847 239 3 7 0 127
129021 192 2017 12 0 127
284733 -93 851 3 0 127
1329 -100 1777 7 1 127
1843398 -162 1216 16 0 127
-342235 98 553 24 0 87
16 -42 235 9 1 0
594 -31 270 18 1 0
-9935 -220 1150 19 0 -127
25960 -218 1887 13 0 127
-90 -147 361 7 1 0
-7992804 179 1800 3 0 -127
116 -229 1029 4 1 127
363864 195 1749 14 1 127
23174 -71 530 27 1 0
-359008 -52 777 22 1 0
29107 135 2031 17 0 127
-1237 -242 1237 14 0 -127
-19380 -115 510 19 0 -127
-32482 -55 97 4 1 0
-169284 -180 258 6 1 0
18024 -57 1799 24 0 -55
2135927 243 1626 16 1 127
733351 -237 836 0 0 127
-53 -183 1153 19 0 -127
372100 178 742 1 0 127
3076455 -66 1365 28 1 0
1370373 -136 1839 29 1 0
-70 -131 736 8 1 0
-14363 196 213 10 0 -127
6874185 146 575 4 1 127
24 -244 842 1 1 127
-12403 8 1465 1 0 -127
68 -25 412 14 0 -23
-29139 -22 1114 6 0 -127
123 -255 1585 10 0 -65
20 -101 1470 15 1 0
-18181 12 1557 3 0 -127
1140 44 1092 9 0 127
-8229 -121 289 12 1 0
-1578897 249 1072 10 0 -127
35 -46 2014 30 1 0
-6810736 -223 863 7 1 0
72 62 1737 24 1 62
-1274723 -201 1905 16 1 0
15 208 803 27 0 127
-2389 119 1215 8 0 -127
-361572 31 554 5 1 0
-6484204 -60 1836 14 0 -127
586 88 844 27 0 88
91 -173 1886 26 1 0
-426890 226 417 14 1 0
-3336029 -41 1208 1 0 -127
27 -3 1690 31 0 -3
51 149 119 3 0 127
10714 -106 130 20 1 0
1938 204 178 25 0 127
-846 107 1634 5 1 0
30131 -177 906 3 0 127
3587582 86 962 30 1 89
44 -205 1563 31 1 0
60551 -224 644 9 0 127
-16493 214 8 29 0 127
-6796924 253 1325 26 0 119
-61 -139 1492 0 0 -127
-782 -36 108 5 0 -127
-1122 -187 1088 8 0 -127
452 -81 495 1 1 127
230 -166 1614 3 1 127
1629 -206 350 0 0 127
15618 -168 610 26 0 -127
-13303 -72 1155 18 0 -127
-55 -131 647 29 1 0
-693 -16 1242 27 0 -16
-24336 -11 876 30 0 -11
18110 -115 1555 0 1 127
-909 -178 313 2 0 -127
-3258796 -120 645 4 1 0
258710 69 1874 31 0 69
6803178 -83 1511 22 0 127
27 -136 491 29 0 -127
11276 57 1583 29 1 57
-102 -92 1311 15 1 0
-3647433 16 1389 21 1 0
-54627 83 1603 6 1 0
24676 175 90 8 1 127
257699 -76 195 16 0 127
-312459 -138 1722 16 0 -127
-1018 -222 127 10 1 0
-7849386 -2 1131 0 0 -127
-1011 196 1984 31 0 127
-56022 14 818 5 1 0
-1224927 -46 1940 4 0 -127
-2712897 255 719 10 1 0
-456172 -207 1784 2 0 -127
-2523487 -15 1892 29 1 0
-1251 -77 288 0 1 0
6647183 -27 48 26 1 0
1597 62 1457 31 1 62
-62 15 357 10 1 0
-7186149 179 1631 26 1 4
108 3 1488 10 0 127
-768 -151 354 16 0 -127
-4622 118 949 24 0 118
-325 -225 810 13 0 -127
564 42 1183 2 0 127
1553 184 1377 19 1 127
-1940039 60 853 6 0 -127
11624 241 595 17 1 127
-405736 -117 1791 28 1 0
-373402 -215 9 15 1 0
-6371297 -240 979 20 1 0
5994469 22 553 1 0 127
-379741 163 421 12 1 0
-10942 -66 529 29 1 0
-1156937 -43 922 8 0 -127
-4272341 -236 563 14 0 -127
1811 167 414 21 0 127
-433945 110 579 31 1 110
55 240 1575 28 1 127
8353871 -158 821 1 0 127
34050 143 241 15 0 127
-30738 50 275 10 0 -127
-128 -122 366 23 0 -122
-902 177 896 27 1 127
2643501 58 1554 12 1 127
1427 4 1160 31 0 4
175432 64 1508 13 0 127
-5429912 91 1713 14 0 -127
91 -203 1726 10 1 0
-1870 205 2012 30 0 127
-18593 -48 960 23 1 0
-211831 -108 1210 19 1 0
67 -160 1615 13 1 0
2567414 120 1725 12 0 127
-17025 -185 9 3 0 -127
-1632 -203 648 11 1 0
90523 193 1114 15 0 127
-128 228 794 13 0 127
174235 -53 1222 14 0 127
-338530 -204 918 1 1 0
3623117 -113 1531 29 1 0
3234355 -34 1210 2 0 127
-3316 41 413 16 0 20
126 -100 624 15 0 -98
7752987 121 2026 12 1 127
-1366 -203 994 13 0 -127
-21634 183 79 30 0 127
-3 230 875 18 1 127
-13895 203 1228 7 1 0
-1231 -206 545 18 0 -127
3329561 -30 1845 18 0 127
-17 50 69 20 0 50
312324 215 1752 0 1 127
196634 33 1858 11 0 127
-271027 -86 1757 30 1 0
-19008 -96 1526 19 1 0
-27505 107 822 25 0 106
18630 -9 1352 16 1 127
-5 145 1359 7 1 92
-1097 -79 685 0 0 -127
1016226 -121 1283 19 0 127
4761824 -64 321 25 1 0
146484 -44 558 26 0 -43
7128936 147 1773 15 0 127
62 163 1076 24 0 127
-68 -104 1234 8 0 -127
-9786 -204 1111 9 0 -127
-853 26 1058 15 0 -2
1905 -206 1074 8 1 127
1647046 124 2002 28 0 127
427415 123 1904 29 1 125
23 239 540 0 1 127
-104 -208 474 28 1 0
-507147 -200 1530 3 0 -127
-5973 -247 397 5 1 0
-481794 31 576 28 1 30
-2004335 -207 1098 20 0 -127
285 198 523 8 1 127
2751892 207 1520 0 0 127
-316006 18 1525 2 0 -127
2020 25 87 17 0 26
4653637 194 777 31 0 127
393863 -40 88 24 0 -38
24025 140 1984 14 1 127
-5663789 -62 195 5 0 -127
-4099 -70 641 2 0 -127
2039 230 157 28 1 127
121 189 863 14 1 127
28454 -39 2002 30 0 -39
3991361 -25 1785 2 1 127
-75 -90 1653 15 1 0
98597 -226 1861 20 0 -51
-8 -37 1414 27 0 -37
18338 53 1928 25 0 54
-5971391 88 92 10 0 -127
-124869 -124 189 9 1 0
-8732 250 1234 13 0 -127
4754759 69 785 3 1 127
2866638 63 1691 21 1 127
-3 89 1935 6 0 -2
-65 -123 745 16 0 -124
563 -237 1105 17 0 -127
-1862 -245 888 27 1 0
-117 123 884 29 0 123
42 246 1059 7 1 127
270001 -36 1782 12 0 127
-1002 -75 1514 8 1 0
-1807 58 1185 11 1 0
-121 155 124 30 0 127
-5885784 -171 108 7 1 0
-2628852 156 1464 21 0 -127
298098 -193 1915 12 1 127
96640 -185 581 2 0 127
349 -208 427 5 1 127
34613 138 1421 30 1 127
77 -149 1593 29 0 -127
8251345 147 1592 21 0 127
24256 -77 1072 20 1 0
-42 8 878 0 1 0
122463 -27 1360 4 1 127
-828761 -28 210 19 1 0
-1567824 -15 1010 7 1 0
379709 -242 1976 9 0 127
255090 128 1818 0 1 127
447008 243 1665 28 1 127
23762 -145 591 12 0 127
-4891219 -166 2004 2 0 -127
-64011 221 1907 16 1 0
-5399942 -197 513 24 1 0
70 -78 1281 5 1 127
-20 -150 1668 4 1 0
95 69 1829 22 0 69
-4634781 -40 713 27 0 -65
-15986 213 262 7 0 -127
44 -157 1890 24 0 -127
-471770 207 256 26 1 127
13352 240 2014 25 0 127
400044 254 2 29 0 127
-30 181 1571 2 1 0
-1732 -179 347 9 1 0
149899 119 90 28 0 119
-96405 -74 596 17 1 0
-15487 -199 1125 21 0 -127
-1940592 -186 1609 25 1 0
-27609 -215 1054 15 0 -127
828 -223 2005 9 1 127
-201 -30 979 30 0 -30
7017217 -7 852 20 0 127
463328 -101 589 2 0 127
-1577 -85 858 22 0 -85
7831301 37 1010 10 0 127
928554 227 731 6 1 127
437806 169 1583 11 0 127
45 -26 2036 30 1 0
64 112 1440 27 1 112
-7962382 118 243 27 1 104
21132 -218 635 7 1 127
4749234 -208 847 7 0 127
-5262950 36 1402 23 0 -127
-19084 189 931 20 1 127
-36487 -72 925 30 1 0
11 -98 774 24 0 -98
57 90 1021 20 1 90
62 203 299 9 0 127
-8221647 54 1795 22 0 -127
127 -196 212 26 0 -127
-76 -160 1887 26 1 0
5774 163 141 21 0 127
1390 -1 1559 23 0 -1
32 -174 1617 1 0 127
75 -173 720 15 0 -127
496 17 98 7 0 127
449871 26 449 12 1 127
-25463 143 90 7 0 -127
-6428467 -126 1572 28 1 0
-2492350 -111 956 6 1 0
106 -71 323 30 0 -71
1206 -140 242 3 1 127
-105709 -248 1534 21 1 0
-38746 45 363 2 0 -127
2832406 126 1410 19 1 127
262 71 427 24 0 71
-32467 27 903 10 0 -127
-704 -3 536 8 0 -127
343505 -70 36 1 0 127
387231 141 1576 23 0 127
260940 177 739 26 0 127
-863739 68 1551 24 0 -12
-104 45 422 22 1 45
7 -33 1490 21 1 0
-468279 -188 2045 7 0 -127
55 151 1335 17 0 127
-16589 -105 850 22 0 -108
9505 -5 1181 5 1 127
-1795 85 1507 23 0 85
-26425 -219 776 28 0 -127
107 -9 303 18 0 -9
-5935 187 987 27 0 127
-7936357 204 138 28 0 127
-7994972 178 1330 16 1 0
1889 -192 987 10 0 127
446951 -92 1392 13 1 127
-57 -118 1897 29 1 0
61 -228 1229 4 0 127
483354 233 1078 16 0 127
83 130 474 10 1 127
89 -78 1129 12 1 0
1865 42 1649 1 0 127
-52041 188 507 0 0 -127
22554 232 523 6 0 127
-6 113 160 15 0 113
-168540 -184 726 29 1 0
272704 -181 149 30 0 -127
-61 239 1365 14 1 127
8336923 128 1756 2 0 127
239256 86 27 31 1 86
-82169 166 857 12 1 0
5759570 253 985 24 0 127
1219 249 4 22 1 127
-3328 -103 1471 24 0 -103
10263 229 1810 24 1 127
-22 -202 1764 8 0 -127
-26777 -149 450 24 0 -127
1696 -15 696 12 1 127
-24451 -210 452 31 0 -127
-7702 135 820 14 0 -127
-2620652 73 886 8 0 -127
-961394 190 856 16 0 -127
419596 -111 1766 19 0 127
2180382 143 1431 30 1 127
-98 143 1033 17 1 127
4263006 -220 643 1 0 127
-3120565 162 1658 9 1 0
4851242 -157 184 8 0 127
31 -91 47 13 0 -91
2312166 -234 80 15 1 127
13222 138 1158 29 0 127
345191 -249 1004 25 1 0
311430 -17 197 15 1 127
153119 80 1911 24 0 97
224413 -18 943 19 0 127
-31 99 1679 2 1 0
73 74 22 1 1 127
-60 -196 1468 24 1 0
-31865 144 630 8 1 0
-394734 -56 1702 15 1 0
-4251629 90 1691 18 0 -127
6267 -201 1696 28 1 0
-232149 99 191 2 0 -127
1361840 -192 319 23 0 -127
-4462923 -204 533 20 0 -127
-1177 51 1644 4 0 -127
11718 96 573 14 0 127
1587 -64 974 15 1 0
-3128542 207 1088 1 1 0
4338638 118 1491 27 1 127
96 -74 1047 15 1 0
1802 67 259 19 1 68
1101 -6 1607 6 0 127
-16299 49 137 30 0 49
-62 -32 320 20 1 0
6742766 -152 1228 5 0 127
212243 242 176 29 0 127
372389 28 741 28 0 29
10 44 411 18 1 44
-58965 -120 1330 4 1 0
2033411 -155 43 14 1 127
184966 -215 1647 24 1 0
-3664 6 1725 28 1 6
-74 119 1840 2 1 0
-24132 -177 244 12 1 0
-218391 222 1919 26 1 127
483267 29 1076 23 0 91
52 -90 253 13 1 0
-2169 134 1938 2 1 0
-25111 32 272 5 1 0
39 -63 1483 28 0 -63
-1126 122 1586 23 1 122
-11473 -214 1790 1 1 0
101 72 79 19 0 72
-1638 -7 1764 18 1 0
76 102 1908 12 0 127
57 -187 309 26 0 -127
11826 165 1484 5 0 127
-28431 -230 626 24 0 -127
36 184 688 30 1 127
416 -166 149 28 0 -127
-401568 -176 842 8 0 -127
-395583 -132 1000 4 0 -127
399 -207 326 21 0 -127
-23 -7 600 0 0 -127
1418 150 863 6 0 127
99116 -34 172 25 0 -33
397404 -145 1740 0 0 127
159 217 575 30 0 127
-104 244 1781 8 1 0
8323 -20 1100 23 0 -19
12853 18 1190 0 1 127
-1670 84 897 25 0 84
6281925 -130 221 0 1 127
278590 136 556 23 0 127
-300801 -250 1580 6 1 0
-1936 -16 935 25 0 -16
8527 -107 972 22 0 -105
-16 92 169 30 0 92
-1278036 65 2005 27 1 46
-755 187 170 18 1 127
14324 7 424 14 0 127
-6086985 -105 875 16 1 0
2664 162 1928 12 0 127
19428 242 1754 31 1 127
-6929 -251 366 19 1 0
-5628442 95 286 30 1 94
-4395736 78 1103 18 0 -127
147286 -180 929 14 0 127
197 -222 1916 17 1 0
-124 -203 1754 4 0 -127
18076 243 1583 2 1 127
-1051 -145 1898 21 0 -127
-305188 -16 474 9 1 0
-114 73 202 19 0 73
-1916 35 1720 21 0 33
305702 251 382 31 1 127
1319955 28 1071 30 0 29
-1908 -200 960 2 0 -127
-420 -125 446 18 1 0
-6814985 -249 475 10 1 0
195649 -57 806 6 0 127
1283 249 1727 19 1 127
-15345 19 1182 4 0 -127
2333403 103 1439 23 0 127
5380152 -196 1860 25 1 102
6973 -249 1042 15 0 -27
-322855 -180 1548 14 0 -127
-7458 -206 81 11 1 0
495243 218 1310 19 0 127
-260 84 952 20 0 84
555 72 212 1 1 127
-2473732 190 1254 26 1 127
-83321 130 342 26 1 127
-72 182 722 2 0 -127
-13475 -235 1047 13 1 0
5169143 209 1901 19 0 127
-2025 71 1050 0 0 -127
-10 -4 990 22 0 -4
-230546 38 1889 1 0 -127
-1227 -70 919 21 0 -71
-12905 232 753 12 0 -127
-31309 205 1114 12 0 -127
23 5 1851 23 1 5
-9878 -243 163 15 1 0
-36 -130 884 28 1 0
126 140 897 11 0 127
-54 50 765 28 0 50
-6332103 -54 1187 3 0 -127
-1301 -53 489 18 0 -55
2672716 -226 921 16 0 127
229111 31 118 10 1 127
-65 -76 714 9 0 -127
370605 -85 1245 9 0 127
-1264 -197 2040 24 0 -127
-34260 -1 662 13 1 0
-405283 -121 104 10 1 0
-1695 131 539 10 0 -127
85502 -80 818 8 1 127
4197 98 976 9 1 127
2202901 -178 0 22 1 0
31318 -202 1119 27 1 0
4701 -172 848 17 0 -127
-51502 95 1021 1 1 0
-211302 228 226 25 0 127
48 131 1226 3 0 127
188532 -211 1999 30 0 -127
18115 -38 1756 19 1 23
-1203 -53 1461 24 0 -53
1534 219 90 17 0 127
-420139 241 885 23 1 127
1739 168 485 25 0 127
27174 93 1843 18 0 127
1634 197 953 15 1 127
-2029592 212 1914 20 0 -127
89 61 428 2 1 127
89 -163 1828 21 1 0
-10589 140 517 28 1 127
-29 -76 296 26 0 -76
51 106 1799 25 1 106
4542746 -174 487 7 0 127
-28396 -117 1567 14 0 -127
29541 229 1063 10 1 127
-24026 -159 169 13 1 0
32233 241 2023 22 1 127
-309053 206 1592 3 1 0
3397 136 1576 5 0 127
649 -196 1671 4 1 127
1012 -184 1866 11 1 127
-81 -33 583 8 0 -127
-345995 16 1367 16 0 -127
12939 71 755 28 1 71
-1880 216 805 4 1 0
851 -79 287 4 0 127
-7071 -85 642 30 1 0
-13650 74 1156 21 0 66
114 76 492 18 0 76
-85 239 1841 3 1 0
-121921 110 1172 0 1 0
841 -164 1144 1 0 127
-114721 -121 27 21 1 0
373767 120 1317 30 0 120
8280 -142 1928 29 0 -127
77 10 239 20 1 10
134 -129 43 16 1 0
-7795600 -8 1825 27 1 0
1759 124 1774 25 0 124
2789226 -7 657 14 0 127
-27 -27 1950 27 1 0
-873 215 1949 18 0 127
879 -63 1822 5 1 127
5109798 -124 1550 31 0 -120
-54 51 813 14 1 48
44 174 1505 15 1 127
1185646 -203 1100 2 1 127
-4794 -187 1314 19 1 0
1024192 190 321 3 0 127
-132182 36 1838 19 1 0
-26629 -181 315 0 1 0
101989 -240 1247 9 0 127
205025 164 1487 21 0 127
124 127 1346 0 1 127
1415 -127 609 9 1 127
334802 212 694 16 1 127
66213 46 1082 9 1 127
1059 -238 1103 22 0 -127
-4773 -222 1654 8 1 0
3977662 128 507 2 1 127
19111 121 2005 1 1 127
-13615 201 1975 26 1 127
10685 199 1387 15 1 127
-9637 -108 556 16 0 -127
-724 197 2000 19 0 127
1256866 -91 97 16 0 127
-5544 120 1569 22 1 118
44 134 2004 15 0 127
-460037 -219 1480 17 1 0
-4910172 -27 1659 15 1 0
-833 -82 82 26 0 -82
-5047 177 299 7 1 0
1847 -225 602 1 0 127
3569414 102 1647 26 1 127
-149309 1 558 21 0 -39
-6954372 231 1918 5 1 0
26363 54 1230 9 0 127
68 98 257 13 0 100
-253925 -248 1865 8 0 -127
-1743 -182 1823 15 0 -127
-506 -99 1573 8 0 -127
-28 -100 669 21 1 0
-2069 15 1083 28 1 15
-1659589 -242 1539 4 0 -127
8243602 15 321 17 1 127
1284 -104 1047 15 1 0
4726624 -49 1342 16 1 127
520678 -191 1555 9 0 127
-1729 -248 2003 22 1 0
32216 134 120 0 0 127
-625 68 1818 10 0 -127
114 -8 1566 12 1 36
-6281 146 858 10 0 -127
9109 -139 1611 26 1 0
440132 -142 1293 21 1 127
-1273 -176 1566 10 1 0
242095 -43 1341 20 1 127
10 -196 1597 20 0 -127
-505449 168 1864 28 0 127
-469436 183 967 23 1 127
5864622 170 391 27 0 127
-57 -243 1363 4 0 -127
13964 96 3 4 0 127
8199 121 2036 27 1 121
1599483 -8 774 9 1 127
-1696 -117 297 20 0 -117
119643 -173 1539 16 0 127
-6649 190 1556 5 1 0
-31512 153 40 9 0 -127
503439 80 1896 16 0 127
-176001 112 277 25 1 111
319 139 1268 9 1 127
5571 244 102 31 0 127
-42 139 1540 3 1 0
-28 -43 86 11 1 0
638 -235 637 10 0 127
78 1 1187 14 1 7
-4775968 -81 669 12 1 0
25750 -168 967 5 1 127
-60 105 450 16 0 105
-5 39 1715 16 0 39
93 -193 285 24 0 -127
-128 106 786 30 1 106
85 109 608 22 0 109
-23897 99 1095 1 1 0
-29371 -129 1427 27 0 -127
-30230 62 537 4 0 -127
-106 -190 556 3 1 0
3015 -187 1167 28 0 -127
6079713 213 553 20 0 127
-12986 110 1925 21 1 98
-102 -199 450 23 0 -127
-9252 22 295 9 0 -127
-1569 -161 1172 23 1 0
17655 90 692 20 0 102
-294271 135 101 28 1 127
1354995 -32 408 12 0 127
-11351 -171 163 8 1 0
346449 -191 1216 31 1 0
-95 -224 1076 19 1 0
-38716 -47 1184 21 1 0
-29 -193 1746 18 0 -127
-299223 -229 263 15 0 -127
3568944 -94 2012 30 1 0
-21741 53 1741 30 1 53
-1222 -150 1017 19 0 -127
-10351 -15 1481 11 1 0
-4504503 -174 748 6 0 -127
35759 -13 848 24 1 0
-1891 102 228 19 0 101
23291 -3 969 4 1 127
-28531 -232 953 16 0 -127
52950 193 257 9 0 127
-204825 -12 1567 13 1 0
-14376 -93 1959 28 0 -93
21 106 1245 31 0 106
-9860 98 1335 1 1 0
2033 -18 222 10 0 127
-6930979 109 1587 16 0 -127
2437462 -248 1001 6 1 127
-985299 -136 1775 12 0 -127
-5961699 127 828 13 0 -127
24208 125 288 22 0 127
-2405355 214 825 7 0 -127
-126 127 1104 20 1 127
440 -156 1041 16 1 0
21865 79 991 30 0 79
11 207 1293 18 0 127
354179 92 160 0 1 127
243169 176 172 3 0 127
4141 243 792 17 1 127
-3963515 109 649 5 1 0
26126 -97 89 14 0 45
-2207689 46 1733 22 1 0
-5654152 27 1253 25 1 0
-95 -218 592 24 0 -127
-748 -11 1053 8 1 0
-1215 100 1876 23 0 100
8533 238 1847 28 1 127
310246 -6 458 23 0 11
7903859 12 141 2 1 127
-318472 187 653 21 0 88
8696 210 1919 18 0 127
79 -74 521 25 0 -74
30996 82 1379 29 0 82
-14249 -48 1118 7 1 0
1822481 -102 1048 11 0 127
-5145 -24 594 24 1 0
26056 -112 2003 6 1 127
-96 12 1305 14 0 4
1128 163 1581 1 1 127
-84 -234 734 18 0 -127
32599 31 877 22 1 38
-1016 98 1194 21 0 97
973562 176 239 3 0 127
-15319 241 1791 31 1 127
-6483 201 1780 20 0 127
-476989 -109 1854 22 0 -127
-73 168 1818 17 1 127
6239243 -20 1664 13 0 127
1231 -87 1271 17 1 0
375 -15 199 31 0 -15
-15613 136 2020 20 0 106
30074 -72 1118 23 1 0
-1559 -63 932 0 1 0
-811 -46 1766 24 1 0
-427 116 538 19 1 116
-123 -123 1988 12 1 0
4127772 14 896 18 0 127
728 -217 1411 0 0 127
5154036 -254 1708 9 1 127
-1339 -144 558 6 0 -127
3301943 -130 295 13 1 127
-76 232 365 11 1 127
-29664 -55 1753 0 0 -127
-119142 45 625 26 1 44
-3916226 -191 1053 30 1 0
12542 46 1534 9 1 127
-303905 -129 1351 24 1 0
-6735562 -77 454 30 0 -80
-467415 116 1581 24 0 72
371 104 1757 26 1 104
40904 149 1681 8 0 127
21364 162 983 6 1 127
1723 -136 1134 4 0 127
8253 -177 1524 11 1 127
-211295 205 862 21 0 118
76 96 896 2 0 127
49 -223 1914 6 1 127
13 -11 361 31 0 -11
-1313983 186 308 28 1 127
-1673 53 105 8 0 -127
338141 -102 175 7 0 127
158924 233 986 18 1 127
8320749 116 683 23 1 127
420383 -81 535 6 1 127
-2285163 57 1141 18 1 0
1357 -173 51 9 0 -38
17802 114 1656 27 1 114
-22834 20 1784 5 1 0
-469449 18 1026 26 1 11
339373 -130 975 17 0 127
91 141 967 8 0 127
-24325 188 434 0 1 0
-211 169 440 31 1 127
405070 -129 1817 29 1 0
864 -56 1125 30 0 -56
118 -12 206 25 0 -12
25164 46 1731 10 1 127
-163000 120 194 16 1 0
7668556 -10 1557 27 0 79
471423 128 724 4 0 127
1195 -233 33 8 0 -79
-88115 122 1406 18 0 -127
-520451 26 1654 8 0 -127
17 -22 1810 1 0 127
-5053364 -7 899 12 1 0
-6265534 132 1241 16 0 -127
-23 -32 958 31 1 0
346 -24 279 15 1 0
356702 -81 1344 18 1 127
263636 -141 1667 17 0 127
-2026149 -85 1694 29 0 -91
38 -21 1146 5 1 127
-2660388 -43 1135 17 1 0
-382309 -47 1379 25 0 -63
413957 226 158 10 1 127
-40423 -57 713 17 1 0
184180 -71 1814 20 1 127
-306066 -149 1109 13 0 -127
993 39 1427 1 0 127
-291344 -173 587 21 0 -127
3951342 124 1829 11 1 127
1078 -163 497 0 0 127
-19325 -252 420 4 1 0
32552 237 12 26 1 127
163413 -229 465 26 0 -127
4795636 89 964 1 0 127
-803 -119 1594 22 1 0
-1189 73 1546 16 1 45
-493875 141 1035 14 1 0
-190623 130 2024 13 0 -127
-2622799 37 239 28 0 35
-28268 113 2031 14 0 -127
-157697 -35 898 18 1 0
-6 -30 657 9 1 0
-6889890 -76 78 17 1 0
-102482 194 945 14 1 0
6732975 96 1759 12 1 127
-42 -88 1015 21 1 0
-7596016 -171 1062 15 0 -127
17741 -131 1690 4 0 127
-27294 -230 910 14 0 -127
-101 75 1190 31 0 75
114204 -82 1928 17 0 127
-104643 4 957 12 0 -127
-171981 -131 1534 10 0 -127
4005575 -65 1542 8 0 127
-388242 183 537 23 0 127
-992 219 875 19 1 127
3588116 4 1568 1 0 127
10514 55 892 29 0 55
-1137 210 883 7 1 0
-6685217 232 1127 5 0 -127
-5868561 -108 213 10 0 -127
81 231 842 14 0 127
-249774 13 1648 0 0 -127
1273851 31 1090 14 1 127
-1116 153 1101 1 1 0
19 163 1475 28 1 127
-128 -210 62 28 0 -127
-1377 30 2012 12 1 0
-304 -207 1019 8 1 0
227810 209 261 5 1 127
251767 -88 1407 22 0 -4
43 253 1297 23 1 127
-3538 225 108 26 1 127
-748 104 792 10 1 0
84 -196 1390 12 1 0
-71 45 3 0 1 0
-53 -158 2034 17 1 0
32343 -157 543 4 1 127
-7 19 1872 15 1 19
-138817 10 248 31 1 10
-653 85 1540 20 0 84
114 119 1077 30 0 119
18945 239 670 17 0 127
7806314 -155 329 25 1 0
945 -3 1728 17 0 9
-764 -94 824 0 1 0
11068 250 1494 23 0 127
140118 -20 639 12 1 127
63 143 483 17 0 127
703 221 985 27 0 127
-1286 254 1974 17 1 127
710 13 1188 8 0 127
19 -75 2000 9 0 -1
6340062 -203 1562 5 1 127
-112 116 681 6 0 -127
-18374 116 1073 18 0 41
-953 -252 803 18 1 0
1684 -201 1588 13 0 125
24605 113 1912 3 1 127
22604 -5 1380 14 1 127
18072 244 1491 10 1 127
-1247286 -175 294 27 0 -127
2482014 -224 327 12 0 127
-28 -89 955 13 0 -92
-11 229 988 31 1 127
-3259578 159 1479 22 0 -127
1704 -153 196 21 0 -127
-744 -244 1007 31 0 -127
-49 27 1497 30 1 27
-1811 -56 890 8 1 0
-6946606 -95 782 26 0 -127
917374 14 1605 18 0 127
56 -70 1592 11 0 -26
35 168 120 1 0 127
-1923 168 730 28 1 127
-1390 -196 364 14 0 -127
7241119 135 106 29 1 127
-2045 162 1339 15 1 78
-67 70 1753 6 0 -127
-30199 87 294 13 0 -127
1468 -188 1283 18 0 -127
190701 157 685 25 0 127
1762 27 1249 22 1 28
-23919 -172 1041 14 1 0
27968 -101 316 22 0 -99
50624 -36 386 31 0 -36
-499918 54 1164 19 1 0
294 -233 1011 21 0 -127
-57147 -196 12 18 1 0
10145 -170 240 23 0 -127
40086 215 1889 9 0 127
28525 -79 383 19 0 -58
-1646 144 1724 25 1 127
876 36 1643 16 1 58
25759 -152 1694 27 0 -127
6796658 -143 1401 20 0 127
-54746 207 1112 9 0 -127
118 -100 1987 14 1 0
-1382 232 414 9 0 -127
-831 -176 1927 15 0 -127
31866 135 2000 23 1 127
-4371 -108 1014 22 1 0
-232860 167 1424 25 1 127
-92643 141 1359 5 0 -127
32276 -15 1104 3 0 127
5138 -185 1819 1 1 127
96 -33 1316 28 1 0
-56 -203 498 31 1 0
-11480 214 1475 12 0 -127
15912 163 100 19 0 127
117 179 1361 18 0 127
-13738 -128 467 26 1 0
5158013 188 974 28 0 127
27175 -85 25 11 1 127
-59 107 1264 24 1 107
202190 -204 1605 1 0 127
-336881 145 827 18 1 0
31452 113 1721 8 1 127
-1766 206 884 6 1 0
-6798020 -171 1995 20 0 -127
-7 -126 797 5 0 -127
-7817018 -175 457 7 1 0
-2345 42 211 28 0 42
387270 147 335 14 1 127
7684879 65 298 19 1 127
-6754 54 1504 25 0 54
24386 -256 691 22 1 0
-5 -62 1970 1 1 0
107441 75 1630 9 0 127
-151932 93 512 4 1 0
-30761 -2 1892 28 1 0
4479 45 610 5 0 127
275270 -129 829 2 0 127
425196 -88 1149 22 1 28
6955840 -33 122 6 1 127
3887509 -144 116 18 1 127
-1252 -193 1747 14 1 0
-1844 -220 1007 20 1 0
-1487487 -67 1018 13 1 0
-61338 41 705 3 1 0
-25076 -187 430 11 1 0
-8 245 25 12 0 127
75 144 39 25 0 127
68 131 891 1 1 127
5261 136 1223 18 1 127
54 181 963 3 0 127
1465378 -209 1196 22 1 127
106 -149 1647 11 1 0
-3699980 133 987 27 0 106
-1949 206 52 12 1 127
-1472888 -72 879 11 0 -127
16275 94 63 27 1 94
-2022 -116 453 9 0 -127
15 -22 1668 1 1 127
26488 100 1271 4 0 127
6782576 -2 369 6 0 127
31945 -132 1451 16 1 127
1761 228 1275 5 0 127
8249557 -235 1419 13 0 127
1201533 -103 62 22 0 -85
-231580 48 1021 24 0 34
40034 158 715 28 1 127
5069560 230 1407 5 0 127
38 -125 877 8 1 5
-183230 -111 498 14 0 -127
-444147 -172 1790 11 1 0
-519694 239 84 22 0 127
-25989 167 1973 25 0 127
2955607 -58 1238 24 1 127
26263 99 402 24 0 100
-439375 -39 2022 30 0 -40
-28108 -126 513 10 0 -127
125 134 1065 14 1 127
-62 117 785 4 1 0
-5058590 159 365 30 0 127
375353 168 307 30 1 127
270628 -199 1938 13 0 127
-7665216 -212 2042 23 0 -127
11196 247 111 9 0 127
-1429 -17 546 17 0 -23
-667 45 322 14 1 32
-2 191 1542 20 0 127
7080286 -238 1363 19 1 127
-2523557 182 691 1 1 0
104 229 124 6 1 127
1052 100 270 1 1 127
-30307 -254 249 19 1 0
62 253 373 31 0 127
-93 97 679 31 1 97
-378 -119 316 28 0 -119
1446 26 365 20 1 27
-1541 55 1361 11 0 -127
-5411154 -238 1620 10 0 -127
55 -8 227 5 1 127
-1377468 145 628 19 1 0
147583 -226 1709 0 0 127
-110 52 2028 15 1 45
-127 23 1380 0 0 -127
-4039831 157 1336 31 0 127
-950999 -161 1839 25 0 -127
-557 -150 1496 17 0 -127
1854 -143 32 1 0 127
-180593 -37 566 3 0 -127
5860 -142 1333 25 1 0
19868 226 123 26 1 127
1649 -51 1992 28 0 -51
-69 -72 1649 6 1 0
99 123 1944 25 0 123
-4726373 -217 1192 11 1 0
-881 -84 537 6 0 -127
1073 75 2047 9 1 127
-28463 132 1691 10 0 -127
-7982580 -208 802 22 1 0
171336 226 1868 7 1 127
404593 -105 1730 22 0 62
15022 -22 1819 16 1 127
-5099257 -94 1782 2 0 -127
-11391 49 1093 14 0 -127
-15 228 1516 8 1 127
-100 144 1027 28 1 127
94 119 1708 26 1 119
-440237 -41 1749 23 0 -127
-5555 -90 1789 15 0 -127
-2104 172 706 2 0 -127
27889 -125 452 17 1 0
-3282166 89 426 20 0 -127
26647 -233 525 12 1 127
58 -90 1634 15 1 0
-1447 -164 1485 26 0 -127
497757 -63 1713 30 0 -62
-365393 -175 1475 4 1 0
-110 -253 340 14 1 0
-102 -211 130 9 1 0
111517 -190 1559 24 1 0
6905454 -199 1035 5 0 127
-102930 52 1883 9 0 -127
-4436 53 1978 0 0 -127
7205648 147 429 19 1 127
3801443 -255 389 12 0 127
-22146 -99 1060 29 0 -99
-101 57 977 8 0 -127
14707 -208 2035 18 0 -94
7064103 148 1300 4 0 127
-503989 -23 88 27 0 -23
207330 -155 946 29 1 0
-105595 2 978 14 0 -127
-120 14 123 17 1 14
1743118 171 1234 20 0 127
-6538050 250 284 5 1 0
-27612 -185 1461 7 1 0
6307494 -31 972 27 1 15
-709 -94 468 4 0 -127
-1807 -217 1768 6 1 0
950 -150 1320 31 1 0
30 -87 927 31 0 -87
-179 225 473 2 0 -127
222035 -178 986 20 1 31
-7739 -88 1219 28 1 0
96 146 1832 12 1 127
-11072 37 1678 30 0 37
17455 -89 1865 5 0 127
-201093 -27 1441 1 1 0
19144 9 1160 21 0 20
-3782535 147 945 14 1 0
-148524 134 1722 19 0 -127
27525 -254 1798 4 1 127
-21867 -168 587 8 0 -127
-1849 153 727 31 0 127
4267 210 765 23 0 127
-611 -200 1778 5 0 -127
-135780 -190 100 30 1 0
24350 -129 1642 29 0 -127
-1500 -123 1712 21 1 0
-16613 -42 1242 31 1 0
7426 -183 1615 18 1 0
-1999491 -245 203 20 1 0
-131883 88 946 12 1 0
37 246 1183 0 1 127
32692 -163 696 23 0 -127
-6492 165 247 11 1 0
-69 219 1578 14 0 127
74 -96 1428 3 1 127
-2762724 144 1822 17 0 -127
-77 -159 1571 23 0 -127
2345512 179 1038 8 1 127
8250664 51 949 18 1 127
486353 -223 1027 26 1 0
6290 195 308 3 0 127
-4796735 145 194 13 1 0
1292 -253 1629 12 0 127
-31532 -73 786 29 1 0
-27168 89 1701 20 1 45
-7043842 36 507 4 1 0
52654 112 13 23 0 112
-2107179 172 1072 28 0 127
21618 122 146 28 1 122
-6157063 29 1386 17 1 0
-5741 -189 821 5 0 -127
-99 111 1741 25 1 111
-12596 209 435 21 1 127
15115 142 99 15 1 127
-4581 -75 278 24 1 0
-175206 -7 1053 13 1 0
-7907686 -131 51 26 1 0
-25525 -17 1249 3 1 0
-464 58 1081 2 1 0
-1061622 193 374 1 1 0
7675916 119 367 16 0 127
-2235033 166 138 30 1 127
123 -219 120 0 0 127
-113 119 1548 7 1 0
140358 -108 2 15 1 0
-47 150 1139 11 0 124
-93 18 914 16 1 17
-7060 10 1752 7 1 0
-13 133 62 10 1 127
-4907212 147 684 5 1 0
67304 37 1920 25 0 41
-2016 -141 458 6 0 -127
-9400 -232 1944 31 1 0
-1078 88 1719 10 1 0
-126534 216 11 26 0 127
-4350213 -93 1029 1 1 0
179201 29 653 8 1 127
469971 -82 240 30 1 0
-1403661 139 1618 10 0 -127
-2906827 101 669 3 0 -127
-124 161 1014 8 1 0
-350990 -254 44 25 1 0
425030 107 1383 25 1 125
15496 -46 750 16 0 127
-19 247 178 8 0 127
6017270 -168 102 9 1 127
-19055 35 63 6 0 -127
-1085 96 737 19 1 94
-1409 -18 689 10 1 0
2906072 99 1840 27 0 127
-38788 -169 1149 0 0 -127
-16 72 868 0 0 -127
-25160 196 748 28 0 127
467954 -146 752 14 0 127
-946 52 1883 18 1 45
-2081865 18 1258 2 1 0
-294906 -209 374 28 1 0
-85 -103 288 26 0 -103
-1045 253 2043 15 0 127
-10 -71 1739 17 0 -71
125330 -219 1601 7 0 127
-37 139 1491 27 0 127
4858908 -24 142 9 0 127
-328438 -49 751 8 0 -127
-1368 -7 144 9 1 0
49061 -250 1569 0 0 127
-384306 -67 748 27 1 0
-6957134 130 898 2 0 -127
-24949 171 1069 29 1 127
-222426 -110 1313 28 1 0
-9430 -188 1922 24 0 -127
-28911 110 1772 29 0 110
-26769 44 502 4 1 0
-936 201 927 18 0 127
-325441 -54 1030 30 1 0
1687 219 512 25 0 127
-493799 126 1715 7 0 -127
2441620 139 1926 12 0 127
588 100 1540 2 0 127
4807161 147 1776 24 0 127
-129501 97 1083 31 1 97
7427 241 883 18 0 127
-123 238 1331 4 1 0
1378 -8 1452 18 1 0
-51410 227 1857 20 1 127
-10631 235 331 6 0 -127
26 21 1610 15 1 22
-658 -142 66 5 0 -127
-371674 -111 1979 20 1 0
102 127 1072 17 1 127
4301768 -65 1743 16 0 127
-30104 248 1367 8 1 0
85 166 1719 30 1 127
-506321 -89 1333 7 0 -127
1588 -14 1329 11 0 127
1749815 225 1814 9 0 127
415895 241 291 25 1 127
-5918168 50 1178 9 0 -127
-4625258 123 50 7 1 0
1001 -58 648 4 0 127
-31044 -86 399 2 1 0
-90 116 1322 25 1 116
-791 -78 1053 10 0 -127
3975 94 1383 5 0 127
246934 -100 1709 3 0 127
17651 183 1571 4 0 127
-464973 -24 1132 23 1 0
-47 162 829 29 0 127
-12 120 1939 6 0 -127
-359657 137 1314 21 1 0
-244527 -182 351 22 1 0
264434 -231 148 4 1 127
-1208 -112 1314 0 0 -127
835 -68 1459 28 1 0
-1220 132 125 4 1 0
6 182 28 11 1 127
120 -229 1798 15 1 0
9504 -135 1833 23 0 -127
-26776 119 1190 26 0 119
-353 173 341 24 0 127
376623 -145 1087 5 1 127
5104035 4 1471 11 1 127
296 -44 270 18 1 0
-3629944 159 731 3 1 0
-14023 122 1670 31 1 122
-1024 -89 1622 12 1 0
445 107 812 30 0 107
31351 -128 1805 31 1 0
252372 177 1773 12 0 127
-82 186 1112 26 0 127
2691256 -22 980 0 1 127
-252255 58 616 21 0 -16
-190 -256 1633 8 1 0
-190 28 1222 13 0 0
7890915 -246 698 13 0 127
8 -233 2017 8 0 -127
-127 -159 1112 0 1 0
766 185 529 28 1 127
889287 -3 677 21 1 127
130370 110 1569 17 1 127
-6431 208 1640 9 1 0
5652510 -40 976 31 0 -37
-3041698 34 215 25 1 15
-102 16 2005 7 0 -127
29039 -88 1882 3 0 127
5546693 44 1739 15 1 127
-13994 -59 782 28 0 -59
2119301 238 1008 7 1 127
-25544 -155 320 19 1 0
-3119104 -87 1445 1 1 0
8 -247 853 19 0 -127
-1463 253 974 6 1 0
-119611 23 877 24 0 17
103 -103 1668 15 1 0
-458639 -109 313 31 0 -109
34 -145 1201 9 1 0
-65 -217 1985 22 0 -127
-1410 -206 1723 21 0 -127
15 -201 1890 26 1 0
-63 -119 662 25 0 -119
57 203 82 20 1 127
-120 254 2038 22 0 127
-552 250 1507 27 1 127
204 -87 918 11 0 4
-1201 -136 978 27 0 -127
-875 -242 821 13 1 0
447688 -200 653 11 1 127
164 -23 287 23 1 0
436695 161 1948 24 1 127
-121 201 922 7 0 -127
-4125491 -25 212 20 1 0
300267 -143 312 11 0 127
22047 85 1175 30 0 85
2075 -63 949 19 1 0
-116 185 1932 25 1 127
59981 -207 1965 28 1 0
3 229 325 11 0 127
1927 -242 1062 10 0 127
13726 184 908 15 1 127
-258032 -166 1948 3 1 0
-65 -99 1731 11 0 -127
303754 -242 244 27 1 0
-568 155 668 16 1 127
-24 -210 1182 4 0 -127
-89685 66 1743 2 0 -127
-381931 -137 1608 0 1 0
377060 -26 1980 27 0 -20
3079417 209 1460 9 1 127
12826 -133 1087 30 1 0
59 -162 727 13 0 -127
355187 206 1856 5 0 127
265513 129 575 10 1 127
31714 -215 1456 18 0 -39
1050 -43 931 21 1 0
-70 32 1134 10 1 0
-7245358 229 298 4 1 0
64 224 1668 30 0 127
-1818 163 819 22 0 127
17163 178 867 19 0 127
-61 166 12 10 1 127
13112 -202 247 1 1 127
-67113 71 641 16 0 -127
842 -190 493 22 1 0
23897 59 415 6 1 127
418013 205 379 5 1 127
-344612 -23 1797 10 0 -127
-81 -215 41 17 1 0
17 -46 1258 24 1 0
6971 -118 1275 24 0 -117
94 63 1707 16 0 65
-6856838 -160 1636 6 1 0
-6652 5 1502 29 1 5
-1292 -111 686 17 0 -118
1705237 -120 1623 15 0 127
-17751 -233 1515 0 1 0
